student_id,cohort_entry_year,semester_id,semester_no,academic_year,dept_code,course_code,admission_category,entrance_rank_percentile,fee_payment_status,total_registered_credits,enrolled_subjects_count,has_prior_semester_history,previous_sgpa,cumulative_cgpa_prior,previous_attendance_pct,previous_backlogs_count,historical_backlogs_cumulative,attendance_pct_w4,internal_marks_avg_w4,low_scoring_subjects_w4,low_attendance_subjects_w4,attendance_pct_w8,internal_marks_avg_w8,low_scoring_subjects_w8,low_attendance_subjects_w8,attendance_pct_w12,internal_marks_avg_w12,low_scoring_subjects_w12,low_attendance_subjects_w12,attendance_change_w4_w8,attendance_change_w8_w12,marks_change_w4_w8,marks_change_w8_w12,performance_trend,final_sgpa,final_cgpa,final_marks_average,final_backlogs_count,final_backlog_bucket,final_result_classification,target_risk
STU0001,2020-21,SEM_2020-21_1,1,2020-21,CSE,B.TECH,OBC,79.58,Paid,20,5,0,,,,,0,80.6,77.14,0,0,77.92,78.97,0,2,76.83,78.24,0,2,-2.68,-1.1,1.84,-0.74,0.55,8.2,8.2,78.3,0,0,Distinction,0
STU0001,2020-21,SEM_2020-21_2,2,2020-21,CSE,B.TECH,OBC,79.58,Paid,20,5,1,8.2,8.2,76.83,0.0,0,86.41,80.69,0,0,83.67,80.36,0,1,82.09,81.93,0,2,-2.74,-1.58,-0.33,1.57,0.62,8.8,8.5,82.21,0,0,Distinction,0
STU0001,2020-21,SEM_2020-21_3,3,2021-22,CSE,B.TECH,OBC,79.58,Paid,24,6,1,8.8,8.5,82.09,0.0,0,83.1,83.61,0,0,83.5,83.9,0,0,83.44,85.29,0,0,0.4,-0.06,0.29,1.4,0.84,9.0,8.67,87.56,0,0,Distinction,0
STU0001,2020-21,SEM_2020-21_4,4,2021-22,CSE,B.TECH,OBC,79.58,Paid,24,6,1,9.0,8.67,83.44,0.0,0,82.61,73.42,0,0,81.26,74.39,0,0,84.11,75.15,0,1,-1.35,2.85,0.97,0.76,0.87,8.17,8.54,74.91,0,0,Distinction,0
STU0001,2020-21,SEM_2020-21_5,5,2022-23,CSE,B.TECH,OBC,79.58,Paid,24,6,1,8.17,8.54,84.11,0.0,0,88.49,85.7,0,0,87.64,83.92,0,0,89.12,83.42,0,0,-0.85,1.48,-1.78,-0.5,-1.14,8.83,8.6,83.18,0,0,Distinction,0
STU0001,2020-21,SEM_2020-21_6,6,2022-23,CSE,B.TECH,OBC,79.58,Paid,24,6,1,8.83,8.6,89.12,0.0,0,85.19,75.56,0,0,81.39,74.27,0,1,81.76,72.68,0,1,-3.8,0.37,-1.29,-1.59,-1.44,7.33,8.39,70.65,0,0,First Class,0
STU0001,2020-21,SEM_2020-21_7,7,2023-24,CSE,B.TECH,OBC,79.58,Overdue,20,5,1,7.33,8.39,81.76,0.0,0,90.91,81.38,0,0,92.1,85.53,0,0,91.61,82.12,0,0,1.19,-0.49,4.16,-3.42,0.37,8.6,8.42,82.28,0,0,Distinction,0
STU0001,2020-21,SEM_2020-21_8,8,2023-24,CSE,B.TECH,OBC,79.58,Partial,16,4,1,8.6,8.42,91.61,0.0,0,84.84,78.02,0,0,84.03,76.57,0,0,86.74,74.18,0,0,-0.8,2.7,-1.44,-2.39,-1.92,7.75,8.34,73.3,0,0,First Class,0
STU0002,2020-21,SEM_2020-21_1,1,2020-21,ECE,B.TECH,General,86.45,Paid,20,5,0,,,,,0,92.93,76.5,0,0,92.99,75.74,0,0,92.57,76.25,0,0,0.06,-0.42,-0.76,0.51,-0.13,8.4,8.4,77.76,0,0,Distinction,0
STU0002,2020-21,SEM_2020-21_2,2,2020-21,ECE,B.TECH,General,86.45,Paid,20,5,1,8.4,8.4,92.57,0.0,0,91.2,84.82,0,0,91.28,86.37,0,0,90.5,89.47,0,0,0.08,-0.78,1.55,3.1,2.32,9.6,9.0,89.19,0,0,Distinction,0
STU0002,2020-21,SEM_2020-21_3,3,2021-22,ECE,B.TECH,General,86.45,Paid,24,6,1,9.6,9.0,90.5,0.0,0,90.46,83.2,0,0,89.22,83.42,0,0,91.01,83.03,0,0,-1.24,1.79,0.22,-0.39,-0.08,8.83,8.94,84.43,0,0,Distinction,0
STU0002,2020-21,SEM_2020-21_4,4,2021-22,ECE,B.TECH,General,86.45,Paid,24,6,1,8.83,8.94,91.01,0.0,0,86.76,85.54,0,0,85.88,84.68,0,0,85.57,83.71,0,0,-0.88,-0.31,-0.86,-0.97,-0.92,9.0,8.96,84.73,0,0,Distinction,0
STU0002,2020-21,SEM_2020-21_5,5,2022-23,ECE,B.TECH,General,86.45,Partial,24,6,1,9.0,8.96,85.57,0.0,0,86.31,80.33,0,0,87.13,80.5,0,0,87.48,81.39,0,0,0.82,0.35,0.16,0.9,0.53,8.67,8.9,81.08,0,0,Distinction,0
STU0002,2020-21,SEM_2020-21_6,6,2022-23,ECE,B.TECH,General,86.45,Paid,24,6,1,8.67,8.9,87.48,0.0,0,87.77,85.07,0,0,87.05,84.48,0,1,87.05,85.35,0,1,-0.73,0.01,-0.59,0.87,0.14,8.83,8.89,84.58,0,0,Distinction,0
STU0002,2020-21,SEM_2020-21_7,7,2023-24,ECE,B.TECH,General,86.45,Paid,20,5,1,8.83,8.89,87.05,0.0,0,89.49,91.81,0,0,88.61,92.62,0,0,89.13,94.5,0,0,-0.88,0.52,0.81,1.88,1.35,9.8,9.02,94.61,0,0,Distinction,0
STU0002,2020-21,SEM_2020-21_8,8,2023-24,ECE,B.TECH,General,86.45,Partial,16,4,1,9.8,9.02,89.13,0.0,0,88.2,80.36,0,0,90.69,79.56,0,0,92.91,80.39,0,0,2.5,2.22,-0.8,0.84,0.02,8.25,8.92,79.91,0,0,Distinction,0
STU0003,2020-21,SEM_2020-21_1,1,2020-21,AIML,B.TECH,SC,63.92,Paid,20,5,0,,,,,0,71.87,56.37,1,4,73.47,57.0,1,3,75.27,59.24,0,3,1.6,1.8,0.63,2.24,1.43,6.4,6.4,58.33,0,0,Second Class,0
STU0003,2020-21,SEM_2020-21_2,2,2020-21,AIML,B.TECH,SC,63.92,Paid,20,5,1,6.4,6.4,75.27,0.0,0,72.87,54.15,2,3,71.12,53.67,2,4,71.3,56.69,1,4,-1.75,0.19,-0.49,3.02,1.27,6.2,6.3,57.23,0,0,Second Class,0
STU0003,2020-21,SEM_2020-21_3,3,2021-22,AIML,B.TECH,SC,63.92,Paid,24,6,1,6.2,6.3,71.3,0.0,0,76.94,67.95,0,3,76.66,67.64,0,2,76.39,68.5,0,3,-0.27,-0.27,-0.3,0.86,0.28,7.17,6.59,66.55,0,0,First Class,0
STU0003,2020-21,SEM_2020-21_4,4,2021-22,AIML,B.TECH,SC,63.92,Overdue,24,6,1,7.17,6.59,76.39,0.0,0,71.95,63.23,0,6,75.48,60.93,0,3,74.67,62.02,0,3,3.52,-0.81,-2.29,1.09,-0.6,6.67,6.61,61.82,0,0,First Class,0
STU0003,2020-21,SEM_2020-21_5,5,2022-23,AIML,B.TECH,SC,63.92,Paid,24,6,1,6.67,6.61,74.67,0.0,0,72.03,64.83,0,4,74.08,61.95,1,3,71.9,62.54,1,4,2.05,-2.17,-2.88,0.59,-1.15,6.83,6.65,63.11,0,0,First Class,0
STU0003,2020-21,SEM_2020-21_6,6,2022-23,AIML,B.TECH,SC,63.92,Paid,24,6,1,6.83,6.65,71.9,0.0,0,74.58,64.08,0,4,74.58,64.75,0,3,74.58,65.19,0,3,-0.0,-0.0,0.67,0.44,0.55,7.17,6.74,65.01,0,0,First Class,0
STU0003,2020-21,SEM_2020-21_7,7,2023-24,AIML,B.TECH,SC,63.92,Paid,20,5,1,7.17,6.74,74.58,0.0,0,71.73,63.15,0,4,68.5,64.51,1,4,66.99,63.27,0,4,-3.23,-1.51,1.36,-1.24,0.06,6.8,6.75,63.07,0,0,First Class,0
STU0003,2020-21,SEM_2020-21_8,8,2023-24,AIML,B.TECH,SC,63.92,Paid,16,4,1,6.8,6.75,66.99,0.0,0,71.04,62.57,0,3,75.66,61.76,0,2,72.9,64.25,0,2,4.62,-2.76,-0.81,2.48,0.84,7.0,6.78,63.39,0,0,First Class,0
STU0004,2020-21,SEM_2020-21_1,1,2020-21,DS,B.TECH,ST,35.46,Paid,20,5,0,,,,,0,85.67,85.98,0,0,84.54,87.35,0,0,83.49,85.06,0,1,-1.13,-1.05,1.37,-2.29,-0.46,9.0,9.0,84.61,0,0,Distinction,0
STU0004,2020-21,SEM_2020-21_2,2,2020-21,DS,B.TECH,ST,35.46,Paid,20,5,1,9.0,9.0,83.49,0.0,0,81.27,84.18,0,0,80.51,83.25,0,0,77.94,85.21,0,1,-0.76,-2.57,-0.93,1.96,0.52,8.8,8.9,83.45,0,0,Distinction,0
STU0004,2020-21,SEM_2020-21_3,3,2021-22,DS,B.TECH,ST,35.46,Partial,24,6,1,8.8,8.9,77.94,0.0,0,79.08,85.51,0,2,79.94,87.1,0,1,79.79,87.91,0,2,0.86,-0.15,1.59,0.81,1.2,9.17,8.99,87.31,0,0,Distinction,0
STU0004,2020-21,SEM_2020-21_4,4,2021-22,DS,B.TECH,ST,35.46,Paid,24,6,1,9.17,8.99,79.79,0.0,0,80.78,92.35,0,1,81.64,92.87,0,1,80.14,93.12,0,1,0.86,-1.5,0.52,0.24,0.38,9.67,9.16,93.29,0,0,Distinction,0
STU0004,2020-21,SEM_2020-21_5,5,2022-23,DS,B.TECH,ST,35.46,Paid,24,6,1,9.67,9.16,80.14,0.0,0,78.5,88.36,0,1,77.61,90.51,0,3,75.11,90.44,0,4,-0.89,-2.5,2.15,-0.06,1.04,9.5,9.23,90.43,0,0,Distinction,0
STU0004,2020-21,SEM_2020-21_6,6,2022-23,DS,B.TECH,ST,35.46,Overdue,24,6,1,9.5,9.23,75.11,0.0,0,86.59,83.61,0,0,86.51,83.51,0,0,85.43,79.31,0,0,-0.08,-1.08,-0.1,-4.2,-2.15,8.33,9.08,78.51,0,0,Distinction,0
STU0004,2020-21,SEM_2020-21_7,7,2023-24,DS,B.TECH,ST,35.46,Partial,20,5,1,8.33,9.08,85.43,0.0,0,83.01,90.36,0,0,85.47,92.42,0,0,85.57,95.05,0,0,2.46,0.1,2.06,2.63,2.34,9.8,9.18,94.83,0,0,Distinction,0
STU0004,2020-21,SEM_2020-21_8,8,2023-24,DS,B.TECH,ST,35.46,Paid,16,4,1,9.8,9.18,85.57,0.0,0,85.52,81.73,0,0,85.25,81.75,0,0,87.77,81.32,0,0,-0.27,2.53,0.02,-0.43,-0.21,8.5,9.1,80.16,0,0,Distinction,0
STU0005,2020-21,SEM_2020-21_1,1,2020-21,CSE,B.TECH,General,72.57,Paid,20,5,0,,,,,0,82.58,75.24,0,0,82.4,74.22,0,0,84.33,71.86,0,0,-0.18,1.92,-1.01,-2.36,-1.69,7.8,7.8,72.55,0,0,First Class,0
STU0005,2020-21,SEM_2020-21_2,2,2020-21,CSE,B.TECH,General,72.57,Paid,20,5,1,7.8,7.8,84.33,0.0,0,83.22,86.44,0,0,84.84,86.07,0,0,83.11,85.87,0,0,1.62,-1.73,-0.37,-0.2,-0.29,9.0,8.4,86.25,0,0,Distinction,0
STU0005,2020-21,SEM_2020-21_3,3,2021-22,CSE,B.TECH,General,72.57,Paid,24,6,1,9.0,8.4,83.11,0.0,0,88.17,90.43,0,0,88.47,89.89,0,0,89.14,85.54,0,0,0.3,0.67,-0.55,-4.35,-2.45,9.0,8.6,86.49,0,0,Distinction,0
STU0005,2020-21,SEM_2020-21_4,4,2021-22,CSE,B.TECH,General,72.57,Paid,24,6,1,9.0,8.6,89.14,0.0,0,84.82,89.14,0,0,85.02,88.44,0,0,83.11,89.33,0,0,0.2,-1.91,-0.7,0.89,0.09,9.33,8.78,88.42,0,0,Distinction,0
STU0005,2020-21,SEM_2020-21_5,5,2022-23,CSE,B.TECH,General,72.57,Partial,24,6,1,9.33,8.78,83.11,0.0,0,85.24,77.07,0,0,84.79,80.53,0,0,82.73,80.39,0,0,-0.45,-2.06,3.46,-0.14,1.66,8.5,8.73,78.72,0,0,Distinction,0
STU0005,2020-21,SEM_2020-21_6,6,2022-23,CSE,B.TECH,General,72.57,Paid,24,6,1,8.5,8.73,82.73,0.0,0,82.0,90.61,0,2,82.69,91.98,0,0,82.22,91.61,0,1,0.68,-0.47,1.37,-0.37,0.5,9.67,8.88,90.8,0,0,Distinction,0
STU0005,2020-21,SEM_2020-21_7,7,2023-24,CSE,B.TECH,General,72.57,Partial,20,5,1,9.67,8.88,82.22,0.0,0,79.98,84.11,0,1,80.17,85.84,0,2,80.41,84.18,0,1,0.18,0.24,1.73,-1.66,0.04,9.0,8.9,82.73,0,0,Distinction,0
STU0005,2020-21,SEM_2020-21_8,8,2023-24,CSE,B.TECH,General,72.57,Partial,16,4,1,9.0,8.9,80.41,0.0,0,82.71,78.27,0,0,82.39,76.52,0,0,81.76,78.02,0,1,-0.33,-0.62,-1.75,1.5,-0.12,7.75,8.76,74.23,0,0,First Class,0
STU0006,2020-21,SEM_2020-21_1,1,2020-21,ECE,B.TECH,General,22.81,Overdue,20,5,0,,,,,0,84.94,81.35,0,0,87.89,84.66,0,0,91.76,85.12,0,0,2.95,3.87,3.31,0.46,1.89,8.8,8.8,83.56,0,0,Distinction,0
STU0006,2020-21,SEM_2020-21_2,2,2020-21,ECE,B.TECH,General,22.81,Paid,20,5,1,8.8,8.8,91.76,0.0,0,81.69,74.6,0,0,82.54,72.76,0,0,82.98,74.72,0,0,0.85,0.44,-1.84,1.96,0.06,7.6,8.2,72.82,0,0,First Class,0
STU0006,2020-21,SEM_2020-21_3,3,2021-22,ECE,B.TECH,General,22.81,Paid,24,6,1,7.6,8.2,82.98,0.0,0,83.51,80.33,0,0,82.72,76.34,0,0,85.28,78.07,0,0,-0.79,2.56,-3.99,1.73,-1.13,8.33,8.24,79.27,0,0,Distinction,0
STU0006,2020-21,SEM_2020-21_4,4,2021-22,ECE,B.TECH,General,22.81,Partial,24,6,1,8.33,8.24,85.28,0.0,0,81.11,79.72,0,1,80.07,81.19,0,0,80.55,81.36,0,0,-1.04,0.48,1.47,0.18,0.82,8.67,8.35,82.29,0,0,Distinction,0
STU0006,2020-21,SEM_2020-21_5,5,2022-23,ECE,B.TECH,General,22.81,Paid,24,6,1,8.67,8.35,80.55,0.0,0,93.92,83.18,0,0,92.05,82.58,0,0,92.12,83.48,0,0,-1.86,0.07,-0.6,0.91,0.15,9.0,8.48,85.46,0,0,Distinction,0
STU0006,2020-21,SEM_2020-21_6,6,2022-23,ECE,B.TECH,General,22.81,Paid,24,6,1,9.0,8.48,92.12,0.0,0,78.14,80.88,0,2,75.75,81.04,0,3,77.4,79.47,0,3,-2.38,1.65,0.16,-1.57,-0.71,8.33,8.46,79.68,0,0,Distinction,0
STU0006,2020-21,SEM_2020-21_7,7,2023-24,ECE,B.TECH,General,22.81,Paid,20,5,1,8.33,8.46,77.4,0.0,0,83.93,85.18,0,0,82.12,85.65,0,0,83.31,86.17,0,1,-1.81,1.18,0.47,0.52,0.49,9.2,8.56,86.01,0,0,Distinction,0
STU0006,2020-21,SEM_2020-21_8,8,2023-24,ECE,B.TECH,General,22.81,Paid,16,4,1,9.2,8.56,83.31,0.0,0,80.4,80.03,0,0,79.13,82.97,0,0,79.08,83.72,0,1,-1.27,-0.05,2.94,0.75,1.84,9.0,8.62,84.33,0,0,Distinction,0
STU0007,2020-21,SEM_2020-21_1,1,2020-21,AIML,B.TECH,General,77.18,Paid,20,5,0,,,,,0,91.98,73.62,0,0,89.85,71.01,0,0,90.58,70.27,0,0,-2.12,0.73,-2.61,-0.74,-1.67,7.2,7.2,67.03,0,0,First Class,0
STU0007,2020-21,SEM_2020-21_2,2,2020-21,AIML,B.TECH,General,77.18,Paid,20,5,1,7.2,7.2,90.58,0.0,0,91.53,79.72,0,0,89.33,77.56,0,0,89.54,77.69,0,1,-2.21,0.22,-2.16,0.13,-1.02,8.2,7.7,75.94,0,0,Distinction,0
STU0007,2020-21,SEM_2020-21_3,3,2021-22,AIML,B.TECH,General,77.18,Paid,24,6,1,8.2,7.7,89.54,0.0,0,97.23,76.13,0,0,96.71,75.07,0,0,95.05,76.23,0,0,-0.52,-1.66,-1.06,1.16,0.05,7.83,7.74,75.85,0,0,First Class,0
STU0007,2020-21,SEM_2020-21_4,4,2021-22,AIML,B.TECH,General,77.18,Paid,24,6,1,7.83,7.74,95.05,0.0,0,92.6,79.79,0,0,92.12,78.95,0,0,92.55,77.86,0,0,-0.48,0.42,-0.84,-1.09,-0.96,8.17,7.85,77.27,0,0,Distinction,0
STU0007,2020-21,SEM_2020-21_5,5,2022-23,AIML,B.TECH,General,77.18,Paid,24,6,1,8.17,7.85,92.55,0.0,0,89.95,80.23,0,0,89.29,79.35,0,0,90.7,78.9,0,0,-0.66,1.41,-0.88,-0.46,-0.67,8.17,7.91,77.79,0,0,Distinction,0
STU0007,2020-21,SEM_2020-21_6,6,2022-23,AIML,B.TECH,General,77.18,Paid,24,6,1,8.17,7.91,90.7,0.0,0,90.65,76.0,0,0,90.21,74.95,0,0,89.25,73.76,0,0,-0.43,-0.96,-1.05,-1.19,-1.12,7.67,7.87,71.64,0,0,First Class,0
STU0007,2020-21,SEM_2020-21_7,7,2023-24,AIML,B.TECH,General,77.18,Overdue,20,5,1,7.67,7.87,89.25,0.0,0,93.34,81.84,0,0,92.5,82.32,0,0,93.36,82.87,0,0,-0.84,0.85,0.48,0.56,0.52,8.8,8.0,84.4,0,0,Distinction,0
STU0007,2020-21,SEM_2020-21_8,8,2023-24,AIML,B.TECH,General,77.18,Overdue,16,4,1,8.8,8.0,93.36,0.0,0,90.49,83.88,0,0,89.35,85.95,0,0,88.0,83.6,0,0,-1.14,-1.35,2.07,-2.36,-0.14,8.5,8.07,82.54,0,0,Distinction,0
STU0008,2020-21,SEM_2020-21_1,1,2020-21,DS,B.TECH,OBC,41.51,Paid,20,5,0,,,,,0,70.99,74.88,0,5,70.31,71.58,0,5,69.6,72.47,0,4,-0.68,-0.71,-3.3,0.89,-1.2,7.8,7.8,72.8,0,0,First Class,0
STU0008,2020-21,SEM_2020-21_2,2,2020-21,DS,B.TECH,OBC,41.51,Partial,20,5,1,7.8,7.8,69.6,0.0,0,77.41,80.4,0,1,78.47,81.72,0,2,77.59,83.88,0,2,1.07,-0.88,1.32,2.16,1.74,9.0,8.4,84.58,0,0,Distinction,0
STU0008,2020-21,SEM_2020-21_3,3,2021-22,DS,B.TECH,OBC,41.51,Partial,24,6,1,9.0,8.4,77.59,0.0,0,80.64,74.12,0,0,82.22,78.4,0,0,81.37,77.55,0,0,1.58,-0.85,4.28,-0.86,1.71,8.17,8.32,77.66,0,0,Distinction,0
STU0008,2020-21,SEM_2020-21_4,4,2021-22,DS,B.TECH,OBC,41.51,Paid,24,6,1,8.17,8.32,81.37,0.0,0,74.11,67.19,0,3,72.86,66.83,0,3,74.21,67.82,0,3,-1.25,1.35,-0.36,0.99,0.32,7.33,8.08,69.05,0,0,First Class,0
STU0008,2020-21,SEM_2020-21_5,5,2022-23,DS,B.TECH,OBC,41.51,Paid,24,6,1,7.33,8.08,74.21,0.0,0,74.84,79.88,0,4,75.4,78.99,0,2,75.71,76.84,0,3,0.55,0.31,-0.89,-2.15,-1.52,8.17,8.09,77.13,0,0,Distinction,0
STU0008,2020-21,SEM_2020-21_6,6,2022-23,DS,B.TECH,OBC,41.51,Paid,24,6,1,8.17,8.09,75.71,0.0,0,70.66,87.68,0,5,71.18,86.61,0,6,70.97,85.98,0,5,0.53,-0.21,-1.08,-0.63,-0.85,9.17,8.27,84.53,0,0,Distinction,0
STU0008,2020-21,SEM_2020-21_7,7,2023-24,DS,B.TECH,OBC,41.51,Paid,20,5,1,9.17,8.27,70.97,0.0,0,67.79,74.63,0,5,65.97,75.74,0,5,66.12,74.52,0,4,-1.82,0.15,1.11,-1.22,-0.06,8.0,8.23,75.84,0,0,Distinction,0
STU0008,2020-21,SEM_2020-21_8,8,2023-24,DS,B.TECH,OBC,41.51,Overdue,16,4,1,8.0,8.23,66.12,0.0,0,70.06,83.68,0,4,67.49,87.83,0,4,66.95,87.68,0,4,-2.56,-0.55,4.15,-0.14,2.0,9.0,8.33,85.11,0,0,Distinction,0
STU0009,2020-21,SEM_2020-21_1,1,2020-21,CSE,B.TECH,General,62.37,Paid,20,5,0,,,,,0,74.23,65.89,1,3,70.12,66.81,0,4,71.18,66.57,0,3,-4.11,1.06,0.92,-0.24,0.34,7.2,7.2,65.59,0,0,First Class,0
STU0009,2020-21,SEM_2020-21_2,2,2020-21,CSE,B.TECH,General,62.37,Paid,20,5,1,7.2,7.2,71.18,0.0,0,65.8,65.75,0,5,65.01,69.05,0,5,66.89,70.82,0,5,-0.79,1.88,3.3,1.78,2.54,7.6,7.4,68.48,0,0,First Class,0
STU0009,2020-21,SEM_2020-21_3,3,2021-22,CSE,B.TECH,General,62.37,Paid,24,6,1,7.6,7.4,66.89,0.0,0,63.34,58.67,1,6,62.5,57.62,1,6,64.7,57.92,1,6,-0.84,2.2,-1.05,0.29,-0.38,6.5,7.1,58.49,0,0,First Class,0
STU0009,2020-21,SEM_2020-21_4,4,2021-22,CSE,B.TECH,General,62.37,Partial,24,6,1,6.5,7.1,64.7,0.0,0,74.94,64.85,0,3,75.09,65.23,0,3,78.98,68.7,0,2,0.15,3.89,0.38,3.47,1.93,7.17,7.12,68.14,0,0,First Class,0
STU0009,2020-21,SEM_2020-21_5,5,2022-23,CSE,B.TECH,General,62.37,Paid,24,6,1,7.17,7.12,78.98,0.0,0,72.22,57.41,1,5,72.33,57.91,2,4,71.52,61.98,2,5,0.12,-0.82,0.49,4.07,2.28,6.67,7.03,62.39,0,0,First Class,0
STU0009,2020-21,SEM_2020-21_6,6,2022-23,CSE,B.TECH,General,62.37,Paid,24,6,1,6.67,7.03,71.52,0.0,0,72.45,68.64,0,4,70.79,67.63,0,5,72.52,66.83,0,5,-1.66,1.72,-1.01,-0.8,-0.91,7.0,7.02,65.84,0,0,First Class,0
STU0009,2020-21,SEM_2020-21_7,7,2023-24,CSE,B.TECH,General,62.37,Partial,20,5,1,7.0,7.02,72.52,0.0,0,73.6,68.11,0,3,74.42,68.56,0,2,72.46,72.07,0,4,0.82,-1.97,0.45,3.51,1.98,7.6,7.1,70.93,0,0,First Class,0
STU0009,2020-21,SEM_2020-21_8,8,2023-24,CSE,B.TECH,General,62.37,Overdue,16,4,1,7.6,7.1,72.46,0.0,0,80.66,56.4,1,0,80.86,54.41,2,0,77.72,56.11,1,1,0.2,-3.15,-1.99,1.7,-0.15,6.25,7.0,56.24,0,0,Second Class,0
STU0010,2020-21,SEM_2020-21_1,1,2020-21,ECE,B.TECH,SC,92.66,Paid,20,5,0,,,,,0,89.48,95.09,0,0,90.18,94.16,0,0,90.85,91.84,0,0,0.71,0.67,-0.93,-2.32,-1.62,9.6,9.6,92.24,0,0,Distinction,0
STU0010,2020-21,SEM_2020-21_2,2,2020-21,ECE,B.TECH,SC,92.66,Paid,20,5,1,9.6,9.6,90.85,0.0,0,87.63,82.71,0,0,86.69,82.28,0,1,86.54,82.36,0,1,-0.94,-0.15,-0.44,0.09,-0.17,8.8,9.2,81.97,0,0,Distinction,0
STU0010,2020-21,SEM_2020-21_3,3,2021-22,ECE,B.TECH,SC,92.66,Paid,24,6,1,8.8,9.2,86.54,0.0,0,92.89,89.33,0,0,93.41,88.76,0,0,93.1,90.13,0,0,0.52,-0.31,-0.56,1.37,0.4,9.5,9.3,90.82,0,0,Distinction,0
STU0010,2020-21,SEM_2020-21_4,4,2021-22,ECE,B.TECH,SC,92.66,Paid,24,6,1,9.5,9.3,93.1,0.0,0,90.07,80.98,0,0,88.09,80.76,0,0,89.39,77.87,0,0,-1.98,1.31,-0.22,-2.89,-1.56,8.17,9.02,78.39,0,0,Distinction,0
STU0010,2020-21,SEM_2020-21_5,5,2022-23,ECE,B.TECH,SC,92.66,Paid,24,6,1,8.17,9.02,89.39,0.0,0,91.96,88.76,0,0,89.95,90.13,0,0,91.18,90.51,0,0,-2.0,1.22,1.38,0.38,0.88,9.67,9.15,91.48,0,0,Distinction,0
STU0010,2020-21,SEM_2020-21_6,6,2022-23,ECE,B.TECH,SC,92.66,Paid,24,6,1,9.67,9.15,91.18,0.0,0,82.65,88.67,0,0,81.56,91.03,0,0,81.92,90.4,0,0,-1.09,0.37,2.36,-0.63,0.86,9.5,9.21,90.75,0,0,Distinction,0
STU0010,2020-21,SEM_2020-21_7,7,2023-24,ECE,B.TECH,SC,92.66,Paid,20,5,1,9.5,9.21,81.92,0.0,0,94.69,74.37,0,0,93.94,71.34,0,0,94.23,72.92,0,0,-0.76,0.3,-3.04,1.58,-0.73,7.6,8.98,69.94,0,0,First Class,0
STU0010,2020-21,SEM_2020-21_8,8,2023-24,ECE,B.TECH,SC,92.66,Partial,16,4,1,7.6,8.98,94.23,0.0,0,94.99,86.18,0,0,95.87,88.5,0,0,93.44,86.77,0,0,0.89,-2.43,2.32,-1.73,0.3,9.5,9.04,87.66,0,0,Distinction,0
STU0011,2020-21,SEM_2020-21_1,1,2020-21,AIML,B.TECH,SC,49.88,Paid,20,5,0,,,,,0,76.31,75.24,0,1,76.5,73.9,0,3,74.68,77.48,0,3,0.19,-1.82,-1.33,3.57,1.12,8.6,8.6,80.59,0,0,Distinction,0
STU0011,2020-21,SEM_2020-21_2,2,2020-21,AIML,B.TECH,SC,49.88,Paid,20,5,1,8.6,8.6,74.68,0.0,0,73.15,89.72,0,5,69.18,90.32,0,5,69.58,86.84,0,3,-3.97,0.4,0.6,-3.49,-1.44,9.0,8.8,85.93,0,0,Distinction,0
STU0011,2020-21,SEM_2020-21_3,3,2021-22,AIML,B.TECH,SC,49.88,Paid,24,6,1,9.0,8.8,69.58,0.0,0,69.55,71.42,0,6,67.38,73.42,0,6,65.6,71.25,0,6,-2.17,-1.78,2.0,-2.17,-0.08,7.33,8.31,68.91,0,0,First Class,0
STU0011,2020-21,SEM_2020-21_4,4,2021-22,AIML,B.TECH,SC,49.88,Paid,24,6,1,7.33,8.31,65.6,0.0,0,73.06,69.45,0,4,72.37,67.27,0,4,72.15,68.01,0,4,-0.69,-0.23,-2.18,0.73,-0.72,6.83,7.94,63.93,0,0,First Class,0
STU0011,2020-21,SEM_2020-21_5,5,2022-23,AIML,B.TECH,SC,49.88,Paid,24,6,1,6.83,7.94,72.15,0.0,0,80.29,64.74,0,0,79.18,64.31,0,2,79.2,62.48,1,2,-1.11,0.02,-0.42,-1.83,-1.13,7.17,7.79,66.17,0,0,First Class,0
STU0011,2020-21,SEM_2020-21_6,6,2022-23,AIML,B.TECH,SC,49.88,Paid,24,6,1,7.17,7.79,79.2,0.0,0,82.75,73.62,0,1,80.78,70.36,0,2,81.29,69.04,0,3,-1.97,0.5,-3.26,-1.31,-2.29,7.17,7.68,68.17,0,0,First Class,0
STU0011,2020-21,SEM_2020-21_7,7,2023-24,AIML,B.TECH,SC,49.88,Paid,20,5,1,7.17,7.68,81.29,0.0,0,73.79,82.04,0,3,75.39,81.17,0,3,77.99,84.04,0,2,1.61,2.59,-0.86,2.86,1.0,9.0,7.87,84.79,0,0,Distinction,0
STU0011,2020-21,SEM_2020-21_8,8,2023-24,AIML,B.TECH,SC,49.88,Paid,16,4,1,9.0,7.87,77.99,0.0,0,75.68,66.03,0,2,75.97,64.82,1,1,77.49,64.75,1,2,0.29,1.53,-1.21,-0.07,-0.64,5.75,7.61,64.39,1,1,Fail,1
STU0012,2020-21,SEM_2020-21_1,1,2020-21,DS,B.TECH,General,59.3,Paid,20,5,0,,,,,0,81.09,74.14,0,0,79.4,72.77,0,2,80.53,70.16,0,2,-1.7,1.13,-1.38,-2.6,-1.99,7.2,7.2,68.25,0,0,First Class,0
STU0012,2020-21,SEM_2020-21_2,2,2020-21,DS,B.TECH,General,59.3,Paid,20,5,1,7.2,7.2,80.53,0.0,0,82.9,75.29,0,0,83.36,75.6,0,0,87.43,79.67,0,0,0.46,4.07,0.31,4.07,2.19,8.4,7.8,79.48,0,0,Distinction,0
STU0012,2020-21,SEM_2020-21_3,3,2021-22,DS,B.TECH,General,59.3,Paid,24,6,1,8.4,7.8,87.43,0.0,0,79.41,74.02,0,1,81.49,74.23,0,1,82.22,71.39,0,1,2.08,0.73,0.21,-2.84,-1.32,7.17,7.59,68.2,0,0,First Class,0
STU0012,2020-21,SEM_2020-21_4,4,2021-22,DS,B.TECH,General,59.3,Paid,24,6,1,7.17,7.59,82.22,0.0,0,84.2,74.08,0,0,84.74,75.16,0,0,86.04,76.58,0,0,0.53,1.3,1.08,1.43,1.25,7.83,7.65,74.86,0,0,First Class,0
STU0012,2020-21,SEM_2020-21_5,5,2022-23,DS,B.TECH,General,59.3,Partial,24,6,1,7.83,7.65,86.04,0.0,0,84.29,72.64,0,0,85.96,73.78,0,0,87.2,71.76,0,0,1.68,1.24,1.13,-2.02,-0.44,7.5,7.62,71.08,0,0,First Class,0
STU0012,2020-21,SEM_2020-21_6,6,2022-23,DS,B.TECH,General,59.3,Paid,24,6,1,7.5,7.62,87.2,0.0,0,81.27,76.42,0,1,81.18,75.35,0,1,83.18,74.38,0,0,-0.1,2.0,-1.06,-0.97,-1.02,7.67,7.63,73.72,0,0,First Class,0
STU0012,2020-21,SEM_2020-21_7,7,2023-24,DS,B.TECH,General,59.3,Paid,20,5,1,7.67,7.63,83.18,0.0,0,82.49,74.93,0,0,84.73,77.16,0,0,85.36,77.11,0,0,2.24,0.63,2.24,-0.05,1.09,8.0,7.68,75.79,0,0,Distinction,0
STU0012,2020-21,SEM_2020-21_8,8,2023-24,DS,B.TECH,General,59.3,Paid,16,4,1,8.0,7.68,85.36,0.0,0,78.85,69.13,0,0,79.91,71.03,0,1,82.41,72.4,0,0,1.06,2.5,1.9,1.37,1.64,7.75,7.69,73.55,0,0,First Class,0
STU0013,2020-21,SEM_2020-21_1,1,2020-21,CSE,B.TECH,Management,76.52,Partial,20,5,0,,,,,0,88.04,78.91,0,0,87.66,79.64,1,0,88.4,80.69,0,0,-0.39,0.74,0.72,1.05,0.89,8.4,8.4,80.33,0,0,Distinction,0
STU0013,2020-21,SEM_2020-21_2,2,2020-21,CSE,B.TECH,Management,76.52,Paid,20,5,1,8.4,8.4,88.4,0.0,0,95.73,85.66,0,0,95.65,85.39,0,0,95.5,84.22,0,0,-0.08,-0.14,-0.27,-1.16,-0.72,8.6,8.5,83.06,0,0,Distinction,0
STU0013,2020-21,SEM_2020-21_3,3,2021-22,CSE,B.TECH,Management,76.52,Paid,24,6,1,8.6,8.5,95.5,0.0,0,97.85,82.42,0,0,95.54,80.3,0,0,93.0,73.87,0,0,-2.31,-2.54,-2.12,-6.43,-4.27,8.0,8.33,74.46,0,0,Distinction,0
STU0013,2020-21,SEM_2020-21_4,4,2021-22,CSE,B.TECH,Management,76.52,Paid,24,6,1,8.0,8.33,93.0,0.0,0,92.2,78.03,0,0,91.92,76.18,0,0,90.51,75.23,0,0,-0.28,-1.41,-1.85,-0.95,-1.4,8.0,8.25,74.64,0,0,Distinction,0
STU0013,2020-21,SEM_2020-21_5,5,2022-23,CSE,B.TECH,Management,76.52,Paid,24,6,1,8.0,8.25,90.51,0.0,0,95.61,91.61,0,0,94.92,90.63,0,0,94.35,91.31,0,0,-0.69,-0.56,-0.98,0.68,-0.15,9.5,8.5,91.56,0,0,Distinction,0
STU0013,2020-21,SEM_2020-21_6,6,2022-23,CSE,B.TECH,Management,76.52,Paid,24,6,1,9.5,8.5,94.35,0.0,0,92.28,85.99,0,0,93.04,85.63,0,0,92.66,83.46,0,0,0.76,-0.38,-0.36,-2.18,-1.27,8.67,8.53,83.64,0,0,Distinction,0
STU0013,2020-21,SEM_2020-21_7,7,2023-24,CSE,B.TECH,Management,76.52,Paid,20,5,1,8.67,8.53,92.66,0.0,0,97.69,88.67,0,0,94.67,89.8,0,0,95.65,87.57,0,0,-3.02,0.98,1.13,-2.23,-0.55,9.2,8.62,88.01,0,0,Distinction,0
STU0013,2020-21,SEM_2020-21_8,8,2023-24,CSE,B.TECH,Management,76.52,Paid,16,4,1,9.2,8.62,95.65,0.0,0,93.06,76.33,0,0,93.0,74.95,0,0,88.76,75.93,0,0,-0.05,-4.24,-1.38,0.98,-0.2,8.25,8.58,75.78,0,0,Distinction,0
STU0014,2020-21,SEM_2020-21_1,1,2020-21,ECE,B.TECH,General,50.52,Partial,20,5,0,,,,,0,89.09,78.35,0,0,90.05,74.99,0,0,92.04,76.69,0,0,0.96,1.99,-3.37,1.7,-0.83,8.2,8.2,76.69,0,0,Distinction,0
STU0014,2020-21,SEM_2020-21_2,2,2020-21,ECE,B.TECH,General,50.52,Paid,20,5,1,8.2,8.2,92.04,0.0,0,88.72,73.02,0,0,88.5,72.27,0,0,87.66,74.45,1,0,-0.22,-0.84,-0.75,2.18,0.72,7.8,8.0,73.85,0,0,First Class,0
STU0014,2020-21,SEM_2020-21_3,3,2021-22,ECE,B.TECH,General,50.52,Paid,24,6,1,7.8,8.0,87.66,0.0,0,88.86,80.17,0,0,89.83,81.11,0,0,89.8,80.39,0,1,0.97,-0.03,0.94,-0.72,0.11,8.33,8.11,77.73,0,0,Distinction,0
STU0014,2020-21,SEM_2020-21_4,4,2021-22,ECE,B.TECH,General,50.52,Paid,24,6,1,8.33,8.11,89.8,0.0,0,86.01,73.71,0,0,86.84,72.83,0,0,87.91,73.03,0,0,0.83,1.07,-0.88,0.2,-0.34,7.67,8.0,71.23,0,0,First Class,0
STU0014,2020-21,SEM_2020-21_5,5,2022-23,ECE,B.TECH,General,50.52,Paid,24,6,1,7.67,8.0,87.91,0.0,0,86.15,84.76,0,0,85.0,81.75,0,0,84.74,78.67,0,0,-1.14,-0.26,-3.02,-3.07,-3.05,8.33,8.07,78.69,0,0,Distinction,0
STU0014,2020-21,SEM_2020-21_6,6,2022-23,ECE,B.TECH,General,50.52,Partial,24,6,1,8.33,8.07,84.74,0.0,0,84.59,84.44,0,0,81.9,86.45,0,0,80.91,87.03,0,1,-2.69,-0.99,2.01,0.59,1.3,9.17,8.25,88.36,0,0,Distinction,0
STU0014,2020-21,SEM_2020-21_7,7,2023-24,ECE,B.TECH,General,50.52,Paid,20,5,1,9.17,8.25,80.91,0.0,0,90.67,82.52,0,0,91.37,83.86,0,0,92.94,84.62,0,0,0.71,1.56,1.34,0.76,1.05,8.6,8.3,83.87,0,0,Distinction,0
STU0014,2020-21,SEM_2020-21_8,8,2023-24,ECE,B.TECH,General,50.52,Paid,16,4,1,8.6,8.3,92.94,0.0,0,85.4,84.91,0,0,81.73,82.48,0,0,80.53,85.49,0,1,-3.67,-1.2,-2.42,3.01,0.29,9.0,8.39,84.18,0,0,Distinction,0
STU0015,2020-21,SEM_2020-21_1,1,2020-21,AIML,B.TECH,SC,65.37,Paid,20,5,0,,,,,0,80.05,70.28,0,0,79.34,72.77,0,0,80.97,74.72,0,0,-0.71,1.63,2.49,1.95,2.22,8.2,8.2,74.52,0,0,Distinction,0
STU0015,2020-21,SEM_2020-21_2,2,2020-21,AIML,B.TECH,SC,65.37,Paid,20,5,1,8.2,8.2,80.97,0.0,0,73.41,63.56,0,4,69.25,66.31,0,5,66.09,65.22,0,5,-4.16,-3.16,2.75,-1.09,0.83,7.0,7.6,63.14,0,0,First Class,0
STU0015,2020-21,SEM_2020-21_3,3,2021-22,AIML,B.TECH,SC,65.37,Paid,24,6,1,7.0,7.6,66.09,0.0,0,85.38,75.8,0,0,86.63,76.35,0,0,88.3,77.76,0,0,1.25,1.68,0.55,1.41,0.98,8.17,7.79,77.44,0,0,Distinction,0
STU0015,2020-21,SEM_2020-21_4,4,2021-22,AIML,B.TECH,SC,65.37,Paid,24,6,1,8.17,7.79,88.3,0.0,0,81.35,63.21,2,0,81.02,63.69,2,1,82.88,64.58,2,1,-0.33,1.86,0.48,0.89,0.69,7.17,7.63,65.78,0,0,First Class,0
STU0015,2020-21,SEM_2020-21_5,5,2022-23,AIML,B.TECH,SC,65.37,Paid,24,6,1,7.17,7.63,82.88,0.0,0,83.0,78.17,0,0,82.44,77.52,0,0,83.55,74.94,1,0,-0.57,1.12,-0.64,-2.59,-1.62,7.67,7.64,73.09,0,0,First Class,0
STU0015,2020-21,SEM_2020-21_6,6,2022-23,AIML,B.TECH,SC,65.37,Overdue,24,6,1,7.67,7.64,83.55,0.0,0,86.33,59.06,1,0,85.09,61.21,0,0,86.96,61.7,0,0,-1.24,1.88,2.15,0.49,1.32,6.67,7.48,62.51,0,0,First Class,0
STU0015,2020-21,SEM_2020-21_7,7,2023-24,AIML,B.TECH,SC,65.37,Paid,20,5,1,6.67,7.48,86.96,0.0,0,87.56,63.67,0,0,88.25,64.99,0,0,88.38,63.08,0,0,0.69,0.13,1.33,-1.91,-0.29,6.4,7.32,61.06,0,0,Second Class,0
STU0015,2020-21,SEM_2020-21_8,8,2023-24,AIML,B.TECH,SC,65.37,Paid,16,4,1,6.4,7.32,88.38,0.0,0,85.09,73.42,0,0,82.89,74.85,0,1,86.84,77.39,0,1,-2.21,3.96,1.43,2.54,1.99,8.25,7.44,78.47,0,0,Distinction,0
STU0016,2020-21,SEM_2020-21_1,1,2020-21,DS,B.TECH,SC,75.47,Paid,20,5,0,,,,,0,83.63,61.21,0,0,84.16,61.67,0,0,83.14,60.24,1,0,0.52,-1.02,0.46,-1.43,-0.48,6.4,6.4,58.85,0,0,Second Class,0
STU0016,2020-21,SEM_2020-21_2,2,2020-21,DS,B.TECH,SC,75.47,Paid,20,5,1,6.4,6.4,83.14,0.0,0,78.38,48.75,3,1,77.73,44.63,4,1,76.37,46.09,3,2,-0.65,-1.36,-4.12,1.46,-1.33,3.4,4.9,44.1,2,2+,Fail,1
STU0016,2020-21,SEM_2020-21_3,3,2021-22,DS,B.TECH,SC,75.47,Overdue,24,6,1,3.4,4.9,76.37,2.0,2,83.53,53.37,1,0,81.68,52.4,2,0,81.38,48.16,2,0,-1.86,-0.3,-0.97,-4.25,-2.61,4.0,4.6,48.03,2,2+,Fail,1
STU0016,2020-21,SEM_2020-21_4,4,2021-22,DS,B.TECH,SC,75.47,Paid,24,6,1,4.0,4.6,81.38,2.0,4,85.83,50.43,3,0,84.73,51.56,2,0,83.87,47.85,4,0,-1.1,-0.86,1.14,-3.71,-1.29,4.67,4.62,47.96,1,1,Fail,1
STU0016,2020-21,SEM_2020-21_5,5,2022-23,DS,B.TECH,SC,75.47,Paid,24,6,1,4.67,4.62,83.87,1.0,5,79.75,56.36,3,0,78.28,62.44,1,1,79.45,62.33,2,3,-1.47,1.18,6.08,-0.12,2.98,6.83,5.06,63.1,0,0,First Class,0
STU0016,2020-21,SEM_2020-21_6,6,2022-23,DS,B.TECH,SC,75.47,Paid,24,6,1,6.83,5.06,79.45,0.0,5,85.81,61.51,0,0,85.04,63.19,0,0,83.49,63.85,0,0,-0.77,-1.55,1.68,0.66,1.17,6.83,5.36,63.58,0,0,First Class,0
STU0016,2020-21,SEM_2020-21_7,7,2023-24,DS,B.TECH,SC,75.47,Paid,20,5,1,6.83,5.36,83.49,0.0,5,75.87,62.05,0,2,77.23,60.9,0,1,77.71,59.06,0,1,1.36,0.48,-1.14,-1.84,-1.49,6.2,5.48,57.51,0,0,Second Class,0
STU0016,2020-21,SEM_2020-21_8,8,2023-24,DS,B.TECH,SC,75.47,Paid,16,4,1,6.2,5.48,77.71,0.0,5,79.35,58.88,0,0,77.38,57.96,0,1,80.21,57.88,0,0,-1.97,2.83,-0.91,-0.08,-0.5,6.25,5.57,58.58,0,0,Second Class,0
STU0017,2020-21,SEM_2020-21_1,1,2020-21,CSE,B.TECH,OBC,67.13,Overdue,20,5,0,,,,,0,54.29,49.01,3,5,55.13,48.93,3,5,57.59,50.91,3,5,0.84,2.46,-0.08,1.98,0.95,5.4,5.4,50.67,0,0,Pass,1
STU0017,2020-21,SEM_2020-21_2,2,2020-21,CSE,B.TECH,OBC,67.13,Paid,20,5,1,5.4,5.4,57.59,0.0,0,73.1,47.55,3,4,73.15,45.81,4,2,71.96,46.78,5,3,0.06,-1.2,-1.74,0.97,-0.38,5.4,5.4,50.22,0,0,Pass,1
STU0017,2020-21,SEM_2020-21_3,3,2021-22,CSE,B.TECH,OBC,67.13,Paid,24,6,1,5.4,5.4,71.96,0.0,0,81.84,50.33,2,1,80.85,50.83,2,1,81.81,50.37,2,1,-0.98,0.96,0.5,-0.46,0.02,4.0,4.93,49.91,2,2+,Fail,1
STU0017,2020-21,SEM_2020-21_4,4,2021-22,CSE,B.TECH,OBC,67.13,Paid,24,6,1,4.0,4.93,81.81,2.0,2,66.13,55.67,2,6,65.3,53.4,3,6,65.62,51.15,3,6,-0.83,0.32,-2.27,-2.26,-2.26,5.0,4.95,51.14,1,1,Fail,1
STU0017,2020-21,SEM_2020-21_5,5,2022-23,CSE,B.TECH,OBC,67.13,Paid,24,6,1,5.0,4.95,65.62,1.0,3,52.73,50.83,2,6,55.82,51.48,3,6,55.59,50.68,4,6,3.09,-0.24,0.65,-0.8,-0.07,4.83,4.93,49.89,1,1,Fail,1
STU0017,2020-21,SEM_2020-21_6,6,2022-23,CSE,B.TECH,OBC,67.13,Paid,24,6,1,4.83,4.93,55.59,1.0,4,46.64,48.7,3,6,44.95,51.58,2,6,44.93,50.77,1,6,-1.69,-0.02,2.88,-0.81,1.03,5.0,4.94,51.69,1,1,Fail,1
STU0017,2020-21,SEM_2020-21_7,7,2023-24,CSE,B.TECH,OBC,67.13,Partial,20,5,1,5.0,4.94,44.93,1.0,5,55.66,62.3,0,5,54.78,61.28,1,5,53.66,62.06,1,5,-0.88,-1.11,-1.02,0.78,-0.12,6.6,5.18,61.45,0,0,First Class,0
STU0017,2020-21,SEM_2020-21_8,8,2023-24,CSE,B.TECH,OBC,67.13,Paid,16,4,1,6.6,5.18,53.66,0.0,5,67.14,58.58,0,4,68.14,61.95,0,4,68.72,61.07,0,4,1.0,0.59,3.37,-0.88,1.25,6.5,5.34,61.58,0,0,First Class,0
STU0018,2020-21,SEM_2020-21_1,1,2020-21,ECE,B.TECH,General,41.27,Paid,20,5,0,,,,,0,77.58,72.33,1,1,76.63,71.67,1,3,77.51,74.49,1,3,-0.96,0.88,-0.65,2.82,1.08,8.0,8.0,72.63,0,0,Distinction,0
STU0018,2020-21,SEM_2020-21_2,2,2020-21,ECE,B.TECH,General,41.27,Paid,20,5,1,8.0,8.0,77.51,0.0,0,75.92,77.67,0,1,75.17,79.88,0,2,74.09,78.02,0,2,-0.75,-1.08,2.2,-1.85,0.18,8.0,8.0,74.82,0,0,Distinction,0
STU0018,2020-21,SEM_2020-21_3,3,2021-22,ECE,B.TECH,General,41.27,Paid,24,6,1,8.0,8.0,74.09,0.0,0,74.16,87.52,0,4,74.32,87.07,0,3,73.91,85.36,0,3,0.16,-0.41,-0.46,-1.71,-1.08,9.0,8.33,86.06,0,0,Distinction,0
STU0018,2020-21,SEM_2020-21_4,4,2021-22,ECE,B.TECH,General,41.27,Overdue,24,6,1,9.0,8.33,73.91,0.0,0,70.9,82.91,0,6,71.35,79.1,0,4,71.78,81.87,0,4,0.45,0.43,-3.81,2.77,-0.52,8.33,8.33,80.89,0,0,Distinction,0
STU0018,2020-21,SEM_2020-21_5,5,2022-23,ECE,B.TECH,General,41.27,Overdue,24,6,1,8.33,8.33,71.78,0.0,0,78.51,79.53,0,0,79.46,81.93,0,1,79.38,82.31,0,0,0.95,-0.08,2.41,0.38,1.39,8.83,8.43,83.44,0,0,Distinction,0
STU0018,2020-21,SEM_2020-21_6,6,2022-23,ECE,B.TECH,General,41.27,Paid,24,6,1,8.83,8.43,79.38,0.0,0,77.2,68.88,0,2,75.97,67.36,0,3,74.81,67.08,0,4,-1.23,-1.16,-1.52,-0.28,-0.9,7.33,8.25,66.86,0,0,First Class,0
STU0018,2020-21,SEM_2020-21_7,7,2023-24,ECE,B.TECH,General,41.27,Paid,20,5,1,7.33,8.25,74.81,0.0,0,73.9,70.63,0,4,73.88,71.99,0,2,73.26,71.31,0,3,-0.01,-0.63,1.36,-0.69,0.34,7.8,8.19,71.97,0,0,First Class,0
STU0018,2020-21,SEM_2020-21_8,8,2023-24,ECE,B.TECH,General,41.27,Paid,16,4,1,7.8,8.19,73.26,0.0,0,70.38,75.23,0,4,71.55,71.91,0,3,70.34,72.86,0,3,1.17,-1.21,-3.33,0.95,-1.19,8.0,8.16,71.52,0,0,Distinction,0
STU0019,2020-21,SEM_2020-21_1,1,2020-21,AIML,B.TECH,SC,81.66,Paid,20,5,0,,,,,0,79.62,59.43,1,0,81.09,58.82,2,2,82.1,52.14,3,0,1.47,1.01,-0.61,-6.68,-3.64,6.0,6.0,54.27,0,0,Second Class,0
STU0019,2020-21,SEM_2020-21_2,2,2020-21,AIML,B.TECH,SC,81.66,Paid,20,5,1,6.0,6.0,82.1,0.0,0,79.32,50.79,3,0,77.67,51.03,2,0,77.36,52.45,3,1,-1.66,-0.31,0.24,1.42,0.83,5.8,5.9,52.31,0,0,Pass,1
STU0019,2020-21,SEM_2020-21_3,3,2021-22,AIML,B.TECH,SC,81.66,Paid,24,6,1,5.8,5.9,77.36,0.0,0,76.71,61.36,2,2,76.56,59.98,1,3,74.29,62.26,0,3,-0.16,-2.27,-1.38,2.28,0.45,6.67,6.16,62.32,0,0,First Class,0
STU0019,2020-21,SEM_2020-21_4,4,2021-22,AIML,B.TECH,SC,81.66,Partial,24,6,1,6.67,6.16,74.29,0.0,0,78.95,58.07,1,1,80.26,62.27,1,0,79.7,62.8,1,1,1.31,-0.56,4.2,0.53,2.36,6.67,6.28,61.62,0,0,First Class,0
STU0019,2020-21,SEM_2020-21_5,5,2022-23,AIML,B.TECH,SC,81.66,Paid,24,6,1,6.67,6.28,79.7,0.0,0,78.23,53.54,1,2,80.4,53.9,1,2,80.4,54.1,3,2,2.17,0.0,0.35,0.21,0.28,5.83,6.19,55.78,0,0,Pass,1
STU0019,2020-21,SEM_2020-21_6,6,2022-23,AIML,B.TECH,SC,81.66,Paid,24,6,1,5.83,6.19,80.4,0.0,0,73.6,57.09,1,3,75.67,58.2,0,3,75.27,54.61,1,2,2.08,-0.4,1.12,-3.59,-1.24,6.17,6.19,55.94,0,0,Second Class,0
STU0019,2020-21,SEM_2020-21_7,7,2023-24,AIML,B.TECH,SC,81.66,Paid,20,5,1,6.17,6.19,75.27,0.0,0,75.47,65.98,0,2,75.89,66.16,0,2,75.27,65.13,0,1,0.42,-0.62,0.18,-1.03,-0.43,7.2,6.33,65.22,0,0,First Class,0
STU0019,2020-21,SEM_2020-21_8,8,2023-24,AIML,B.TECH,SC,81.66,Paid,16,4,1,7.2,6.33,75.27,0.0,0,74.22,59.78,1,3,73.12,59.16,1,2,68.45,57.49,1,4,-1.1,-4.67,-0.62,-1.67,-1.15,6.25,6.32,59.34,0,0,Second Class,0
STU0020,2020-21,SEM_2020-21_1,1,2020-21,DS,B.TECH,ST,68.9,Paid,20,5,0,,,,,0,65.56,56.85,1,5,65.85,57.43,2,5,65.64,57.75,1,5,0.29,-0.21,0.58,0.32,0.45,6.2,6.2,57.5,0,0,Second Class,0
STU0020,2020-21,SEM_2020-21_2,2,2020-21,DS,B.TECH,ST,68.9,Paid,20,5,1,6.2,6.2,65.64,0.0,0,76.01,74.42,0,2,75.34,73.34,0,3,76.94,75.72,0,3,-0.67,1.6,-1.09,2.38,0.65,8.2,7.2,76.73,0,0,Distinction,0
STU0020,2020-21,SEM_2020-21_3,3,2021-22,DS,B.TECH,ST,68.9,Partial,24,6,1,8.2,7.2,76.94,0.0,0,78.21,68.18,0,1,77.82,68.86,0,1,78.78,71.22,0,0,-0.39,0.96,0.68,2.36,1.52,7.67,7.36,71.02,0,0,First Class,0
STU0020,2020-21,SEM_2020-21_4,4,2021-22,DS,B.TECH,ST,68.9,Paid,24,6,1,7.67,7.36,78.78,0.0,0,67.38,64.99,0,6,66.8,66.07,0,6,68.46,66.16,0,4,-0.58,1.67,1.08,0.09,0.59,7.17,7.31,66.81,0,0,First Class,0
STU0020,2020-21,SEM_2020-21_5,5,2022-23,DS,B.TECH,ST,68.9,Paid,24,6,1,7.17,7.31,68.46,0.0,0,66.73,66.26,0,6,66.77,68.87,0,6,64.54,70.24,0,6,0.04,-2.23,2.61,1.37,1.99,7.67,7.38,70.96,0,0,First Class,0
STU0020,2020-21,SEM_2020-21_6,6,2022-23,DS,B.TECH,ST,68.9,Paid,24,6,1,7.67,7.38,64.54,0.0,0,74.4,62.16,0,2,73.5,63.54,0,4,74.71,63.51,1,3,-0.9,1.21,1.38,-0.03,0.68,6.17,7.18,63.67,1,1,Fail,1
STU0020,2020-21,SEM_2020-21_7,7,2023-24,DS,B.TECH,ST,68.9,Paid,20,5,1,6.17,7.18,74.71,1.0,1,75.09,71.0,0,3,73.67,72.14,0,3,77.78,71.43,0,2,-1.42,4.11,1.14,-0.72,0.21,7.6,7.24,71.8,0,0,First Class,0
STU0020,2020-21,SEM_2020-21_8,8,2023-24,DS,B.TECH,ST,68.9,Paid,16,4,1,7.6,7.24,77.78,0.0,1,78.85,60.61,0,0,77.67,59.88,0,1,80.28,60.6,0,1,-1.18,2.62,-0.73,0.72,-0.01,6.5,7.15,61.78,0,0,First Class,0
STU0021,2020-21,SEM_2020-21_1,1,2020-21,CSE,B.TECH,SC,92.63,Paid,20,5,0,,,,,0,87.58,73.84,0,0,88.54,74.39,0,0,88.43,73.31,0,0,0.95,-0.1,0.55,-1.08,-0.26,7.8,7.8,71.75,0,0,First Class,0
STU0021,2020-21,SEM_2020-21_2,2,2020-21,CSE,B.TECH,SC,92.63,Overdue,20,5,1,7.8,7.8,88.43,0.0,0,87.32,83.13,0,0,88.44,83.34,0,0,88.83,82.6,0,0,1.12,0.39,0.2,-0.73,-0.27,8.4,8.1,80.66,0,0,Distinction,0
STU0021,2020-21,SEM_2020-21_3,3,2021-22,CSE,B.TECH,SC,92.63,Paid,24,6,1,8.4,8.1,88.83,0.0,0,87.97,67.85,1,0,88.32,70.78,0,0,88.01,72.36,0,0,0.35,-0.31,2.93,1.58,2.25,8.0,8.07,73.91,0,0,Distinction,0
STU0021,2020-21,SEM_2020-21_4,4,2021-22,CSE,B.TECH,SC,92.63,Partial,24,6,1,8.0,8.07,88.01,0.0,0,85.18,80.45,0,0,85.13,79.54,0,0,84.33,81.32,0,0,-0.05,-0.81,-0.92,1.78,0.43,8.67,8.22,81.95,0,0,Distinction,0
STU0021,2020-21,SEM_2020-21_5,5,2022-23,CSE,B.TECH,SC,92.63,Paid,24,6,1,8.67,8.22,84.33,0.0,0,90.58,73.64,0,0,91.85,75.23,0,0,89.21,73.3,0,0,1.27,-2.64,1.6,-1.94,-0.17,8.0,8.17,74.93,0,0,Distinction,0
STU0021,2020-21,SEM_2020-21_6,6,2022-23,CSE,B.TECH,SC,92.63,Paid,24,6,1,8.0,8.17,89.21,0.0,0,80.99,69.55,0,0,83.83,69.42,0,0,83.75,66.6,0,0,2.84,-0.08,-0.13,-2.81,-1.47,7.17,8.01,67.14,0,0,First Class,0
STU0021,2020-21,SEM_2020-21_7,7,2023-24,CSE,B.TECH,SC,92.63,Paid,20,5,1,7.17,8.01,83.75,0.0,0,90.67,72.2,0,0,92.01,70.89,0,0,93.64,69.68,0,0,1.34,1.62,-1.31,-1.22,-1.26,7.4,7.92,69.95,0,0,First Class,0
STU0021,2020-21,SEM_2020-21_8,8,2023-24,CSE,B.TECH,SC,92.63,Paid,16,4,1,7.4,7.92,93.64,0.0,0,85.03,69.22,0,0,87.47,71.4,0,0,87.8,72.65,0,0,2.44,0.32,2.18,1.26,1.72,8.0,7.93,74.07,0,0,Distinction,0
STU0022,2020-21,SEM_2020-21_1,1,2020-21,ECE,B.TECH,General,62.33,Paid,20,5,0,,,,,0,83.12,73.67,0,0,83.63,73.48,0,0,87.27,74.06,0,0,0.51,3.64,-0.19,0.58,0.19,8.0,8.0,75.29,0,0,Distinction,0
STU0022,2020-21,SEM_2020-21_2,2,2020-21,ECE,B.TECH,General,62.33,Paid,20,5,1,8.0,8.0,87.27,0.0,0,86.13,75.5,0,0,83.5,73.95,0,0,82.02,74.23,0,0,-2.63,-1.48,-1.55,0.27,-0.64,8.0,8.0,74.38,0,0,Distinction,0
STU0022,2020-21,SEM_2020-21_3,3,2021-22,ECE,B.TECH,General,62.33,Paid,24,6,1,8.0,8.0,82.02,0.0,0,90.42,75.56,0,0,90.3,73.68,0,0,92.02,74.96,0,0,-0.12,1.72,-1.88,1.28,-0.3,8.0,8.0,75.04,0,0,Distinction,0
STU0022,2020-21,SEM_2020-21_4,4,2021-22,ECE,B.TECH,General,62.33,Paid,24,6,1,8.0,8.0,92.02,0.0,0,88.61,77.66,0,0,87.18,77.78,0,0,87.21,75.71,0,0,-1.43,0.03,0.12,-2.07,-0.97,8.0,8.0,75.07,0,0,Distinction,0
STU0022,2020-21,SEM_2020-21_5,5,2022-23,ECE,B.TECH,General,62.33,Overdue,24,6,1,8.0,8.0,87.21,0.0,0,93.83,76.28,0,0,93.2,74.37,0,0,92.64,74.78,0,0,-0.64,-0.55,-1.91,0.41,-0.75,8.17,8.03,75.32,0,0,Distinction,0
STU0022,2020-21,SEM_2020-21_6,6,2022-23,ECE,B.TECH,General,62.33,Paid,24,6,1,8.17,8.03,92.64,0.0,0,92.01,82.41,0,0,90.26,83.3,0,0,91.87,85.65,0,0,-1.75,1.61,0.89,2.35,1.62,8.67,8.14,84.06,0,0,Distinction,0
STU0022,2020-21,SEM_2020-21_7,7,2023-24,ECE,B.TECH,General,62.33,Paid,20,5,1,8.67,8.14,91.87,0.0,0,88.68,75.79,0,0,92.15,73.98,0,0,92.55,72.13,0,0,3.47,0.41,-1.81,-1.85,-1.83,7.2,8.0,67.73,0,0,First Class,0
STU0022,2020-21,SEM_2020-21_8,8,2023-24,ECE,B.TECH,General,62.33,Paid,16,4,1,7.2,8.0,92.55,0.0,0,85.03,73.42,0,0,83.73,71.83,0,0,86.04,70.75,0,0,-1.3,2.32,-1.59,-1.07,-1.33,7.75,7.97,72.46,0,0,First Class,0
STU0023,2020-21,SEM_2020-21_1,1,2020-21,AIML,B.TECH,General,62.77,Paid,20,5,0,,,,,0,86.01,78.15,0,0,85.74,75.71,0,0,86.56,76.95,0,0,-0.28,0.82,-2.44,1.24,-0.6,8.2,8.2,77.49,0,0,Distinction,0
STU0023,2020-21,SEM_2020-21_2,2,2020-21,AIML,B.TECH,General,62.77,Partial,20,5,1,8.2,8.2,86.56,0.0,0,82.62,89.51,0,0,82.63,88.99,0,0,84.88,88.89,0,0,0.0,2.26,-0.52,-0.09,-0.31,9.4,8.8,89.82,0,0,Distinction,0
STU0023,2020-21,SEM_2020-21_3,3,2021-22,AIML,B.TECH,General,62.77,Paid,24,6,1,9.4,8.8,84.88,0.0,0,83.91,84.73,0,0,84.92,81.09,0,0,85.3,81.46,0,0,1.0,0.39,-3.63,0.36,-1.63,8.83,8.81,82.39,0,0,Distinction,0
STU0023,2020-21,SEM_2020-21_4,4,2021-22,AIML,B.TECH,General,62.77,Paid,24,6,1,8.83,8.81,85.3,0.0,0,80.7,88.0,0,0,80.14,87.48,0,0,78.8,86.38,0,1,-0.56,-1.33,-0.52,-1.09,-0.81,9.17,8.9,85.89,0,0,Distinction,0
STU0023,2020-21,SEM_2020-21_5,5,2022-23,AIML,B.TECH,General,62.77,Paid,24,6,1,9.17,8.9,78.8,0.0,0,76.79,88.28,0,1,77.72,86.94,0,2,77.36,84.35,0,2,0.93,-0.36,-1.34,-2.59,-1.97,9.0,8.92,85.22,0,0,Distinction,0
STU0023,2020-21,SEM_2020-21_6,6,2022-23,AIML,B.TECH,General,62.77,Paid,24,6,1,9.0,8.92,77.36,0.0,0,86.3,87.17,0,0,86.73,88.06,0,0,84.73,87.95,0,1,0.42,-2.0,0.89,-0.11,0.39,9.33,8.99,88.29,0,0,Distinction,0
STU0023,2020-21,SEM_2020-21_7,7,2023-24,AIML,B.TECH,General,62.77,Paid,20,5,1,9.33,8.99,84.73,0.0,0,91.7,86.49,0,0,90.69,86.98,0,0,91.25,89.2,0,0,-1.01,0.56,0.49,2.22,1.36,9.4,9.05,90.22,0,0,Distinction,0
STU0023,2020-21,SEM_2020-21_8,8,2023-24,AIML,B.TECH,General,62.77,Paid,16,4,1,9.4,9.05,91.25,0.0,0,88.28,92.69,0,0,85.87,90.89,0,0,87.64,85.32,0,0,-2.41,1.78,-1.8,-5.57,-3.68,8.75,9.01,85.84,0,0,Distinction,0
STU0024,2020-21,SEM_2020-21_1,1,2020-21,DS,B.TECH,General,67.27,Paid,20,5,0,,,,,0,91.68,81.79,0,0,89.77,79.13,0,0,87.79,77.41,0,0,-1.92,-1.98,-2.66,-1.73,-2.19,8.0,8.0,77.37,0,0,Distinction,0
STU0024,2020-21,SEM_2020-21_2,2,2020-21,DS,B.TECH,General,67.27,Paid,20,5,1,8.0,8.0,87.79,0.0,0,91.94,69.14,0,0,93.98,69.62,0,0,94.13,68.15,0,0,2.04,0.15,0.48,-1.47,-0.5,7.0,7.5,66.29,0,0,First Class,0
STU0024,2020-21,SEM_2020-21_3,3,2021-22,DS,B.TECH,General,67.27,Partial,24,6,1,7.0,7.5,94.13,0.0,0,95.23,79.35,0,0,94.46,76.05,0,0,93.37,75.37,0,0,-0.76,-1.09,-3.3,-0.68,-1.99,7.83,7.61,75.07,0,0,First Class,0
STU0024,2020-21,SEM_2020-21_4,4,2021-22,DS,B.TECH,General,67.27,Paid,24,6,1,7.83,7.61,93.37,0.0,0,91.29,82.54,0,0,91.92,79.72,0,0,90.94,78.87,0,0,0.63,-0.98,-2.82,-0.84,-1.83,8.33,7.79,78.76,0,0,Distinction,0
STU0024,2020-21,SEM_2020-21_5,5,2022-23,DS,B.TECH,General,67.27,Paid,24,6,1,8.33,7.79,90.94,0.0,0,96.95,79.01,0,0,94.85,79.81,0,0,93.42,77.44,0,0,-2.1,-1.43,0.79,-2.37,-0.79,8.33,7.9,77.54,0,0,Distinction,0
STU0024,2020-21,SEM_2020-21_6,6,2022-23,DS,B.TECH,General,67.27,Paid,24,6,1,8.33,7.9,93.42,0.0,0,95.46,83.88,0,0,95.18,85.69,0,0,95.35,88.02,0,0,-0.28,0.17,1.81,2.33,2.07,9.5,8.17,89.6,0,0,Distinction,0
STU0024,2020-21,SEM_2020-21_7,7,2023-24,DS,B.TECH,General,67.27,Paid,20,5,1,9.5,8.17,95.35,0.0,0,95.45,74.75,0,0,93.23,74.47,0,0,93.58,71.84,0,0,-2.22,0.35,-0.28,-2.63,-1.45,7.6,8.09,71.11,0,0,First Class,0
STU0024,2020-21,SEM_2020-21_8,8,2023-24,DS,B.TECH,General,67.27,Paid,16,4,1,7.6,8.09,93.58,0.0,0,87.41,73.81,0,0,85.63,79.71,0,0,86.26,81.05,0,0,-1.77,0.63,5.89,1.34,3.62,8.25,8.11,78.36,0,0,Distinction,0
STU0025,2020-21,SEM_2020-21_1,1,2020-21,CSE,B.TECH,OBC,75.8,Partial,20,5,0,,,,,0,85.02,78.58,0,0,83.77,76.96,0,0,82.88,77.17,0,1,-1.24,-0.9,-1.62,0.21,-0.7,8.6,8.6,80.17,0,0,Distinction,0
STU0025,2020-21,SEM_2020-21_2,2,2020-21,CSE,B.TECH,OBC,75.8,Paid,20,5,1,8.6,8.6,82.88,0.0,0,76.7,84.49,0,2,76.04,80.07,0,1,75.07,79.69,0,1,-0.66,-0.97,-4.42,-0.37,-2.4,8.2,8.4,77.97,0,0,Distinction,0
STU0025,2020-21,SEM_2020-21_3,3,2021-22,CSE,B.TECH,OBC,75.8,Partial,24,6,1,8.2,8.4,75.07,0.0,0,88.4,82.92,0,0,86.51,84.57,0,0,88.32,85.26,0,0,-1.89,1.81,1.65,0.69,1.17,9.0,8.6,86.04,0,0,Distinction,0
STU0025,2020-21,SEM_2020-21_4,4,2021-22,CSE,B.TECH,OBC,75.8,Paid,24,6,1,9.0,8.6,88.32,0.0,0,85.04,83.25,0,0,83.4,85.07,0,0,81.41,82.85,0,1,-1.65,-1.98,1.82,-2.22,-0.2,8.67,8.62,81.21,0,0,Distinction,0
STU0025,2020-21,SEM_2020-21_5,5,2022-23,CSE,B.TECH,OBC,75.8,Partial,24,6,1,8.67,8.62,81.41,0.0,0,82.98,81.78,0,0,82.8,83.11,0,1,81.6,81.0,0,1,-0.18,-1.21,1.33,-2.11,-0.39,8.67,8.63,80.86,0,0,Distinction,0
STU0025,2020-21,SEM_2020-21_6,6,2022-23,CSE,B.TECH,OBC,75.8,Paid,24,6,1,8.67,8.63,81.6,0.0,0,87.8,80.31,0,0,84.77,79.52,0,0,84.71,79.14,0,0,-3.03,-0.06,-0.79,-0.38,-0.59,8.17,8.55,77.93,0,0,Distinction,0
STU0025,2020-21,SEM_2020-21_7,7,2023-24,CSE,B.TECH,OBC,75.8,Paid,20,5,1,8.17,8.55,84.71,0.0,0,83.25,69.5,0,1,83.5,69.18,0,0,82.06,68.97,0,0,0.26,-1.45,-0.32,-0.21,-0.27,7.6,8.41,72.24,0,0,First Class,0
STU0025,2020-21,SEM_2020-21_8,8,2023-24,CSE,B.TECH,OBC,75.8,Paid,16,4,1,7.6,8.41,82.06,0.0,0,87.92,78.74,0,0,90.22,82.0,0,0,89.57,83.22,0,0,2.3,-0.65,3.26,1.22,2.24,8.5,8.43,82.16,0,0,Distinction,0
STU0026,2020-21,SEM_2020-21_1,1,2020-21,ECE,B.TECH,General,50.31,Paid,20,5,0,,,,,0,89.59,84.95,0,0,89.27,84.32,0,0,89.37,82.47,0,0,-0.32,0.09,-0.63,-1.85,-1.24,8.8,8.8,85.03,0,0,Distinction,0
STU0026,2020-21,SEM_2020-21_2,2,2020-21,ECE,B.TECH,General,50.31,Paid,20,5,1,8.8,8.8,89.37,0.0,0,83.1,77.24,0,0,85.53,77.74,0,0,83.26,79.57,0,0,2.43,-2.27,0.5,1.83,1.16,8.4,8.6,78.09,0,0,Distinction,0
STU0026,2020-21,SEM_2020-21_3,3,2021-22,ECE,B.TECH,General,50.31,Paid,24,6,1,8.4,8.6,83.26,0.0,0,92.31,80.81,0,0,94.9,79.8,0,0,91.96,78.62,0,0,2.59,-2.94,-1.01,-1.18,-1.1,8.17,8.46,77.69,0,0,Distinction,0
STU0026,2020-21,SEM_2020-21_4,4,2021-22,ECE,B.TECH,General,50.31,Partial,24,6,1,8.17,8.46,91.96,0.0,0,90.03,90.95,0,0,88.78,89.76,0,0,89.09,89.16,0,0,-1.25,0.31,-1.18,-0.6,-0.89,9.17,8.63,88.01,0,0,Distinction,0
STU0026,2020-21,SEM_2020-21_5,5,2022-23,ECE,B.TECH,General,50.31,Paid,24,6,1,9.17,8.63,89.09,0.0,0,87.7,79.49,0,0,88.88,82.07,0,0,90.15,81.79,0,0,1.18,1.27,2.58,-0.28,1.15,8.67,8.64,83.83,0,0,Distinction,0
STU0026,2020-21,SEM_2020-21_6,6,2022-23,ECE,B.TECH,General,50.31,Paid,24,6,1,8.67,8.64,90.15,0.0,0,85.9,77.4,0,0,87.81,78.1,0,0,90.85,79.56,0,0,1.91,3.04,0.7,1.47,1.08,8.5,8.62,79.72,0,0,Distinction,0
STU0026,2020-21,SEM_2020-21_7,7,2023-24,ECE,B.TECH,General,50.31,Paid,20,5,1,8.5,8.62,90.85,0.0,0,97.42,87.67,0,0,96.7,90.32,0,0,96.9,88.37,0,0,-0.72,0.2,2.65,-1.95,0.35,9.4,8.73,88.37,0,0,Distinction,0
STU0026,2020-21,SEM_2020-21_8,8,2023-24,ECE,B.TECH,General,50.31,Paid,16,4,1,9.4,8.73,96.9,0.0,0,89.78,75.44,0,0,91.2,76.85,0,0,89.96,74.89,0,0,1.42,-1.24,1.41,-1.96,-0.27,8.0,8.64,73.18,0,0,Distinction,0
STU0027,2020-21,SEM_2020-21_1,1,2020-21,AIML,B.TECH,General,33.37,Paid,20,5,0,,,,,0,61.86,34.46,5,5,68.83,40.99,5,5,75.21,49.55,3,3,6.97,6.38,6.53,8.55,7.54,5.8,5.8,50.36,0,0,Pass,1
STU0027,2020-21,SEM_2020-21_2,2,2020-21,AIML,B.TECH,General,33.37,Paid,20,5,1,5.8,5.8,75.21,0.0,0,69.24,45.37,4,5,74.86,52.78,2,2,82.0,60.73,0,0,5.62,7.14,7.41,7.95,7.68,6.6,6.2,61.74,0,0,First Class,0
STU0027,2020-21,SEM_2020-21_3,3,2021-22,AIML,B.TECH,General,33.37,Overdue,24,6,1,6.6,6.2,82.0,0.0,0,80.63,42.24,6,0,86.58,49.23,2,0,94.26,56.15,1,0,5.94,7.68,6.99,6.92,6.95,5.83,6.08,54.8,0,0,Pass,1
STU0027,2020-21,SEM_2020-21_4,4,2021-22,AIML,B.TECH,General,33.37,Paid,24,6,1,5.83,6.08,94.26,0.0,0,82.84,51.55,1,0,88.87,58.06,1,0,94.98,64.86,0,0,6.03,6.11,6.51,6.8,6.66,6.83,6.27,63.29,0,0,First Class,0
STU0027,2020-21,SEM_2020-21_5,5,2022-23,AIML,B.TECH,General,33.37,Paid,24,6,1,6.83,6.27,94.98,0.0,0,85.12,60.53,0,0,91.97,66.83,0,0,97.49,74.03,0,0,6.85,5.53,6.3,7.21,6.75,7.5,6.51,70.32,0,0,First Class,0
STU0027,2020-21,SEM_2020-21_6,6,2022-23,AIML,B.TECH,General,33.37,Paid,24,6,1,7.5,6.51,97.49,0.0,0,84.71,64.85,0,0,91.32,70.89,0,0,97.4,79.15,0,0,6.61,6.08,6.04,8.26,7.15,8.5,6.84,79.9,0,0,Distinction,0
STU0027,2020-21,SEM_2020-21_7,7,2023-24,AIML,B.TECH,General,33.37,Paid,20,5,1,8.5,6.84,97.4,0.0,0,81.31,56.15,1,0,89.15,62.75,0,0,96.31,70.57,0,0,7.84,7.16,6.6,7.81,7.21,7.2,6.9,69.3,0,0,First Class,0
STU0027,2020-21,SEM_2020-21_8,8,2023-24,AIML,B.TECH,General,33.37,Paid,16,4,1,7.2,6.9,96.31,0.0,0,78.54,59.21,0,0,84.52,66.32,0,0,94.1,74.02,0,0,5.99,9.58,7.11,7.69,7.4,8.25,7.06,78.7,0,0,Distinction,0
STU0028,2020-21,SEM_2020-21_1,1,2020-21,DS,B.TECH,OBC,80.86,Paid,20,5,0,,,,,0,64.13,67.63,0,5,64.29,69.13,0,5,63.01,70.2,0,5,0.15,-1.27,1.5,1.07,1.29,7.6,7.6,70.49,0,0,First Class,0
STU0028,2020-21,SEM_2020-21_2,2,2020-21,DS,B.TECH,OBC,80.86,Paid,20,5,1,7.6,7.6,63.01,0.0,0,74.66,70.66,0,3,77.84,69.72,0,3,76.13,69.4,0,2,3.18,-1.71,-0.94,-0.32,-0.63,7.6,7.6,71.34,0,0,First Class,0
STU0028,2020-21,SEM_2020-21_3,3,2021-22,DS,B.TECH,OBC,80.86,Paid,24,6,1,7.6,7.6,76.13,0.0,0,86.36,79.97,0,0,84.8,80.91,0,0,85.57,82.04,0,0,-1.56,0.76,0.94,1.13,1.04,8.67,7.96,80.48,0,0,Distinction,0
STU0028,2020-21,SEM_2020-21_4,4,2021-22,DS,B.TECH,OBC,80.86,Paid,24,6,1,8.67,7.96,85.57,0.0,0,78.11,69.16,0,1,79.04,70.87,0,2,80.6,70.94,0,1,0.93,1.56,1.71,0.08,0.89,7.67,7.88,70.18,0,0,First Class,0
STU0028,2020-21,SEM_2020-21_5,5,2022-23,DS,B.TECH,OBC,80.86,Overdue,24,6,1,7.67,7.88,80.6,0.0,0,70.32,78.08,0,6,70.75,78.46,0,5,71.86,76.7,0,4,0.43,1.1,0.38,-1.76,-0.69,8.17,7.94,77.6,0,0,Distinction,0
STU0028,2020-21,SEM_2020-21_6,6,2022-23,DS,B.TECH,OBC,80.86,Paid,24,6,1,8.17,7.94,71.86,0.0,0,68.9,75.58,0,6,68.99,73.01,0,5,68.96,69.47,0,5,0.09,-0.03,-2.57,-3.54,-3.06,7.5,7.87,68.33,0,0,First Class,0
STU0028,2020-21,SEM_2020-21_7,7,2023-24,DS,B.TECH,OBC,80.86,Partial,20,5,1,7.5,7.87,68.96,0.0,0,73.06,76.39,0,4,72.1,77.25,0,4,74.02,77.33,0,3,-0.96,1.92,0.85,0.08,0.47,8.0,7.89,76.2,0,0,Distinction,0
STU0028,2020-21,SEM_2020-21_8,8,2023-24,DS,B.TECH,OBC,80.86,Paid,16,4,1,8.0,7.89,74.02,0.0,0,72.36,70.86,0,3,75.13,69.45,0,1,72.82,72.94,0,2,2.77,-2.31,-1.41,3.5,1.04,7.75,7.87,72.38,0,0,First Class,0
STU0029,2020-21,SEM_2020-21_1,1,2020-21,CSE,B.TECH,General,55.38,Paid,20,5,0,,,,,0,83.18,68.49,0,0,82.21,69.71,0,0,82.87,69.63,1,0,-0.98,0.66,1.22,-0.08,0.57,7.4,7.4,69.83,0,0,First Class,0
STU0029,2020-21,SEM_2020-21_2,2,2020-21,CSE,B.TECH,General,55.38,Paid,20,5,1,7.4,7.4,82.87,0.0,0,80.12,75.74,0,0,80.54,75.94,0,1,82.45,76.78,0,0,0.42,1.91,0.2,0.84,0.52,8.2,7.8,77.83,0,0,Distinction,0
STU0029,2020-21,SEM_2020-21_3,3,2021-22,CSE,B.TECH,General,55.38,Paid,24,6,1,8.2,7.8,82.45,0.0,0,83.87,58.39,0,0,82.38,57.89,0,1,83.29,59.45,0,1,-1.49,0.91,-0.51,1.56,0.53,6.33,7.31,58.76,0,0,Second Class,0
STU0029,2020-21,SEM_2020-21_4,4,2021-22,CSE,B.TECH,General,55.38,Paid,24,6,1,6.33,7.31,83.29,0.0,0,87.12,75.9,0,0,90.18,76.24,0,0,90.16,74.77,0,0,3.06,-0.02,0.34,-1.46,-0.56,8.17,7.53,74.05,0,0,Distinction,0
STU0029,2020-21,SEM_2020-21_5,5,2022-23,CSE,B.TECH,General,55.38,Paid,24,6,1,8.17,7.53,90.16,0.0,0,79.77,65.07,0,0,81.93,64.02,1,0,81.93,65.09,0,0,2.16,0.0,-1.05,1.08,0.01,6.67,7.35,64.82,0,0,First Class,0
STU0029,2020-21,SEM_2020-21_6,6,2022-23,CSE,B.TECH,General,55.38,Overdue,24,6,1,6.67,7.35,81.93,0.0,0,81.2,70.35,0,1,80.17,69.98,0,1,80.09,72.36,0,1,-1.03,-0.08,-0.37,2.39,1.01,7.67,7.41,69.48,0,0,First Class,0
STU0029,2020-21,SEM_2020-21_7,7,2023-24,CSE,B.TECH,General,55.38,Paid,20,5,1,7.67,7.41,80.09,0.0,0,93.01,64.74,0,0,91.47,64.52,0,0,89.25,64.16,0,0,-1.54,-2.23,-0.21,-0.36,-0.29,6.8,7.32,64.3,0,0,First Class,0
STU0029,2020-21,SEM_2020-21_8,8,2023-24,CSE,B.TECH,General,55.38,Paid,16,4,1,6.8,7.32,89.25,0.0,0,82.91,78.63,0,0,83.76,80.36,0,0,80.88,78.25,0,0,0.86,-2.88,1.73,-2.11,-0.19,8.75,7.5,82.67,0,0,Distinction,0
STU0030,2020-21,SEM_2020-21_1,1,2020-21,ECE,B.TECH,General,59.29,Paid,20,5,0,,,,,0,95.52,90.2,0,0,97.27,90.96,0,0,96.61,93.96,0,0,1.74,-0.66,0.76,3.0,1.88,10.0,10.0,95.97,0,0,Distinction,0
STU0030,2020-21,SEM_2020-21_2,2,2020-21,ECE,B.TECH,General,59.29,Paid,20,5,1,10.0,10.0,96.61,0.0,0,91.26,86.51,0,0,90.88,85.48,0,0,91.64,83.33,0,0,-0.38,0.76,-1.02,-2.15,-1.59,8.8,9.4,84.98,0,0,Distinction,0
STU0030,2020-21,SEM_2020-21_3,3,2021-22,ECE,B.TECH,General,59.29,Partial,24,6,1,8.8,9.4,91.64,0.0,0,86.61,91.84,0,0,84.69,89.22,0,0,83.86,87.91,0,0,-1.92,-0.83,-2.62,-1.31,-1.97,9.0,9.27,86.36,0,0,Distinction,0
STU0030,2020-21,SEM_2020-21_4,4,2021-22,ECE,B.TECH,General,59.29,Paid,24,6,1,9.0,9.27,83.86,0.0,0,93.78,87.14,0,0,94.92,85.62,0,0,93.91,84.69,0,0,1.15,-1.02,-1.52,-0.93,-1.22,9.17,9.24,85.74,0,0,Distinction,0
STU0030,2020-21,SEM_2020-21_5,5,2022-23,ECE,B.TECH,General,59.29,Paid,24,6,1,9.17,9.24,93.91,0.0,0,94.38,86.19,0,0,94.43,85.2,0,0,93.63,86.14,0,0,0.05,-0.8,-0.99,0.95,-0.02,9.17,9.23,87.35,0,0,Distinction,0
STU0030,2020-21,SEM_2020-21_6,6,2022-23,ECE,B.TECH,General,59.29,Paid,24,6,1,9.17,9.23,93.63,0.0,0,95.28,78.62,0,0,96.12,78.72,0,0,95.7,75.38,0,0,0.84,-0.42,0.1,-3.34,-1.62,8.0,9.02,75.08,0,0,Distinction,0
STU0030,2020-21,SEM_2020-21_7,7,2023-24,ECE,B.TECH,General,59.29,Paid,20,5,1,8.0,9.02,95.7,0.0,0,85.33,78.74,0,0,84.88,79.68,0,0,83.26,76.25,0,0,-0.45,-1.62,0.94,-3.43,-1.24,8.0,8.88,76.12,0,0,Distinction,0
STU0030,2020-21,SEM_2020-21_8,8,2023-24,ECE,B.TECH,General,59.29,Paid,16,4,1,8.0,8.88,83.26,0.0,0,89.49,83.62,0,0,91.78,83.7,0,0,91.76,80.81,0,0,2.29,-0.02,0.08,-2.89,-1.41,8.5,8.83,81.95,0,0,Distinction,0
STU0031,2020-21,SEM_2020-21_1,1,2020-21,AIML,B.TECH,NRI,75.85,Paid,20,5,0,,,,,0,96.36,82.54,0,0,95.17,84.17,0,0,96.12,86.64,0,0,-1.19,0.95,1.64,2.47,2.05,9.2,9.2,84.86,0,0,Distinction,0
STU0031,2020-21,SEM_2020-21_2,2,2020-21,AIML,B.TECH,NRI,75.85,Paid,20,5,1,9.2,9.2,96.12,0.0,0,97.92,84.68,0,0,98.51,86.95,0,0,99.0,87.66,0,0,0.59,0.49,2.28,0.7,1.49,9.4,9.3,89.26,0,0,Distinction,0
STU0031,2020-21,SEM_2020-21_3,3,2021-22,AIML,B.TECH,NRI,75.85,Paid,24,6,1,9.4,9.3,99.0,0.0,0,97.66,72.19,0,0,98.63,73.32,0,0,96.52,71.93,0,0,0.97,-2.11,1.13,-1.39,-0.13,7.83,8.81,73.05,0,0,First Class,0
STU0031,2020-21,SEM_2020-21_4,4,2021-22,AIML,B.TECH,NRI,75.85,Paid,24,6,1,7.83,8.81,96.52,0.0,0,96.27,75.82,0,0,95.89,79.79,0,0,94.13,79.18,0,0,-0.38,-1.76,3.97,-0.61,1.68,8.5,8.73,78.76,0,0,Distinction,0
STU0031,2020-21,SEM_2020-21_5,5,2022-23,AIML,B.TECH,NRI,75.85,Partial,24,6,1,8.5,8.73,94.13,0.0,0,95.66,66.92,0,0,94.23,67.95,0,0,93.38,68.6,0,0,-1.42,-0.86,1.03,0.65,0.84,7.0,8.39,64.67,0,0,First Class,0
STU0031,2020-21,SEM_2020-21_6,6,2022-23,AIML,B.TECH,NRI,75.85,Paid,24,6,1,7.0,8.39,93.38,0.0,0,94.96,69.87,0,0,93.63,69.57,1,0,93.33,66.69,2,0,-1.33,-0.3,-0.3,-2.88,-1.59,7.17,8.18,65.88,0,0,First Class,0
STU0031,2020-21,SEM_2020-21_7,7,2023-24,AIML,B.TECH,NRI,75.85,Paid,20,5,1,7.17,8.18,93.33,0.0,0,97.81,70.95,0,0,95.55,68.97,0,0,93.19,65.38,0,0,-2.26,-2.36,-1.98,-3.59,-2.79,7.0,8.01,65.85,0,0,First Class,0
STU0031,2020-21,SEM_2020-21_8,8,2023-24,AIML,B.TECH,NRI,75.85,Paid,16,4,1,7.0,8.01,93.19,0.0,0,96.47,69.92,0,0,96.19,70.2,0,0,96.56,71.51,0,0,-0.28,0.38,0.28,1.31,0.79,8.0,8.01,73.07,0,0,Distinction,0
STU0032,2020-21,SEM_2020-21_1,1,2020-21,DS,B.TECH,OBC,79.24,Overdue,20,5,0,,,,,0,78.75,81.99,0,1,77.42,83.18,0,2,77.1,86.7,0,2,-1.33,-0.32,1.19,3.52,2.35,9.4,9.4,87.36,0,0,Distinction,0
STU0032,2020-21,SEM_2020-21_2,2,2020-21,DS,B.TECH,OBC,79.24,Paid,20,5,1,9.4,9.4,77.1,0.0,0,76.83,62.16,1,2,77.74,63.65,0,0,76.41,62.88,0,3,0.91,-1.33,1.49,-0.77,0.36,7.0,8.2,64.49,0,0,First Class,0
STU0032,2020-21,SEM_2020-21_3,3,2021-22,DS,B.TECH,OBC,79.24,Paid,24,6,1,7.0,8.2,76.41,0.0,0,80.99,66.53,0,0,82.51,67.16,0,0,83.74,66.33,0,1,1.52,1.23,0.62,-0.83,-0.1,7.33,7.91,67.74,0,0,First Class,0
STU0032,2020-21,SEM_2020-21_4,4,2021-22,DS,B.TECH,OBC,79.24,Paid,24,6,1,7.33,7.91,83.74,0.0,0,83.48,66.32,0,0,83.55,68.37,0,0,83.85,67.99,0,0,0.07,0.29,2.05,-0.38,0.84,7.17,7.72,69.02,0,0,First Class,0
STU0032,2020-21,SEM_2020-21_5,5,2022-23,DS,B.TECH,OBC,79.24,Paid,24,6,1,7.17,7.72,83.85,0.0,0,76.52,71.39,0,2,75.88,68.58,1,2,74.37,68.3,1,2,-0.64,-1.5,-2.81,-0.28,-1.54,7.67,7.71,69.86,0,0,First Class,0
STU0032,2020-21,SEM_2020-21_6,6,2022-23,DS,B.TECH,OBC,79.24,Paid,24,6,1,7.67,7.71,74.37,0.0,0,73.47,68.92,0,4,72.33,70.37,1,5,72.64,71.14,0,4,-1.15,0.31,1.45,0.77,1.11,7.33,7.65,70.47,0,0,First Class,0
STU0032,2020-21,SEM_2020-21_7,7,2023-24,DS,B.TECH,OBC,79.24,Paid,20,5,1,7.33,7.65,72.64,0.0,0,68.54,68.71,0,5,68.73,67.68,0,5,67.16,70.35,0,5,0.19,-1.57,-1.03,2.67,0.82,7.8,7.67,74.3,0,0,First Class,0
STU0032,2020-21,SEM_2020-21_8,8,2023-24,DS,B.TECH,OBC,79.24,Paid,16,4,1,7.8,7.67,67.16,0.0,0,72.1,54.15,1,4,76.64,55.4,0,2,75.24,53.63,2,2,4.53,-1.4,1.25,-1.78,-0.26,5.75,7.43,53.14,0,0,Pass,1
STU0033,2020-21,SEM_2020-21_1,1,2020-21,CSE,B.TECH,SC,67.55,Partial,20,5,0,,,,,0,66.54,85.38,0,5,60.03,78.55,0,5,55.05,73.33,0,5,-6.51,-4.97,-6.83,-5.23,-6.03,7.8,7.8,71.81,0,0,First Class,0
STU0033,2020-21,SEM_2020-21_2,2,2020-21,CSE,B.TECH,SC,67.55,Paid,20,5,1,7.8,7.8,55.05,0.0,0,69.24,66.31,0,5,63.83,60.6,0,5,57.88,56.31,2,5,-5.41,-5.95,-5.71,-4.29,-5.0,6.2,7.0,56.3,0,0,Second Class,0
STU0033,2020-21,SEM_2020-21_3,3,2021-22,CSE,B.TECH,SC,67.55,Paid,24,6,1,6.2,7.0,57.88,0.0,0,58.94,63.11,0,6,51.62,55.97,1,6,46.24,50.86,4,6,-7.32,-5.38,-7.14,-5.11,-6.13,4.67,6.22,49.9,1,1,Fail,1
STU0033,2020-21,SEM_2020-21_4,4,2021-22,CSE,B.TECH,SC,67.55,Paid,24,6,1,4.67,6.22,46.24,1.0,1,54.87,72.72,0,6,48.31,67.08,0,6,42.62,61.94,1,6,-6.56,-5.69,-5.64,-5.14,-5.39,6.67,6.33,62.41,0,0,First Class,0
STU0033,2020-21,SEM_2020-21_5,5,2022-23,CSE,B.TECH,SC,67.55,Paid,24,6,1,6.67,6.33,42.62,0.0,1,51.61,65.38,1,6,45.82,58.6,1,6,39.27,52.69,2,6,-5.78,-6.55,-6.77,-5.91,-6.34,5.0,6.07,52.84,1,1,Fail,1
STU0033,2020-21,SEM_2020-21_6,6,2022-23,CSE,B.TECH,SC,67.55,Paid,24,6,1,5.0,6.07,39.27,1.0,2,45.82,67.99,0,6,39.14,62.49,1,6,34.2,57.09,1,6,-6.68,-4.94,-5.5,-5.4,-5.45,6.17,6.08,56.42,0,0,Second Class,0
STU0033,2020-21,SEM_2020-21_7,7,2023-24,CSE,B.TECH,SC,67.55,Paid,20,5,1,6.17,6.08,34.2,0.0,2,52.25,57.51,1,5,45.92,50.48,3,5,39.36,44.52,3,5,-6.33,-6.56,-7.03,-5.96,-6.5,4.4,5.84,44.15,1,1,Fail,1
STU0033,2020-21,SEM_2020-21_8,8,2023-24,CSE,B.TECH,SC,67.55,Paid,16,4,1,4.4,5.84,39.36,1.0,3,48.06,60.38,0,4,42.2,53.64,1,4,36.96,48.38,3,4,-5.86,-5.24,-6.74,-5.26,-6.0,5.75,5.83,50.79,0,0,Pass,1
STU0034,2020-21,SEM_2020-21_1,1,2020-21,ECE,B.TECH,General,61.77,Paid,20,5,0,,,,,0,85.69,77.74,0,0,86.21,73.92,0,0,88.03,71.79,0,0,0.52,1.82,-3.82,-2.13,-2.98,7.6,7.6,71.99,0,0,First Class,0
STU0034,2020-21,SEM_2020-21_2,2,2020-21,ECE,B.TECH,General,61.77,Paid,20,5,1,7.6,7.6,88.03,0.0,0,85.1,90.59,0,0,86.35,92.33,0,0,88.3,92.45,0,0,1.25,1.95,1.74,0.12,0.93,9.8,8.7,94.23,0,0,Distinction,0
STU0034,2020-21,SEM_2020-21_3,3,2021-22,ECE,B.TECH,General,61.77,Paid,24,6,1,9.8,8.7,88.3,0.0,0,89.67,82.1,0,0,89.97,82.65,0,0,91.28,81.14,0,0,0.3,1.31,0.55,-1.5,-0.48,8.67,8.69,81.45,0,0,Distinction,0
STU0034,2020-21,SEM_2020-21_4,4,2021-22,ECE,B.TECH,General,61.77,Partial,24,6,1,8.67,8.69,91.28,0.0,0,82.45,76.36,0,0,82.48,73.7,0,0,81.9,72.77,0,0,0.03,-0.58,-2.66,-0.94,-1.8,7.83,8.47,73.14,0,0,First Class,0
STU0034,2020-21,SEM_2020-21_5,5,2022-23,ECE,B.TECH,General,61.77,Paid,24,6,1,7.83,8.47,81.9,0.0,0,85.78,87.53,0,0,84.51,86.35,0,0,82.78,86.55,0,1,-1.27,-1.73,-1.18,0.2,-0.49,9.0,8.58,86.22,0,0,Distinction,0
STU0034,2020-21,SEM_2020-21_6,6,2022-23,ECE,B.TECH,General,61.77,Overdue,24,6,1,9.0,8.58,82.78,0.0,0,74.86,87.81,0,3,73.61,87.38,0,3,74.55,85.52,0,4,-1.25,0.94,-0.43,-1.86,-1.14,9.17,8.68,86.94,0,0,Distinction,0
STU0034,2020-21,SEM_2020-21_7,7,2023-24,ECE,B.TECH,General,61.77,Paid,20,5,1,9.17,8.68,74.55,0.0,0,85.32,88.51,0,0,86.28,87.39,0,0,86.08,88.42,0,0,0.96,-0.2,-1.12,1.03,-0.05,9.2,8.75,89.65,0,0,Distinction,0
STU0034,2020-21,SEM_2020-21_8,8,2023-24,ECE,B.TECH,General,61.77,Paid,16,4,1,9.2,8.75,86.08,0.0,0,85.32,87.82,0,0,85.13,85.06,0,0,85.78,84.33,0,0,-0.19,0.65,-2.76,-0.73,-1.74,9.0,8.78,86.23,0,0,Distinction,0
STU0035,2020-21,SEM_2020-21_1,1,2020-21,AIML,B.TECH,General,83.25,Paid,20,5,0,,,,,0,91.01,69.44,0,0,90.62,69.61,0,0,90.76,69.75,0,0,-0.39,0.14,0.16,0.15,0.16,7.6,7.6,70.98,0,0,First Class,0
STU0035,2020-21,SEM_2020-21_2,2,2020-21,AIML,B.TECH,General,83.25,Paid,20,5,1,7.6,7.6,90.76,0.0,0,96.91,61.75,0,0,96.33,62.65,0,0,95.59,63.44,0,0,-0.58,-0.74,0.9,0.79,0.85,7.0,7.3,65.58,0,0,First Class,0
STU0035,2020-21,SEM_2020-21_3,3,2021-22,AIML,B.TECH,General,83.25,Paid,24,6,1,7.0,7.3,95.59,0.0,0,84.0,64.09,1,0,85.45,65.45,1,0,85.69,65.24,1,0,1.45,0.24,1.37,-0.21,0.58,6.33,6.98,64.63,1,1,Fail,1
STU0035,2020-21,SEM_2020-21_4,4,2021-22,AIML,B.TECH,General,83.25,Paid,24,6,1,6.33,6.98,85.69,1.0,1,86.31,73.35,0,0,88.19,76.4,0,0,86.44,73.66,0,0,1.88,-1.75,3.05,-2.74,0.15,7.83,7.19,73.74,0,0,First Class,0
STU0035,2020-21,SEM_2020-21_5,5,2022-23,AIML,B.TECH,General,83.25,Paid,24,6,1,7.83,7.19,86.44,0.0,1,87.45,67.86,0,0,86.46,65.61,0,0,87.46,67.9,0,0,-0.98,1.0,-2.25,2.28,0.02,7.33,7.22,68.22,0,0,First Class,0
STU0035,2020-21,SEM_2020-21_6,6,2022-23,AIML,B.TECH,General,83.25,Paid,24,6,1,7.33,7.22,87.46,0.0,1,87.06,69.34,0,0,86.89,74.62,0,0,86.44,73.22,0,0,-0.17,-0.44,5.27,-1.39,1.94,7.67,7.29,71.09,0,0,First Class,0
STU0035,2020-21,SEM_2020-21_7,7,2023-24,AIML,B.TECH,General,83.25,Paid,20,5,1,7.67,7.29,86.44,0.0,1,93.31,66.81,0,0,93.11,63.46,0,0,93.04,61.81,0,0,-0.21,-0.06,-3.35,-1.65,-2.5,6.6,7.2,62.94,0,0,First Class,0
STU0035,2020-21,SEM_2020-21_8,8,2023-24,AIML,B.TECH,General,83.25,Paid,16,4,1,6.6,7.2,93.04,0.0,1,92.09,69.27,0,0,92.0,66.08,0,0,95.46,66.37,0,0,-0.09,3.46,-3.18,0.29,-1.45,7.25,7.2,67.12,0,0,First Class,0
STU0036,2020-21,SEM_2020-21_1,1,2020-21,DS,B.TECH,General,88.77,Paid,20,5,0,,,,,0,60.01,55.73,1,5,58.35,54.48,2,5,60.7,55.25,1,5,-1.66,2.35,-1.25,0.77,-0.24,6.0,6.0,55.47,0,0,Second Class,0
STU0036,2020-21,SEM_2020-21_2,2,2020-21,DS,B.TECH,General,88.77,Paid,20,5,1,6.0,6.0,60.7,0.0,0,52.33,60.58,1,5,52.29,59.38,1,5,52.2,58.51,2,5,-0.03,-0.09,-1.2,-0.87,-1.04,6.4,6.2,59.15,0,0,Second Class,0
STU0036,2020-21,SEM_2020-21_3,3,2021-22,DS,B.TECH,General,88.77,Overdue,24,6,1,6.4,6.2,52.2,0.0,0,56.06,48.62,3,6,55.27,51.2,1,6,56.58,51.99,1,6,-0.79,1.31,2.57,0.79,1.68,5.83,6.08,52.87,0,0,Pass,1
STU0036,2020-21,SEM_2020-21_4,4,2021-22,DS,B.TECH,General,88.77,Paid,24,6,1,5.83,6.08,56.58,0.0,0,42.09,44.98,5,6,40.07,43.48,4,6,38.71,40.36,6,6,-2.01,-1.36,-1.5,-3.12,-2.31,2.83,5.27,42.8,3,2+,Fail,1
STU0036,2020-21,SEM_2020-21_5,5,2022-23,DS,B.TECH,General,88.77,Overdue,24,6,1,2.83,5.27,38.71,3.0,3,54.69,59.16,1,6,53.07,59.48,0,6,53.09,58.1,1,6,-1.61,0.02,0.32,-1.39,-0.53,6.0,5.41,55.36,0,0,Second Class,0
STU0036,2020-21,SEM_2020-21_6,6,2022-23,DS,B.TECH,General,88.77,Paid,24,6,1,6.0,5.41,53.09,0.0,3,58.88,54.14,2,6,58.45,53.71,2,6,57.5,54.21,2,6,-0.44,-0.95,-0.43,0.5,0.04,5.67,5.46,51.95,0,0,Pass,1
STU0036,2020-21,SEM_2020-21_7,7,2023-24,DS,B.TECH,General,88.77,Paid,20,5,1,5.67,5.46,57.5,0.0,3,61.33,50.85,2,5,60.06,47.6,2,5,57.25,47.95,3,5,-1.26,-2.81,-3.25,0.36,-1.45,4.4,5.3,46.59,1,1,Fail,1
STU0036,2020-21,SEM_2020-21_8,8,2023-24,DS,B.TECH,General,88.77,Overdue,16,4,1,4.4,5.3,57.25,1.0,4,52.44,55.37,1,4,52.93,57.58,2,4,51.56,55.97,1,4,0.49,-1.37,2.21,-1.61,0.3,4.75,5.24,53.47,1,1,Fail,1
STU0037,2020-21,SEM_2020-21_1,1,2020-21,CSE,B.TECH,ST,81.06,Paid,20,5,0,,,,,0,90.46,92.66,0,0,89.59,93.57,0,0,87.33,93.8,0,0,-0.87,-2.26,0.91,0.23,0.57,10.0,10.0,95.82,0,0,Distinction,0
STU0037,2020-21,SEM_2020-21_2,2,2020-21,CSE,B.TECH,ST,81.06,Paid,20,5,1,10.0,10.0,87.33,0.0,0,91.48,90.93,0,0,93.69,90.25,0,0,94.02,88.55,0,0,2.21,0.33,-0.68,-1.7,-1.19,9.4,9.7,88.5,0,0,Distinction,0
STU0037,2020-21,SEM_2020-21_3,3,2021-22,CSE,B.TECH,ST,81.06,Paid,24,6,1,9.4,9.7,94.02,0.0,0,95.3,90.47,0,0,94.66,89.66,0,0,94.25,87.41,0,0,-0.64,-0.4,-0.81,-2.25,-1.53,9.0,9.47,86.22,0,0,Distinction,0
STU0037,2020-21,SEM_2020-21_4,4,2021-22,CSE,B.TECH,ST,81.06,Paid,24,6,1,9.0,9.47,94.25,0.0,0,90.25,94.21,0,0,87.48,93.65,0,0,85.46,91.97,0,0,-2.76,-2.02,-0.56,-1.68,-1.12,9.5,9.47,91.12,0,0,Distinction,0
STU0037,2020-21,SEM_2020-21_5,5,2022-23,CSE,B.TECH,ST,81.06,Paid,24,6,1,9.5,9.47,85.46,0.0,0,95.48,94.1,0,0,95.73,90.82,0,0,96.81,90.73,0,0,0.25,1.08,-3.28,-0.09,-1.69,9.33,9.45,89.72,0,0,Distinction,0
STU0037,2020-21,SEM_2020-21_6,6,2022-23,CSE,B.TECH,ST,81.06,Paid,24,6,1,9.33,9.45,96.81,0.0,0,90.26,91.83,0,0,88.0,92.38,0,0,87.71,89.86,0,0,-2.26,-0.3,0.55,-2.52,-0.98,9.67,9.48,91.69,0,0,Distinction,0
STU0037,2020-21,SEM_2020-21_7,7,2023-24,CSE,B.TECH,ST,81.06,Partial,20,5,1,9.67,9.48,87.71,0.0,0,93.74,81.87,0,0,93.51,81.87,0,0,92.96,81.32,0,0,-0.23,-0.54,-0.0,-0.56,-0.28,8.6,9.36,80.86,0,0,Distinction,0
STU0037,2020-21,SEM_2020-21_8,8,2023-24,CSE,B.TECH,ST,81.06,Paid,16,4,1,8.6,9.36,92.96,0.0,0,89.91,93.66,0,0,91.8,94.77,0,0,93.96,96.38,0,0,1.89,2.16,1.11,1.61,1.36,10.0,9.44,96.63,0,0,Distinction,0
STU0038,2020-21,SEM_2020-21_1,1,2020-21,ECE,B.TECH,OBC,72.84,Paid,20,5,0,,,,,0,73.26,89.31,0,3,73.22,91.26,0,4,76.92,92.25,0,2,-0.04,3.7,1.95,0.99,1.47,9.4,9.4,89.18,0,0,Distinction,0
STU0038,2020-21,SEM_2020-21_2,2,2020-21,ECE,B.TECH,OBC,72.84,Paid,20,5,1,9.4,9.4,76.92,0.0,0,66.9,88.82,0,5,65.98,86.63,0,5,65.96,83.48,0,5,-0.92,-0.02,-2.19,-3.15,-2.67,8.6,9.0,81.73,0,0,Distinction,0
STU0038,2020-21,SEM_2020-21_3,3,2021-22,ECE,B.TECH,OBC,72.84,Paid,24,6,1,8.6,9.0,65.96,0.0,0,75.38,90.11,0,2,74.55,87.23,0,4,74.43,87.43,0,4,-0.83,-0.12,-2.89,0.21,-1.34,9.0,9.0,84.72,0,0,Distinction,0
STU0038,2020-21,SEM_2020-21_4,4,2021-22,ECE,B.TECH,OBC,72.84,Paid,24,6,1,9.0,9.0,74.43,0.0,0,75.49,92.8,0,4,75.77,90.94,0,2,75.1,88.92,0,3,0.28,-0.67,-1.86,-2.02,-1.94,9.33,9.08,88.26,0,0,Distinction,0
STU0038,2020-21,SEM_2020-21_5,5,2022-23,ECE,B.TECH,OBC,72.84,Paid,24,6,1,9.33,9.08,75.1,0.0,0,75.72,95.35,0,1,76.07,93.87,0,2,73.56,93.33,0,3,0.36,-2.51,-1.48,-0.54,-1.01,9.5,9.17,90.3,0,0,Distinction,0
STU0038,2020-21,SEM_2020-21_6,6,2022-23,ECE,B.TECH,OBC,72.84,Paid,24,6,1,9.5,9.17,73.56,0.0,0,69.73,91.67,0,5,68.05,91.12,0,6,69.61,91.01,0,5,-1.69,1.57,-0.55,-0.11,-0.33,9.33,9.19,88.66,0,0,Distinction,0
STU0038,2020-21,SEM_2020-21_7,7,2023-24,ECE,B.TECH,OBC,72.84,Paid,20,5,1,9.33,9.19,69.61,0.0,0,67.84,90.68,0,5,64.48,87.6,0,5,65.1,83.95,0,4,-3.36,0.63,-3.08,-3.65,-3.36,8.8,9.14,82.39,0,0,Distinction,0
STU0038,2020-21,SEM_2020-21_8,8,2023-24,ECE,B.TECH,OBC,72.84,Paid,16,4,1,8.8,9.14,65.1,0.0,0,72.73,87.22,0,3,75.99,85.64,0,1,72.83,87.46,0,4,3.26,-3.16,-1.57,1.82,0.12,9.5,9.18,90.86,0,0,Distinction,0
STU0039,2020-21,SEM_2020-21_1,1,2020-21,AIML,B.TECH,Management,88.86,Paid,20,5,0,,,,,0,79.71,70.85,0,0,81.71,71.01,0,0,83.18,69.96,0,0,2.0,1.47,0.16,-1.05,-0.45,7.6,7.6,70.76,0,0,First Class,0
STU0039,2020-21,SEM_2020-21_2,2,2020-21,AIML,B.TECH,Management,88.86,Paid,20,5,1,7.6,7.6,83.18,0.0,0,75.93,63.29,0,2,74.31,62.56,0,2,73.93,60.54,0,2,-1.61,-0.38,-0.73,-2.02,-1.38,6.2,6.9,57.2,0,0,Second Class,0
STU0039,2020-21,SEM_2020-21_3,3,2021-22,AIML,B.TECH,Management,88.86,Paid,24,6,1,6.2,6.9,73.93,0.0,0,87.46,61.97,0,0,88.31,65.46,0,0,88.12,63.8,1,0,0.85,-0.19,3.49,-1.66,0.91,7.0,6.93,65.45,0,0,First Class,0
STU0039,2020-21,SEM_2020-21_4,4,2021-22,AIML,B.TECH,Management,88.86,Paid,24,6,1,7.0,6.93,88.12,0.0,0,83.88,63.51,0,0,85.07,64.68,1,0,84.23,65.83,0,1,1.19,-0.84,1.17,1.15,1.16,7.17,6.99,66.95,0,0,First Class,0
STU0039,2020-21,SEM_2020-21_5,5,2022-23,AIML,B.TECH,Management,88.86,Paid,24,6,1,7.17,6.99,84.23,0.0,0,86.4,71.25,0,0,86.66,69.59,0,0,86.86,71.38,0,0,0.27,0.19,-1.66,1.79,0.06,7.67,7.13,72.29,0,0,First Class,0
STU0039,2020-21,SEM_2020-21_6,6,2022-23,AIML,B.TECH,Management,88.86,Paid,24,6,1,7.67,7.13,86.86,0.0,0,85.18,55.84,2,0,84.61,57.12,2,1,84.97,56.7,2,1,-0.56,0.36,1.29,-0.42,0.43,4.67,6.72,55.71,2,2+,Fail,1
STU0039,2020-21,SEM_2020-21_7,7,2023-24,AIML,B.TECH,Management,88.86,Paid,20,5,1,4.67,6.72,84.97,2.0,2,80.18,68.37,0,2,78.37,72.07,0,2,78.36,72.51,0,1,-1.82,-0.0,3.7,0.44,2.07,7.6,6.84,71.4,0,0,First Class,0
STU0039,2020-21,SEM_2020-21_8,8,2023-24,AIML,B.TECH,Management,88.86,Paid,16,4,1,7.6,6.84,78.36,0.0,2,81.05,69.13,0,0,83.73,68.03,0,0,82.57,71.27,0,0,2.68,-1.15,-1.1,3.23,1.07,7.75,6.96,71.62,0,0,First Class,0
STU0040,2020-21,SEM_2020-21_1,1,2020-21,DS,B.TECH,General,49.5,Paid,20,5,0,,,,,0,89.68,79.32,0,0,89.09,81.66,0,0,87.53,81.7,0,0,-0.59,-1.56,2.34,0.04,1.19,8.4,8.4,79.93,0,0,Distinction,0
STU0040,2020-21,SEM_2020-21_2,2,2020-21,DS,B.TECH,General,49.5,Paid,20,5,1,8.4,8.4,87.53,0.0,0,90.91,91.89,0,0,88.24,91.12,0,0,88.67,87.62,0,0,-2.67,0.43,-0.77,-3.51,-2.14,9.0,8.7,85.39,0,0,Distinction,0
STU0040,2020-21,SEM_2020-21_3,3,2021-22,DS,B.TECH,General,49.5,Paid,24,6,1,9.0,8.7,88.67,0.0,0,86.24,81.9,0,0,84.25,79.18,0,0,82.18,77.62,1,0,-2.0,-2.06,-2.72,-1.56,-2.14,8.17,8.52,77.31,0,0,Distinction,0
STU0040,2020-21,SEM_2020-21_4,4,2021-22,DS,B.TECH,General,49.5,Paid,24,6,1,8.17,8.52,82.18,0.0,0,88.75,85.74,0,0,86.71,82.38,0,0,87.12,80.88,0,0,-2.03,0.41,-3.36,-1.5,-2.43,8.67,8.56,81.62,0,0,Distinction,0
STU0040,2020-21,SEM_2020-21_5,5,2022-23,DS,B.TECH,General,49.5,Paid,24,6,1,8.67,8.56,87.12,0.0,0,87.24,86.68,0,0,89.73,85.8,0,0,91.46,83.51,0,0,2.49,1.73,-0.88,-2.3,-1.59,9.0,8.65,85.49,0,0,Distinction,0
STU0040,2020-21,SEM_2020-21_6,6,2022-23,DS,B.TECH,General,49.5,Paid,24,6,1,9.0,8.65,91.46,0.0,0,87.55,92.13,0,0,89.02,91.51,0,0,90.27,91.17,0,0,1.47,1.26,-0.61,-0.35,-0.48,9.33,8.76,90.23,0,0,Distinction,0
STU0040,2020-21,SEM_2020-21_7,7,2023-24,DS,B.TECH,General,49.5,Paid,20,5,1,9.33,8.76,90.27,0.0,0,84.99,86.39,0,0,85.02,85.32,0,0,86.83,85.94,0,0,0.02,1.81,-1.07,0.62,-0.23,8.8,8.77,84.54,0,0,Distinction,0
STU0040,2020-21,SEM_2020-21_8,8,2023-24,DS,B.TECH,General,49.5,Paid,16,4,1,8.8,8.77,86.83,0.0,0,88.98,87.84,0,0,88.06,91.36,0,0,88.9,86.79,0,0,-0.91,0.84,3.52,-4.58,-0.53,9.25,8.83,86.64,0,0,Distinction,0
STU0041,2020-21,SEM_2020-21_1,1,2020-21,CSE,B.TECH,OBC,79.84,Paid,20,5,0,,,,,0,80.05,96.37,0,0,82.93,96.01,0,1,84.56,89.3,0,1,2.88,1.64,-0.36,-6.71,-3.53,9.2,9.2,86.92,0,0,Distinction,0
STU0041,2020-21,SEM_2020-21_2,2,2020-21,CSE,B.TECH,OBC,79.84,Paid,20,5,1,9.2,9.2,84.56,0.0,0,82.27,96.37,0,0,82.06,95.98,0,0,78.46,95.15,0,1,-0.21,-3.61,-0.39,-0.83,-0.61,10.0,9.6,95.48,0,0,Distinction,0
STU0041,2020-21,SEM_2020-21_3,3,2021-22,CSE,B.TECH,OBC,79.84,Paid,24,6,1,10.0,9.6,78.46,0.0,0,83.09,87.61,0,0,81.99,88.18,0,0,82.2,87.77,0,1,-1.1,0.21,0.57,-0.41,0.08,9.5,9.57,88.2,0,0,Distinction,0
STU0041,2020-21,SEM_2020-21_4,4,2021-22,CSE,B.TECH,OBC,79.84,Paid,24,6,1,9.5,9.57,82.2,0.0,0,79.15,88.91,0,1,79.37,85.62,0,2,81.54,86.49,0,1,0.22,2.17,-3.29,0.87,-1.21,9.17,9.47,87.25,0,0,Distinction,0
STU0041,2020-21,SEM_2020-21_5,5,2022-23,CSE,B.TECH,OBC,79.84,Paid,24,6,1,9.17,9.47,81.54,0.0,0,79.69,89.62,0,1,80.28,90.2,0,2,81.2,88.47,0,1,0.59,0.93,0.58,-1.73,-0.57,9.33,9.44,86.84,0,0,Distinction,0
STU0041,2020-21,SEM_2020-21_6,6,2022-23,CSE,B.TECH,OBC,79.84,Paid,24,6,1,9.33,9.44,81.2,0.0,0,85.3,89.8,0,0,84.61,88.82,0,0,82.64,87.06,0,1,-0.69,-1.96,-0.98,-1.76,-1.37,9.0,9.37,86.71,0,0,Distinction,0
STU0041,2020-21,SEM_2020-21_7,7,2023-24,CSE,B.TECH,OBC,79.84,Paid,20,5,1,9.0,9.37,82.64,0.0,0,89.06,90.63,0,0,88.63,91.84,0,0,90.14,88.24,0,0,-0.43,1.5,1.2,-3.59,-1.2,9.6,9.4,90.67,0,0,Distinction,0
STU0041,2020-21,SEM_2020-21_8,8,2023-24,CSE,B.TECH,OBC,79.84,Paid,16,4,1,9.6,9.4,90.14,0.0,0,85.97,93.29,0,0,88.68,91.73,0,0,87.89,89.57,0,0,2.72,-0.79,-1.56,-2.17,-1.86,9.0,9.35,87.82,0,0,Distinction,0
STU0042,2020-21,SEM_2020-21_1,1,2020-21,ECE,B.TECH,OBC,40.9,Paid,20,5,0,,,,,0,56.68,42.54,5,5,62.61,48.56,2,5,69.75,54.93,1,4,5.94,7.14,6.02,6.37,6.2,6.2,6.2,55.05,0,0,Second Class,0
STU0042,2020-21,SEM_2020-21_2,2,2020-21,ECE,B.TECH,OBC,40.9,Paid,20,5,1,6.2,6.2,69.75,0.0,0,68.69,50.34,1,5,74.54,56.43,1,3,82.39,63.99,0,0,5.85,7.86,6.09,7.56,6.83,7.2,6.7,65.63,0,0,First Class,0
STU0042,2020-21,SEM_2020-21_3,3,2021-22,ECE,B.TECH,OBC,40.9,Paid,24,6,1,7.2,6.7,82.39,0.0,0,77.0,53.94,1,2,82.71,60.87,0,0,89.64,68.04,0,0,5.71,6.93,6.93,7.17,7.05,7.17,6.86,68.57,0,0,First Class,0
STU0042,2020-21,SEM_2020-21_4,4,2021-22,ECE,B.TECH,OBC,40.9,Paid,24,6,1,7.17,6.86,89.64,0.0,0,78.05,63.18,0,1,84.16,68.45,0,0,90.73,75.51,0,0,6.11,6.58,5.27,7.06,6.16,8.17,7.18,76.41,0,0,Distinction,0
STU0042,2020-21,SEM_2020-21_5,5,2022-23,ECE,B.TECH,OBC,40.9,Paid,24,6,1,8.17,7.18,90.73,0.0,0,82.33,64.3,0,0,89.25,70.86,0,0,95.98,76.83,0,0,6.92,6.72,6.56,5.97,6.26,8.17,7.38,76.12,0,0,Distinction,0
STU0042,2020-21,SEM_2020-21_6,6,2022-23,ECE,B.TECH,OBC,40.9,Paid,24,6,1,8.17,7.38,95.98,0.0,0,76.2,56.5,1,1,82.52,62.59,0,0,88.3,70.58,0,0,6.32,5.78,6.1,7.99,7.04,8.0,7.48,72.35,0,0,Distinction,0
STU0042,2020-21,SEM_2020-21_7,7,2023-24,ECE,B.TECH,OBC,40.9,Paid,20,5,1,8.0,7.48,88.3,0.0,0,78.96,65.88,0,0,86.57,72.21,0,0,92.16,78.95,0,0,7.61,5.59,6.33,6.74,6.54,8.2,7.59,78.18,0,0,Distinction,0
STU0042,2020-21,SEM_2020-21_8,8,2023-24,ECE,B.TECH,OBC,40.9,Partial,16,4,1,8.2,7.59,92.16,0.0,0,79.33,62.99,0,0,85.91,68.69,0,0,92.79,76.28,0,0,6.57,6.89,5.7,7.59,6.64,8.0,7.64,76.6,0,0,Distinction,0
STU0043,2020-21,SEM_2020-21_1,1,2020-21,AIML,B.TECH,General,79.25,Paid,20,5,0,,,,,0,94.91,83.18,0,0,97.11,85.85,0,0,96.4,83.56,0,0,2.19,-0.71,2.67,-2.29,0.19,8.8,8.8,82.83,0,0,Distinction,0
STU0043,2020-21,SEM_2020-21_2,2,2020-21,AIML,B.TECH,General,79.25,Overdue,20,5,1,8.8,8.8,96.4,0.0,0,95.19,75.69,0,0,92.23,76.14,0,0,91.95,76.04,0,0,-2.96,-0.28,0.45,-0.1,0.17,7.8,8.3,74.32,0,0,First Class,0
STU0043,2020-21,SEM_2020-21_3,3,2021-22,AIML,B.TECH,General,79.25,Paid,24,6,1,7.8,8.3,91.95,0.0,0,91.4,87.5,0,0,88.58,87.47,0,0,85.48,86.19,0,1,-2.81,-3.1,-0.03,-1.27,-0.65,9.17,8.59,85.23,0,0,Distinction,0
STU0043,2020-21,SEM_2020-21_4,4,2021-22,AIML,B.TECH,General,79.25,Paid,24,6,1,9.17,8.59,85.48,0.0,0,92.61,74.72,0,0,92.12,70.14,0,0,90.69,67.21,0,0,-0.48,-1.43,-4.59,-2.93,-3.76,7.0,8.19,65.95,0,0,First Class,0
STU0043,2020-21,SEM_2020-21_5,5,2022-23,AIML,B.TECH,General,79.25,Paid,24,6,1,7.0,8.19,90.69,0.0,0,94.54,72.82,0,0,95.49,74.18,0,0,96.82,75.61,0,0,0.95,1.33,1.36,1.43,1.4,7.67,8.09,73.62,0,0,First Class,0
STU0043,2020-21,SEM_2020-21_6,6,2022-23,AIML,B.TECH,General,79.25,Paid,24,6,1,7.67,8.09,96.82,0.0,0,91.97,80.25,0,0,92.1,79.13,0,0,93.19,81.82,0,0,0.13,1.09,-1.12,2.69,0.79,9.0,8.24,82.78,0,0,Distinction,0
STU0043,2020-21,SEM_2020-21_7,7,2023-24,AIML,B.TECH,General,79.25,Overdue,20,5,1,9.0,8.24,93.19,0.0,0,90.62,72.15,0,0,92.31,70.03,0,0,93.55,68.4,0,0,1.69,1.24,-2.12,-1.63,-1.87,7.6,8.15,69.39,0,0,First Class,0
STU0043,2020-21,SEM_2020-21_8,8,2023-24,AIML,B.TECH,General,79.25,Paid,16,4,1,7.6,8.15,93.55,0.0,0,93.67,80.53,0,0,93.4,82.79,0,0,92.61,86.1,0,0,-0.27,-0.8,2.26,3.31,2.79,8.75,8.22,85.44,0,0,Distinction,0
STU0044,2020-21,SEM_2020-21_1,1,2020-21,DS,B.TECH,NRI,60.4,Paid,20,5,0,,,,,0,67.83,70.88,0,5,66.78,70.27,0,5,65.42,70.51,0,5,-1.05,-1.36,-0.6,0.24,-0.18,7.6,7.6,70.3,0,0,First Class,0
STU0044,2020-21,SEM_2020-21_2,2,2020-21,DS,B.TECH,NRI,60.4,Paid,20,5,1,7.6,7.6,65.42,0.0,0,65.88,69.28,0,5,65.26,71.39,0,5,65.85,71.21,1,5,-0.62,0.59,2.11,-0.18,0.97,7.4,7.5,68.92,0,0,First Class,0
STU0044,2020-21,SEM_2020-21_3,3,2021-22,DS,B.TECH,NRI,60.4,Paid,24,6,1,7.4,7.5,65.85,0.0,0,79.19,78.59,0,1,77.71,77.11,0,2,75.79,76.73,0,2,-1.47,-1.92,-1.48,-0.38,-0.93,8.17,7.72,77.12,0,0,Distinction,0
STU0044,2020-21,SEM_2020-21_4,4,2021-22,DS,B.TECH,NRI,60.4,Paid,24,6,1,8.17,7.72,75.79,0.0,0,69.48,77.09,0,4,67.5,76.95,0,6,67.19,78.72,0,6,-1.98,-0.31,-0.15,1.77,0.81,8.17,7.83,77.92,0,0,Distinction,0
STU0044,2020-21,SEM_2020-21_5,5,2022-23,DS,B.TECH,NRI,60.4,Paid,24,6,1,8.17,7.83,67.19,0.0,0,81.69,71.52,0,1,82.17,70.92,0,0,84.55,70.13,0,0,0.48,2.38,-0.61,-0.78,-0.7,7.67,7.8,70.28,0,0,First Class,0
STU0044,2020-21,SEM_2020-21_6,6,2022-23,DS,B.TECH,NRI,60.4,Paid,24,6,1,7.67,7.8,84.55,0.0,0,69.85,73.06,0,6,70.08,72.53,0,6,68.31,70.62,0,5,0.23,-1.78,-0.53,-1.91,-1.22,7.5,7.75,70.28,0,0,First Class,0
STU0044,2020-21,SEM_2020-21_7,7,2023-24,DS,B.TECH,NRI,60.4,Paid,20,5,1,7.5,7.75,68.31,0.0,0,77.49,69.84,0,2,78.68,73.65,0,2,77.9,75.48,0,2,1.18,-0.78,3.82,1.83,2.82,7.8,7.76,73.45,0,0,First Class,0
STU0044,2020-21,SEM_2020-21_8,8,2023-24,DS,B.TECH,NRI,60.4,Paid,16,4,1,7.8,7.76,77.9,0.0,0,77.64,71.03,0,2,77.95,74.84,0,1,79.92,75.92,0,1,0.31,1.97,3.81,1.08,2.45,8.25,7.82,78.12,0,0,Distinction,0
STU0045,2020-21,SEM_2020-21_1,1,2020-21,CSE,B.TECH,General,71.46,Paid,20,5,0,,,,,0,89.0,85.58,0,0,88.19,84.95,0,0,88.45,87.2,0,0,-0.81,0.26,-0.63,2.25,0.81,9.4,9.4,87.77,0,0,Distinction,0
STU0045,2020-21,SEM_2020-21_2,2,2020-21,CSE,B.TECH,General,71.46,Paid,20,5,1,9.4,9.4,88.45,0.0,0,82.85,97.89,0,0,84.45,95.07,0,0,85.59,93.85,0,0,1.6,1.14,-2.82,-1.23,-2.02,9.6,9.5,93.58,0,0,Distinction,0
STU0045,2020-21,SEM_2020-21_3,3,2021-22,CSE,B.TECH,General,71.46,Overdue,24,6,1,9.6,9.5,85.59,0.0,0,89.5,92.53,0,0,89.45,90.46,0,0,87.93,90.31,0,0,-0.06,-1.51,-2.07,-0.15,-1.11,9.5,9.5,89.92,0,0,Distinction,0
STU0045,2020-21,SEM_2020-21_4,4,2021-22,CSE,B.TECH,General,71.46,Paid,24,6,1,9.5,9.5,87.93,0.0,0,82.33,84.75,0,0,84.4,84.73,0,0,85.2,85.51,0,0,2.07,0.79,-0.02,0.78,0.38,8.83,9.33,83.88,0,0,Distinction,0
STU0045,2020-21,SEM_2020-21_5,5,2022-23,CSE,B.TECH,General,71.46,Overdue,24,6,1,8.83,9.33,85.2,0.0,0,82.38,90.35,0,0,82.41,91.04,0,0,83.12,90.45,0,0,0.03,0.71,0.69,-0.59,0.05,9.67,9.4,90.81,0,0,Distinction,0
STU0045,2020-21,SEM_2020-21_6,6,2022-23,CSE,B.TECH,General,71.46,Paid,24,6,1,9.67,9.4,83.12,0.0,0,88.37,91.09,0,0,86.65,90.2,0,0,86.63,85.94,0,0,-1.72,-0.02,-0.89,-4.26,-2.57,9.17,9.36,85.99,0,0,Distinction,0
STU0045,2020-21,SEM_2020-21_7,7,2023-24,CSE,B.TECH,General,71.46,Paid,20,5,1,9.17,9.36,86.63,0.0,0,88.27,92.38,0,0,88.77,90.21,0,0,87.46,93.15,0,0,0.5,-1.3,-2.17,2.94,0.39,9.8,9.42,93.8,0,0,Distinction,0
STU0045,2020-21,SEM_2020-21_8,8,2023-24,CSE,B.TECH,General,71.46,Paid,16,4,1,9.8,9.42,87.46,0.0,0,81.99,88.17,0,0,80.9,87.89,0,0,82.33,87.4,0,0,-1.09,1.43,-0.28,-0.49,-0.39,9.0,9.37,85.88,0,0,Distinction,0
STU0046,2020-21,SEM_2020-21_1,1,2020-21,ECE,B.TECH,General,48.08,Partial,20,5,0,,,,,0,85.28,67.8,0,0,85.17,65.86,1,0,84.24,66.07,0,0,-0.11,-0.93,-1.93,0.2,-0.87,7.0,7.0,66.35,0,0,First Class,0
STU0046,2020-21,SEM_2020-21_2,2,2020-21,ECE,B.TECH,General,48.08,Paid,20,5,1,7.0,7.0,84.24,0.0,0,88.62,59.85,0,0,90.07,58.78,2,0,88.55,57.68,2,0,1.46,-1.53,-1.07,-1.1,-1.08,5.6,6.3,57.65,1,1,Fail,1
STU0046,2020-21,SEM_2020-21_3,3,2021-22,ECE,B.TECH,General,48.08,Paid,24,6,1,5.6,6.3,88.55,1.0,1,83.81,63.41,0,0,83.71,62.52,0,2,83.58,61.11,0,2,-0.1,-0.13,-0.9,-1.4,-1.15,6.83,6.48,63.03,0,0,First Class,0
STU0046,2020-21,SEM_2020-21_4,4,2021-22,ECE,B.TECH,General,48.08,Paid,24,6,1,6.83,6.48,83.58,0.0,1,85.7,65.93,0,0,84.52,66.3,0,0,83.4,65.65,0,1,-1.18,-1.12,0.36,-0.64,-0.14,7.0,6.61,66.84,0,0,First Class,0
STU0046,2020-21,SEM_2020-21_5,5,2022-23,ECE,B.TECH,General,48.08,Partial,24,6,1,7.0,6.61,83.4,0.0,1,90.66,60.23,1,0,87.17,62.84,1,0,87.83,62.96,1,0,-3.5,0.66,2.6,0.13,1.36,6.0,6.49,62.37,1,1,Fail,1
STU0046,2020-21,SEM_2020-21_6,6,2022-23,ECE,B.TECH,General,48.08,Paid,24,6,1,6.0,6.49,87.83,1.0,2,89.91,62.61,1,0,89.75,63.43,1,0,89.64,62.46,1,0,-0.16,-0.11,0.82,-0.97,-0.08,6.83,6.54,62.43,0,0,First Class,0
STU0046,2020-21,SEM_2020-21_7,7,2023-24,ECE,B.TECH,General,48.08,Overdue,20,5,1,6.83,6.54,89.64,0.0,2,95.22,71.66,0,0,95.23,71.88,0,0,92.89,69.64,0,0,0.01,-2.34,0.22,-2.24,-1.01,7.6,6.7,68.64,0,0,First Class,0
STU0046,2020-21,SEM_2020-21_8,8,2023-24,ECE,B.TECH,General,48.08,Paid,16,4,1,7.6,6.7,92.89,0.0,2,87.34,57.54,2,0,88.72,56.53,2,0,88.48,59.57,1,0,1.39,-0.24,-1.01,3.04,1.02,5.25,6.51,59.16,1,1,Fail,1
STU0047,2020-21,SEM_2020-21_1,1,2020-21,AIML,B.TECH,SC,82.92,Partial,20,5,0,,,,,0,80.81,68.13,0,0,83.31,69.04,0,1,81.85,69.2,0,0,2.5,-1.45,0.91,0.16,0.54,7.4,7.4,68.56,0,0,First Class,0
STU0047,2020-21,SEM_2020-21_2,2,2020-21,AIML,B.TECH,SC,82.92,Paid,20,5,1,7.4,7.4,81.85,0.0,0,85.71,71.69,0,0,88.72,75.73,0,0,88.08,75.0,0,0,3.01,-0.64,4.04,-0.73,1.66,8.0,7.7,75.09,0,0,Distinction,0
STU0047,2020-21,SEM_2020-21_3,3,2021-22,AIML,B.TECH,SC,82.92,Paid,24,6,1,8.0,7.7,88.08,0.0,0,80.51,67.92,1,1,79.3,68.29,1,1,78.17,69.41,1,2,-1.21,-1.13,0.37,1.12,0.75,7.33,7.58,69.32,0,0,First Class,0
STU0047,2020-21,SEM_2020-21_4,4,2021-22,AIML,B.TECH,SC,82.92,Paid,24,6,1,7.33,7.58,78.17,0.0,0,71.75,72.66,0,4,72.03,71.49,0,4,73.8,72.28,0,3,0.28,1.77,-1.17,0.78,-0.19,7.67,7.6,73.14,0,0,First Class,0
STU0047,2020-21,SEM_2020-21_5,5,2022-23,AIML,B.TECH,SC,82.92,Paid,24,6,1,7.67,7.6,73.8,0.0,0,83.94,64.2,0,0,83.43,63.66,0,0,82.03,64.39,0,0,-0.51,-1.4,-0.54,0.74,0.1,6.83,7.45,65.44,0,0,First Class,0
STU0047,2020-21,SEM_2020-21_6,6,2022-23,AIML,B.TECH,SC,82.92,Paid,24,6,1,6.83,7.45,82.03,0.0,0,81.39,77.7,0,1,82.93,77.66,0,0,82.45,76.43,0,0,1.54,-0.48,-0.03,-1.23,-0.63,8.0,7.54,74.46,0,0,Distinction,0
STU0047,2020-21,SEM_2020-21_7,7,2023-24,AIML,B.TECH,SC,82.92,Paid,20,5,1,8.0,7.54,82.45,0.0,0,80.43,64.71,1,0,78.0,62.9,1,2,77.79,61.7,1,1,-2.44,-0.2,-1.81,-1.2,-1.51,6.2,7.35,65.83,1,1,Fail,1
STU0047,2020-21,SEM_2020-21_8,8,2023-24,AIML,B.TECH,SC,82.92,Overdue,16,4,1,6.2,7.35,77.79,1.0,1,75.78,76.28,0,1,73.46,77.25,0,3,73.14,80.36,0,3,-2.32,-0.32,0.97,3.11,2.04,8.25,7.46,78.32,0,0,Distinction,0
STU0048,2020-21,SEM_2020-21_1,1,2020-21,DS,B.TECH,General,95.92,Paid,20,5,0,,,,,0,95.85,65.29,0,0,96.4,65.37,0,0,96.49,61.76,1,0,0.55,0.09,0.08,-3.61,-1.77,6.6,6.6,60.88,0,0,First Class,0
STU0048,2020-21,SEM_2020-21_2,2,2020-21,DS,B.TECH,General,95.92,Paid,20,5,1,6.6,6.6,96.49,0.0,0,90.59,80.89,0,0,92.37,80.31,0,0,92.46,83.04,0,0,1.78,0.09,-0.58,2.73,1.07,8.8,7.7,82.95,0,0,Distinction,0
STU0048,2020-21,SEM_2020-21_3,3,2021-22,DS,B.TECH,General,95.92,Paid,24,6,1,8.8,7.7,92.46,0.0,0,91.2,82.0,0,0,90.01,82.84,0,0,89.95,82.56,0,0,-1.19,-0.06,0.84,-0.28,0.28,8.5,7.97,81.26,0,0,Distinction,0
STU0048,2020-21,SEM_2020-21_4,4,2021-22,DS,B.TECH,General,95.92,Paid,24,6,1,8.5,7.97,89.95,0.0,0,96.53,81.61,0,0,95.52,82.76,0,0,93.79,80.39,0,0,-1.01,-1.72,1.14,-2.37,-0.61,8.33,8.06,77.39,0,0,Distinction,0
STU0048,2020-21,SEM_2020-21_5,5,2022-23,DS,B.TECH,General,95.92,Paid,24,6,1,8.33,8.06,93.79,0.0,0,95.79,78.8,0,0,93.86,77.63,0,0,94.52,77.42,0,0,-1.93,0.66,-1.17,-0.21,-0.69,8.17,8.08,78.47,0,0,Distinction,0
STU0048,2020-21,SEM_2020-21_6,6,2022-23,DS,B.TECH,General,95.92,Paid,24,6,1,8.17,8.08,94.52,0.0,0,94.34,78.96,0,0,95.21,83.71,0,0,95.26,86.24,0,0,0.87,0.05,4.74,2.53,3.64,8.83,8.21,84.69,0,0,Distinction,0
STU0048,2020-21,SEM_2020-21_7,7,2023-24,DS,B.TECH,General,95.92,Paid,20,5,1,8.83,8.21,95.26,0.0,0,92.39,68.49,0,0,93.57,65.46,0,0,94.27,62.97,0,0,1.18,0.69,-3.03,-2.49,-2.76,6.8,8.0,62.83,0,0,First Class,0
STU0048,2020-21,SEM_2020-21_8,8,2023-24,DS,B.TECH,General,95.92,Paid,16,4,1,6.8,8.0,94.27,0.0,0,92.61,84.71,0,0,92.97,84.86,0,0,93.11,83.14,0,0,0.36,0.14,0.15,-1.72,-0.78,8.25,8.04,80.11,0,0,Distinction,0
STU0049,2020-21,SEM_2020-21_1,1,2020-21,CSE,B.TECH,NRI,70.15,Paid,20,5,0,,,,,0,75.65,65.1,0,2,76.4,67.03,0,3,79.27,66.46,0,2,0.75,2.87,1.94,-0.58,0.68,7.2,7.2,66.6,0,0,First Class,0
STU0049,2020-21,SEM_2020-21_2,2,2020-21,CSE,B.TECH,NRI,70.15,Paid,20,5,1,7.2,7.2,79.27,0.0,0,78.3,68.07,0,1,78.91,68.33,0,1,80.37,68.06,0,1,0.61,1.46,0.25,-0.26,-0.01,7.4,7.3,68.46,0,0,First Class,0
STU0049,2020-21,SEM_2020-21_3,3,2021-22,CSE,B.TECH,NRI,70.15,Paid,24,6,1,7.4,7.3,80.37,0.0,0,81.02,72.44,0,0,82.16,76.91,0,0,82.95,77.03,0,0,1.14,0.79,4.47,0.13,2.3,7.83,7.48,74.68,0,0,First Class,0
STU0049,2020-21,SEM_2020-21_4,4,2021-22,CSE,B.TECH,NRI,70.15,Partial,24,6,1,7.83,7.48,82.95,0.0,0,76.17,69.94,0,3,77.87,69.47,0,2,77.85,73.32,0,2,1.7,-0.02,-0.47,3.85,1.69,8.0,7.61,73.03,0,0,Distinction,0
STU0049,2020-21,SEM_2020-21_5,5,2022-23,CSE,B.TECH,NRI,70.15,Overdue,24,6,1,8.0,7.61,77.85,0.0,0,70.29,78.45,0,5,71.43,76.81,0,5,72.09,78.22,0,5,1.14,0.66,-1.64,1.41,-0.12,8.33,7.75,79.32,0,0,Distinction,0
STU0049,2020-21,SEM_2020-21_6,6,2022-23,CSE,B.TECH,NRI,70.15,Overdue,24,6,1,8.33,7.75,72.09,0.0,0,61.96,73.04,0,6,59.34,72.72,0,6,57.88,75.0,0,6,-2.62,-1.46,-0.31,2.28,0.98,8.17,7.82,74.62,0,0,Distinction,0
STU0049,2020-21,SEM_2020-21_7,7,2023-24,CSE,B.TECH,NRI,70.15,Paid,20,5,1,8.17,7.82,57.88,0.0,0,74.28,63.64,0,1,72.66,65.76,0,4,70.93,68.64,0,4,-1.62,-1.74,2.11,2.89,2.5,7.8,7.82,70.75,0,0,First Class,0
STU0049,2020-21,SEM_2020-21_8,8,2023-24,CSE,B.TECH,NRI,70.15,Paid,16,4,1,7.8,7.82,70.93,0.0,0,74.12,85.29,0,3,70.88,87.82,0,4,69.82,88.63,0,4,-3.23,-1.06,2.52,0.81,1.67,9.25,8.0,88.85,0,0,Distinction,0
STU0050,2020-21,SEM_2020-21_1,1,2020-21,ECE,B.TECH,NRI,62.7,Paid,20,5,0,,,,,0,51.09,50.16,2,5,57.39,57.66,0,5,64.03,64.52,0,5,6.3,6.64,7.5,6.85,7.18,7.2,7.2,66.35,0,0,First Class,0
STU0050,2020-21,SEM_2020-21_2,2,2020-21,ECE,B.TECH,NRI,62.7,Paid,20,5,1,7.2,7.2,64.03,0.0,0,66.77,79.82,0,5,72.68,85.93,0,4,79.42,92.57,0,0,5.9,6.74,6.11,6.64,6.38,9.8,8.5,92.48,0,0,Distinction,0
STU0050,2020-21,SEM_2020-21_3,3,2021-22,ECE,B.TECH,NRI,62.7,Paid,24,6,1,9.8,8.5,79.42,0.0,0,71.18,80.63,0,6,78.54,86.26,0,0,84.89,92.16,0,0,7.36,6.35,5.63,5.91,5.77,9.5,8.83,89.63,0,0,Distinction,0
STU0050,2020-21,SEM_2020-21_4,4,2021-22,ECE,B.TECH,NRI,62.7,Paid,24,6,1,9.5,8.83,84.89,0.0,0,74.12,67.61,0,5,80.65,73.28,0,0,88.3,81.54,0,0,6.54,7.65,5.67,8.25,6.96,8.67,8.79,83.88,0,0,Distinction,0
STU0050,2020-21,SEM_2020-21_5,5,2022-23,ECE,B.TECH,NRI,62.7,Paid,24,6,1,8.67,8.79,88.3,0.0,0,82.44,70.36,0,0,87.96,77.08,0,0,95.27,84.43,0,0,5.53,7.3,6.72,7.34,7.03,8.83,8.8,83.68,0,0,Distinction,0
STU0050,2020-21,SEM_2020-21_6,6,2022-23,ECE,B.TECH,NRI,62.7,Partial,24,6,1,8.83,8.8,95.27,0.0,0,79.48,77.13,0,0,85.43,83.77,0,0,91.63,90.74,0,0,5.95,6.2,6.63,6.97,6.8,9.33,8.89,89.98,0,0,Distinction,0
STU0050,2020-21,SEM_2020-21_7,7,2023-24,ECE,B.TECH,NRI,62.7,Paid,20,5,1,9.33,8.89,91.63,0.0,0,77.55,73.69,0,0,83.85,80.67,0,0,89.42,88.36,0,0,6.3,5.57,6.99,7.69,7.34,9.4,8.96,87.94,0,0,Distinction,0
STU0050,2020-21,SEM_2020-21_8,8,2023-24,ECE,B.TECH,NRI,62.7,Partial,16,4,1,9.4,8.96,89.42,0.0,0,77.56,67.05,0,0,83.54,74.02,0,0,91.43,81.03,0,0,5.98,7.89,6.97,7.02,6.99,8.75,8.94,82.64,0,0,Distinction,0
STU0051,2020-21,SEM_2020-21_1,1,2020-21,AIML,B.TECH,General,65.22,Paid,20,5,0,,,,,0,73.39,58.33,0,4,74.75,59.06,0,3,74.55,56.39,1,3,1.36,-0.2,0.73,-2.68,-0.97,6.4,6.4,57.89,0,0,Second Class,0
STU0051,2020-21,SEM_2020-21_2,2,2020-21,AIML,B.TECH,General,65.22,Paid,20,5,1,6.4,6.4,74.55,0.0,0,79.21,58.37,1,1,80.4,56.79,2,2,79.54,52.39,2,2,1.19,-0.86,-1.58,-4.4,-2.99,6.0,6.2,53.54,0,0,Second Class,0
STU0051,2020-21,SEM_2020-21_3,3,2021-22,AIML,B.TECH,General,65.22,Paid,24,6,1,6.0,6.2,79.54,0.0,0,74.49,50.57,2,3,75.11,49.69,3,3,75.33,52.3,2,2,0.62,0.22,-0.88,2.62,0.87,4.0,5.47,49.31,2,2+,Fail,1
STU0051,2020-21,SEM_2020-21_4,4,2021-22,AIML,B.TECH,General,65.22,Paid,24,6,1,4.0,5.47,75.33,2.0,2,71.61,60.5,1,5,72.41,59.69,0,4,73.0,58.69,1,5,0.79,0.59,-0.81,-1.0,-0.9,6.33,5.68,57.83,0,0,Second Class,0
STU0051,2020-21,SEM_2020-21_5,5,2022-23,AIML,B.TECH,General,65.22,Paid,24,6,1,6.33,5.68,73.0,0.0,2,69.5,66.78,1,6,70.5,67.83,1,4,69.12,67.91,0,4,1.0,-1.38,1.05,0.08,0.56,7.33,6.01,67.48,0,0,First Class,0
STU0051,2020-21,SEM_2020-21_6,6,2022-23,AIML,B.TECH,General,65.22,Partial,24,6,1,7.33,6.01,69.12,0.0,2,82.96,57.22,0,0,79.42,52.73,1,0,80.83,53.42,2,1,-3.54,1.41,-4.49,0.7,-1.9,5.17,5.87,52.76,1,1,Fail,1
STU0051,2020-21,SEM_2020-21_7,7,2023-24,AIML,B.TECH,General,65.22,Paid,20,5,1,5.17,5.87,80.83,1.0,3,68.31,69.88,0,5,70.62,66.74,0,5,69.84,65.46,0,4,2.31,-0.78,-3.14,-1.28,-2.21,7.0,6.03,64.67,0,0,First Class,0
STU0051,2020-21,SEM_2020-21_8,8,2023-24,AIML,B.TECH,General,65.22,Paid,16,4,1,7.0,6.03,69.84,0.0,3,71.22,59.19,0,4,71.24,56.04,1,4,72.99,55.88,2,3,0.02,1.75,-3.15,-0.17,-1.66,6.25,6.06,56.29,0,0,Second Class,0
STU0052,2020-21,SEM_2020-21_1,1,2020-21,DS,B.TECH,OBC,47.71,Paid,20,5,0,,,,,0,79.93,75.33,0,0,81.39,75.71,0,0,82.45,72.41,0,1,1.46,1.06,0.37,-3.3,-1.46,7.6,7.6,71.05,0,0,First Class,0
STU0052,2020-21,SEM_2020-21_2,2,2020-21,DS,B.TECH,OBC,47.71,Paid,20,5,1,7.6,7.6,82.45,0.0,0,76.81,51.63,2,1,78.11,50.14,3,2,77.38,51.12,2,2,1.3,-0.73,-1.5,0.98,-0.26,4.8,6.2,50.38,1,1,Fail,1
STU0052,2020-21,SEM_2020-21_3,3,2021-22,DS,B.TECH,OBC,47.71,Paid,24,6,1,4.8,6.2,77.38,1.0,1,80.98,59.87,0,0,79.5,59.0,0,1,78.89,56.47,1,1,-1.48,-0.61,-0.87,-2.53,-1.7,6.0,6.13,57.66,0,0,Second Class,0
STU0052,2020-21,SEM_2020-21_4,4,2021-22,DS,B.TECH,OBC,47.71,Paid,24,6,1,6.0,6.13,78.89,0.0,1,80.19,63.68,0,0,81.58,61.94,1,1,82.45,65.34,0,0,1.39,0.88,-1.73,3.4,0.83,7.0,6.35,65.75,0,0,First Class,0
STU0052,2020-21,SEM_2020-21_5,5,2022-23,DS,B.TECH,OBC,47.71,Paid,24,6,1,7.0,6.35,82.45,0.0,1,81.5,64.7,0,1,81.56,63.52,0,1,80.7,62.09,0,1,0.06,-0.86,-1.17,-1.43,-1.3,6.83,6.45,62.69,0,0,First Class,0
STU0052,2020-21,SEM_2020-21_6,6,2022-23,DS,B.TECH,OBC,47.71,Paid,24,6,1,6.83,6.45,80.7,0.0,1,82.31,78.48,0,0,79.81,75.45,0,0,80.03,73.3,0,1,-2.5,0.22,-3.02,-2.15,-2.59,8.0,6.71,75.0,0,0,Distinction,0
STU0052,2020-21,SEM_2020-21_7,7,2023-24,DS,B.TECH,OBC,47.71,Paid,20,5,1,8.0,6.71,80.03,0.0,1,78.4,63.64,0,1,77.57,67.73,0,1,77.28,67.34,0,1,-0.83,-0.29,4.1,-0.39,1.85,7.4,6.8,66.99,0,0,First Class,0
STU0052,2020-21,SEM_2020-21_8,8,2023-24,DS,B.TECH,OBC,47.71,Paid,16,4,1,7.4,6.8,77.28,0.0,1,82.01,66.55,0,0,82.15,62.85,0,0,80.93,65.0,0,0,0.15,-1.23,-3.7,2.15,-0.78,6.75,6.8,60.65,0,0,First Class,0
STU0053,2020-21,SEM_2020-21_1,1,2020-21,CSE,B.TECH,General,68.29,Paid,20,5,0,,,,,0,83.06,68.99,0,0,82.89,69.11,0,0,82.27,69.93,0,2,-0.16,-0.62,0.12,0.82,0.47,7.6,7.6,69.22,0,0,First Class,0
STU0053,2020-21,SEM_2020-21_2,2,2020-21,CSE,B.TECH,General,68.29,Paid,20,5,1,7.6,7.6,82.27,0.0,0,87.31,54.43,1,0,88.41,53.6,2,0,90.33,52.5,2,0,1.11,1.92,-0.82,-1.1,-0.96,6.0,6.8,52.3,0,0,Second Class,0
STU0053,2020-21,SEM_2020-21_3,3,2021-22,CSE,B.TECH,General,68.29,Paid,24,6,1,6.0,6.8,90.33,0.0,0,79.56,70.75,0,0,79.55,68.97,0,2,78.5,71.72,0,1,-0.01,-1.05,-1.78,2.75,0.49,7.67,7.09,72.2,0,0,First Class,0
STU0053,2020-21,SEM_2020-21_4,4,2021-22,CSE,B.TECH,General,68.29,Partial,24,6,1,7.67,7.09,78.5,0.0,0,84.01,52.21,4,0,84.62,49.54,4,1,82.4,49.21,4,2,0.61,-2.22,-2.67,-0.33,-1.5,4.0,6.32,49.5,2,2+,Fail,1
STU0053,2020-21,SEM_2020-21_5,5,2022-23,CSE,B.TECH,General,68.29,Paid,24,6,1,4.0,6.32,82.4,2.0,2,79.36,65.32,0,1,80.55,68.4,0,1,81.0,66.07,0,1,1.19,0.45,3.08,-2.33,0.37,7.5,6.55,69.08,0,0,First Class,0
STU0053,2020-21,SEM_2020-21_6,6,2022-23,CSE,B.TECH,General,68.29,Paid,24,6,1,7.5,6.55,81.0,0.0,2,83.52,65.67,1,0,84.66,63.26,1,0,84.48,64.17,1,0,1.14,-0.18,-2.41,0.91,-0.75,6.0,6.46,64.38,1,1,Fail,1
STU0053,2020-21,SEM_2020-21_7,7,2023-24,CSE,B.TECH,General,68.29,Paid,20,5,1,6.0,6.46,84.48,1.0,3,77.79,57.92,1,0,77.16,60.15,0,2,78.94,56.86,1,1,-0.63,1.78,2.23,-3.29,-0.53,6.2,6.42,56.99,0,0,Second Class,0
STU0053,2020-21,SEM_2020-21_8,8,2023-24,CSE,B.TECH,General,68.29,Paid,16,4,1,6.2,6.42,78.94,0.0,3,83.92,58.44,1,0,82.18,56.06,1,1,82.6,55.57,1,1,-1.74,0.42,-2.38,-0.49,-1.44,5.0,6.25,56.12,1,1,Fail,1
STU0054,2020-21,SEM_2020-21_1,1,2020-21,ECE,B.TECH,General,73.3,Paid,20,5,0,,,,,0,80.62,71.24,0,0,80.37,73.85,0,0,81.89,73.39,0,0,-0.25,1.52,2.61,-0.46,1.08,8.0,8.0,74.24,0,0,Distinction,0
STU0054,2020-21,SEM_2020-21_2,2,2020-21,ECE,B.TECH,General,73.3,Paid,20,5,1,8.0,8.0,81.89,0.0,0,87.04,69.12,0,0,85.02,72.74,0,0,86.92,72.7,0,0,-2.02,1.91,3.62,-0.04,1.79,8.0,8.0,74.41,0,0,Distinction,0
STU0054,2020-21,SEM_2020-21_3,3,2021-22,ECE,B.TECH,General,73.3,Paid,24,6,1,8.0,8.0,86.92,0.0,0,85.87,62.83,1,0,86.77,63.83,0,0,86.24,61.75,0,0,0.9,-0.53,1.01,-2.09,-0.54,7.0,7.67,62.82,0,0,First Class,0
STU0054,2020-21,SEM_2020-21_4,4,2021-22,ECE,B.TECH,General,73.3,Paid,24,6,1,7.0,7.67,86.24,0.0,0,93.12,66.47,0,0,93.22,68.42,0,0,91.29,67.48,0,0,0.11,-1.93,1.95,-0.94,0.51,7.83,7.71,70.61,0,0,First Class,0
STU0054,2020-21,SEM_2020-21_5,5,2022-23,ECE,B.TECH,General,73.3,Paid,24,6,1,7.83,7.71,91.29,0.0,0,87.06,60.66,1,0,85.55,57.64,1,0,88.12,55.68,2,0,-1.51,2.57,-3.02,-1.97,-2.49,6.17,7.4,55.97,0,0,Second Class,0
STU0054,2020-21,SEM_2020-21_6,6,2022-23,ECE,B.TECH,General,73.3,Paid,24,6,1,6.17,7.4,88.12,0.0,0,86.57,65.6,0,0,83.92,66.11,0,0,85.09,64.69,0,0,-2.65,1.17,0.52,-1.42,-0.45,7.0,7.33,64.04,0,0,First Class,0
STU0054,2020-21,SEM_2020-21_7,7,2023-24,ECE,B.TECH,General,73.3,Paid,20,5,1,7.0,7.33,85.09,0.0,0,89.49,68.68,0,0,87.64,70.25,0,0,86.27,70.08,0,0,-1.85,-1.37,1.57,-0.17,0.7,7.6,7.37,72.43,0,0,First Class,0
STU0054,2020-21,SEM_2020-21_8,8,2023-24,ECE,B.TECH,General,73.3,Paid,16,4,1,7.6,7.37,86.27,0.0,0,82.4,65.77,0,0,82.17,63.11,0,0,81.99,63.27,0,0,-0.24,-0.18,-2.67,0.16,-1.25,7.0,7.32,65.79,0,0,First Class,0
STU0055,2020-21,SEM_2020-21_1,1,2020-21,AIML,B.TECH,OBC,52.5,Overdue,20,5,0,,,,,0,70.57,51.99,1,5,71.69,51.96,1,3,74.6,52.41,2,2,1.12,2.9,-0.03,0.44,0.21,5.0,5.0,53.89,1,1,Fail,1
STU0055,2020-21,SEM_2020-21_2,2,2020-21,AIML,B.TECH,OBC,52.5,Paid,20,5,1,5.0,5.0,74.6,1.0,1,74.45,59.04,2,4,73.75,56.81,3,3,72.55,52.89,3,4,-0.69,-1.2,-2.23,-3.92,-3.08,4.4,4.7,54.04,2,2+,Fail,1
STU0055,2020-21,SEM_2020-21_3,3,2021-22,AIML,B.TECH,OBC,52.5,Paid,24,6,1,4.4,4.7,72.55,2.0,3,70.78,45.22,6,5,71.21,44.66,6,4,71.76,44.19,6,4,0.44,0.55,-0.56,-0.47,-0.52,4.33,4.58,43.79,1,1,Fail,1
STU0055,2020-21,SEM_2020-21_4,4,2021-22,AIML,B.TECH,OBC,52.5,Overdue,24,6,1,4.33,4.58,71.76,1.0,4,62.5,56.88,0,6,62.34,55.87,1,6,61.06,55.67,2,6,-0.15,-1.28,-1.0,-0.21,-0.61,6.0,4.93,55.25,0,0,Second Class,0
STU0055,2020-21,SEM_2020-21_5,5,2022-23,AIML,B.TECH,OBC,52.5,Overdue,24,6,1,6.0,4.93,61.06,0.0,4,72.5,51.71,2,4,69.11,50.34,2,5,68.2,50.78,3,5,-3.39,-0.91,-1.38,0.45,-0.46,4.0,4.75,49.25,2,2+,Fail,1
STU0055,2020-21,SEM_2020-21_6,6,2022-23,AIML,B.TECH,OBC,52.5,Partial,24,6,1,4.0,4.75,68.2,2.0,6,66.9,49.82,2,6,64.72,48.72,3,6,65.25,45.92,3,6,-2.18,0.53,-1.1,-2.8,-1.95,4.17,4.65,45.99,2,2+,Fail,1
STU0055,2020-21,SEM_2020-21_7,7,2023-24,AIML,B.TECH,OBC,52.5,Overdue,20,5,1,4.17,4.65,65.25,2.0,8,78.14,52.37,2,2,77.19,53.42,2,2,73.91,52.3,1,2,-0.95,-3.28,1.05,-1.12,-0.04,5.0,4.7,53.58,1,1,Fail,1
STU0055,2020-21,SEM_2020-21_8,8,2023-24,AIML,B.TECH,OBC,52.5,Paid,16,4,1,5.0,4.7,73.91,1.0,9,71.75,51.33,1,3,72.42,48.89,2,2,72.42,50.7,1,2,0.67,-0.0,-2.44,1.81,-0.31,5.75,4.83,51.61,0,0,Pass,1
STU0056,2020-21,SEM_2020-21_1,1,2020-21,DS,B.TECH,ST,57.53,Paid,20,5,0,,,,,0,78.09,80.85,0,1,76.51,82.13,0,1,77.57,81.75,0,1,-1.58,1.06,1.28,-0.38,0.45,8.8,8.8,83.19,0,0,Distinction,0
STU0056,2020-21,SEM_2020-21_2,2,2020-21,DS,B.TECH,ST,57.53,Paid,20,5,1,8.8,8.8,77.57,0.0,0,81.62,87.46,0,0,81.06,86.59,0,0,83.25,84.05,0,0,-0.56,2.19,-0.87,-2.54,-1.71,9.0,8.9,84.61,0,0,Distinction,0
STU0056,2020-21,SEM_2020-21_3,3,2021-22,DS,B.TECH,ST,57.53,Paid,24,6,1,9.0,8.9,83.25,0.0,0,85.61,85.39,0,0,87.16,86.16,0,0,88.08,86.77,0,0,1.55,0.92,0.77,0.61,0.69,9.17,8.99,87.09,0,0,Distinction,0
STU0056,2020-21,SEM_2020-21_4,4,2021-22,DS,B.TECH,ST,57.53,Paid,24,6,1,9.17,8.99,88.08,0.0,0,82.71,77.47,0,0,82.21,77.67,0,0,83.5,80.52,0,1,-0.5,1.29,0.2,2.84,1.52,8.83,8.95,83.2,0,0,Distinction,0
STU0056,2020-21,SEM_2020-21_5,5,2022-23,DS,B.TECH,ST,57.53,Paid,24,6,1,8.83,8.95,83.5,0.0,0,75.31,81.31,0,3,75.73,82.05,0,3,76.59,82.25,0,3,0.42,0.86,0.74,0.2,0.47,8.83,8.93,82.96,0,0,Distinction,0
STU0056,2020-21,SEM_2020-21_6,6,2022-23,DS,B.TECH,ST,57.53,Paid,24,6,1,8.83,8.93,76.59,0.0,0,84.19,89.66,0,0,83.69,90.17,0,0,83.97,87.28,0,0,-0.51,0.29,0.51,-2.89,-1.19,9.33,8.99,88.06,0,0,Distinction,0
STU0056,2020-21,SEM_2020-21_7,7,2023-24,DS,B.TECH,ST,57.53,Paid,20,5,1,9.33,8.99,83.97,0.0,0,80.88,81.74,0,0,81.56,84.35,0,0,80.93,84.75,0,1,0.68,-0.63,2.61,0.4,1.51,8.8,8.97,84.41,0,0,Distinction,0
STU0056,2020-21,SEM_2020-21_8,8,2023-24,DS,B.TECH,ST,57.53,Paid,16,4,1,8.8,8.97,80.93,0.0,0,84.6,80.59,0,0,85.36,77.81,0,0,82.63,75.55,0,1,0.76,-2.72,-2.77,-2.27,-2.52,7.5,8.78,71.41,0,0,First Class,0
STU0057,2020-21,SEM_2020-21_1,1,2020-21,CSE,B.TECH,OBC,44.85,Paid,20,5,0,,,,,0,93.67,94.43,0,0,95.53,94.85,0,0,94.29,96.45,0,0,1.86,-1.24,0.42,1.6,1.01,9.8,9.8,96.49,0,0,Distinction,0
STU0057,2020-21,SEM_2020-21_2,2,2020-21,CSE,B.TECH,OBC,44.85,Paid,20,5,1,9.8,9.8,94.29,0.0,0,93.96,83.95,0,0,93.84,84.49,0,0,92.32,84.39,0,0,-0.12,-1.52,0.54,-0.09,0.22,9.0,9.4,84.43,0,0,Distinction,0
STU0057,2020-21,SEM_2020-21_3,3,2021-22,CSE,B.TECH,OBC,44.85,Paid,24,6,1,9.0,9.4,92.32,0.0,0,93.73,92.32,0,0,94.29,91.94,0,0,94.55,92.6,0,0,0.55,0.26,-0.37,0.66,0.14,9.67,9.49,90.41,0,0,Distinction,0
STU0057,2020-21,SEM_2020-21_4,4,2021-22,CSE,B.TECH,OBC,44.85,Paid,24,6,1,9.67,9.49,94.55,0.0,0,90.88,92.53,0,0,92.38,90.06,0,0,94.16,91.44,0,0,1.51,1.78,-2.47,1.38,-0.54,9.5,9.49,90.86,0,0,Distinction,0
STU0057,2020-21,SEM_2020-21_5,5,2022-23,CSE,B.TECH,OBC,44.85,Paid,24,6,1,9.5,9.49,94.16,0.0,0,87.42,91.95,0,0,87.69,90.24,0,0,88.24,90.81,0,0,0.27,0.55,-1.71,0.57,-0.57,9.5,9.49,89.62,0,0,Distinction,0
STU0057,2020-21,SEM_2020-21_6,6,2022-23,CSE,B.TECH,OBC,44.85,Paid,24,6,1,9.5,9.49,88.24,0.0,0,93.92,85.23,0,0,93.69,87.36,0,0,93.18,87.84,0,0,-0.23,-0.5,2.13,0.48,1.3,9.33,9.47,90.12,0,0,Distinction,0
STU0057,2020-21,SEM_2020-21_7,7,2023-24,CSE,B.TECH,OBC,44.85,Paid,20,5,1,9.33,9.47,93.18,0.0,0,87.07,88.54,0,0,86.61,90.13,0,0,87.01,84.27,0,0,-0.46,0.4,1.59,-5.86,-2.14,9.0,9.4,84.43,0,0,Distinction,0
STU0057,2020-21,SEM_2020-21_8,8,2023-24,CSE,B.TECH,OBC,44.85,Paid,16,4,1,9.0,9.4,87.01,0.0,0,90.76,96.97,0,0,92.39,96.56,0,0,93.8,96.84,0,0,1.63,1.41,-0.42,0.28,-0.07,10.0,9.48,97.17,0,0,Distinction,0
STU0058,2020-21,SEM_2020-21_1,1,2020-21,ECE,B.TECH,Management,59.53,Paid,20,5,0,,,,,0,52.72,46.9,3,5,58.5,53.37,1,5,65.35,60.31,1,5,5.79,6.85,6.47,6.94,6.7,6.4,6.4,61.58,0,0,Second Class,0
STU0058,2020-21,SEM_2020-21_2,2,2020-21,ECE,B.TECH,Management,59.53,Paid,20,5,1,6.4,6.4,65.35,0.0,0,65.98,56.3,2,5,71.22,63.11,0,5,77.25,69.49,0,2,5.24,6.03,6.81,6.37,6.59,7.0,6.7,66.31,0,0,First Class,0
STU0058,2020-21,SEM_2020-21_3,3,2021-22,ECE,B.TECH,Management,59.53,Paid,24,6,1,7.0,6.7,77.25,0.0,0,67.59,62.38,1,6,73.8,68.61,0,5,80.37,76.32,0,0,6.21,6.57,6.23,7.7,6.97,8.0,7.13,74.89,0,0,Distinction,0
STU0058,2020-21,SEM_2020-21_4,4,2021-22,ECE,B.TECH,Management,59.53,Paid,24,6,1,8.0,7.13,80.37,0.0,0,72.09,57.02,2,6,77.94,63.11,0,0,83.94,70.64,0,0,5.85,6.0,6.09,7.53,6.81,7.5,7.22,69.11,0,0,First Class,0
STU0058,2020-21,SEM_2020-21_5,5,2022-23,ECE,B.TECH,Management,59.53,Paid,24,6,1,7.5,7.22,83.94,0.0,0,71.52,64.54,0,6,79.35,71.32,0,0,85.45,77.91,0,0,7.83,6.1,6.78,6.59,6.68,8.33,7.45,78.74,0,0,Distinction,0
STU0058,2020-21,SEM_2020-21_6,6,2022-23,ECE,B.TECH,Management,59.53,Paid,24,6,1,8.33,7.45,85.45,0.0,0,74.95,61.64,1,4,81.55,68.86,1,0,89.04,74.72,0,0,6.6,7.49,7.21,5.86,6.54,7.83,7.51,74.12,0,0,First Class,0
STU0058,2020-21,SEM_2020-21_7,7,2023-24,ECE,B.TECH,Management,59.53,Paid,20,5,1,7.83,7.51,89.04,0.0,0,79.13,68.65,0,0,85.7,75.3,0,0,93.35,82.91,0,0,6.57,7.64,6.66,7.61,7.13,8.6,7.67,80.67,0,0,Distinction,0
STU0058,2020-21,SEM_2020-21_8,8,2023-24,ECE,B.TECH,Management,59.53,Paid,16,4,1,8.6,7.67,93.35,0.0,0,76.33,58.58,1,1,82.26,66.29,0,0,90.59,71.9,0,0,5.93,8.33,7.71,5.61,6.66,7.5,7.65,70.92,0,0,First Class,0
STU0059,2020-21,SEM_2020-21_1,1,2020-21,AIML,B.TECH,General,63.72,Paid,20,5,0,,,,,0,79.57,81.5,0,0,78.39,80.4,0,1,79.51,83.06,0,1,-1.18,1.12,-1.1,2.66,0.78,8.4,8.4,80.08,0,0,Distinction,0
STU0059,2020-21,SEM_2020-21_2,2,2020-21,AIML,B.TECH,General,63.72,Overdue,20,5,1,8.4,8.4,79.51,0.0,0,82.79,84.6,0,0,83.97,89.74,0,0,85.93,86.93,0,0,1.19,1.95,5.14,-2.8,1.17,9.0,8.7,84.82,0,0,Distinction,0
STU0059,2020-21,SEM_2020-21_3,3,2021-22,AIML,B.TECH,General,63.72,Paid,24,6,1,9.0,8.7,85.93,0.0,0,83.04,75.46,0,0,84.47,78.38,0,0,85.08,74.58,0,0,1.42,0.61,2.92,-3.81,-0.44,8.0,8.47,74.22,0,0,Distinction,0
STU0059,2020-21,SEM_2020-21_4,4,2021-22,AIML,B.TECH,General,63.72,Paid,24,6,1,8.0,8.47,85.08,0.0,0,83.42,67.73,0,0,84.5,73.41,0,0,87.55,70.9,0,0,1.09,3.05,5.68,-2.51,1.58,7.5,8.22,69.72,0,0,First Class,0
STU0059,2020-21,SEM_2020-21_5,5,2022-23,AIML,B.TECH,General,63.72,Overdue,24,6,1,7.5,8.22,87.55,0.0,0,77.6,71.24,0,3,76.2,73.78,0,3,78.6,76.4,0,2,-1.4,2.4,2.54,2.62,2.58,8.17,8.21,74.97,0,0,Distinction,0
STU0059,2020-21,SEM_2020-21_6,6,2022-23,AIML,B.TECH,General,63.72,Paid,24,6,1,8.17,8.21,78.6,0.0,0,77.0,77.57,0,3,75.07,76.65,0,2,74.43,78.31,0,4,-1.93,-0.64,-0.92,1.66,0.37,8.33,8.23,77.29,0,0,Distinction,0
STU0059,2020-21,SEM_2020-21_7,7,2023-24,AIML,B.TECH,General,63.72,Paid,20,5,1,8.33,8.23,74.43,0.0,0,81.51,80.49,0,1,81.89,80.96,0,0,79.94,80.42,0,0,0.38,-1.94,0.47,-0.54,-0.04,8.2,8.23,77.81,0,0,Distinction,0
STU0059,2020-21,SEM_2020-21_8,8,2023-24,AIML,B.TECH,General,63.72,Paid,16,4,1,8.2,8.23,79.94,0.0,0,78.35,66.08,0,2,77.56,61.51,0,2,75.08,60.35,1,2,-0.79,-2.48,-4.57,-1.16,-2.86,6.25,7.98,57.94,0,0,Second Class,0
STU0060,2020-21,SEM_2020-21_1,1,2020-21,DS,B.TECH,OBC,71.54,Paid,20,5,0,,,,,0,91.28,86.99,0,0,91.55,85.37,0,0,90.47,83.63,0,0,0.27,-1.08,-1.62,-1.74,-1.68,8.8,8.8,82.4,0,0,Distinction,0
STU0060,2020-21,SEM_2020-21_2,2,2020-21,DS,B.TECH,OBC,71.54,Partial,20,5,1,8.8,8.8,90.47,0.0,0,91.75,85.18,0,0,92.16,85.25,0,0,91.29,86.46,0,0,0.41,-0.87,0.07,1.2,0.64,9.0,8.9,86.11,0,0,Distinction,0
STU0060,2020-21,SEM_2020-21_3,3,2021-22,DS,B.TECH,OBC,71.54,Paid,24,6,1,9.0,8.9,91.29,0.0,0,88.25,89.43,0,0,89.99,90.78,0,0,89.03,89.14,0,0,1.74,-0.97,1.35,-1.64,-0.14,9.17,8.99,88.01,0,0,Distinction,0
STU0060,2020-21,SEM_2020-21_4,4,2021-22,DS,B.TECH,OBC,71.54,Overdue,24,6,1,9.17,8.99,89.03,0.0,0,93.57,83.85,0,0,92.9,80.28,0,0,93.6,82.22,0,0,-0.67,0.7,-3.58,1.94,-0.82,8.5,8.87,80.25,0,0,Distinction,0
STU0060,2020-21,SEM_2020-21_5,5,2022-23,DS,B.TECH,OBC,71.54,Partial,24,6,1,8.5,8.87,93.6,0.0,0,83.67,91.84,0,0,81.93,92.08,0,0,84.53,90.96,0,0,-1.74,2.61,0.25,-1.12,-0.44,9.83,9.06,92.8,0,0,Distinction,0
STU0060,2020-21,SEM_2020-21_6,6,2022-23,DS,B.TECH,OBC,71.54,Paid,24,6,1,9.83,9.06,84.53,0.0,0,93.04,90.66,0,0,91.15,88.22,0,0,90.57,87.77,0,0,-1.89,-0.58,-2.44,-0.46,-1.45,9.0,9.05,87.66,0,0,Distinction,0
STU0060,2020-21,SEM_2020-21_7,7,2023-24,DS,B.TECH,OBC,71.54,Paid,20,5,1,9.0,9.05,90.57,0.0,0,91.11,90.38,0,0,92.03,87.43,0,0,88.8,86.43,0,0,0.92,-3.23,-2.95,-1.0,-1.98,9.0,9.04,84.86,0,0,Distinction,0
STU0060,2020-21,SEM_2020-21_8,8,2023-24,DS,B.TECH,OBC,71.54,Paid,16,4,1,9.0,9.04,88.8,0.0,0,92.06,86.2,0,0,93.21,88.73,0,0,92.53,86.59,0,0,1.15,-0.68,2.52,-2.13,0.2,9.25,9.07,90.38,0,0,Distinction,0
STU0061,2021-22,SEM_2021-22_1,1,2021-22,CSE,B.TECH,SC,52.19,Paid,20,5,0,,,,,0,84.42,70.08,0,0,85.72,72.16,0,0,84.55,74.58,0,1,1.3,-1.17,2.08,2.42,2.25,8.0,8.0,74.27,0,0,Distinction,0
STU0061,2021-22,SEM_2021-22_2,2,2021-22,CSE,B.TECH,SC,52.19,Paid,20,5,1,8.0,8.0,84.55,0.0,0,80.67,67.17,1,0,79.25,67.59,0,1,78.71,69.31,0,1,-1.42,-0.54,0.42,1.72,1.07,7.4,7.7,69.05,0,0,First Class,0
STU0061,2021-22,SEM_2021-22_3,3,2022-23,CSE,B.TECH,SC,52.19,Paid,24,6,1,7.4,7.7,78.71,0.0,0,87.61,72.72,0,0,89.6,74.69,0,0,90.13,74.46,0,0,2.0,0.53,1.97,-0.23,0.87,8.0,7.8,75.69,0,0,Distinction,0
STU0061,2021-22,SEM_2021-22_4,4,2022-23,CSE,B.TECH,SC,52.19,Paid,24,6,1,8.0,7.8,90.13,0.0,0,85.55,69.17,0,0,86.49,67.79,0,0,87.67,65.27,1,0,0.94,1.18,-1.38,-2.52,-1.95,7.0,7.6,64.63,0,0,First Class,0
STU0061,2021-22,SEM_2021-22_5,5,2023-24,CSE,B.TECH,SC,52.19,Paid,24,6,1,7.0,7.6,87.67,0.0,0,91.61,79.43,0,0,90.14,78.19,0,0,89.18,79.61,0,0,-1.47,-0.97,-1.24,1.41,0.09,8.17,7.71,76.4,0,0,Distinction,0
STU0061,2021-22,SEM_2021-22_6,6,2023-24,CSE,B.TECH,SC,52.19,Paid,24,6,1,8.17,7.71,89.18,0.0,0,82.06,78.59,0,0,82.44,78.17,0,0,82.51,78.42,0,1,0.38,0.06,-0.42,0.25,-0.09,8.33,7.82,78.8,0,0,Distinction,0
STU0061,2021-22,SEM_2021-22_7,7,2024-25,CSE,B.TECH,SC,52.19,Paid,20,5,1,8.33,7.82,82.51,0.0,0,89.48,68.1,0,0,89.18,65.55,1,0,88.15,63.69,1,0,-0.31,-1.02,-2.54,-1.87,-2.2,6.8,7.67,61.16,0,0,First Class,0
STU0061,2021-22,SEM_2021-22_8,8,2024-25,CSE,B.TECH,SC,52.19,Paid,16,4,1,6.8,7.67,88.15,0.0,0,85.34,67.82,0,0,86.4,66.31,0,0,85.98,66.06,0,0,1.06,-0.42,-1.51,-0.25,-0.88,7.25,7.62,67.16,0,0,First Class,0
STU0062,2021-22,SEM_2021-22_1,1,2021-22,ECE,B.TECH,SC,70.36,Partial,20,5,0,,,,,0,87.03,74.91,0,0,86.04,75.82,0,0,84.67,75.37,0,1,-0.99,-1.38,0.91,-0.45,0.23,8.4,8.4,77.25,0,0,Distinction,0
STU0062,2021-22,SEM_2021-22_2,2,2021-22,ECE,B.TECH,SC,70.36,Paid,20,5,1,8.4,8.4,84.67,0.0,0,90.51,76.1,0,0,88.21,75.98,0,0,88.72,71.82,0,0,-2.3,0.51,-0.11,-4.16,-2.14,8.0,8.2,74.33,0,0,Distinction,0
STU0062,2021-22,SEM_2021-22_3,3,2022-23,ECE,B.TECH,SC,70.36,Paid,24,6,1,8.0,8.2,88.72,0.0,0,95.05,63.9,1,0,94.78,63.97,1,0,96.21,64.23,1,0,-0.27,1.43,0.07,0.26,0.17,7.33,7.91,66.96,0,0,First Class,0
STU0062,2021-22,SEM_2021-22_4,4,2022-23,ECE,B.TECH,SC,70.36,Paid,24,6,1,7.33,7.91,96.21,0.0,0,84.4,70.15,0,0,84.34,71.3,0,0,83.73,67.62,0,1,-0.07,-0.6,1.15,-3.68,-1.26,7.17,7.72,65.82,0,0,First Class,0
STU0062,2021-22,SEM_2021-22_5,5,2023-24,ECE,B.TECH,SC,70.36,Paid,24,6,1,7.17,7.72,83.73,0.0,0,92.82,73.59,0,0,93.85,70.61,1,0,91.18,70.72,1,0,1.03,-2.67,-2.98,0.11,-1.44,6.67,7.51,70.82,1,1,Fail,1
STU0062,2021-22,SEM_2021-22_6,6,2023-24,ECE,B.TECH,SC,70.36,Paid,24,6,1,6.67,7.51,91.18,1.0,1,89.39,66.03,0,0,88.58,67.65,0,0,89.34,69.58,0,0,-0.81,0.75,1.62,1.93,1.78,7.5,7.51,70.01,0,0,First Class,0
STU0062,2021-22,SEM_2021-22_7,7,2024-25,ECE,B.TECH,SC,70.36,Partial,20,5,1,7.5,7.51,89.34,0.0,1,86.62,78.31,0,0,86.34,77.54,0,0,88.46,81.3,0,0,-0.28,2.12,-0.76,3.76,1.5,8.6,7.67,82.92,0,0,Distinction,0
STU0062,2021-22,SEM_2021-22_8,8,2024-25,ECE,B.TECH,SC,70.36,Paid,16,4,1,8.6,7.67,88.46,0.0,1,90.89,65.46,0,0,90.51,64.95,0,0,90.03,61.09,0,0,-0.38,-0.47,-0.5,-3.86,-2.18,6.5,7.52,60.9,0,0,First Class,0
STU0063,2021-22,SEM_2021-22_1,1,2021-22,AIML,B.TECH,General,84.82,Paid,20,5,0,,,,,0,93.91,87.22,0,0,90.47,88.98,0,0,89.81,87.0,0,0,-3.44,-0.66,1.75,-1.98,-0.11,9.0,9.0,87.61,0,0,Distinction,0
STU0063,2021-22,SEM_2021-22_2,2,2021-22,AIML,B.TECH,General,84.82,Paid,20,5,1,9.0,9.0,89.81,0.0,0,90.51,82.96,0,0,93.67,85.05,0,0,94.8,86.8,0,0,3.16,1.13,2.09,1.74,1.92,9.0,9.0,85.53,0,0,Distinction,0
STU0063,2021-22,SEM_2021-22_3,3,2022-23,AIML,B.TECH,General,84.82,Paid,24,6,1,9.0,9.0,94.8,0.0,0,94.52,84.14,0,0,92.42,83.63,0,0,92.39,79.06,0,0,-2.1,-0.03,-0.5,-4.57,-2.54,8.67,8.89,80.3,0,0,Distinction,0
STU0063,2021-22,SEM_2021-22_4,4,2022-23,AIML,B.TECH,General,84.82,Paid,24,6,1,8.67,8.89,92.39,0.0,0,94.17,95.18,0,0,94.13,96.16,0,0,94.13,97.13,0,0,-0.04,0.0,0.98,0.97,0.98,10.0,9.17,96.23,0,0,Distinction,0
STU0063,2021-22,SEM_2021-22_5,5,2023-24,AIML,B.TECH,General,84.82,Paid,24,6,1,10.0,9.17,94.13,0.0,0,97.45,90.0,0,0,96.45,91.84,0,0,95.74,91.05,0,0,-1.0,-0.71,1.83,-0.79,0.52,9.5,9.23,89.44,0,0,Distinction,0
STU0063,2021-22,SEM_2021-22_6,6,2023-24,AIML,B.TECH,General,84.82,Partial,24,6,1,9.5,9.23,95.74,0.0,0,91.62,86.66,0,0,93.71,87.17,0,0,90.99,89.06,0,0,2.09,-2.71,0.51,1.89,1.2,9.17,9.22,87.32,0,0,Distinction,0
STU0063,2021-22,SEM_2021-22_7,7,2024-25,AIML,B.TECH,General,84.82,Paid,20,5,1,9.17,9.22,90.99,0.0,0,98.41,83.19,0,0,97.1,85.04,0,0,96.37,87.58,0,0,-1.31,-0.73,1.85,2.54,2.2,9.2,9.22,87.54,0,0,Distinction,0
STU0063,2021-22,SEM_2021-22_8,8,2024-25,AIML,B.TECH,General,84.82,Paid,16,4,1,9.2,9.22,96.37,0.0,0,89.49,83.05,0,0,89.89,81.59,0,0,87.7,81.1,0,0,0.41,-2.19,-1.46,-0.49,-0.98,9.0,9.19,82.28,0,0,Distinction,0
STU0064,2021-22,SEM_2021-22_1,1,2021-22,DS,B.TECH,General,75.02,Paid,20,5,0,,,,,0,67.11,30.43,5,5,73.16,37.2,5,3,79.64,44.22,5,1,6.05,6.47,6.77,7.02,6.89,2.2,2.2,42.95,3,2+,Fail,1
STU0064,2021-22,SEM_2021-22_2,2,2021-22,DS,B.TECH,General,75.02,Paid,20,5,1,2.2,2.2,79.64,3.0,3,80.71,46.89,4,0,87.21,53.37,2,0,94.65,61.13,0,0,6.5,7.44,6.48,7.76,7.12,6.2,4.2,57.8,0,0,Second Class,0
STU0064,2021-22,SEM_2021-22_3,3,2022-23,DS,B.TECH,General,75.02,Paid,24,6,1,6.2,4.2,94.65,0.0,3,83.56,50.14,3,0,90.4,55.87,1,0,97.16,63.22,0,0,6.84,6.76,5.73,7.35,6.54,6.83,5.08,63.53,0,0,First Class,0
STU0064,2021-22,SEM_2021-22_4,4,2022-23,DS,B.TECH,General,75.02,Paid,24,6,1,6.83,5.08,97.16,0.0,3,90.66,47.2,5,0,97.26,54.41,1,0,98.91,62.8,0,0,6.6,1.65,7.21,8.39,7.8,6.67,5.48,63.36,0,0,First Class,0
STU0064,2021-22,SEM_2021-22_5,5,2023-24,DS,B.TECH,General,75.02,Paid,24,6,1,6.67,5.48,98.91,0.0,3,89.95,60.96,0,0,96.07,68.3,0,0,98.35,75.76,0,0,6.12,2.28,7.34,7.46,7.4,8.17,6.01,76.68,0,0,Distinction,0
STU0064,2021-22,SEM_2021-22_6,6,2023-24,DS,B.TECH,General,75.02,Paid,24,6,1,8.17,6.01,98.35,0.0,3,84.17,53.59,1,0,89.91,60.52,0,0,95.82,68.69,0,0,5.74,5.91,6.92,8.17,7.55,7.33,6.23,66.65,0,0,First Class,0
STU0064,2021-22,SEM_2021-22_7,7,2024-25,DS,B.TECH,General,75.02,Paid,20,5,1,7.33,6.23,95.82,0.0,3,90.93,46.13,4,0,97.95,51.95,3,0,99.0,58.34,0,0,7.02,1.05,5.82,6.38,6.1,6.2,6.23,58.78,0,0,Second Class,0
STU0064,2021-22,SEM_2021-22_8,8,2024-25,DS,B.TECH,General,75.02,Paid,16,4,1,6.2,6.23,99.0,0.0,3,90.42,53.34,1,0,96.71,59.62,1,0,99.0,68.0,0,0,6.29,2.29,6.28,8.38,7.33,7.25,6.36,68.48,0,0,First Class,0
STU0065,2021-22,SEM_2021-22_1,1,2021-22,CSE,B.TECH,ST,49.55,Paid,20,5,0,,,,,0,88.97,61.63,0,0,83.28,54.49,2,0,76.78,48.86,3,2,-5.69,-6.5,-7.14,-5.63,-6.39,3.6,3.6,46.84,2,2+,Fail,1
STU0065,2021-22,SEM_2021-22_2,2,2021-22,CSE,B.TECH,ST,49.55,Paid,20,5,1,3.6,3.6,76.78,2.0,2,71.58,56.52,1,4,65.23,51.11,3,5,58.16,44.43,4,5,-6.35,-7.06,-5.41,-6.68,-6.04,4.2,3.9,44.09,1,1,Fail,1
STU0065,2021-22,SEM_2021-22_3,3,2022-23,CSE,B.TECH,ST,49.55,Paid,24,6,1,4.2,3.9,58.16,1.0,3,82.05,66.62,0,1,73.86,59.78,0,3,67.8,53.53,3,6,-8.18,-6.06,-6.84,-6.25,-6.55,5.83,4.54,54.48,0,0,Pass,1
STU0065,2021-22,SEM_2021-22_4,4,2022-23,CSE,B.TECH,ST,49.55,Paid,24,6,1,5.83,4.54,67.8,0.0,3,82.24,62.36,0,1,74.67,54.71,2,2,69.15,49.33,4,6,-7.57,-5.52,-7.65,-5.39,-6.52,4.83,4.62,51.78,1,1,Fail,1
STU0065,2021-22,SEM_2021-22_5,5,2023-24,CSE,B.TECH,ST,49.55,Paid,24,6,1,4.83,4.62,69.15,1.0,4,80.48,60.88,0,0,73.54,53.69,3,3,68.11,48.78,4,6,-6.93,-5.43,-7.19,-4.91,-6.05,5.5,4.79,48.99,0,0,Pass,1
STU0065,2021-22,SEM_2021-22_6,6,2023-24,CSE,B.TECH,ST,49.55,Paid,24,6,1,5.5,4.79,68.11,0.0,4,66.37,57.45,2,6,59.13,50.93,3,6,53.49,45.24,5,6,-7.23,-5.64,-6.52,-5.69,-6.1,4.33,4.72,46.27,1,1,Fail,1
STU0065,2021-22,SEM_2021-22_7,7,2024-25,CSE,B.TECH,ST,49.55,Partial,20,5,1,4.33,4.72,53.49,1.0,5,63.62,47.44,3,5,56.3,41.25,5,5,50.02,36.37,5,5,-7.31,-6.29,-6.19,-4.88,-5.53,2.0,4.33,36.23,3,2+,Fail,1
STU0065,2021-22,SEM_2021-22_8,8,2024-25,CSE,B.TECH,ST,49.55,Paid,16,4,1,2.0,4.33,50.02,3.0,8,74.03,48.69,2,3,66.19,42.61,4,4,60.43,36.34,4,4,-7.84,-5.76,-6.08,-6.27,-6.18,2.5,4.1,35.93,2,2+,Fail,1
STU0066,2021-22,SEM_2021-22_1,1,2021-22,ECE,B.TECH,General,61.34,Paid,20,5,0,,,,,0,89.8,80.75,0,0,90.82,78.6,0,0,91.22,78.35,0,0,1.02,0.4,-2.15,-0.26,-1.2,8.2,8.2,78.22,0,0,Distinction,0
STU0066,2021-22,SEM_2021-22_2,2,2021-22,ECE,B.TECH,General,61.34,Paid,20,5,1,8.2,8.2,91.22,0.0,0,89.37,91.12,0,0,89.78,91.19,0,0,87.73,88.46,0,0,0.41,-2.04,0.07,-2.74,-1.33,9.0,8.6,87.29,0,0,Distinction,0
STU0066,2021-22,SEM_2021-22_3,3,2022-23,ECE,B.TECH,General,61.34,Paid,24,6,1,9.0,8.6,87.73,0.0,0,93.74,74.34,0,0,94.41,73.0,0,0,92.18,72.27,0,0,0.67,-2.23,-1.34,-0.73,-1.04,7.67,8.29,72.36,0,0,First Class,0
STU0066,2021-22,SEM_2021-22_4,4,2022-23,ECE,B.TECH,General,61.34,Paid,24,6,1,7.67,8.29,92.18,0.0,0,90.64,84.24,0,0,90.7,81.99,0,0,89.5,81.58,0,0,0.07,-1.21,-2.25,-0.41,-1.33,8.83,8.43,81.57,0,0,Distinction,0
STU0066,2021-22,SEM_2021-22_5,5,2023-24,ECE,B.TECH,General,61.34,Paid,24,6,1,8.83,8.43,89.5,0.0,0,97.48,78.83,0,0,96.9,76.3,0,0,95.41,74.52,0,0,-0.57,-1.5,-2.53,-1.78,-2.15,8.33,8.41,78.31,0,0,Distinction,0
STU0066,2021-22,SEM_2021-22_6,6,2023-24,ECE,B.TECH,General,61.34,Overdue,24,6,1,8.33,8.41,95.41,0.0,0,87.96,89.06,0,0,85.84,89.17,0,0,87.53,87.04,0,0,-2.11,1.69,0.11,-2.13,-1.01,8.67,8.45,83.62,0,0,Distinction,0
STU0066,2021-22,SEM_2021-22_7,7,2024-25,ECE,B.TECH,General,61.34,Paid,20,5,1,8.67,8.45,87.53,0.0,0,97.15,75.26,0,0,94.02,72.48,0,0,95.8,75.32,0,0,-3.12,1.77,-2.78,2.85,0.03,8.2,8.41,76.49,0,0,Distinction,0
STU0066,2021-22,SEM_2021-22_8,8,2024-25,ECE,B.TECH,General,61.34,Paid,16,4,1,8.2,8.41,95.8,0.0,0,90.37,83.64,0,0,90.64,79.23,0,0,91.76,84.91,0,0,0.27,1.12,-4.41,5.67,0.63,9.0,8.49,84.35,0,0,Distinction,0
STU0067,2021-22,SEM_2021-22_1,1,2021-22,AIML,B.TECH,ST,50.09,Partial,20,5,0,,,,,0,65.91,32.86,5,5,65.63,36.27,4,5,64.7,36.9,4,5,-0.28,-0.93,3.41,0.63,2.02,1.4,1.4,35.74,4,2+,Fail,1
STU0067,2021-22,SEM_2021-22_2,2,2021-22,AIML,B.TECH,ST,50.09,Paid,20,5,1,1.4,1.4,64.7,4.0,4,61.77,53.27,3,5,61.96,55.69,3,5,59.14,57.24,2,5,0.19,-2.82,2.42,1.55,1.99,6.0,3.7,57.21,0,0,Second Class,0
STU0067,2021-22,SEM_2021-22_3,3,2022-23,AIML,B.TECH,ST,50.09,Paid,24,6,1,6.0,3.7,59.14,0.0,4,63.8,39.55,6,6,63.67,41.99,5,6,65.98,45.28,4,6,-0.13,2.31,2.43,3.29,2.86,4.33,3.91,44.08,1,1,Fail,1
STU0067,2021-22,SEM_2021-22_4,4,2022-23,AIML,B.TECH,ST,50.09,Paid,24,6,1,4.33,3.91,65.98,1.0,5,69.24,32.89,6,5,68.56,32.35,6,6,66.82,32.19,6,6,-0.68,-1.73,-0.54,-0.15,-0.35,0.0,2.93,31.76,6,2+,Fail,1
STU0067,2021-22,SEM_2021-22_5,5,2023-24,AIML,B.TECH,ST,50.09,Overdue,24,6,1,0.0,2.93,66.82,6.0,11,60.8,52.63,2,6,63.31,53.83,2,6,65.47,51.61,3,5,2.51,2.16,1.2,-2.21,-0.51,5.5,3.45,50.83,0,0,Pass,1
STU0067,2021-22,SEM_2021-22_6,6,2023-24,AIML,B.TECH,ST,50.09,Paid,24,6,1,5.5,3.45,65.47,0.0,11,67.3,44.02,4,5,65.91,45.48,3,6,66.13,47.47,2,6,-1.39,0.22,1.46,1.99,1.72,4.17,3.57,50.55,2,2+,Fail,1
STU0067,2021-22,SEM_2021-22_7,7,2024-25,AIML,B.TECH,ST,50.09,Paid,20,5,1,4.17,3.57,66.13,2.0,13,57.05,28.09,5,5,60.15,29.65,5,5,60.26,27.56,5,5,3.1,0.11,1.57,-2.1,-0.26,1.0,3.2,26.37,4,2+,Fail,1
STU0067,2021-22,SEM_2021-22_8,8,2024-25,AIML,B.TECH,ST,50.09,Paid,16,4,1,1.0,3.2,60.26,4.0,17,72.59,33.51,4,3,74.07,30.24,4,2,73.54,29.7,4,2,1.48,-0.52,-3.27,-0.53,-1.9,1.25,2.96,33.5,3,2+,Fail,1
STU0068,2021-22,SEM_2021-22_1,1,2021-22,DS,B.TECH,General,89.23,Paid,20,5,0,,,,,0,81.71,57.24,0,0,83.58,55.65,2,0,84.3,57.98,2,0,1.87,0.72,-1.58,2.33,0.37,5.6,5.6,58.61,1,1,Fail,1
STU0068,2021-22,SEM_2021-22_2,2,2021-22,DS,B.TECH,General,89.23,Paid,20,5,1,5.6,5.6,84.3,1.0,1,69.95,62.47,0,5,72.4,62.02,1,4,72.17,67.58,0,3,2.46,-0.23,-0.46,5.56,2.55,7.2,6.4,68.88,0,0,First Class,0
STU0068,2021-22,SEM_2021-22_3,3,2022-23,DS,B.TECH,General,89.23,Paid,24,6,1,7.2,6.4,72.17,0.0,1,70.03,52.09,2,4,71.13,51.91,2,4,70.97,53.01,2,4,1.1,-0.16,-0.18,1.1,0.46,5.17,5.99,52.61,1,1,Fail,1
STU0068,2021-22,SEM_2021-22_4,4,2022-23,DS,B.TECH,General,89.23,Paid,24,6,1,5.17,5.99,70.97,1.0,2,79.74,69.12,0,0,81.98,67.95,0,1,80.56,64.98,0,1,2.24,-1.41,-1.17,-2.97,-2.07,6.83,6.2,64.58,0,0,First Class,0
STU0068,2021-22,SEM_2021-22_5,5,2023-24,DS,B.TECH,General,89.23,Paid,24,6,1,6.83,6.2,80.56,0.0,2,73.92,67.11,1,3,77.41,67.38,0,2,79.01,70.6,0,2,3.48,1.61,0.27,3.22,1.74,8.0,6.56,73.63,0,0,Distinction,0
STU0068,2021-22,SEM_2021-22_6,6,2023-24,DS,B.TECH,General,89.23,Paid,24,6,1,8.0,6.56,79.01,0.0,2,77.91,68.48,0,2,77.49,65.71,1,2,77.57,65.51,1,1,-0.43,0.09,-2.77,-0.2,-1.48,7.17,6.66,66.61,0,0,First Class,0
STU0068,2021-22,SEM_2021-22_7,7,2024-25,DS,B.TECH,General,89.23,Paid,20,5,1,7.17,6.66,77.57,0.0,2,73.5,65.49,0,2,72.73,65.33,0,4,71.33,65.62,1,4,-0.78,-1.39,-0.16,0.29,0.06,6.6,6.65,61.44,0,0,First Class,0
STU0068,2021-22,SEM_2021-22_8,8,2024-25,DS,B.TECH,General,89.23,Paid,16,4,1,6.6,6.65,71.33,0.0,2,71.48,67.05,0,4,68.57,66.62,0,4,70.05,66.5,0,3,-2.9,1.48,-0.43,-0.12,-0.28,7.5,6.76,70.24,0,0,First Class,0
STU0069,2021-22,SEM_2021-22_1,1,2021-22,CSE,B.TECH,General,42.77,Paid,20,5,0,,,,,0,89.13,59.36,0,0,82.53,53.38,3,0,75.64,47.5,3,3,-6.6,-6.89,-5.98,-5.88,-5.93,3.2,3.2,45.22,2,2+,Fail,1
STU0069,2021-22,SEM_2021-22_2,2,2021-22,CSE,B.TECH,General,42.77,Paid,20,5,1,3.2,3.2,75.64,2.0,2,83.55,56.04,1,0,75.42,48.45,4,2,69.71,43.25,4,5,-8.13,-5.7,-7.59,-5.2,-6.39,3.2,3.2,43.89,2,2+,Fail,1
STU0069,2021-22,SEM_2021-22_3,3,2022-23,CSE,B.TECH,General,42.77,Paid,24,6,1,3.2,3.2,69.71,2.0,4,78.69,68.22,0,1,72.17,61.74,0,4,67.81,56.94,1,5,-6.52,-4.36,-6.48,-4.81,-5.64,6.17,4.19,57.5,0,0,Second Class,0
STU0069,2021-22,SEM_2021-22_4,4,2022-23,CSE,B.TECH,General,42.77,Paid,24,6,1,6.17,4.19,67.81,0.0,4,68.49,61.02,1,5,60.9,54.93,2,6,55.28,49.94,2,6,-7.59,-5.62,-6.09,-4.98,-5.54,4.5,4.27,47.93,1,1,Fail,1
STU0069,2021-22,SEM_2021-22_5,5,2023-24,CSE,B.TECH,General,42.77,Paid,24,6,1,4.5,4.27,55.28,1.0,5,72.79,50.91,2,4,64.34,44.72,4,6,57.0,39.21,6,6,-8.45,-7.34,-6.19,-5.51,-5.85,2.5,3.91,40.1,3,2+,Fail,1
STU0069,2021-22,SEM_2021-22_6,6,2023-24,CSE,B.TECH,General,42.77,Paid,24,6,1,2.5,3.91,57.0,3.0,8,62.18,57.19,2,6,54.04,51.5,3,6,49.31,45.75,4,6,-8.14,-4.73,-5.69,-5.75,-5.72,3.0,3.76,46.24,3,2+,Fail,1
STU0069,2021-22,SEM_2021-22_7,7,2024-25,CSE,B.TECH,General,42.77,Paid,20,5,1,3.0,3.76,49.31,3.0,11,60.54,52.68,1,5,54.0,46.76,4,5,47.66,42.81,5,5,-6.54,-6.34,-5.93,-3.94,-4.94,5.2,3.97,44.58,0,0,Pass,1
STU0069,2021-22,SEM_2021-22_8,8,2024-25,CSE,B.TECH,General,42.77,Overdue,16,4,1,5.2,3.97,47.66,0.0,11,64.51,46.09,2,4,58.5,39.48,4,4,51.8,34.27,4,4,-6.01,-6.7,-6.62,-5.2,-5.91,1.25,3.63,34.77,3,2+,Fail,1
STU0070,2021-22,SEM_2021-22_1,1,2021-22,ECE,B.TECH,SC,87.25,Paid,20,5,0,,,,,0,75.52,67.69,0,3,74.12,68.31,0,3,70.62,67.65,0,5,-1.39,-3.5,0.62,-0.67,-0.02,7.0,7.0,65.17,0,0,First Class,0
STU0070,2021-22,SEM_2021-22_2,2,2021-22,ECE,B.TECH,SC,87.25,Paid,20,5,1,7.0,7.0,70.62,0.0,0,79.63,86.99,0,1,79.38,88.14,0,1,79.11,88.57,0,1,-0.25,-0.28,1.16,0.42,0.79,9.4,8.2,89.97,0,0,Distinction,0
STU0070,2021-22,SEM_2021-22_3,3,2022-23,ECE,B.TECH,SC,87.25,Paid,24,6,1,9.4,8.2,79.11,0.0,0,79.48,86.05,0,1,82.39,85.8,0,1,84.8,85.97,0,1,2.91,2.41,-0.25,0.18,-0.04,9.17,8.52,87.15,0,0,Distinction,0
STU0070,2021-22,SEM_2021-22_4,4,2022-23,ECE,B.TECH,SC,87.25,Partial,24,6,1,9.17,8.52,84.8,0.0,0,88.78,80.75,0,0,90.37,81.85,0,0,88.99,82.29,0,0,1.59,-1.38,1.1,0.44,0.77,8.5,8.52,81.42,0,0,Distinction,0
STU0070,2021-22,SEM_2021-22_5,5,2023-24,ECE,B.TECH,SC,87.25,Partial,24,6,1,8.5,8.52,88.99,0.0,0,87.96,73.2,0,0,86.43,76.83,0,0,83.86,77.73,0,0,-1.52,-2.57,3.62,0.9,2.26,8.17,8.45,77.22,0,0,Distinction,0
STU0070,2021-22,SEM_2021-22_6,6,2023-24,ECE,B.TECH,SC,87.25,Paid,24,6,1,8.17,8.45,83.86,0.0,0,79.58,72.63,0,0,79.02,71.33,1,1,79.14,69.94,0,1,-0.56,0.11,-1.31,-1.39,-1.35,7.67,8.32,69.66,0,0,First Class,0
STU0070,2021-22,SEM_2021-22_7,7,2024-25,ECE,B.TECH,SC,87.25,Overdue,20,5,1,7.67,8.32,79.14,0.0,0,87.12,78.47,0,0,88.82,78.69,0,0,90.94,78.08,1,0,1.69,2.13,0.22,-0.61,-0.2,8.0,8.27,76.52,0,0,Distinction,0
STU0070,2021-22,SEM_2021-22_8,8,2024-25,ECE,B.TECH,SC,87.25,Paid,16,4,1,8.0,8.27,90.94,0.0,0,77.67,81.48,0,1,77.86,83.48,0,2,79.52,79.89,0,0,0.18,1.67,2.0,-3.58,-0.79,8.25,8.27,79.46,0,0,Distinction,0
STU0071,2021-22,SEM_2021-22_1,1,2021-22,AIML,B.TECH,OBC,45.52,Paid,20,5,0,,,,,0,90.16,63.38,0,0,90.67,66.06,0,0,90.4,65.41,0,0,0.51,-0.28,2.68,-0.65,1.02,7.0,7.0,64.44,0,0,First Class,0
STU0071,2021-22,SEM_2021-22_2,2,2021-22,AIML,B.TECH,OBC,45.52,Paid,20,5,1,7.0,7.0,90.4,0.0,0,87.65,65.88,0,0,87.96,67.76,0,0,88.21,68.15,0,0,0.31,0.24,1.88,0.39,1.13,7.0,7.0,66.13,0,0,First Class,0
STU0071,2021-22,SEM_2021-22_3,3,2022-23,AIML,B.TECH,OBC,45.52,Paid,24,6,1,7.0,7.0,88.21,0.0,0,89.71,55.94,2,0,88.91,57.08,1,0,90.26,56.54,2,0,-0.8,1.35,1.14,-0.54,0.3,6.17,6.72,57.67,0,0,Second Class,0
STU0071,2021-22,SEM_2021-22_4,4,2022-23,AIML,B.TECH,OBC,45.52,Paid,24,6,1,6.17,6.72,90.26,0.0,0,85.88,62.11,0,0,85.96,66.64,0,0,84.94,67.08,0,0,0.08,-1.02,4.53,0.44,2.48,7.17,6.83,65.84,0,0,First Class,0
STU0071,2021-22,SEM_2021-22_5,5,2023-24,AIML,B.TECH,OBC,45.52,Paid,24,6,1,7.17,6.83,84.94,0.0,0,87.62,71.79,0,0,87.09,69.45,0,0,85.92,67.18,2,0,-0.53,-1.17,-2.34,-2.27,-2.3,6.17,6.7,64.89,1,1,Fail,1
STU0071,2021-22,SEM_2021-22_6,6,2023-24,AIML,B.TECH,OBC,45.52,Overdue,24,6,1,6.17,6.7,85.92,1.0,1,86.43,62.49,0,0,88.18,63.47,0,0,89.92,62.59,1,0,1.75,1.75,0.98,-0.88,0.05,6.67,6.69,61.15,0,0,First Class,0
STU0071,2021-22,SEM_2021-22_7,7,2024-25,AIML,B.TECH,OBC,45.52,Paid,20,5,1,6.67,6.69,89.92,0.0,1,80.5,59.36,0,1,82.02,59.97,0,1,80.51,59.0,1,1,1.52,-1.51,0.61,-0.97,-0.18,6.4,6.65,58.68,0,0,Second Class,0
STU0071,2021-22,SEM_2021-22_8,8,2024-25,AIML,B.TECH,OBC,45.52,Paid,16,4,1,6.4,6.65,80.51,0.0,1,82.06,60.7,1,0,82.64,57.64,1,1,80.85,56.92,1,0,0.58,-1.79,-3.06,-0.71,-1.89,4.75,6.41,52.99,1,1,Fail,1
STU0072,2021-22,SEM_2021-22_1,1,2021-22,DS,B.TECH,General,59.22,Paid,20,5,0,,,,,0,35.05,68.56,0,5,41.21,76.05,0,5,50.32,82.6,0,5,6.16,9.11,7.49,6.54,7.02,8.8,8.8,84.25,0,0,Distinction,0
STU0072,2021-22,SEM_2021-22_2,2,2021-22,DS,B.TECH,General,59.22,Paid,20,5,1,8.8,8.8,50.32,0.0,0,44.23,72.37,0,5,51.96,78.37,0,5,59.69,83.97,0,5,7.72,7.73,6.0,5.61,5.8,8.8,8.8,84.59,0,0,Distinction,0
STU0072,2021-22,SEM_2021-22_3,3,2022-23,DS,B.TECH,General,59.22,Paid,24,6,1,8.8,8.8,59.69,0.0,0,56.52,75.38,0,6,63.63,82.45,0,6,72.26,89.5,0,6,7.11,8.63,7.07,7.05,7.06,9.33,8.98,88.53,0,0,Distinction,0
STU0072,2021-22,SEM_2021-22_4,4,2022-23,DS,B.TECH,General,59.22,Paid,24,6,1,9.33,8.98,72.26,0.0,0,55.03,71.5,0,6,61.58,77.53,0,6,69.97,84.53,0,6,6.55,8.4,6.03,7.0,6.51,8.83,8.94,84.9,0,0,Distinction,0
STU0072,2021-22,SEM_2021-22_5,5,2023-24,DS,B.TECH,General,59.22,Paid,24,6,1,8.83,8.94,69.97,0.0,0,53.05,73.25,0,6,59.31,80.1,0,6,67.12,87.21,0,6,6.26,7.81,6.85,7.12,6.98,9.0,8.95,86.74,0,0,Distinction,0
STU0072,2021-22,SEM_2021-22_6,6,2023-24,DS,B.TECH,General,59.22,Paid,24,6,1,9.0,8.95,67.12,0.0,0,60.52,80.5,0,6,67.8,86.65,0,6,75.11,92.24,0,2,7.28,7.31,6.14,5.6,5.87,9.67,9.07,92.05,0,0,Distinction,0
STU0072,2021-22,SEM_2021-22_7,7,2024-25,DS,B.TECH,General,59.22,Partial,20,5,1,9.67,9.07,75.11,0.0,0,53.52,68.75,0,5,60.17,75.46,0,5,67.1,81.18,0,5,6.65,6.93,6.71,5.72,6.21,8.4,8.98,80.31,0,0,Distinction,0
STU0072,2021-22,SEM_2021-22_8,8,2024-25,DS,B.TECH,General,59.22,Paid,16,4,1,8.4,8.98,67.1,0.0,0,51.85,73.81,0,4,57.72,80.16,0,4,65.05,87.66,0,4,5.87,7.33,6.35,7.5,6.93,9.75,9.07,91.22,0,0,Distinction,0
STU0073,2021-22,SEM_2021-22_1,1,2021-22,CSE,B.TECH,General,75.52,Paid,20,5,0,,,,,0,89.63,81.49,0,0,89.72,82.93,0,0,88.83,82.4,0,0,0.09,-0.89,1.43,-0.53,0.45,8.6,8.6,83.38,0,0,Distinction,0
STU0073,2021-22,SEM_2021-22_2,2,2021-22,CSE,B.TECH,General,75.52,Paid,20,5,1,8.6,8.6,88.83,0.0,0,86.88,79.86,0,0,90.2,79.62,0,0,88.45,79.61,0,0,3.32,-1.75,-0.24,-0.01,-0.13,8.4,8.5,80.01,0,0,Distinction,0
STU0073,2021-22,SEM_2021-22_3,3,2022-23,CSE,B.TECH,General,75.52,Paid,24,6,1,8.4,8.5,88.45,0.0,0,88.54,73.37,0,0,86.22,74.76,0,0,87.84,75.69,0,0,-2.33,1.63,1.39,0.93,1.16,8.33,8.44,76.64,0,0,Distinction,0
STU0073,2021-22,SEM_2021-22_4,4,2022-23,CSE,B.TECH,General,75.52,Paid,24,6,1,8.33,8.44,87.84,0.0,0,83.04,75.28,0,0,82.62,75.2,0,0,82.2,76.58,0,0,-0.42,-0.42,-0.08,1.37,0.65,8.0,8.33,74.63,0,0,Distinction,0
STU0073,2021-22,SEM_2021-22_5,5,2023-24,CSE,B.TECH,General,75.52,Paid,24,6,1,8.0,8.33,82.2,0.0,0,81.17,71.08,0,0,81.45,70.27,0,1,80.88,72.06,0,1,0.29,-0.58,-0.81,1.79,0.49,7.5,8.17,70.49,0,0,First Class,0
STU0073,2021-22,SEM_2021-22_6,6,2023-24,CSE,B.TECH,General,75.52,Paid,24,6,1,7.5,8.17,80.88,0.0,0,93.38,81.63,0,0,95.04,83.52,0,0,95.46,82.46,0,0,1.66,0.42,1.89,-1.06,0.41,8.83,8.28,83.55,0,0,Distinction,0
STU0073,2021-22,SEM_2021-22_7,7,2024-25,CSE,B.TECH,General,75.52,Paid,20,5,1,8.83,8.28,95.46,0.0,0,94.07,69.63,0,0,93.38,68.41,0,0,92.98,71.78,0,0,-0.69,-0.39,-1.22,3.37,1.07,7.8,8.21,72.25,0,0,First Class,0
STU0073,2021-22,SEM_2021-22_8,8,2024-25,CSE,B.TECH,General,75.52,Paid,16,4,1,7.8,8.21,92.98,0.0,0,91.27,80.67,0,0,91.28,84.31,0,0,89.44,84.0,0,0,0.01,-1.83,3.65,-0.31,1.67,9.0,8.31,85.61,0,0,Distinction,0
STU0074,2021-22,SEM_2021-22_1,1,2021-22,ECE,B.TECH,OBC,73.39,Paid,20,5,0,,,,,0,89.18,80.41,0,0,90.65,82.28,0,0,92.2,80.82,0,0,1.47,1.55,1.87,-1.46,0.21,8.4,8.4,78.09,0,0,Distinction,0
STU0074,2021-22,SEM_2021-22_2,2,2021-22,ECE,B.TECH,OBC,73.39,Paid,20,5,1,8.4,8.4,92.2,0.0,0,90.47,88.98,0,0,88.5,88.83,0,0,89.91,88.99,0,0,-1.97,1.4,-0.15,0.15,0.0,9.4,8.9,89.88,0,0,Distinction,0
STU0074,2021-22,SEM_2021-22_3,3,2022-23,ECE,B.TECH,OBC,73.39,Paid,24,6,1,9.4,8.9,89.91,0.0,0,88.97,86.57,0,0,89.32,87.63,0,0,89.85,86.44,0,0,0.36,0.53,1.06,-1.19,-0.07,9.17,8.99,86.17,0,0,Distinction,0
STU0074,2021-22,SEM_2021-22_4,4,2022-23,ECE,B.TECH,OBC,73.39,Paid,24,6,1,9.17,8.99,89.85,0.0,0,93.05,76.73,0,0,93.99,74.95,0,0,93.23,76.84,0,0,0.94,-0.76,-1.78,1.89,0.06,8.17,8.78,76.05,0,0,Distinction,0
STU0074,2021-22,SEM_2021-22_5,5,2023-24,ECE,B.TECH,OBC,73.39,Paid,24,6,1,8.17,8.78,93.23,0.0,0,91.42,86.21,0,0,91.79,85.36,0,0,89.35,84.53,0,0,0.37,-2.44,-0.84,-0.84,-0.84,8.67,8.76,84.1,0,0,Distinction,0
STU0074,2021-22,SEM_2021-22_6,6,2023-24,ECE,B.TECH,OBC,73.39,Paid,24,6,1,8.67,8.76,89.35,0.0,0,81.44,88.0,0,0,82.37,90.7,0,0,82.01,88.31,0,1,0.93,-0.36,2.7,-2.39,0.16,9.0,8.8,87.18,0,0,Distinction,0
STU0074,2021-22,SEM_2021-22_7,7,2024-25,ECE,B.TECH,OBC,73.39,Paid,20,5,1,9.0,8.8,82.01,0.0,0,89.63,82.35,0,0,88.72,80.49,0,0,86.85,77.41,0,0,-0.9,-1.88,-1.86,-3.09,-2.47,8.2,8.71,77.16,0,0,Distinction,0
STU0074,2021-22,SEM_2021-22_8,8,2024-25,ECE,B.TECH,OBC,73.39,Paid,16,4,1,8.2,8.71,86.85,0.0,0,79.63,84.27,0,0,78.63,85.95,0,1,77.94,84.8,0,2,-1.0,-0.7,1.67,-1.15,0.26,9.0,8.75,83.94,0,0,Distinction,0
STU0075,2021-22,SEM_2021-22_1,1,2021-22,AIML,B.TECH,General,92.08,Paid,20,5,0,,,,,0,75.0,75.53,0,3,72.15,76.67,0,3,71.61,79.82,0,3,-2.85,-0.54,1.15,3.14,2.15,8.8,8.8,82.41,0,0,Distinction,0
STU0075,2021-22,SEM_2021-22_2,2,2021-22,AIML,B.TECH,General,92.08,Paid,20,5,1,8.8,8.8,71.61,0.0,0,73.72,73.13,0,2,72.2,74.82,0,4,72.57,71.09,0,3,-1.53,0.37,1.68,-3.72,-1.02,7.4,8.1,70.61,0,0,First Class,0
STU0075,2021-22,SEM_2021-22_3,3,2022-23,AIML,B.TECH,General,92.08,Paid,24,6,1,7.4,8.1,72.57,0.0,0,76.61,74.66,0,2,75.21,76.43,0,3,75.1,77.27,0,3,-1.4,-0.11,1.77,0.85,1.31,8.17,8.12,76.96,0,0,Distinction,0
STU0075,2021-22,SEM_2021-22_4,4,2022-23,AIML,B.TECH,General,92.08,Paid,24,6,1,8.17,8.12,75.1,0.0,0,73.41,74.32,0,5,74.46,72.48,0,3,74.86,74.64,0,2,1.06,0.4,-1.84,2.16,0.16,8.0,8.09,74.56,0,0,Distinction,0
STU0075,2021-22,SEM_2021-22_5,5,2023-24,AIML,B.TECH,General,92.08,Paid,24,6,1,8.0,8.09,74.86,0.0,0,79.55,77.73,0,0,80.73,73.97,0,0,82.95,71.79,1,0,1.17,2.22,-3.76,-2.18,-2.97,7.67,8.01,73.14,0,0,First Class,0
STU0075,2021-22,SEM_2021-22_6,6,2023-24,AIML,B.TECH,General,92.08,Paid,24,6,1,7.67,8.01,82.95,0.0,0,74.43,70.78,0,4,74.41,69.61,0,4,76.0,70.83,0,2,-0.02,1.59,-1.17,1.23,0.03,7.33,7.89,70.55,0,0,First Class,0
STU0075,2021-22,SEM_2021-22_7,7,2024-25,AIML,B.TECH,General,92.08,Paid,20,5,1,7.33,7.89,76.0,0.0,0,73.28,80.27,0,4,73.35,78.66,0,3,70.87,75.58,0,5,0.07,-2.48,-1.61,-3.08,-2.35,8.2,7.94,78.82,0,0,Distinction,0
STU0075,2021-22,SEM_2021-22_8,8,2024-25,AIML,B.TECH,General,92.08,Paid,16,4,1,8.2,7.94,70.87,0.0,0,80.06,79.28,0,1,81.05,79.23,0,1,82.94,81.91,0,0,0.99,1.89,-0.06,2.69,1.31,8.5,8.01,81.77,0,0,Distinction,0
STU0076,2021-22,SEM_2021-22_1,1,2021-22,DS,B.TECH,NRI,72.02,Paid,20,5,0,,,,,0,77.13,64.58,1,1,76.27,63.23,1,1,76.88,67.15,1,1,-0.87,0.62,-1.35,3.91,1.28,7.4,7.4,68.05,0,0,First Class,0
STU0076,2021-22,SEM_2021-22_2,2,2021-22,DS,B.TECH,NRI,72.02,Paid,20,5,1,7.4,7.4,76.88,0.0,0,69.71,72.08,0,5,71.0,70.25,1,5,70.11,70.17,0,4,1.29,-0.89,-1.83,-0.08,-0.96,7.2,7.3,70.32,0,0,First Class,0
STU0076,2021-22,SEM_2021-22_3,3,2022-23,DS,B.TECH,NRI,72.02,Paid,24,6,1,7.2,7.3,70.11,0.0,0,75.06,58.49,1,3,74.74,56.52,0,2,76.41,56.25,2,3,-0.32,1.67,-1.97,-0.28,-1.12,6.0,6.87,54.33,0,0,Second Class,0
STU0076,2021-22,SEM_2021-22_4,4,2022-23,DS,B.TECH,NRI,72.02,Paid,24,6,1,6.0,6.87,76.41,0.0,0,75.1,62.32,1,2,74.7,61.21,1,4,74.34,61.8,1,3,-0.4,-0.36,-1.11,0.59,-0.26,7.0,6.9,64.18,0,0,First Class,0
STU0076,2021-22,SEM_2021-22_5,5,2023-24,DS,B.TECH,NRI,72.02,Paid,24,6,1,7.0,6.9,74.34,0.0,0,68.38,69.2,1,6,67.59,70.76,1,6,66.83,69.46,1,6,-0.79,-0.75,1.56,-1.3,0.13,7.33,6.99,68.48,0,0,First Class,0
STU0076,2021-22,SEM_2021-22_6,6,2023-24,DS,B.TECH,NRI,72.02,Partial,24,6,1,7.33,6.99,66.83,0.0,0,78.23,73.0,0,0,77.04,71.49,0,1,76.11,72.36,0,1,-1.19,-0.94,-1.51,0.86,-0.32,7.67,7.1,71.46,0,0,First Class,0
STU0076,2021-22,SEM_2021-22_7,7,2024-25,DS,B.TECH,NRI,72.02,Paid,20,5,1,7.67,7.1,76.11,0.0,0,76.77,64.12,1,1,78.47,67.01,0,1,78.89,63.88,1,1,1.7,0.41,2.89,-3.13,-0.12,6.8,7.06,63.0,0,0,First Class,0
STU0076,2021-22,SEM_2021-22_8,8,2024-25,DS,B.TECH,NRI,72.02,Paid,16,4,1,6.8,7.06,78.89,0.0,0,82.94,59.45,0,0,82.45,62.69,0,0,83.73,64.73,0,0,-0.5,1.28,3.24,2.05,2.64,7.0,7.05,65.44,0,0,First Class,0
STU0077,2021-22,SEM_2021-22_1,1,2021-22,CSE,B.TECH,General,68.88,Paid,20,5,0,,,,,0,81.69,64.66,0,1,80.34,63.35,0,2,82.94,60.89,0,2,-1.35,2.6,-1.3,-2.46,-1.88,6.8,6.8,62.48,0,0,First Class,0
STU0077,2021-22,SEM_2021-22_2,2,2021-22,CSE,B.TECH,General,68.88,Paid,20,5,1,6.8,6.8,82.94,0.0,0,89.19,56.16,0,0,90.04,57.41,0,0,88.68,54.53,1,0,0.86,-1.36,1.26,-2.89,-0.82,6.0,6.4,52.3,0,0,Second Class,0
STU0077,2021-22,SEM_2021-22_3,3,2022-23,CSE,B.TECH,General,68.88,Partial,24,6,1,6.0,6.4,88.68,0.0,0,80.81,62.56,0,0,80.42,59.04,1,0,80.01,55.14,2,0,-0.39,-0.41,-3.52,-3.91,-3.71,5.17,5.99,53.43,1,1,Fail,1
STU0077,2021-22,SEM_2021-22_4,4,2022-23,CSE,B.TECH,General,68.88,Paid,24,6,1,5.17,5.99,80.01,1.0,1,82.18,62.06,1,0,82.39,59.26,2,1,83.15,59.61,2,1,0.22,0.75,-2.8,0.35,-1.23,6.0,5.99,60.46,1,1,Fail,1
STU0077,2021-22,SEM_2021-22_5,5,2023-24,CSE,B.TECH,General,68.88,Paid,24,6,1,6.0,5.99,83.15,1.0,2,87.11,60.39,0,0,85.69,59.68,0,0,85.73,58.7,1,0,-1.43,0.04,-0.71,-0.98,-0.85,6.17,6.03,58.24,0,0,Second Class,0
STU0077,2021-22,SEM_2021-22_6,6,2023-24,CSE,B.TECH,General,68.88,Partial,24,6,1,6.17,6.03,85.73,0.0,2,90.74,62.75,1,0,90.19,57.78,2,0,90.4,60.91,2,0,-0.55,0.21,-4.97,3.13,-0.92,6.5,6.11,61.13,0,0,First Class,0
STU0077,2021-22,SEM_2021-22_7,7,2024-25,CSE,B.TECH,General,68.88,Paid,20,5,1,6.5,6.11,90.4,0.0,2,89.9,64.46,0,0,89.34,63.64,0,0,89.98,61.83,1,0,-0.56,0.64,-0.82,-1.81,-1.32,6.8,6.2,63.85,0,0,First Class,0
STU0077,2021-22,SEM_2021-22_8,8,2024-25,CSE,B.TECH,General,68.88,Paid,16,4,1,6.8,6.2,89.98,0.0,2,80.3,74.4,0,0,83.16,73.9,0,0,83.91,74.52,0,1,2.86,0.75,-0.5,0.62,0.06,8.25,6.46,76.72,0,0,Distinction,0
STU0078,2021-22,SEM_2021-22_1,1,2021-22,ECE,B.TECH,General,71.76,Paid,20,5,0,,,,,0,92.49,86.79,0,0,90.38,85.33,0,0,92.19,84.34,0,0,-2.11,1.81,-1.47,-0.99,-1.23,8.8,8.8,83.33,0,0,Distinction,0
STU0078,2021-22,SEM_2021-22_2,2,2021-22,ECE,B.TECH,General,71.76,Paid,20,5,1,8.8,8.8,92.19,0.0,0,89.44,82.94,0,0,87.1,81.24,0,0,89.15,80.23,0,0,-2.34,2.05,-1.7,-1.01,-1.35,8.6,8.7,81.32,0,0,Distinction,0
STU0078,2021-22,SEM_2021-22_3,3,2022-23,ECE,B.TECH,General,71.76,Paid,24,6,1,8.6,8.7,89.15,0.0,0,94.21,87.6,0,0,94.17,86.78,0,0,94.15,84.85,0,0,-0.04,-0.02,-0.81,-1.93,-1.37,8.83,8.74,83.52,0,0,Distinction,0
STU0078,2021-22,SEM_2021-22_4,4,2022-23,ECE,B.TECH,General,71.76,Paid,24,6,1,8.83,8.74,94.15,0.0,0,90.5,86.3,0,0,87.42,88.05,0,0,89.44,89.29,0,0,-3.08,2.02,1.75,1.25,1.5,9.5,8.93,88.93,0,0,Distinction,0
STU0078,2021-22,SEM_2021-22_5,5,2023-24,ECE,B.TECH,General,71.76,Paid,24,6,1,9.5,8.93,89.44,0.0,0,87.93,78.5,0,0,88.27,81.31,0,0,89.61,79.26,0,0,0.34,1.33,2.81,-2.05,0.38,8.33,8.81,78.06,0,0,Distinction,0
STU0078,2021-22,SEM_2021-22_6,6,2023-24,ECE,B.TECH,General,71.76,Paid,24,6,1,8.33,8.81,89.61,0.0,0,95.17,72.55,0,0,94.19,73.16,0,0,93.58,72.29,0,0,-0.98,-0.61,0.61,-0.87,-0.13,8.0,8.68,73.61,0,0,Distinction,0
STU0078,2021-22,SEM_2021-22_7,7,2024-25,ECE,B.TECH,General,71.76,Paid,20,5,1,8.0,8.68,93.58,0.0,0,90.69,85.61,0,0,88.74,84.86,0,0,89.53,84.31,0,0,-1.95,0.8,-0.75,-0.54,-0.65,8.8,8.7,82.03,0,0,Distinction,0
STU0078,2021-22,SEM_2021-22_8,8,2024-25,ECE,B.TECH,General,71.76,Paid,16,4,1,8.8,8.7,89.53,0.0,0,88.8,82.15,0,0,87.41,83.69,0,0,87.09,86.1,0,0,-1.39,-0.32,1.54,2.41,1.98,9.5,8.8,91.06,0,0,Distinction,0
STU0079,2021-22,SEM_2021-22_1,1,2021-22,AIML,B.TECH,General,90.57,Paid,20,5,0,,,,,0,79.99,74.17,0,0,79.74,70.56,0,0,80.64,69.86,0,0,-0.24,0.9,-3.6,-0.7,-2.15,7.4,7.4,68.93,0,0,First Class,0
STU0079,2021-22,SEM_2021-22_2,2,2021-22,AIML,B.TECH,General,90.57,Paid,20,5,1,7.4,7.4,80.64,0.0,0,82.17,68.7,0,0,83.75,70.46,0,0,83.39,71.92,0,0,1.59,-0.36,1.76,1.46,1.61,7.8,7.6,72.38,0,0,First Class,0
STU0079,2021-22,SEM_2021-22_3,3,2022-23,AIML,B.TECH,General,90.57,Paid,24,6,1,7.8,7.6,83.39,0.0,0,89.23,71.76,0,0,89.5,70.11,0,0,88.54,68.37,0,0,0.27,-0.96,-1.65,-1.74,-1.7,7.0,7.4,64.92,0,0,First Class,0
STU0079,2021-22,SEM_2021-22_4,4,2022-23,AIML,B.TECH,General,90.57,Paid,24,6,1,7.0,7.4,88.54,0.0,0,82.12,79.23,0,0,82.37,79.54,0,1,82.79,80.31,0,1,0.25,0.43,0.31,0.77,0.54,8.5,7.67,81.3,0,0,Distinction,0
STU0079,2021-22,SEM_2021-22_5,5,2023-24,AIML,B.TECH,General,90.57,Paid,24,6,1,8.5,7.67,82.79,0.0,0,80.61,80.23,0,0,81.18,80.07,0,0,82.18,80.54,0,0,0.56,1.0,-0.15,0.47,0.16,8.5,7.84,83.1,0,0,Distinction,0
STU0079,2021-22,SEM_2021-22_6,6,2023-24,AIML,B.TECH,General,90.57,Paid,24,6,1,8.5,7.84,82.18,0.0,0,83.83,79.79,0,0,83.94,77.36,0,0,83.88,75.82,0,0,0.1,-0.05,-2.43,-1.54,-1.98,7.83,7.84,76.03,0,0,First Class,0
STU0079,2021-22,SEM_2021-22_7,7,2024-25,AIML,B.TECH,General,90.57,Paid,20,5,1,7.83,7.84,83.88,0.0,0,87.36,74.38,0,0,88.42,74.93,0,0,91.64,73.19,0,0,1.06,3.22,0.55,-1.74,-0.6,8.2,7.89,74.22,0,0,Distinction,0
STU0079,2021-22,SEM_2021-22_8,8,2024-25,AIML,B.TECH,General,90.57,Paid,16,4,1,8.2,7.89,91.64,0.0,0,74.17,72.16,0,2,73.77,73.58,0,2,72.65,69.53,0,2,-0.41,-1.11,1.42,-4.04,-1.31,7.5,7.84,68.62,0,0,First Class,0
STU0080,2021-22,SEM_2021-22_1,1,2021-22,DS,B.TECH,General,74.21,Paid,20,5,0,,,,,0,88.59,71.62,0,0,86.46,74.39,0,0,89.68,75.9,0,0,-2.12,3.21,2.77,1.51,2.14,7.8,7.8,73.12,0,0,First Class,0
STU0080,2021-22,SEM_2021-22_2,2,2021-22,DS,B.TECH,General,74.21,Paid,20,5,1,7.8,7.8,89.68,0.0,0,85.08,70.17,0,0,84.0,67.56,0,0,85.38,67.73,0,0,-1.08,1.38,-2.61,0.17,-1.22,7.0,7.4,66.03,0,0,First Class,0
STU0080,2021-22,SEM_2021-22_3,3,2022-23,DS,B.TECH,General,74.21,Paid,24,6,1,7.0,7.4,85.38,0.0,0,88.65,70.7,0,0,91.43,72.19,0,0,91.9,73.72,0,0,2.77,0.48,1.49,1.53,1.51,7.67,7.49,72.63,0,0,First Class,0
STU0080,2021-22,SEM_2021-22_4,4,2022-23,DS,B.TECH,General,74.21,Partial,24,6,1,7.67,7.49,91.9,0.0,0,89.98,79.92,0,0,89.58,80.65,0,0,87.33,79.22,0,0,-0.4,-2.25,0.74,-1.44,-0.35,8.5,7.74,79.95,0,0,Distinction,0
STU0080,2021-22,SEM_2021-22_5,5,2023-24,DS,B.TECH,General,74.21,Paid,24,6,1,8.5,7.74,87.33,0.0,0,86.2,74.22,0,0,86.37,73.24,0,0,88.0,73.66,0,0,0.17,1.63,-0.98,0.42,-0.28,7.67,7.73,71.65,0,0,First Class,0
STU0080,2021-22,SEM_2021-22_6,6,2023-24,DS,B.TECH,General,74.21,Paid,24,6,1,7.67,7.73,88.0,0.0,0,90.11,76.96,0,0,88.5,79.31,0,0,88.49,79.84,0,0,-1.61,-0.02,2.35,0.53,1.44,8.67,7.88,79.4,0,0,Distinction,0
STU0080,2021-22,SEM_2021-22_7,7,2024-25,DS,B.TECH,General,74.21,Paid,20,5,1,8.67,7.88,88.49,0.0,0,88.8,82.08,0,0,87.42,79.48,0,0,85.8,78.97,0,0,-1.38,-1.62,-2.59,-0.51,-1.55,8.2,7.93,76.02,0,0,Distinction,0
STU0080,2021-22,SEM_2021-22_8,8,2024-25,DS,B.TECH,General,74.21,Paid,16,4,1,8.2,7.93,85.8,0.0,0,87.45,85.24,0,0,87.08,87.05,0,0,90.59,87.44,0,0,-0.36,3.51,1.81,0.39,1.1,9.25,8.09,87.61,0,0,Distinction,0
STU0081,2021-22,SEM_2021-22_1,1,2021-22,CSE,B.TECH,General,71.62,Paid,20,5,0,,,,,0,76.03,64.47,0,3,76.85,64.3,0,2,75.21,64.92,0,3,0.82,-1.64,-0.17,0.62,0.22,7.0,7.0,64.08,0,0,First Class,0
STU0081,2021-22,SEM_2021-22_2,2,2021-22,CSE,B.TECH,General,71.62,Paid,20,5,1,7.0,7.0,75.21,0.0,0,85.68,72.06,0,0,87.23,72.39,0,0,87.86,70.28,0,0,1.55,0.63,0.33,-2.1,-0.89,7.2,7.1,68.45,0,0,First Class,0
STU0081,2021-22,SEM_2021-22_3,3,2022-23,CSE,B.TECH,General,71.62,Paid,24,6,1,7.2,7.1,87.86,0.0,0,81.42,88.37,0,0,80.14,86.71,0,1,80.73,87.31,0,1,-1.28,0.58,-1.66,0.61,-0.53,9.0,7.73,83.81,0,0,Distinction,0
STU0081,2021-22,SEM_2021-22_4,4,2022-23,CSE,B.TECH,General,71.62,Paid,24,6,1,9.0,7.73,80.73,0.0,0,82.98,70.39,0,0,81.15,72.44,0,1,79.64,74.13,0,1,-1.84,-1.5,2.05,1.69,1.87,7.67,7.72,73.38,0,0,First Class,0
STU0081,2021-22,SEM_2021-22_5,5,2023-24,CSE,B.TECH,General,71.62,Paid,24,6,1,7.67,7.72,79.64,0.0,0,80.26,62.19,1,0,80.62,61.2,1,1,80.76,61.61,1,2,0.36,0.13,-0.99,0.42,-0.29,6.0,7.37,61.52,1,1,Fail,1
STU0081,2021-22,SEM_2021-22_6,6,2023-24,CSE,B.TECH,General,71.62,Paid,24,6,1,6.0,7.37,80.76,1.0,1,80.1,67.74,0,1,81.32,66.38,0,0,81.41,70.23,0,1,1.23,0.09,-1.37,3.85,1.24,7.67,7.42,71.38,0,0,First Class,0
STU0081,2021-22,SEM_2021-22_7,7,2024-25,CSE,B.TECH,General,71.62,Paid,20,5,1,7.67,7.42,81.41,0.0,1,85.39,67.88,0,0,84.73,68.49,0,0,84.51,71.38,0,0,-0.66,-0.22,0.62,2.89,1.75,7.2,7.39,68.62,0,0,First Class,0
STU0081,2021-22,SEM_2021-22_8,8,2024-25,CSE,B.TECH,General,71.62,Paid,16,4,1,7.2,7.39,84.51,0.0,1,70.38,59.61,1,3,73.36,56.65,0,1,71.06,57.64,0,3,2.97,-2.29,-2.95,0.98,-0.99,6.75,7.31,62.82,0,0,First Class,0
STU0082,2021-22,SEM_2021-22_1,1,2021-22,ECE,B.TECH,General,72.26,Paid,20,5,0,,,,,0,51.69,30.72,5,5,58.6,37.19,5,5,66.54,44.52,4,5,6.92,7.93,6.47,7.34,6.9,3.2,3.2,43.5,2,2+,Fail,1
STU0082,2021-22,SEM_2021-22_2,2,2021-22,ECE,B.TECH,General,72.26,Paid,20,5,1,3.2,3.2,66.54,2.0,2,57.65,39.63,5,5,63.96,46.47,4,5,70.29,54.43,1,5,6.31,6.33,6.84,7.96,7.4,6.2,4.7,58.08,0,0,Second Class,0
STU0082,2021-22,SEM_2021-22_3,3,2022-23,ECE,B.TECH,General,72.26,Overdue,24,6,1,6.2,4.7,70.29,0.0,2,63.71,47.21,5,6,70.75,53.45,2,6,76.91,60.41,0,3,7.04,6.15,6.23,6.97,6.6,6.5,5.3,59.66,0,0,First Class,0
STU0082,2021-22,SEM_2021-22_4,4,2022-23,ECE,B.TECH,General,72.26,Partial,24,6,1,6.5,5.3,76.91,0.0,2,63.29,54.74,2,6,69.45,61.7,0,6,75.87,67.59,0,2,6.17,6.41,6.96,5.89,6.43,7.33,5.81,67.72,0,0,First Class,0
STU0082,2021-22,SEM_2021-22_5,5,2023-24,ECE,B.TECH,General,72.26,Partial,24,6,1,7.33,5.81,75.87,0.0,2,66.86,49.44,3,6,73.21,55.88,3,4,78.88,62.03,0,2,6.36,5.67,6.44,6.15,6.29,6.5,5.95,60.47,0,0,First Class,0
STU0082,2021-22,SEM_2021-22_6,6,2023-24,ECE,B.TECH,General,72.26,Paid,24,6,1,6.5,5.95,78.88,0.0,2,64.94,53.47,2,6,71.94,61.13,0,4,78.33,69.3,0,0,7.0,6.39,7.66,8.18,7.92,7.5,6.21,69.65,0,0,First Class,0
STU0082,2021-22,SEM_2021-22_7,7,2024-25,ECE,B.TECH,General,72.26,Paid,20,5,1,7.5,6.21,78.33,0.0,2,66.47,56.11,1,5,71.89,62.6,0,5,80.08,69.66,0,0,5.42,8.19,6.49,7.06,6.78,7.6,6.4,71.77,0,0,First Class,0
STU0082,2021-22,SEM_2021-22_8,8,2024-25,ECE,B.TECH,General,72.26,Paid,16,4,1,7.6,6.4,80.08,0.0,2,68.83,54.94,1,4,76.0,60.7,1,2,84.54,67.93,0,0,7.17,8.54,5.75,7.24,6.49,7.25,6.51,68.73,0,0,First Class,0
STU0083,2021-22,SEM_2021-22_1,1,2021-22,AIML,B.TECH,ST,73.19,Paid,20,5,0,,,,,0,91.71,85.29,0,0,91.24,83.0,0,0,91.57,83.41,0,0,-0.47,0.33,-2.29,0.42,-0.94,8.8,8.8,83.98,0,0,Distinction,0
STU0083,2021-22,SEM_2021-22_2,2,2021-22,AIML,B.TECH,ST,73.19,Paid,20,5,1,8.8,8.8,91.57,0.0,0,85.6,79.37,0,0,86.01,81.1,0,0,87.46,79.96,0,0,0.41,1.45,1.74,-1.15,0.29,8.4,8.6,81.42,0,0,Distinction,0
STU0083,2021-22,SEM_2021-22_3,3,2022-23,AIML,B.TECH,ST,73.19,Paid,24,6,1,8.4,8.6,87.46,0.0,0,89.42,90.74,0,0,88.73,89.1,0,0,88.31,90.15,0,0,-0.69,-0.42,-1.64,1.05,-0.3,9.67,8.96,90.06,0,0,Distinction,0
STU0083,2021-22,SEM_2021-22_4,4,2022-23,AIML,B.TECH,ST,73.19,Paid,24,6,1,9.67,8.96,88.31,0.0,0,90.42,85.27,0,0,91.35,85.26,0,0,90.62,83.04,0,0,0.93,-0.72,-0.01,-2.22,-1.12,8.67,8.88,82.46,0,0,Distinction,0
STU0083,2021-22,SEM_2021-22_5,5,2023-24,AIML,B.TECH,ST,73.19,Paid,24,6,1,8.67,8.88,90.62,0.0,0,88.62,79.64,0,0,89.07,78.61,0,0,90.04,78.3,0,0,0.44,0.97,-1.03,-0.31,-0.67,8.33,8.77,76.71,0,0,Distinction,0
STU0083,2021-22,SEM_2021-22_6,6,2023-24,AIML,B.TECH,ST,73.19,Partial,24,6,1,8.33,8.77,90.04,0.0,0,84.35,78.19,0,0,85.02,75.26,0,0,86.26,76.82,0,0,0.67,1.24,-2.93,1.55,-0.69,8.17,8.67,75.23,0,0,Distinction,0
STU0083,2021-22,SEM_2021-22_7,7,2024-25,AIML,B.TECH,ST,73.19,Paid,20,5,1,8.17,8.67,86.26,0.0,0,87.79,78.22,0,0,88.13,76.18,0,0,88.41,75.09,0,0,0.34,0.28,-2.05,-1.08,-1.57,8.2,8.6,76.88,0,0,Distinction,0
STU0083,2021-22,SEM_2021-22_8,8,2024-25,AIML,B.TECH,ST,73.19,Paid,16,4,1,8.2,8.6,88.41,0.0,0,88.19,90.36,0,0,86.52,86.82,0,0,85.16,85.4,0,0,-1.67,-1.36,-3.54,-1.42,-2.48,9.0,8.65,86.57,0,0,Distinction,0
STU0084,2021-22,SEM_2021-22_1,1,2021-22,DS,B.TECH,General,57.85,Paid,20,5,0,,,,,0,89.46,79.84,0,0,89.17,78.9,0,0,84.47,79.49,0,0,-0.29,-4.7,-0.94,0.59,-0.17,8.4,8.4,79.02,0,0,Distinction,0
STU0084,2021-22,SEM_2021-22_2,2,2021-22,DS,B.TECH,General,57.85,Paid,20,5,1,8.4,8.4,84.47,0.0,0,86.94,71.84,0,0,85.96,70.51,0,0,83.99,73.63,0,0,-0.98,-1.96,-1.33,3.12,0.89,7.8,8.1,74.68,0,0,First Class,0
STU0084,2021-22,SEM_2021-22_3,3,2022-23,DS,B.TECH,General,57.85,Paid,24,6,1,7.8,8.1,83.99,0.0,0,91.56,73.16,0,0,91.75,69.19,0,0,91.33,65.8,0,1,0.19,-0.43,-3.97,-3.4,-3.68,7.17,7.79,66.88,0,0,First Class,0
STU0084,2021-22,SEM_2021-22_4,4,2022-23,DS,B.TECH,General,57.85,Paid,24,6,1,7.17,7.79,91.33,0.0,0,86.93,77.1,0,0,86.63,75.21,0,0,88.25,71.25,0,0,-0.3,1.62,-1.88,-3.97,-2.92,7.33,7.67,70.95,0,0,First Class,0
STU0084,2021-22,SEM_2021-22_5,5,2023-24,DS,B.TECH,General,57.85,Paid,24,6,1,7.33,7.67,88.25,0.0,0,90.94,80.33,0,0,89.88,84.1,0,0,89.35,85.19,0,0,-1.05,-0.53,3.77,1.09,2.43,8.83,7.91,85.44,0,0,Distinction,0
STU0084,2021-22,SEM_2021-22_6,6,2023-24,DS,B.TECH,General,57.85,Paid,24,6,1,8.83,7.91,89.35,0.0,0,86.79,79.82,0,0,88.18,80.08,0,0,88.29,80.27,0,0,1.4,0.11,0.26,0.19,0.23,8.17,7.95,79.28,0,0,Distinction,0
STU0084,2021-22,SEM_2021-22_7,7,2024-25,DS,B.TECH,General,57.85,Paid,20,5,1,8.17,7.95,88.29,0.0,0,86.05,67.84,0,0,84.97,68.21,0,0,85.73,64.23,2,0,-1.08,0.76,0.37,-3.98,-1.81,6.8,7.79,64.25,0,0,First Class,0
STU0084,2021-22,SEM_2021-22_8,8,2024-25,DS,B.TECH,General,57.85,Paid,16,4,1,6.8,7.79,85.73,0.0,0,83.4,74.99,0,0,87.06,75.89,0,0,87.55,77.78,0,0,3.66,0.49,0.89,1.89,1.39,8.25,7.84,79.24,0,0,Distinction,0
STU0085,2021-22,SEM_2021-22_1,1,2021-22,CSE,B.TECH,General,59.43,Paid,20,5,0,,,,,0,88.63,76.05,0,0,85.25,74.81,0,1,84.09,75.05,0,1,-3.38,-1.16,-1.24,0.24,-0.5,8.2,8.2,77.51,0,0,Distinction,0
STU0085,2021-22,SEM_2021-22_2,2,2021-22,CSE,B.TECH,General,59.43,Paid,20,5,1,8.2,8.2,84.09,0.0,0,82.68,83.59,0,0,81.42,80.5,0,0,79.93,81.68,0,0,-1.27,-1.49,-3.09,1.18,-0.95,8.6,8.4,81.92,0,0,Distinction,0
STU0085,2021-22,SEM_2021-22_3,3,2022-23,CSE,B.TECH,General,59.43,Paid,24,6,1,8.6,8.4,79.93,0.0,0,83.86,72.56,0,0,83.54,73.51,0,0,82.03,74.35,0,0,-0.32,-1.51,0.95,0.84,0.9,8.0,8.27,76.52,0,0,Distinction,0
STU0085,2021-22,SEM_2021-22_4,4,2022-23,CSE,B.TECH,General,59.43,Partial,24,6,1,8.0,8.27,82.03,0.0,0,80.91,80.92,0,0,80.54,82.31,0,2,81.48,79.68,0,2,-0.38,0.95,1.39,-2.63,-0.62,8.17,8.24,78.63,0,0,Distinction,0
STU0085,2021-22,SEM_2021-22_5,5,2023-24,CSE,B.TECH,General,59.43,Paid,24,6,1,8.17,8.24,81.48,0.0,0,89.6,78.56,0,0,90.35,77.6,0,0,89.57,79.37,0,0,0.74,-0.78,-0.96,1.77,0.41,8.17,8.23,78.23,0,0,Distinction,0
STU0085,2021-22,SEM_2021-22_6,6,2023-24,CSE,B.TECH,General,59.43,Paid,24,6,1,8.17,8.23,89.57,0.0,0,82.03,78.6,0,1,80.4,76.56,0,1,77.8,77.92,0,2,-1.62,-2.6,-2.04,1.37,-0.34,8.33,8.24,76.42,0,0,Distinction,0
STU0085,2021-22,SEM_2021-22_7,7,2024-25,CSE,B.TECH,General,59.43,Paid,20,5,1,8.33,8.24,77.8,0.0,0,81.48,81.77,0,0,82.48,83.26,0,0,83.95,84.38,0,1,1.0,1.46,1.49,1.12,1.31,9.0,8.35,85.21,0,0,Distinction,0
STU0085,2021-22,SEM_2021-22_8,8,2024-25,CSE,B.TECH,General,59.43,Paid,16,4,1,9.0,8.35,83.95,0.0,0,82.56,82.03,0,0,81.66,79.16,0,0,80.0,79.92,0,1,-0.9,-1.65,-2.87,0.77,-1.05,8.75,8.4,80.14,0,0,Distinction,0
STU0086,2021-22,SEM_2021-22_1,1,2021-22,ECE,B.TECH,Management,90.18,Paid,20,5,0,,,,,0,86.2,58.57,0,0,84.03,60.91,0,1,84.58,62.12,1,1,-2.17,0.56,2.34,1.21,1.78,6.4,6.4,58.56,0,0,Second Class,0
STU0086,2021-22,SEM_2021-22_2,2,2021-22,ECE,B.TECH,Management,90.18,Paid,20,5,1,6.4,6.4,84.58,0.0,0,82.91,62.09,0,0,81.59,59.07,1,0,83.14,60.13,0,0,-1.32,1.55,-3.02,1.06,-0.98,6.6,6.5,61.15,0,0,First Class,0
STU0086,2021-22,SEM_2021-22_3,3,2022-23,ECE,B.TECH,Management,90.18,Paid,24,6,1,6.6,6.5,83.14,0.0,0,89.23,81.84,0,0,88.24,81.26,0,0,90.0,82.79,0,0,-1.0,1.76,-0.58,1.53,0.48,8.67,7.22,81.56,0,0,Distinction,0
STU0086,2021-22,SEM_2021-22_4,4,2022-23,ECE,B.TECH,Management,90.18,Paid,24,6,1,8.67,7.22,90.0,0.0,0,84.79,62.37,1,0,85.52,63.93,1,0,83.76,61.06,1,0,0.73,-1.76,1.56,-2.88,-0.66,6.67,7.08,61.56,0,0,First Class,0
STU0086,2021-22,SEM_2021-22_5,5,2023-24,ECE,B.TECH,Management,90.18,Overdue,24,6,1,6.67,7.08,83.76,0.0,0,88.06,63.32,0,0,88.98,64.21,0,0,89.56,66.07,0,0,0.93,0.58,0.88,1.87,1.37,7.0,7.07,66.19,0,0,First Class,0
STU0086,2021-22,SEM_2021-22_6,6,2023-24,ECE,B.TECH,Management,90.18,Paid,24,6,1,7.0,7.07,89.56,0.0,0,85.64,66.14,0,0,83.98,65.3,0,0,87.18,62.3,0,0,-1.66,3.2,-0.84,-3.01,-1.92,6.83,7.03,62.46,0,0,First Class,0
STU0086,2021-22,SEM_2021-22_7,7,2024-25,ECE,B.TECH,Management,90.18,Paid,20,5,1,6.83,7.03,87.18,0.0,0,82.94,53.69,1,0,82.29,54.9,2,0,82.79,54.64,2,0,-0.65,0.5,1.21,-0.26,0.47,4.8,6.71,49.3,1,1,Fail,1
STU0086,2021-22,SEM_2021-22_8,8,2024-25,ECE,B.TECH,Management,90.18,Paid,16,4,1,4.8,6.71,82.79,1.0,1,83.5,68.2,0,0,83.64,71.75,0,0,83.37,77.77,0,0,0.14,-0.27,3.55,6.03,4.79,8.25,6.9,78.19,0,0,Distinction,0
STU0087,2021-22,SEM_2021-22_1,1,2021-22,AIML,B.TECH,OBC,92.53,Paid,20,5,0,,,,,0,85.46,69.25,0,0,80.15,63.21,0,0,74.21,57.73,0,2,-5.31,-5.95,-6.03,-5.48,-5.76,6.0,6.0,57.04,0,0,Second Class,0
STU0087,2021-22,SEM_2021-22_2,2,2021-22,AIML,B.TECH,OBC,92.53,Paid,20,5,1,6.0,6.0,74.21,0.0,0,81.6,71.66,0,0,75.0,65.38,0,3,69.01,59.63,1,4,-6.6,-5.99,-6.28,-5.75,-6.01,6.6,6.3,61.04,0,0,First Class,0
STU0087,2021-22,SEM_2021-22_3,3,2022-23,AIML,B.TECH,OBC,92.53,Paid,24,6,1,6.6,6.3,69.01,0.0,0,82.96,70.73,0,0,75.65,63.63,0,2,68.43,58.13,0,6,-7.31,-7.22,-7.11,-5.5,-6.3,6.0,6.2,55.14,0,0,Second Class,0
STU0087,2021-22,SEM_2021-22_4,4,2022-23,AIML,B.TECH,OBC,92.53,Partial,24,6,1,6.0,6.2,68.43,0.0,0,78.38,68.26,0,1,71.13,60.41,0,5,65.05,56.1,0,6,-7.25,-6.08,-7.85,-4.31,-6.08,6.17,6.19,55.41,0,0,Second Class,0
STU0087,2021-22,SEM_2021-22_5,5,2023-24,AIML,B.TECH,OBC,92.53,Paid,24,6,1,6.17,6.19,65.05,0.0,0,64.66,65.62,0,6,57.07,60.27,1,6,50.81,53.88,1,6,-7.59,-6.26,-5.35,-6.39,-5.87,6.0,6.15,53.23,0,0,Second Class,0
STU0087,2021-22,SEM_2021-22_6,6,2023-24,AIML,B.TECH,OBC,92.53,Paid,24,6,1,6.0,6.15,50.81,0.0,0,63.79,63.18,0,6,56.81,57.0,0,6,50.09,50.93,3,6,-6.98,-6.72,-6.18,-6.08,-6.13,5.5,6.04,49.07,0,0,Pass,1
STU0087,2021-22,SEM_2021-22_7,7,2024-25,AIML,B.TECH,OBC,92.53,Overdue,20,5,1,5.5,6.04,50.09,0.0,0,66.52,60.89,1,5,59.72,54.16,2,5,53.58,47.9,4,5,-6.8,-6.14,-6.73,-6.25,-6.49,4.8,5.87,51.23,1,1,Fail,1
STU0087,2021-22,SEM_2021-22_8,8,2024-25,AIML,B.TECH,OBC,92.53,Paid,16,4,1,4.8,5.87,53.58,1.0,1,57.8,56.95,1,4,50.0,50.78,2,4,44.0,44.84,2,4,-7.8,-6.0,-6.16,-5.95,-6.05,4.0,5.63,43.88,1,1,Fail,1
STU0088,2021-22,SEM_2021-22_1,1,2021-22,DS,B.TECH,SC,79.96,Paid,20,5,0,,,,,0,88.84,82.02,0,0,91.79,80.23,0,0,94.64,81.52,0,0,2.96,2.84,-1.79,1.28,-0.25,8.2,8.2,77.98,0,0,Distinction,0
STU0088,2021-22,SEM_2021-22_2,2,2021-22,DS,B.TECH,SC,79.96,Paid,20,5,1,8.2,8.2,94.64,0.0,0,83.13,78.72,0,0,81.27,77.38,0,1,79.96,77.12,0,1,-1.86,-1.31,-1.34,-0.26,-0.8,8.2,8.2,77.12,0,0,Distinction,0
STU0088,2021-22,SEM_2021-22_3,3,2022-23,DS,B.TECH,SC,79.96,Paid,24,6,1,8.2,8.2,79.96,0.0,0,85.95,72.2,0,0,86.56,70.19,0,0,84.47,68.79,0,0,0.62,-2.09,-2.01,-1.4,-1.71,7.33,7.91,69.55,0,0,First Class,0
STU0088,2021-22,SEM_2021-22_4,4,2022-23,DS,B.TECH,SC,79.96,Partial,24,6,1,7.33,7.91,84.47,0.0,0,78.16,65.01,0,1,80.31,66.0,0,1,79.47,66.46,1,1,2.15,-0.83,0.99,0.47,0.73,7.0,7.68,66.13,0,0,First Class,0
STU0088,2021-22,SEM_2021-22_5,5,2023-24,DS,B.TECH,SC,79.96,Partial,24,6,1,7.0,7.68,79.47,0.0,0,86.36,73.34,0,0,88.04,74.29,0,0,89.77,74.53,0,0,1.68,1.73,0.95,0.24,0.6,7.83,7.71,73.16,0,0,First Class,0
STU0088,2021-22,SEM_2021-22_6,6,2023-24,DS,B.TECH,SC,79.96,Paid,24,6,1,7.83,7.71,89.77,0.0,0,84.03,75.46,0,0,85.06,77.75,0,0,86.21,79.46,0,0,1.02,1.15,2.29,1.71,2.0,8.33,7.82,78.77,0,0,Distinction,0
STU0088,2021-22,SEM_2021-22_7,7,2024-25,DS,B.TECH,SC,79.96,Paid,20,5,1,8.33,7.82,86.21,0.0,0,80.97,81.29,0,0,80.82,83.42,0,0,77.85,83.76,0,2,-0.15,-2.97,2.13,0.34,1.24,8.8,7.96,84.16,0,0,Distinction,0
STU0088,2021-22,SEM_2021-22_8,8,2024-25,DS,B.TECH,SC,79.96,Paid,16,4,1,8.8,7.96,77.85,0.0,0,80.76,73.71,0,0,81.07,76.19,0,1,82.94,77.37,0,0,0.31,1.87,2.48,1.18,1.83,8.0,7.96,74.54,0,0,Distinction,0
STU0089,2021-22,SEM_2021-22_1,1,2021-22,CSE,B.TECH,General,62.2,Paid,20,5,0,,,,,0,92.37,61.32,1,0,92.63,59.06,1,0,93.77,62.4,0,0,0.26,1.14,-2.26,3.34,0.54,6.4,6.4,59.78,0,0,Second Class,0
STU0089,2021-22,SEM_2021-22_2,2,2021-22,CSE,B.TECH,General,62.2,Paid,20,5,1,6.4,6.4,93.77,0.0,0,93.6,67.49,0,0,93.67,66.34,0,0,91.14,68.18,0,0,0.07,-2.53,-1.15,1.84,0.34,7.0,6.7,66.18,0,0,First Class,0
STU0089,2021-22,SEM_2021-22_3,3,2022-23,CSE,B.TECH,General,62.2,Paid,24,6,1,7.0,6.7,91.14,0.0,0,82.8,70.73,0,0,81.42,74.53,0,0,81.42,73.47,0,1,-1.39,0.01,3.81,-1.06,1.37,7.67,7.02,72.14,0,0,First Class,0
STU0089,2021-22,SEM_2021-22_4,4,2022-23,CSE,B.TECH,General,62.2,Paid,24,6,1,7.67,7.02,81.42,0.0,0,92.87,57.59,0,0,92.97,61.26,0,0,92.35,63.24,0,0,0.1,-0.62,3.66,1.99,2.83,6.83,6.97,64.25,0,0,First Class,0
STU0089,2021-22,SEM_2021-22_5,5,2023-24,CSE,B.TECH,General,62.2,Paid,24,6,1,6.83,6.97,92.35,0.0,0,92.94,74.45,0,0,95.26,73.14,1,0,94.44,71.53,0,0,2.32,-0.82,-1.31,-1.61,-1.46,7.5,7.08,70.06,0,0,First Class,0
STU0089,2021-22,SEM_2021-22_6,6,2023-24,CSE,B.TECH,General,62.2,Paid,24,6,1,7.5,7.08,94.44,0.0,0,90.48,62.69,0,0,91.82,64.07,0,0,91.94,64.16,1,0,1.34,0.12,1.38,0.08,0.73,6.67,7.01,63.07,0,0,First Class,0
STU0089,2021-22,SEM_2021-22_7,7,2024-25,CSE,B.TECH,General,62.2,Paid,20,5,1,6.67,7.01,91.94,0.0,0,87.79,60.54,0,0,87.91,63.09,0,0,87.02,63.02,0,0,0.12,-0.88,2.55,-0.07,1.24,7.0,7.01,63.88,0,0,First Class,0
STU0089,2021-22,SEM_2021-22_8,8,2024-25,CSE,B.TECH,General,62.2,Paid,16,4,1,7.0,7.01,87.02,0.0,0,85.1,86.88,0,0,82.31,86.7,0,0,82.47,86.64,0,0,-2.78,0.16,-0.17,-0.06,-0.12,8.75,7.23,86.14,0,0,Distinction,0
STU0090,2021-22,SEM_2021-22_1,1,2021-22,ECE,B.TECH,General,78.36,Paid,20,5,0,,,,,0,83.67,75.43,0,0,84.44,76.99,0,0,85.96,77.33,0,0,0.77,1.52,1.56,0.34,0.95,7.8,7.8,74.8,0,0,First Class,0
STU0090,2021-22,SEM_2021-22_2,2,2021-22,ECE,B.TECH,General,78.36,Paid,20,5,1,7.8,7.8,85.96,0.0,0,79.24,79.93,0,1,80.31,80.9,0,0,78.89,80.68,0,0,1.07,-1.43,0.98,-0.22,0.38,8.6,8.2,81.05,0,0,Distinction,0
STU0090,2021-22,SEM_2021-22_3,3,2022-23,ECE,B.TECH,General,78.36,Paid,24,6,1,8.6,8.2,78.89,0.0,0,78.24,86.22,0,1,77.52,83.49,0,1,75.21,82.4,0,2,-0.72,-2.31,-2.73,-1.08,-1.91,8.67,8.36,81.89,0,0,Distinction,0
STU0090,2021-22,SEM_2021-22_4,4,2022-23,ECE,B.TECH,General,78.36,Paid,24,6,1,8.67,8.36,75.21,0.0,0,84.4,80.81,0,0,85.66,79.67,0,0,83.17,81.03,0,0,1.25,-2.49,-1.14,1.36,0.11,8.67,8.43,80.75,0,0,Distinction,0
STU0090,2021-22,SEM_2021-22_5,5,2023-24,ECE,B.TECH,General,78.36,Paid,24,6,1,8.67,8.43,83.17,0.0,0,87.18,78.23,0,0,85.98,80.74,0,0,83.12,79.57,0,0,-1.2,-2.86,2.51,-1.17,0.67,8.17,8.38,77.38,0,0,Distinction,0
STU0090,2021-22,SEM_2021-22_6,6,2023-24,ECE,B.TECH,General,78.36,Paid,24,6,1,8.17,8.38,83.12,0.0,0,85.22,81.7,0,0,87.12,81.13,0,0,89.0,80.71,0,0,1.9,1.88,-0.57,-0.42,-0.49,8.67,8.43,82.0,0,0,Distinction,0
STU0090,2021-22,SEM_2021-22_7,7,2024-25,ECE,B.TECH,General,78.36,Paid,20,5,1,8.67,8.43,89.0,0.0,0,96.11,73.92,0,0,95.86,72.99,0,0,97.39,74.48,0,0,-0.25,1.53,-0.93,1.49,0.28,8.0,8.37,73.6,0,0,Distinction,0
STU0090,2021-22,SEM_2021-22_8,8,2024-25,ECE,B.TECH,General,78.36,Paid,16,4,1,8.0,8.37,97.39,0.0,0,79.33,77.03,0,0,82.27,76.25,0,0,83.25,76.09,0,0,2.93,0.98,-0.78,-0.17,-0.47,8.0,8.32,75.53,0,0,Distinction,0
STU0091,2021-22,SEM_2021-22_1,1,2021-22,AIML,B.TECH,SC,95.26,Paid,20,5,0,,,,,0,79.4,65.77,0,0,79.68,65.96,0,0,81.88,68.35,0,1,0.28,2.2,0.18,2.39,1.29,7.2,7.2,68.61,0,0,First Class,0
STU0091,2021-22,SEM_2021-22_2,2,2021-22,AIML,B.TECH,SC,95.26,Paid,20,5,1,7.2,7.2,81.88,0.0,0,77.64,69.45,0,1,77.88,70.13,0,1,75.61,67.13,1,2,0.24,-2.27,0.68,-3.0,-1.16,7.0,7.1,64.54,0,0,First Class,0
STU0091,2021-22,SEM_2021-22_3,3,2022-23,AIML,B.TECH,SC,95.26,Paid,24,6,1,7.0,7.1,75.61,0.0,0,85.32,71.7,0,0,84.59,70.09,0,0,85.14,68.76,0,0,-0.72,0.55,-1.61,-1.33,-1.47,7.33,7.18,67.95,0,0,First Class,0
STU0091,2021-22,SEM_2021-22_4,4,2022-23,AIML,B.TECH,SC,95.26,Paid,24,6,1,7.33,7.18,85.14,0.0,0,76.86,81.97,0,2,75.0,79.51,0,3,74.44,77.76,0,2,-1.86,-0.55,-2.46,-1.75,-2.11,8.0,7.38,75.82,0,0,Distinction,0
STU0091,2021-22,SEM_2021-22_5,5,2023-24,AIML,B.TECH,SC,95.26,Paid,24,6,1,8.0,7.38,74.44,0.0,0,85.84,73.67,0,0,84.72,73.81,0,0,85.46,74.76,0,0,-1.12,0.75,0.15,0.95,0.55,8.0,7.51,74.48,0,0,Distinction,0
STU0091,2021-22,SEM_2021-22_6,6,2023-24,AIML,B.TECH,SC,95.26,Paid,24,6,1,8.0,7.51,85.46,0.0,0,83.91,73.48,0,0,83.27,74.59,0,1,83.35,72.55,0,0,-0.63,0.08,1.11,-2.04,-0.47,8.0,7.59,74.74,0,0,Distinction,0
STU0091,2021-22,SEM_2021-22_7,7,2024-25,AIML,B.TECH,SC,95.26,Paid,20,5,1,8.0,7.59,83.35,0.0,0,81.47,77.59,0,1,79.38,76.6,0,1,81.52,73.5,0,1,-2.09,2.13,-0.99,-3.09,-2.04,7.8,7.62,72.79,0,0,First Class,0
STU0091,2021-22,SEM_2021-22_8,8,2024-25,AIML,B.TECH,SC,95.26,Paid,16,4,1,7.8,7.62,81.52,0.0,0,79.01,83.43,0,0,80.66,81.78,0,0,80.59,83.13,0,1,1.64,-0.06,-1.65,1.36,-0.15,9.0,7.79,83.39,0,0,Distinction,0
STU0092,2021-22,SEM_2021-22_1,1,2021-22,DS,B.TECH,NRI,71.06,Paid,20,5,0,,,,,0,85.62,95.52,0,0,86.39,94.33,0,0,86.92,92.81,0,0,0.77,0.54,-1.19,-1.53,-1.36,9.6,9.6,92.27,0,0,Distinction,0
STU0092,2021-22,SEM_2021-22_2,2,2021-22,DS,B.TECH,NRI,71.06,Paid,20,5,1,9.6,9.6,86.92,0.0,0,90.65,93.68,0,0,89.86,93.93,0,0,86.04,92.39,0,0,-0.8,-3.82,0.25,-1.54,-0.64,10.0,9.8,94.94,0,0,Distinction,0
STU0092,2021-22,SEM_2021-22_3,3,2022-23,DS,B.TECH,NRI,71.06,Paid,24,6,1,10.0,9.8,86.04,0.0,0,92.35,96.46,0,0,91.3,95.01,0,0,91.64,93.99,0,0,-1.06,0.35,-1.45,-1.02,-1.24,9.83,9.81,93.46,0,0,Distinction,0
STU0092,2021-22,SEM_2021-22_4,4,2022-23,DS,B.TECH,NRI,71.06,Paid,24,6,1,9.83,9.81,91.64,0.0,0,94.49,89.49,0,0,93.98,89.06,0,0,95.95,90.49,0,0,-0.52,1.98,-0.43,1.42,0.5,9.5,9.73,90.44,0,0,Distinction,0
STU0092,2021-22,SEM_2021-22_5,5,2023-24,DS,B.TECH,NRI,71.06,Paid,24,6,1,9.5,9.73,95.95,0.0,0,93.01,94.8,0,0,92.61,95.19,0,0,92.33,94.11,0,0,-0.4,-0.28,0.39,-1.08,-0.34,9.67,9.72,94.14,0,0,Distinction,0
STU0092,2021-22,SEM_2021-22_6,6,2023-24,DS,B.TECH,NRI,71.06,Paid,24,6,1,9.67,9.72,92.33,0.0,0,94.15,86.27,0,0,95.46,86.09,0,0,94.25,86.83,0,0,1.31,-1.21,-0.18,0.74,0.28,9.5,9.68,87.34,0,0,Distinction,0
STU0092,2021-22,SEM_2021-22_7,7,2024-25,DS,B.TECH,NRI,71.06,Paid,20,5,1,9.5,9.68,94.25,0.0,0,90.77,85.67,0,0,91.35,84.25,0,0,92.8,85.32,0,0,0.58,1.45,-1.41,1.07,-0.17,9.2,9.61,86.67,0,0,Distinction,0
STU0092,2021-22,SEM_2021-22_8,8,2024-25,DS,B.TECH,NRI,71.06,Overdue,16,4,1,9.2,9.61,92.8,0.0,0,90.49,84.43,0,0,93.11,85.13,0,0,92.47,84.53,0,0,2.62,-0.64,0.7,-0.6,0.05,9.0,9.54,85.6,0,0,Distinction,0
STU0093,2021-22,SEM_2021-22_1,1,2021-22,CSE,B.TECH,General,50.99,Paid,20,5,0,,,,,0,85.45,86.51,0,0,86.23,81.81,0,0,86.48,81.35,0,0,0.78,0.25,-4.7,-0.46,-2.58,8.4,8.4,82.08,0,0,Distinction,0
STU0093,2021-22,SEM_2021-22_2,2,2021-22,CSE,B.TECH,General,50.99,Paid,20,5,1,8.4,8.4,86.48,0.0,0,87.2,92.99,0,0,89.18,91.3,0,0,86.93,92.12,0,0,1.98,-2.24,-1.69,0.82,-0.43,9.2,8.8,89.45,0,0,Distinction,0
STU0093,2021-22,SEM_2021-22_3,3,2022-23,CSE,B.TECH,General,50.99,Partial,24,6,1,9.2,8.8,86.93,0.0,0,87.02,86.36,0,0,89.32,85.96,0,0,87.04,84.35,0,0,2.3,-2.28,-0.4,-1.61,-1.01,8.67,8.76,82.81,0,0,Distinction,0
STU0093,2021-22,SEM_2021-22_4,4,2022-23,CSE,B.TECH,General,50.99,Paid,24,6,1,8.67,8.76,87.04,0.0,0,88.98,79.32,0,0,89.34,80.26,0,0,89.08,80.88,0,0,0.35,-0.26,0.94,0.62,0.78,8.67,8.73,80.72,0,0,Distinction,0
STU0093,2021-22,SEM_2021-22_5,5,2023-24,CSE,B.TECH,General,50.99,Partial,24,6,1,8.67,8.73,89.08,0.0,0,85.38,91.95,0,0,87.39,88.23,0,0,86.5,90.85,0,0,2.02,-0.89,-3.72,2.62,-0.55,9.33,8.85,89.51,0,0,Distinction,0
STU0093,2021-22,SEM_2021-22_6,6,2023-24,CSE,B.TECH,General,50.99,Paid,24,6,1,9.33,8.85,86.5,0.0,0,85.44,92.51,0,0,86.36,92.0,0,0,85.93,89.91,0,0,0.92,-0.42,-0.51,-2.09,-1.3,9.33,8.93,89.13,0,0,Distinction,0
STU0093,2021-22,SEM_2021-22_7,7,2024-25,CSE,B.TECH,General,50.99,Paid,20,5,1,9.33,8.93,85.93,0.0,0,87.03,94.57,0,0,86.83,92.93,0,0,84.82,92.34,0,0,-0.2,-2.0,-1.64,-0.58,-1.11,9.6,9.03,92.57,0,0,Distinction,0
STU0093,2021-22,SEM_2021-22_8,8,2024-25,CSE,B.TECH,General,50.99,Partial,16,4,1,9.6,9.03,84.82,0.0,0,87.67,90.44,0,0,90.8,90.63,0,0,89.34,91.61,0,0,3.13,-1.46,0.19,0.99,0.59,9.5,9.09,91.34,0,0,Distinction,0
STU0094,2021-22,SEM_2021-22_1,1,2021-22,ECE,B.TECH,ST,60.74,Paid,20,5,0,,,,,0,82.69,94.16,0,1,82.0,96.65,0,1,82.97,95.54,0,2,-0.69,0.97,2.49,-1.11,0.69,9.8,9.8,97.34,0,0,Distinction,0
STU0094,2021-22,SEM_2021-22_2,2,2021-22,ECE,B.TECH,ST,60.74,Paid,20,5,1,9.8,9.8,82.97,0.0,0,92.2,90.73,0,0,91.51,92.29,0,0,91.0,90.26,0,0,-0.69,-0.51,1.55,-2.02,-0.23,9.4,9.6,86.48,0,0,Distinction,0
STU0094,2021-22,SEM_2021-22_3,3,2022-23,ECE,B.TECH,ST,60.74,Paid,24,6,1,9.4,9.6,91.0,0.0,0,90.94,95.39,0,0,92.0,94.09,0,0,92.19,91.67,0,0,1.06,0.19,-1.3,-2.42,-1.86,9.83,9.68,91.69,0,0,Distinction,0
STU0094,2021-22,SEM_2021-22_4,4,2022-23,ECE,B.TECH,ST,60.74,Partial,24,6,1,9.83,9.68,92.19,0.0,0,91.26,90.79,0,0,91.99,90.8,0,0,90.58,89.14,0,0,0.73,-1.41,0.01,-1.65,-0.82,9.5,9.63,89.61,0,0,Distinction,0
STU0094,2021-22,SEM_2021-22_5,5,2023-24,ECE,B.TECH,ST,60.74,Paid,24,6,1,9.5,9.63,90.58,0.0,0,89.41,88.76,0,0,90.3,91.62,0,0,89.01,92.58,0,0,0.89,-1.28,2.86,0.96,1.91,9.5,9.61,92.52,0,0,Distinction,0
STU0094,2021-22,SEM_2021-22_6,6,2023-24,ECE,B.TECH,ST,60.74,Paid,24,6,1,9.5,9.61,89.01,0.0,0,91.68,93.89,0,0,91.48,94.08,0,0,90.77,94.01,0,0,-0.19,-0.71,0.19,-0.07,0.06,9.83,9.64,94.76,0,0,Distinction,0
STU0094,2021-22,SEM_2021-22_7,7,2024-25,ECE,B.TECH,ST,60.74,Paid,20,5,1,9.83,9.64,90.77,0.0,0,84.41,95.63,0,0,84.7,92.21,0,0,81.77,92.28,0,0,0.28,-2.93,-3.42,0.07,-1.68,9.6,9.64,92.42,0,0,Distinction,0
STU0094,2021-22,SEM_2021-22_8,8,2024-25,ECE,B.TECH,ST,60.74,Paid,16,4,1,9.6,9.64,81.77,0.0,0,87.76,92.73,0,0,91.12,92.76,0,0,92.62,89.59,0,0,3.36,1.5,0.03,-3.17,-1.57,9.25,9.59,86.8,0,0,Distinction,0
STU0095,2021-22,SEM_2021-22_1,1,2021-22,AIML,B.TECH,General,86.71,Paid,20,5,0,,,,,0,71.57,65.64,0,3,73.01,68.62,0,4,76.37,68.63,0,2,1.43,3.36,2.98,0.01,1.5,7.0,7.0,66.67,0,0,First Class,0
STU0095,2021-22,SEM_2021-22_2,2,2021-22,AIML,B.TECH,General,86.71,Paid,20,5,1,7.0,7.0,76.37,0.0,0,77.99,56.4,1,2,74.45,53.86,1,3,75.27,53.83,2,3,-3.53,0.82,-2.54,-0.03,-1.28,5.8,6.4,54.19,0,0,Pass,1
STU0095,2021-22,SEM_2021-22_3,3,2022-23,AIML,B.TECH,General,86.71,Paid,24,6,1,5.8,6.4,75.27,0.0,0,76.77,61.98,0,1,78.69,60.57,0,1,75.18,59.17,0,3,1.92,-3.5,-1.41,-1.4,-1.4,6.17,6.32,57.75,0,0,Second Class,0
STU0095,2021-22,SEM_2021-22_4,4,2022-23,AIML,B.TECH,General,86.71,Overdue,24,6,1,6.17,6.32,75.18,0.0,0,82.68,52.63,2,0,80.25,53.38,1,0,82.25,52.75,2,0,-2.43,2.0,0.75,-0.62,0.06,5.17,6.03,53.62,1,1,Fail,1
STU0095,2021-22,SEM_2021-22_5,5,2023-24,AIML,B.TECH,General,86.71,Partial,24,6,1,5.17,6.03,82.25,1.0,1,77.77,59.95,1,1,76.09,60.17,1,3,75.17,58.64,2,3,-1.68,-0.92,0.22,-1.53,-0.65,6.5,6.13,58.86,0,0,First Class,0
STU0095,2021-22,SEM_2021-22_6,6,2023-24,AIML,B.TECH,General,86.71,Paid,24,6,1,6.5,6.13,75.17,0.0,1,82.33,58.83,0,1,83.66,56.86,1,1,84.63,55.38,2,0,1.33,0.97,-1.97,-1.48,-1.73,6.17,6.13,56.43,0,0,Second Class,0
STU0095,2021-22,SEM_2021-22_7,7,2024-25,AIML,B.TECH,General,86.71,Paid,20,5,1,6.17,6.13,84.63,0.0,1,82.42,61.14,0,0,83.14,60.53,1,0,83.96,58.93,1,0,0.72,0.82,-0.61,-1.6,-1.11,6.4,6.17,59.06,0,0,Second Class,0
STU0095,2021-22,SEM_2021-22_8,8,2024-25,AIML,B.TECH,General,86.71,Paid,16,4,1,6.4,6.17,83.96,0.0,1,74.78,61.62,0,3,71.85,56.34,1,3,70.6,60.12,1,4,-2.93,-1.25,-5.27,3.77,-0.75,6.5,6.21,61.51,0,0,First Class,0
STU0096,2021-22,SEM_2021-22_1,1,2021-22,DS,B.TECH,General,90.71,Paid,20,5,0,,,,,0,85.05,71.92,0,0,83.23,72.48,0,0,84.66,69.79,0,0,-1.82,1.43,0.56,-2.69,-1.06,7.4,7.4,68.07,0,0,First Class,0
STU0096,2021-22,SEM_2021-22_2,2,2021-22,DS,B.TECH,General,90.71,Partial,20,5,1,7.4,7.4,84.66,0.0,0,89.22,74.92,0,0,90.85,71.64,0,0,90.46,70.96,0,0,1.63,-0.39,-3.28,-0.68,-1.98,7.8,7.6,72.03,0,0,First Class,0
STU0096,2021-22,SEM_2021-22_3,3,2022-23,DS,B.TECH,General,90.71,Paid,24,6,1,7.8,7.6,90.46,0.0,0,84.18,77.73,0,0,81.83,78.14,0,1,80.89,79.05,0,1,-2.35,-0.94,0.41,0.92,0.66,8.17,7.79,78.61,0,0,Distinction,0
STU0096,2021-22,SEM_2021-22_4,4,2022-23,DS,B.TECH,General,90.71,Paid,24,6,1,8.17,7.79,80.89,0.0,0,90.48,78.34,0,0,91.37,80.12,0,0,90.18,80.73,0,0,0.89,-1.19,1.78,0.61,1.19,8.0,7.84,77.32,0,0,Distinction,0
STU0096,2021-22,SEM_2021-22_5,5,2023-24,DS,B.TECH,General,90.71,Paid,24,6,1,8.0,7.84,90.18,0.0,0,87.88,71.57,0,0,87.92,74.75,0,0,91.15,74.68,0,0,0.05,3.23,3.18,-0.07,1.55,8.0,7.87,73.6,0,0,Distinction,0
STU0096,2021-22,SEM_2021-22_6,6,2023-24,DS,B.TECH,General,90.71,Overdue,24,6,1,8.0,7.87,91.15,0.0,0,85.02,78.49,0,0,87.39,79.3,0,0,87.66,81.1,0,0,2.36,0.28,0.81,1.8,1.3,8.5,7.98,80.35,0,0,Distinction,0
STU0096,2021-22,SEM_2021-22_7,7,2024-25,DS,B.TECH,General,90.71,Paid,20,5,1,8.5,7.98,87.66,0.0,0,89.6,79.71,0,0,87.99,79.91,0,0,88.3,80.02,0,0,-1.61,0.31,0.2,0.11,0.16,8.6,8.07,82.29,0,0,Distinction,0
STU0096,2021-22,SEM_2021-22_8,8,2024-25,DS,B.TECH,General,90.71,Partial,16,4,1,8.6,8.07,88.3,0.0,0,92.02,77.47,0,0,91.16,75.97,0,0,90.38,77.98,0,0,-0.86,-0.78,-1.5,2.0,0.25,8.5,8.12,78.63,0,0,Distinction,0
STU0097,2021-22,SEM_2021-22_1,1,2021-22,CSE,B.TECH,General,62.98,Paid,20,5,0,,,,,0,41.96,45.78,3,5,48.55,51.9,2,5,55.82,59.1,1,5,6.59,7.27,6.12,7.2,6.66,6.4,6.4,58.06,0,0,Second Class,0
STU0097,2021-22,SEM_2021-22_2,2,2021-22,CSE,B.TECH,General,62.98,Paid,20,5,1,6.4,6.4,55.82,0.0,0,63.93,63.13,0,5,70.88,70.99,0,5,79.05,78.51,0,0,6.95,8.17,7.85,7.52,7.69,8.4,7.4,77.84,0,0,Distinction,0
STU0097,2021-22,SEM_2021-22_3,3,2022-23,CSE,B.TECH,General,62.98,Overdue,24,6,1,8.4,7.4,79.05,0.0,0,60.56,60.59,0,6,67.78,66.79,0,6,74.19,74.12,0,4,7.22,6.4,6.21,7.33,6.77,8.33,7.71,78.2,0,0,Distinction,0
STU0097,2021-22,SEM_2021-22_4,4,2022-23,CSE,B.TECH,General,62.98,Paid,24,6,1,8.33,7.71,74.19,0.0,0,67.85,67.43,0,6,73.67,74.88,0,5,80.51,81.42,0,0,5.82,6.83,7.45,6.55,7.0,8.67,7.95,80.58,0,0,Distinction,0
STU0097,2021-22,SEM_2021-22_5,5,2023-24,CSE,B.TECH,General,62.98,Paid,24,6,1,8.67,7.95,80.51,0.0,0,64.46,75.05,0,6,70.72,82.15,0,5,77.45,88.59,0,2,6.26,6.73,7.1,6.44,6.77,9.33,8.23,89.83,0,0,Distinction,0
STU0097,2021-22,SEM_2021-22_6,6,2023-24,CSE,B.TECH,General,62.98,Paid,24,6,1,9.33,8.23,77.45,0.0,0,70.55,69.15,0,6,76.5,75.78,0,2,82.39,81.2,0,0,5.95,5.89,6.63,5.42,6.03,8.5,8.27,80.5,0,0,Distinction,0
STU0097,2021-22,SEM_2021-22_7,7,2024-25,CSE,B.TECH,General,62.98,Paid,20,5,1,8.5,8.27,82.39,0.0,0,70.05,64.78,0,5,75.27,70.01,0,1,83.2,78.65,0,0,5.22,7.93,5.23,8.64,6.94,8.4,8.29,78.5,0,0,Distinction,0
STU0097,2021-22,SEM_2021-22_8,8,2024-25,CSE,B.TECH,General,62.98,Paid,16,4,1,8.4,8.29,83.2,0.0,0,67.22,71.56,0,4,73.61,78.61,0,3,80.52,83.78,0,0,6.4,6.91,7.06,5.17,6.11,9.0,8.38,84.36,0,0,Distinction,0
STU0098,2021-22,SEM_2021-22_1,1,2021-22,ECE,B.TECH,General,68.25,Paid,20,5,0,,,,,0,47.25,42.37,5,5,54.24,48.78,3,5,60.86,57.43,0,5,6.99,6.62,6.41,8.64,7.53,6.6,6.6,59.33,0,0,First Class,0
STU0098,2021-22,SEM_2021-22_2,2,2021-22,ECE,B.TECH,General,68.25,Paid,20,5,1,6.6,6.6,60.86,0.0,0,67.02,48.05,3,5,73.05,54.05,3,3,80.41,61.03,1,0,6.02,7.36,6.0,6.98,6.49,6.2,6.4,58.92,0,0,Second Class,0
STU0098,2021-22,SEM_2021-22_3,3,2022-23,ECE,B.TECH,General,68.25,Paid,24,6,1,6.2,6.4,80.41,0.0,0,76.71,57.24,1,1,81.73,63.78,0,0,88.53,70.31,0,0,5.02,6.79,6.55,6.53,6.54,7.67,6.82,71.69,0,0,First Class,0
STU0098,2021-22,SEM_2021-22_4,4,2022-23,ECE,B.TECH,General,68.25,Paid,24,6,1,7.67,6.82,88.53,0.0,0,79.27,64.44,0,0,86.56,70.66,0,0,94.25,78.07,0,0,7.29,7.69,6.22,7.41,6.82,8.5,7.24,78.19,0,0,Distinction,0
STU0098,2021-22,SEM_2021-22_5,5,2023-24,ECE,B.TECH,General,68.25,Paid,24,6,1,8.5,7.24,94.25,0.0,0,77.69,56.29,0,0,83.87,62.51,0,0,91.01,69.19,0,0,6.18,7.14,6.22,6.68,6.45,7.33,7.26,69.47,0,0,First Class,0
STU0098,2021-22,SEM_2021-22_6,6,2023-24,ECE,B.TECH,General,68.25,Paid,24,6,1,7.33,7.26,91.01,0.0,0,74.41,57.0,1,4,80.01,63.59,0,0,86.85,69.9,0,0,5.6,6.84,6.59,6.31,6.45,7.67,7.33,70.98,0,0,First Class,0
STU0098,2021-22,SEM_2021-22_7,7,2024-25,ECE,B.TECH,General,68.25,Paid,20,5,1,7.67,7.33,86.85,0.0,0,81.14,59.38,2,0,86.89,66.39,0,0,92.96,73.16,0,0,5.75,6.07,7.01,6.77,6.89,8.0,7.42,73.85,0,0,Distinction,0
STU0098,2021-22,SEM_2021-22_8,8,2024-25,ECE,B.TECH,General,68.25,Paid,16,4,1,8.0,7.42,92.96,0.0,0,71.56,65.07,1,4,78.08,71.17,0,1,84.04,78.3,0,0,6.52,5.96,6.1,7.13,6.61,8.5,7.56,79.45,0,0,Distinction,0
STU0099,2021-22,SEM_2021-22_1,1,2021-22,AIML,B.TECH,OBC,85.91,Paid,20,5,0,,,,,0,98.41,84.26,0,0,97.34,84.48,0,0,95.67,82.89,0,0,-1.07,-1.67,0.22,-1.59,-0.68,8.8,8.8,82.74,0,0,Distinction,0
STU0099,2021-22,SEM_2021-22_2,2,2021-22,AIML,B.TECH,OBC,85.91,Paid,20,5,1,8.8,8.8,95.67,0.0,0,96.46,76.26,0,0,93.69,76.12,0,0,92.94,76.15,0,0,-2.77,-0.74,-0.13,0.03,-0.05,8.6,8.7,78.32,0,0,Distinction,0
STU0099,2021-22,SEM_2021-22_3,3,2022-23,AIML,B.TECH,OBC,85.91,Paid,24,6,1,8.6,8.7,92.94,0.0,0,98.12,80.94,0,0,96.98,80.58,0,0,97.46,78.48,0,0,-1.14,0.47,-0.36,-2.1,-1.23,8.33,8.58,79.59,0,0,Distinction,0
STU0099,2021-22,SEM_2021-22_4,4,2022-23,AIML,B.TECH,OBC,85.91,Paid,24,6,1,8.33,8.58,97.46,0.0,0,98.48,83.56,0,0,97.04,84.43,0,0,95.15,81.02,0,0,-1.44,-1.89,0.87,-3.41,-1.27,8.83,8.64,82.99,0,0,Distinction,0
STU0099,2021-22,SEM_2021-22_5,5,2023-24,AIML,B.TECH,OBC,85.91,Paid,24,6,1,8.83,8.64,95.15,0.0,0,99.0,90.26,0,0,96.73,88.66,0,0,96.31,91.03,0,0,-2.27,-0.43,-1.59,2.37,0.39,9.33,8.78,90.8,0,0,Distinction,0
STU0099,2021-22,SEM_2021-22_6,6,2023-24,AIML,B.TECH,OBC,85.91,Paid,24,6,1,9.33,8.78,96.31,0.0,0,94.87,75.56,0,0,92.83,72.96,0,0,90.74,75.52,0,0,-2.05,-2.08,-2.6,2.56,-0.02,7.83,8.62,74.87,0,0,First Class,0
STU0099,2021-22,SEM_2021-22_7,7,2024-25,AIML,B.TECH,OBC,85.91,Paid,20,5,1,7.83,8.62,90.74,0.0,0,97.78,73.56,0,0,96.49,75.89,0,0,96.73,73.46,0,0,-1.3,0.24,2.33,-2.43,-0.05,7.8,8.5,73.66,0,0,First Class,0
STU0099,2021-22,SEM_2021-22_8,8,2024-25,AIML,B.TECH,OBC,85.91,Paid,16,4,1,7.8,8.5,96.73,0.0,0,97.47,72.47,0,0,96.59,69.41,0,0,96.71,67.34,0,0,-0.88,0.12,-3.06,-2.06,-2.56,7.5,8.38,70.39,0,0,First Class,0
STU0100,2021-22,SEM_2021-22_1,1,2021-22,DS,B.TECH,NRI,99.39,Overdue,20,5,0,,,,,0,77.94,60.89,0,1,70.59,54.12,1,5,64.52,49.21,2,5,-7.35,-6.08,-6.77,-4.9,-5.84,4.8,4.8,49.62,1,1,Fail,1
STU0100,2021-22,SEM_2021-22_2,2,2021-22,DS,B.TECH,NRI,99.39,Partial,20,5,1,4.8,4.8,64.52,1.0,1,78.5,62.18,1,1,72.39,55.74,2,3,65.45,50.69,3,5,-6.11,-6.94,-6.44,-5.06,-5.75,5.6,5.2,51.93,0,0,Pass,1
STU0100,2021-22,SEM_2021-22_3,3,2022-23,DS,B.TECH,NRI,99.39,Paid,24,6,1,5.6,5.2,65.45,0.0,1,78.37,47.45,3,1,71.12,40.94,6,5,64.85,35.5,6,6,-7.25,-6.28,-6.51,-5.44,-5.98,0.0,3.47,34.38,6,2+,Fail,1
STU0100,2021-22,SEM_2021-22_4,4,2022-23,DS,B.TECH,NRI,99.39,Partial,24,6,1,0.0,3.47,64.85,6.0,7,74.24,51.58,3,4,66.97,45.6,4,6,61.47,39.85,4,6,-7.27,-5.5,-5.98,-5.75,-5.86,2.17,3.14,40.48,4,2+,Fail,1
STU0100,2021-22,SEM_2021-22_5,5,2023-24,DS,B.TECH,NRI,99.39,Paid,24,6,1,2.17,3.14,61.47,4.0,11,59.62,40.27,6,6,52.63,33.62,6,6,47.01,28.7,6,6,-6.99,-5.61,-6.64,-4.93,-5.79,0.0,2.51,27.17,6,2+,Fail,1
STU0100,2021-22,SEM_2021-22_6,6,2023-24,DS,B.TECH,NRI,99.39,Paid,24,6,1,0.0,2.51,47.01,6.0,17,63.72,45.39,3,6,57.55,38.55,5,6,52.02,32.39,6,6,-6.17,-5.53,-6.84,-6.17,-6.5,1.67,2.37,32.52,4,2+,Fail,1
STU0100,2021-22,SEM_2021-22_7,7,2024-25,DS,B.TECH,NRI,99.39,Paid,20,5,1,1.67,2.37,52.02,4.0,21,65.3,34.07,5,5,58.87,27.54,5,5,52.4,21.0,5,5,-6.43,-6.47,-6.53,-6.54,-6.53,0.0,2.03,20.03,5,2+,Fail,1
STU0100,2021-22,SEM_2021-22_8,8,2024-25,DS,B.TECH,NRI,99.39,Paid,16,4,1,0.0,2.03,52.4,5.0,26,60.8,36.3,4,4,55.04,29.71,4,4,48.19,25.86,4,4,-5.75,-6.85,-6.6,-3.85,-5.22,0.0,1.78,23.12,4,2+,Fail,1
STU0101,2021-22,SEM_2021-22_1,1,2021-22,CSE,B.TECH,Management,90.59,Paid,20,5,0,,,,,0,49.78,43.15,3,5,55.35,50.4,3,5,63.56,57.19,1,5,5.58,8.21,7.25,6.79,7.02,6.0,6.0,56.16,0,0,Second Class,0
STU0101,2021-22,SEM_2021-22_2,2,2021-22,CSE,B.TECH,Management,90.59,Partial,20,5,1,6.0,6.0,63.56,0.0,0,66.93,60.73,0,5,74.48,67.85,0,3,80.53,74.1,0,0,7.55,6.05,7.11,6.25,6.68,7.8,6.9,71.85,0,0,First Class,0
STU0101,2021-22,SEM_2021-22_3,3,2022-23,CSE,B.TECH,Management,90.59,Paid,24,6,1,7.8,6.9,80.53,0.0,0,69.46,46.03,5,6,76.25,52.85,2,2,81.62,59.7,0,0,6.79,5.38,6.81,6.85,6.83,6.33,6.71,58.41,0,0,Second Class,0
STU0101,2021-22,SEM_2021-22_4,4,2022-23,CSE,B.TECH,Management,90.59,Partial,24,6,1,6.33,6.71,81.62,0.0,0,73.01,57.12,0,4,79.43,63.77,0,0,86.45,70.24,0,0,6.42,7.02,6.65,6.47,6.56,7.83,6.99,71.86,0,0,First Class,0
STU0101,2021-22,SEM_2021-22_5,5,2023-24,CSE,B.TECH,Management,90.59,Paid,24,6,1,7.83,6.99,86.45,0.0,0,76.48,58.51,0,1,83.45,64.85,0,0,90.03,71.36,0,0,6.97,6.57,6.34,6.51,6.42,7.33,7.06,69.98,0,0,First Class,0
STU0101,2021-22,SEM_2021-22_6,6,2023-24,CSE,B.TECH,Management,90.59,Paid,24,6,1,7.33,7.06,90.03,0.0,0,69.83,51.1,2,6,76.37,58.33,0,1,83.36,65.44,0,0,6.55,6.99,7.23,7.11,7.17,7.33,7.11,66.87,0,0,First Class,0
STU0101,2021-22,SEM_2021-22_7,7,2024-25,CSE,B.TECH,Management,90.59,Paid,20,5,1,7.33,7.11,83.36,0.0,0,70.78,59.68,0,5,76.98,66.51,0,1,83.68,73.85,0,0,6.2,6.7,6.83,7.34,7.09,8.0,7.23,73.73,0,0,Distinction,0
STU0101,2021-22,SEM_2021-22_8,8,2024-25,CSE,B.TECH,Management,90.59,Paid,16,4,1,8.0,7.23,83.68,0.0,0,76.23,62.52,1,2,81.36,67.92,0,0,89.15,73.14,0,0,5.13,7.79,5.4,5.22,5.31,7.75,7.3,72.26,0,0,First Class,0
STU0102,2021-22,SEM_2021-22_1,1,2021-22,ECE,B.TECH,SC,87.14,Paid,20,5,0,,,,,0,76.65,76.51,0,2,76.18,76.07,0,2,73.6,78.19,0,3,-0.47,-2.58,-0.44,2.11,0.84,8.4,8.4,77.33,0,0,Distinction,0
STU0102,2021-22,SEM_2021-22_2,2,2021-22,ECE,B.TECH,SC,87.14,Paid,20,5,1,8.4,8.4,73.6,0.0,0,90.07,86.04,0,0,89.89,83.99,0,0,89.7,84.89,0,0,-0.18,-0.19,-2.05,0.9,-0.57,9.0,8.7,86.57,0,0,Distinction,0
STU0102,2021-22,SEM_2021-22_3,3,2022-23,ECE,B.TECH,SC,87.14,Paid,24,6,1,9.0,8.7,89.7,0.0,0,82.29,82.13,0,1,85.33,80.76,0,0,82.02,79.13,0,0,3.04,-3.31,-1.37,-1.64,-1.5,8.33,8.58,80.32,0,0,Distinction,0
STU0102,2021-22,SEM_2021-22_4,4,2022-23,ECE,B.TECH,SC,87.14,Paid,24,6,1,8.33,8.58,82.02,0.0,0,80.34,80.95,0,1,81.38,77.11,0,1,82.2,75.54,0,1,1.04,0.82,-3.84,-1.57,-2.71,7.83,8.39,74.39,0,0,First Class,0
STU0102,2021-22,SEM_2021-22_5,5,2023-24,ECE,B.TECH,SC,87.14,Paid,24,6,1,7.83,8.39,82.2,0.0,0,86.08,85.51,0,0,88.4,84.97,0,0,87.92,85.55,0,1,2.31,-0.48,-0.54,0.58,0.02,9.0,8.51,86.34,0,0,Distinction,0
STU0102,2021-22,SEM_2021-22_6,6,2023-24,ECE,B.TECH,SC,87.14,Paid,24,6,1,9.0,8.51,87.92,0.0,0,83.1,75.89,0,0,84.3,77.67,0,0,83.56,81.68,0,0,1.2,-0.74,1.77,4.01,2.89,8.33,8.48,78.67,0,0,Distinction,0
STU0102,2021-22,SEM_2021-22_7,7,2024-25,ECE,B.TECH,SC,87.14,Paid,20,5,1,8.33,8.48,83.56,0.0,0,85.83,77.59,0,0,86.59,79.35,0,0,86.91,79.78,0,1,0.76,0.32,1.76,0.43,1.1,8.4,8.47,79.48,0,0,Distinction,0
STU0102,2021-22,SEM_2021-22_8,8,2024-25,ECE,B.TECH,SC,87.14,Partial,16,4,1,8.4,8.47,86.91,0.0,0,86.25,80.84,0,0,83.44,79.17,0,1,84.16,76.84,0,0,-2.81,0.72,-1.67,-2.33,-2.0,8.25,8.44,77.32,0,0,Distinction,0
STU0103,2021-22,SEM_2021-22_1,1,2021-22,AIML,B.TECH,OBC,89.15,Paid,20,5,0,,,,,0,89.04,87.22,0,0,85.88,88.42,0,0,86.61,89.22,0,0,-3.16,0.73,1.2,0.8,1.0,9.2,9.2,88.29,0,0,Distinction,0
STU0103,2021-22,SEM_2021-22_2,2,2021-22,AIML,B.TECH,OBC,89.15,Paid,20,5,1,9.2,9.2,86.61,0.0,0,96.01,85.72,0,0,96.39,85.09,0,0,95.93,87.1,0,0,0.38,-0.46,-0.63,2.01,0.69,9.2,9.2,86.72,0,0,Distinction,0
STU0103,2021-22,SEM_2021-22_3,3,2022-23,AIML,B.TECH,OBC,89.15,Paid,24,6,1,9.2,9.2,95.93,0.0,0,88.29,94.41,0,0,87.63,90.88,0,0,87.41,90.24,0,1,-0.66,-0.22,-3.52,-0.64,-2.08,9.67,9.36,92.87,0,0,Distinction,0
STU0103,2021-22,SEM_2021-22_4,4,2022-23,AIML,B.TECH,OBC,89.15,Paid,24,6,1,9.67,9.36,87.41,0.0,0,88.54,87.04,0,0,88.33,88.18,0,0,87.6,88.62,0,0,-0.22,-0.72,1.14,0.44,0.79,9.17,9.31,88.41,0,0,Distinction,0
STU0103,2021-22,SEM_2021-22_5,5,2023-24,AIML,B.TECH,OBC,89.15,Paid,24,6,1,9.17,9.31,87.6,0.0,0,90.37,93.02,0,0,90.6,91.86,0,0,92.61,91.72,0,0,0.23,2.02,-1.16,-0.14,-0.65,9.67,9.38,90.61,0,0,Distinction,0
STU0103,2021-22,SEM_2021-22_6,6,2023-24,AIML,B.TECH,OBC,89.15,Paid,24,6,1,9.67,9.38,92.61,0.0,0,92.87,90.7,0,0,91.79,87.58,0,0,93.16,89.93,0,0,-1.08,1.37,-3.11,2.34,-0.38,9.33,9.37,88.36,0,0,Distinction,0
STU0103,2021-22,SEM_2021-22_7,7,2024-25,AIML,B.TECH,OBC,89.15,Paid,20,5,1,9.33,9.37,93.16,0.0,0,91.68,81.51,0,0,89.31,78.45,0,0,93.03,79.1,0,0,-2.38,3.73,-3.06,0.65,-1.21,8.4,9.23,76.51,0,0,Distinction,0
STU0103,2021-22,SEM_2021-22_8,8,2024-25,AIML,B.TECH,OBC,89.15,Paid,16,4,1,8.4,9.23,93.03,0.0,0,82.96,93.79,0,0,82.0,93.85,0,0,82.11,92.9,0,0,-0.96,0.11,0.05,-0.94,-0.45,9.75,9.3,91.09,0,0,Distinction,0
STU0104,2021-22,SEM_2021-22_1,1,2021-22,DS,B.TECH,General,72.04,Paid,20,5,0,,,,,0,80.71,80.21,0,0,80.84,81.58,0,1,79.78,82.77,0,1,0.13,-1.06,1.38,1.18,1.28,8.8,8.8,81.84,0,0,Distinction,0
STU0104,2021-22,SEM_2021-22_2,2,2021-22,DS,B.TECH,General,72.04,Partial,20,5,1,8.8,8.8,79.78,0.0,0,78.25,76.53,0,2,76.12,74.84,0,2,74.57,74.48,0,3,-2.13,-1.54,-1.69,-0.36,-1.02,7.8,8.3,74.69,0,0,First Class,0
STU0104,2021-22,SEM_2021-22_3,3,2022-23,DS,B.TECH,General,72.04,Paid,24,6,1,7.8,8.3,74.57,0.0,0,82.25,77.62,0,0,80.1,78.48,0,0,81.31,77.03,0,0,-2.15,1.21,0.86,-1.45,-0.3,8.17,8.26,78.0,0,0,Distinction,0
STU0104,2021-22,SEM_2021-22_4,4,2022-23,DS,B.TECH,General,72.04,Paid,24,6,1,8.17,8.26,81.31,0.0,0,86.01,77.14,0,0,85.37,80.68,0,0,86.31,81.93,0,0,-0.64,0.94,3.54,1.25,2.39,8.5,8.32,80.14,0,0,Distinction,0
STU0104,2021-22,SEM_2021-22_5,5,2023-24,DS,B.TECH,General,72.04,Paid,24,6,1,8.5,8.32,86.31,0.0,0,86.99,76.61,0,0,84.05,76.37,0,0,85.09,76.5,0,0,-2.93,1.03,-0.25,0.13,-0.06,8.0,8.25,75.89,0,0,Distinction,0
STU0104,2021-22,SEM_2021-22_6,6,2023-24,DS,B.TECH,General,72.04,Partial,24,6,1,8.0,8.25,85.09,0.0,0,86.93,76.32,0,0,85.42,73.13,0,0,86.55,72.73,0,0,-1.51,1.13,-3.18,-0.4,-1.79,8.0,8.21,72.93,0,0,Distinction,0
STU0104,2021-22,SEM_2021-22_7,7,2024-25,DS,B.TECH,General,72.04,Paid,20,5,1,8.0,8.21,86.55,0.0,0,80.56,76.1,0,0,80.22,78.54,0,0,79.69,75.33,1,1,-0.34,-0.53,2.44,-3.22,-0.39,8.2,8.21,76.3,0,0,Distinction,0
STU0104,2021-22,SEM_2021-22_8,8,2024-25,DS,B.TECH,General,72.04,Paid,16,4,1,8.2,8.21,79.69,0.0,0,82.06,71.93,0,0,82.47,73.71,0,0,80.88,76.66,0,1,0.41,-1.59,1.78,2.95,2.36,8.0,8.18,76.82,0,0,Distinction,0
STU0105,2021-22,SEM_2021-22_1,1,2021-22,CSE,B.TECH,General,89.91,Overdue,20,5,0,,,,,0,77.5,46.4,4,2,79.16,47.4,4,1,79.55,46.96,4,1,1.66,0.39,1.01,-0.44,0.28,5.4,5.4,47.73,0,0,Pass,1
STU0105,2021-22,SEM_2021-22_2,2,2021-22,CSE,B.TECH,General,89.91,Paid,20,5,1,5.4,5.4,79.55,0.0,0,65.84,48.37,2,5,64.2,47.53,2,5,64.54,48.3,2,5,-1.64,0.34,-0.84,0.77,-0.03,4.4,4.9,49.8,1,1,Fail,1
STU0105,2021-22,SEM_2021-22_3,3,2022-23,CSE,B.TECH,General,89.91,Paid,24,6,1,4.4,4.9,64.54,1.0,1,65.66,58.18,1,6,66.03,56.67,2,6,66.46,56.87,2,6,0.37,0.43,-1.51,0.2,-0.65,6.17,5.32,57.85,0,0,Second Class,0
STU0105,2021-22,SEM_2021-22_4,4,2022-23,CSE,B.TECH,General,89.91,Paid,24,6,1,6.17,5.32,66.46,0.0,1,80.51,50.4,3,1,79.7,50.46,2,1,78.6,52.52,2,2,-0.81,-1.1,0.06,2.06,1.06,5.67,5.41,51.56,0,0,Pass,1
STU0105,2021-22,SEM_2021-22_5,5,2023-24,CSE,B.TECH,General,89.91,Overdue,24,6,1,5.67,5.41,78.6,0.0,1,78.42,42.25,4,1,77.11,45.13,4,2,75.32,45.15,4,1,-1.31,-1.79,2.88,0.01,1.45,5.33,5.39,47.39,0,0,Pass,1
STU0105,2021-22,SEM_2021-22_6,6,2023-24,CSE,B.TECH,General,89.91,Paid,24,6,1,5.33,5.39,75.32,0.0,1,58.03,52.64,2,6,55.84,56.05,1,6,54.75,59.05,0,6,-2.19,-1.09,3.41,3.01,3.21,6.17,5.52,58.75,0,0,Second Class,0
STU0105,2021-22,SEM_2021-22_7,7,2024-25,CSE,B.TECH,General,89.91,Paid,20,5,1,6.17,5.52,54.75,0.0,1,71.81,47.92,3,4,73.24,48.23,2,3,72.84,49.41,2,4,1.42,-0.4,0.31,1.18,0.74,3.8,5.28,48.53,2,2+,Fail,1
STU0105,2021-22,SEM_2021-22_8,8,2024-25,CSE,B.TECH,General,89.91,Paid,16,4,1,3.8,5.28,72.84,2.0,3,69.03,39.48,4,4,68.45,39.74,4,4,65.62,41.7,4,4,-0.59,-2.82,0.26,1.97,1.11,4.0,5.12,42.32,1,1,Fail,1
STU0106,2021-22,SEM_2021-22_1,1,2021-22,ECE,B.TECH,General,93.83,Paid,20,5,0,,,,,0,77.69,41.38,5,2,70.14,34.46,5,5,64.59,28.06,5,5,-7.54,-5.56,-6.92,-6.4,-6.66,0.0,0.0,27.58,5,2+,Fail,1
STU0106,2021-22,SEM_2021-22_2,2,2021-22,ECE,B.TECH,General,93.83,Partial,20,5,1,0.0,0.0,64.59,5.0,5,63.87,51.53,2,5,56.17,45.25,3,5,49.72,39.19,4,5,-7.69,-6.45,-6.28,-6.06,-6.17,3.0,1.5,41.03,2,2+,Fail,1
STU0106,2021-22,SEM_2021-22_3,3,2022-23,ECE,B.TECH,General,93.83,Paid,24,6,1,3.0,1.5,49.72,2.0,7,66.69,53.03,3,6,59.96,46.09,4,6,53.83,40.15,4,6,-6.73,-6.13,-6.95,-5.94,-6.44,2.67,1.89,40.04,3,2+,Fail,1
STU0106,2021-22,SEM_2021-22_4,4,2022-23,ECE,B.TECH,General,93.83,Paid,24,6,1,2.67,1.89,53.83,3.0,10,65.02,44.94,5,6,58.1,38.15,6,6,52.56,33.14,6,6,-6.92,-5.55,-6.79,-5.01,-5.9,1.67,1.83,32.67,4,2+,Fail,1
STU0106,2021-22,SEM_2021-22_5,5,2023-24,ECE,B.TECH,General,93.83,Paid,24,6,1,1.67,1.83,52.56,4.0,14,62.72,31.17,6,6,56.36,24.66,6,6,50.67,19.18,6,6,-6.36,-5.69,-6.52,-5.48,-6.0,0.0,1.47,19.49,6,2+,Fail,1
STU0106,2021-22,SEM_2021-22_6,6,2023-24,ECE,B.TECH,General,93.83,Paid,24,6,1,0.0,1.47,50.67,6.0,20,49.6,47.18,4,6,41.98,39.48,6,6,36.7,33.94,6,6,-7.62,-5.29,-7.7,-5.54,-6.62,0.83,1.36,35.23,5,2+,Fail,1
STU0106,2021-22,SEM_2021-22_7,7,2024-25,ECE,B.TECH,General,93.83,Paid,20,5,1,0.83,1.36,36.7,5.0,25,64.01,38.79,5,5,57.47,31.85,5,5,49.69,26.29,5,5,-6.54,-7.79,-6.93,-5.56,-6.25,0.0,1.17,26.54,5,2+,Fail,1
STU0106,2021-22,SEM_2021-22_8,8,2024-25,ECE,B.TECH,General,93.83,Paid,16,4,1,0.0,1.17,49.69,5.0,30,53.06,32.84,4,4,45.45,27.35,4,4,40.12,21.72,4,4,-7.61,-5.33,-5.5,-5.63,-5.56,0.0,1.02,20.49,4,2+,Fail,1
STU0107,2021-22,SEM_2021-22_1,1,2021-22,AIML,B.TECH,OBC,78.77,Paid,20,5,0,,,,,0,92.41,68.44,0,0,92.1,65.58,0,0,92.53,68.02,0,0,-0.31,0.43,-2.86,2.44,-0.21,7.0,7.0,66.39,0,0,First Class,0
STU0107,2021-22,SEM_2021-22_2,2,2021-22,AIML,B.TECH,OBC,78.77,Paid,20,5,1,7.0,7.0,92.53,0.0,0,94.07,75.41,0,0,93.93,74.66,0,0,93.37,74.67,0,0,-0.14,-0.56,-0.74,0.0,-0.37,7.8,7.4,74.91,0,0,First Class,0
STU0107,2021-22,SEM_2021-22_3,3,2022-23,AIML,B.TECH,OBC,78.77,Paid,24,6,1,7.8,7.4,93.37,0.0,0,94.61,61.57,0,0,94.48,63.07,0,0,94.39,61.79,0,0,-0.13,-0.08,1.5,-1.28,0.11,7.0,7.27,64.29,0,0,First Class,0
STU0107,2021-22,SEM_2021-22_4,4,2022-23,AIML,B.TECH,OBC,78.77,Paid,24,6,1,7.0,7.27,94.39,0.0,0,96.13,66.38,0,0,95.93,61.9,1,0,95.53,62.74,1,0,-0.2,-0.4,-4.49,0.84,-1.82,6.5,7.08,60.54,0,0,First Class,0
STU0107,2021-22,SEM_2021-22_5,5,2023-24,AIML,B.TECH,OBC,78.77,Paid,24,6,1,6.5,7.08,95.53,0.0,0,92.42,72.9,0,0,91.83,70.34,1,0,90.62,70.23,1,0,-0.59,-1.21,-2.56,-0.11,-1.33,7.5,7.16,70.61,0,0,First Class,0
STU0107,2021-22,SEM_2021-22_6,6,2023-24,AIML,B.TECH,OBC,78.77,Partial,24,6,1,7.5,7.16,90.62,0.0,0,88.9,71.26,0,0,89.36,70.89,0,0,88.79,71.92,0,0,0.46,-0.58,-0.38,1.03,0.33,7.67,7.24,70.5,0,0,First Class,0
STU0107,2021-22,SEM_2021-22_7,7,2024-25,AIML,B.TECH,OBC,78.77,Paid,20,5,1,7.67,7.24,88.79,0.0,0,80.35,59.95,0,1,81.11,61.79,0,1,80.54,64.84,0,1,0.77,-0.57,1.84,3.05,2.44,7.2,7.24,66.48,0,0,First Class,0
STU0107,2021-22,SEM_2021-22_8,8,2024-25,AIML,B.TECH,OBC,78.77,Paid,16,4,1,7.2,7.24,80.54,0.0,0,92.63,66.63,0,0,90.25,67.09,0,0,93.3,68.3,1,0,-2.38,3.05,0.46,1.21,0.84,7.25,7.24,67.3,0,0,First Class,0
STU0108,2021-22,SEM_2021-22_1,1,2021-22,DS,B.TECH,Management,74.45,Paid,20,5,0,,,,,0,55.55,31.83,5,5,54.6,34.17,5,5,54.57,32.82,5,5,-0.95,-0.03,2.34,-1.36,0.49,1.2,1.2,33.26,4,2+,Fail,1
STU0108,2021-22,SEM_2021-22_2,2,2021-22,DS,B.TECH,Management,74.45,Paid,20,5,1,1.2,1.2,54.57,4.0,4,61.56,43.39,5,5,63.96,42.98,4,5,64.09,45.85,3,5,2.41,0.13,-0.41,2.87,1.23,3.6,2.4,46.3,2,2+,Fail,1
STU0108,2021-22,SEM_2021-22_3,3,2022-23,DS,B.TECH,Management,74.45,Overdue,24,6,1,3.6,2.4,64.09,2.0,6,59.9,43.59,5,6,61.33,40.59,6,6,60.28,42.54,5,6,1.43,-1.05,-2.99,1.95,-0.52,4.5,3.1,43.03,1,1,Fail,1
STU0108,2021-22,SEM_2021-22_4,4,2022-23,DS,B.TECH,Management,74.45,Paid,24,6,1,4.5,3.1,60.28,1.0,7,52.4,43.46,5,6,50.36,43.52,5,6,51.2,41.62,4,6,-2.03,0.84,0.06,-1.9,-0.92,2.67,2.99,41.15,3,2+,Fail,1
STU0108,2021-22,SEM_2021-22_5,5,2023-24,DS,B.TECH,Management,74.45,Paid,24,6,1,2.67,2.99,51.2,3.0,10,54.41,25.05,6,6,56.18,26.63,6,6,55.85,27.36,6,6,1.77,-0.33,1.58,0.73,1.15,0.0,2.39,27.9,6,2+,Fail,1
STU0108,2021-22,SEM_2021-22_6,6,2023-24,DS,B.TECH,Management,74.45,Paid,24,6,1,0.0,2.39,55.85,6.0,16,48.3,31.22,6,6,47.17,31.28,6,6,46.87,29.97,6,6,-1.13,-0.3,0.06,-1.31,-0.62,0.83,2.13,29.15,5,2+,Fail,1
STU0108,2021-22,SEM_2021-22_7,7,2024-25,DS,B.TECH,Management,74.45,Overdue,20,5,1,0.83,2.13,46.87,5.0,21,53.72,40.7,5,5,50.93,39.11,5,5,54.46,38.16,5,5,-2.79,3.53,-1.59,-0.95,-1.27,2.0,2.11,38.29,3,2+,Fail,1
STU0108,2021-22,SEM_2021-22_8,8,2024-25,DS,B.TECH,Management,74.45,Overdue,16,4,1,2.0,2.11,54.46,3.0,24,72.2,20.62,4,4,72.41,22.03,4,4,71.98,24.19,4,4,0.2,-0.42,1.42,2.16,1.79,0.0,1.85,21.94,4,2+,Fail,1
STU0109,2021-22,SEM_2021-22_1,1,2021-22,CSE,B.TECH,OBC,63.83,Paid,20,5,0,,,,,0,94.92,58.54,1,0,95.74,58.57,1,0,97.1,57.1,1,0,0.82,1.36,0.03,-1.47,-0.72,5.8,5.8,54.85,0,0,Pass,1
STU0109,2021-22,SEM_2021-22_2,2,2021-22,CSE,B.TECH,OBC,63.83,Paid,20,5,1,5.8,5.8,97.1,0.0,0,86.0,74.93,0,0,85.48,78.25,0,0,85.34,79.37,0,0,-0.52,-0.13,3.32,1.12,2.22,8.6,7.2,78.1,0,0,Distinction,0
STU0109,2021-22,SEM_2021-22_3,3,2022-23,CSE,B.TECH,OBC,63.83,Paid,24,6,1,8.6,7.2,85.34,0.0,0,93.3,69.6,0,0,94.52,68.28,0,0,93.77,70.81,0,0,1.21,-0.75,-1.32,2.53,0.61,7.5,7.3,69.19,0,0,First Class,0
STU0109,2021-22,SEM_2021-22_4,4,2022-23,CSE,B.TECH,OBC,63.83,Paid,24,6,1,7.5,7.3,93.77,0.0,0,94.87,66.42,1,0,94.23,65.9,0,0,93.49,67.91,1,0,-0.63,-0.74,-0.52,2.01,0.75,7.33,7.31,69.07,0,0,First Class,0
STU0109,2021-22,SEM_2021-22_5,5,2023-24,CSE,B.TECH,OBC,63.83,Paid,24,6,1,7.33,7.31,93.49,0.0,0,93.52,68.48,0,0,92.72,70.05,0,0,94.14,68.38,0,0,-0.8,1.41,1.57,-1.67,-0.05,7.5,7.35,68.78,0,0,First Class,0
STU0109,2021-22,SEM_2021-22_6,6,2023-24,CSE,B.TECH,OBC,63.83,Paid,24,6,1,7.5,7.35,94.14,0.0,0,85.32,72.56,0,0,85.1,76.0,0,0,86.21,77.31,0,0,-0.22,1.11,3.44,1.3,2.37,8.33,7.51,76.29,0,0,Distinction,0
STU0109,2021-22,SEM_2021-22_7,7,2024-25,CSE,B.TECH,OBC,63.83,Partial,20,5,1,8.33,7.51,86.21,0.0,0,93.2,63.85,0,0,92.38,63.31,1,0,92.47,66.23,1,0,-0.82,0.1,-0.54,2.91,1.19,7.4,7.5,65.67,0,0,First Class,0
STU0109,2021-22,SEM_2021-22_8,8,2024-25,CSE,B.TECH,OBC,63.83,Paid,16,4,1,7.4,7.5,92.47,0.0,0,85.34,77.08,0,0,86.45,77.58,0,0,86.32,80.83,0,0,1.1,-0.13,0.5,3.25,1.88,8.5,7.62,79.65,0,0,Distinction,0
STU0110,2021-22,SEM_2021-22_1,1,2021-22,ECE,B.TECH,General,53.83,Paid,20,5,0,,,,,0,74.87,86.27,0,3,76.38,88.0,0,2,73.78,85.28,0,4,1.5,-2.6,1.73,-2.71,-0.49,9.0,9.0,86.06,0,0,Distinction,0
STU0110,2021-22,SEM_2021-22_2,2,2021-22,ECE,B.TECH,General,53.83,Paid,20,5,1,9.0,9.0,73.78,0.0,0,79.61,77.17,0,1,79.04,76.27,0,1,77.8,77.98,0,1,-0.57,-1.25,-0.9,1.71,0.4,8.2,8.6,77.5,0,0,Distinction,0
STU0110,2021-22,SEM_2021-22_3,3,2022-23,ECE,B.TECH,General,53.83,Paid,24,6,1,8.2,8.6,77.8,0.0,0,77.94,85.37,0,1,78.92,86.39,0,1,79.09,86.25,0,0,0.99,0.16,1.03,-0.14,0.44,9.0,8.73,86.49,0,0,Distinction,0
STU0110,2021-22,SEM_2021-22_4,4,2022-23,ECE,B.TECH,General,53.83,Paid,24,6,1,9.0,8.73,79.09,0.0,0,69.48,87.37,0,5,72.16,87.08,0,4,71.7,86.72,0,5,2.68,-0.46,-0.29,-0.36,-0.32,9.0,8.8,85.02,0,0,Distinction,0
STU0110,2021-22,SEM_2021-22_5,5,2023-24,ECE,B.TECH,General,53.83,Paid,24,6,1,9.0,8.8,71.7,0.0,0,76.22,87.06,0,2,73.63,86.04,0,4,72.55,86.74,0,4,-2.6,-1.08,-1.02,0.7,-0.16,8.83,8.81,84.15,0,0,Distinction,0
STU0110,2021-22,SEM_2021-22_6,6,2023-24,ECE,B.TECH,General,53.83,Paid,24,6,1,8.83,8.81,72.55,0.0,0,76.18,88.12,0,4,76.76,88.39,0,1,78.16,87.06,0,2,0.58,1.4,0.27,-1.33,-0.53,9.33,8.89,85.41,0,0,Distinction,0
STU0110,2021-22,SEM_2021-22_7,7,2024-25,ECE,B.TECH,General,53.83,Paid,20,5,1,9.33,8.89,78.16,0.0,0,77.5,85.28,0,1,77.51,86.52,0,2,78.28,91.32,0,2,0.01,0.76,1.23,4.8,3.02,9.4,8.97,91.07,0,0,Distinction,0
STU0110,2021-22,SEM_2021-22_8,8,2024-25,ECE,B.TECH,General,53.83,Partial,16,4,1,9.4,8.97,78.28,0.0,0,78.83,87.28,0,0,75.61,88.91,0,2,75.08,89.1,0,2,-3.22,-0.53,1.63,0.19,0.91,9.25,9.0,87.16,0,0,Distinction,0
STU0111,2021-22,SEM_2021-22_1,1,2021-22,AIML,B.TECH,Management,83.69,Paid,20,5,0,,,,,0,88.0,65.59,0,0,85.41,62.33,1,0,86.54,62.82,2,0,-2.59,1.13,-3.26,0.49,-1.39,5.6,5.6,60.71,1,1,Fail,1
STU0111,2021-22,SEM_2021-22_2,2,2021-22,AIML,B.TECH,Management,83.69,Paid,20,5,1,5.6,5.6,86.54,1.0,1,82.62,58.51,1,0,82.83,61.44,0,0,81.86,61.04,0,1,0.21,-0.97,2.93,-0.4,1.26,6.6,6.1,59.98,0,0,First Class,0
STU0111,2021-22,SEM_2021-22_3,3,2022-23,AIML,B.TECH,Management,83.69,Paid,24,6,1,6.6,6.1,81.86,0.0,1,85.61,55.98,0,0,87.03,56.04,2,0,85.52,56.22,2,0,1.42,-1.52,0.06,0.18,0.12,6.17,6.12,56.16,0,0,Second Class,0
STU0111,2021-22,SEM_2021-22_4,4,2022-23,AIML,B.TECH,Management,83.69,Paid,24,6,1,6.17,6.12,85.52,0.0,1,83.33,60.25,0,0,81.07,61.31,1,1,81.55,63.74,2,1,-2.26,0.48,1.07,2.43,1.75,6.67,6.26,62.91,0,0,First Class,0
STU0111,2021-22,SEM_2021-22_5,5,2023-24,AIML,B.TECH,Management,83.69,Paid,24,6,1,6.67,6.26,81.55,0.0,1,91.76,51.92,2,0,92.54,50.53,3,0,93.16,48.26,3,0,0.78,0.62,-1.39,-2.27,-1.83,4.83,5.97,47.4,1,1,Fail,1
STU0111,2021-22,SEM_2021-22_6,6,2023-24,AIML,B.TECH,Management,83.69,Paid,24,6,1,4.83,5.97,93.16,1.0,2,89.29,52.1,2,0,88.95,53.61,1,0,85.5,51.42,3,0,-0.34,-3.45,1.51,-2.19,-0.34,5.83,5.95,52.61,0,0,Pass,1
STU0111,2021-22,SEM_2021-22_7,7,2024-25,AIML,B.TECH,Management,83.69,Paid,20,5,1,5.83,5.95,85.5,0.0,2,87.7,51.65,2,0,85.79,47.57,3,0,87.17,49.17,3,0,-1.9,1.38,-4.08,1.6,-1.24,4.6,5.76,49.29,1,1,Fail,1
STU0111,2021-22,SEM_2021-22_8,8,2024-25,AIML,B.TECH,Management,83.69,Paid,16,4,1,4.6,5.76,87.17,1.0,3,84.6,59.39,1,0,82.62,60.39,0,0,83.31,65.54,0,0,-1.98,0.69,1.0,5.14,3.07,7.0,5.91,65.86,0,0,First Class,0
STU0112,2021-22,SEM_2021-22_1,1,2021-22,DS,B.TECH,OBC,95.66,Overdue,20,5,0,,,,,0,77.24,79.18,0,1,78.52,82.68,0,2,78.33,80.52,0,2,1.28,-0.19,3.5,-2.16,0.67,8.4,8.4,80.04,0,0,Distinction,0
STU0112,2021-22,SEM_2021-22_2,2,2021-22,DS,B.TECH,OBC,95.66,Paid,20,5,1,8.4,8.4,78.33,0.0,0,81.04,72.49,0,0,78.75,72.07,0,1,78.39,71.62,0,0,-2.29,-0.35,-0.42,-0.45,-0.44,7.8,8.1,72.28,0,0,First Class,0
STU0112,2021-22,SEM_2021-22_3,3,2022-23,DS,B.TECH,OBC,95.66,Paid,24,6,1,7.8,8.1,78.39,0.0,0,87.43,67.8,0,0,84.97,67.59,0,0,86.14,69.95,0,0,-2.45,1.17,-0.21,2.36,1.08,7.5,7.9,69.56,0,0,First Class,0
STU0112,2021-22,SEM_2021-22_4,4,2022-23,DS,B.TECH,OBC,95.66,Paid,24,6,1,7.5,7.9,86.14,0.0,0,84.54,69.51,0,0,85.48,72.31,0,0,85.32,71.87,0,0,0.94,-0.16,2.8,-0.44,1.18,7.5,7.8,71.02,0,0,First Class,0
STU0112,2021-22,SEM_2021-22_5,5,2023-24,DS,B.TECH,OBC,95.66,Paid,24,6,1,7.5,7.8,85.32,0.0,0,80.57,68.35,0,0,81.64,67.08,0,0,80.45,67.38,0,0,1.08,-1.19,-1.27,0.29,-0.49,7.17,7.67,69.21,0,0,First Class,0
STU0112,2021-22,SEM_2021-22_6,6,2023-24,DS,B.TECH,OBC,95.66,Paid,24,6,1,7.17,7.67,80.45,0.0,0,83.67,65.93,0,0,85.99,65.36,0,0,84.36,68.36,0,0,2.33,-1.64,-0.57,3.0,1.22,7.5,7.64,69.67,0,0,First Class,0
STU0112,2021-22,SEM_2021-22_7,7,2024-25,DS,B.TECH,OBC,95.66,Paid,20,5,1,7.5,7.64,84.36,0.0,0,79.21,70.27,0,0,76.78,69.24,0,2,76.79,70.79,0,2,-2.42,0.01,-1.02,1.55,0.26,7.6,7.64,69.7,0,0,First Class,0
STU0112,2021-22,SEM_2021-22_8,8,2024-25,DS,B.TECH,OBC,95.66,Partial,16,4,1,7.6,7.64,76.79,0.0,0,84.11,64.99,0,0,85.71,66.11,0,0,83.89,70.55,0,0,1.6,-1.82,1.13,4.44,2.78,7.5,7.62,70.23,0,0,First Class,0
STU0113,2021-22,SEM_2021-22_1,1,2021-22,CSE,B.TECH,General,21.52,Paid,20,5,0,,,,,0,77.48,65.72,1,1,80.09,65.61,1,0,81.01,70.3,1,0,2.61,0.92,-0.1,4.68,2.29,7.6,7.6,70.17,0,0,First Class,0
STU0113,2021-22,SEM_2021-22_2,2,2021-22,CSE,B.TECH,General,21.52,Paid,20,5,1,7.6,7.6,81.01,0.0,0,81.35,77.44,0,0,81.66,74.68,0,0,82.48,75.54,0,1,0.31,0.81,-2.76,0.86,-0.95,8.0,7.8,75.33,0,0,Distinction,0
STU0113,2021-22,SEM_2021-22_3,3,2022-23,CSE,B.TECH,General,21.52,Partial,24,6,1,8.0,7.8,82.48,0.0,0,79.24,66.57,1,1,80.07,66.04,1,1,79.62,66.98,1,1,0.83,-0.45,-0.53,0.94,0.21,6.5,7.37,66.91,1,1,Fail,1
STU0113,2021-22,SEM_2021-22_4,4,2022-23,CSE,B.TECH,General,21.52,Paid,24,6,1,6.5,7.37,79.62,1.0,1,70.33,72.87,0,5,70.59,74.86,0,4,72.94,75.63,0,3,0.26,2.34,1.99,0.77,1.38,7.83,7.48,74.77,0,0,First Class,0
STU0113,2021-22,SEM_2021-22_5,5,2023-24,CSE,B.TECH,General,21.52,Paid,24,6,1,7.83,7.48,72.94,0.0,1,75.36,69.75,0,3,76.16,67.57,0,4,77.58,67.17,0,1,0.8,1.42,-2.17,-0.4,-1.29,7.17,7.42,67.15,0,0,First Class,0
STU0113,2021-22,SEM_2021-22_6,6,2023-24,CSE,B.TECH,General,21.52,Partial,24,6,1,7.17,7.42,77.58,0.0,1,73.25,68.39,0,4,70.98,66.91,0,4,72.21,66.65,0,4,-2.27,1.23,-1.48,-0.26,-0.87,6.83,7.32,64.74,0,0,First Class,0
STU0113,2021-22,SEM_2021-22_7,7,2024-25,CSE,B.TECH,General,21.52,Paid,20,5,1,6.83,7.32,72.21,0.0,1,73.79,68.22,1,3,74.74,64.07,1,2,75.71,64.18,1,3,0.96,0.96,-4.15,0.11,-2.02,7.0,7.28,64.81,0,0,First Class,0
STU0113,2021-22,SEM_2021-22_8,8,2024-25,CSE,B.TECH,General,21.52,Paid,16,4,1,7.0,7.28,75.71,0.0,1,76.37,58.48,0,2,76.44,58.67,1,2,74.41,60.68,1,1,0.06,-2.03,0.19,2.01,1.1,6.5,7.18,62.12,0,0,First Class,0
STU0114,2021-22,SEM_2021-22_1,1,2021-22,ECE,B.TECH,OBC,79.95,Paid,20,5,0,,,,,0,79.83,60.94,1,0,71.75,54.93,2,4,66.47,48.41,2,5,-8.08,-5.29,-6.02,-6.52,-6.27,4.6,4.6,49.4,1,1,Fail,1
STU0114,2021-22,SEM_2021-22_2,2,2021-22,ECE,B.TECH,OBC,79.95,Paid,20,5,1,4.6,4.6,66.47,1.0,1,76.29,50.5,3,1,69.13,43.87,5,5,63.96,37.54,5,5,-7.15,-5.18,-6.64,-6.33,-6.48,1.0,2.8,36.37,4,2+,Fail,1
STU0114,2021-22,SEM_2021-22_3,3,2022-23,ECE,B.TECH,OBC,79.95,Overdue,24,6,1,1.0,2.8,63.96,4.0,5,64.86,42.92,6,6,56.26,36.74,6,6,49.18,31.41,6,6,-8.6,-7.08,-6.17,-5.34,-5.75,0.0,1.87,31.82,6,2+,Fail,1
STU0114,2021-22,SEM_2021-22_4,4,2022-23,ECE,B.TECH,OBC,79.95,Partial,24,6,1,0.0,1.87,49.18,6.0,11,62.6,52.64,2,6,55.89,45.69,5,6,50.17,39.15,5,6,-6.71,-5.72,-6.95,-6.54,-6.74,1.0,1.65,37.15,5,2+,Fail,1
STU0114,2021-22,SEM_2021-22_5,5,2023-24,ECE,B.TECH,OBC,79.95,Paid,24,6,1,1.0,1.65,50.17,5.0,16,64.65,45.87,4,6,58.73,39.39,6,6,52.19,34.73,6,6,-5.92,-6.54,-6.48,-4.66,-5.57,1.83,1.69,37.18,4,2+,Fail,1
STU0114,2021-22,SEM_2021-22_6,6,2023-24,ECE,B.TECH,OBC,79.95,Paid,24,6,1,1.83,1.69,52.19,4.0,20,58.7,39.03,6,6,51.06,31.74,6,6,45.58,26.53,6,6,-7.64,-5.48,-7.29,-5.21,-6.25,0.0,1.41,24.33,6,2+,Fail,1
STU0114,2021-22,SEM_2021-22_7,7,2024-25,ECE,B.TECH,OBC,79.95,Paid,20,5,1,0.0,1.41,45.58,6.0,26,52.53,36.33,5,5,44.62,29.67,5,5,38.69,25.54,5,5,-7.91,-5.93,-6.66,-4.14,-5.4,0.0,1.2,27.85,5,2+,Fail,1
STU0114,2021-22,SEM_2021-22_8,8,2024-25,ECE,B.TECH,OBC,79.95,Paid,16,4,1,0.0,1.2,38.69,5.0,31,47.76,33.34,4,4,41.64,27.77,4,4,34.88,22.61,4,4,-6.12,-6.76,-5.58,-5.16,-5.37,0.0,1.05,23.22,4,2+,Fail,1
STU0115,2021-22,SEM_2021-22_1,1,2021-22,AIML,B.TECH,General,69.42,Overdue,20,5,0,,,,,0,43.69,45.73,5,5,43.42,44.51,5,5,43.1,45.86,4,5,-0.27,-0.31,-1.23,1.36,0.07,5.2,5.2,46.11,0,0,Pass,1
STU0115,2021-22,SEM_2021-22_2,2,2021-22,AIML,B.TECH,General,69.42,Paid,20,5,1,5.2,5.2,43.1,0.0,0,39.46,31.68,5,5,39.74,29.59,5,5,41.38,31.99,5,5,0.27,1.64,-2.09,2.4,0.16,1.0,3.1,30.27,4,2+,Fail,1
STU0115,2021-22,SEM_2021-22_3,3,2022-23,AIML,B.TECH,General,69.42,Paid,24,6,1,1.0,3.1,41.38,4.0,4,45.54,28.29,6,6,45.99,26.42,6,6,46.6,26.29,6,6,0.45,0.61,-1.87,-0.14,-1.0,0.0,2.07,29.11,6,2+,Fail,1
STU0115,2021-22,SEM_2021-22_4,4,2022-23,AIML,B.TECH,General,69.42,Paid,24,6,1,0.0,2.07,46.6,6.0,10,58.85,39.82,5,6,57.7,41.74,5,6,58.54,41.72,5,6,-1.14,0.84,1.92,-0.02,0.95,4.17,2.59,41.05,1,1,Fail,1
STU0115,2021-22,SEM_2021-22_5,5,2023-24,AIML,B.TECH,General,69.42,Overdue,24,6,1,4.17,2.59,58.54,1.0,11,37.02,31.13,6,6,35.91,28.61,6,6,34.01,31.39,6,6,-1.11,-1.9,-2.53,2.79,0.13,0.0,2.07,30.92,6,2+,Fail,1
STU0115,2021-22,SEM_2021-22_6,6,2023-24,AIML,B.TECH,General,69.42,Paid,24,6,1,0.0,2.07,34.01,6.0,17,51.98,31.94,6,6,52.78,33.46,5,6,54.55,32.47,5,6,0.8,1.77,1.51,-0.99,0.26,1.17,1.92,33.7,5,2+,Fail,1
STU0115,2021-22,SEM_2021-22_7,7,2024-25,AIML,B.TECH,General,69.42,Paid,20,5,1,1.17,1.92,54.55,5.0,22,53.87,38.84,5,5,54.81,40.54,5,5,54.74,43.77,4,5,0.94,-0.07,1.7,3.23,2.47,4.2,2.25,45.28,1,1,Fail,1
STU0115,2021-22,SEM_2021-22_8,8,2024-25,AIML,B.TECH,General,69.42,Paid,16,4,1,4.2,2.25,54.74,1.0,23,40.36,36.19,4,4,41.83,36.72,4,4,41.0,36.25,4,4,1.47,-0.83,0.53,-0.47,0.03,2.75,2.31,39.86,2,2+,Fail,1
STU0116,2021-22,SEM_2021-22_1,1,2021-22,DS,B.TECH,General,80.13,Paid,20,5,0,,,,,0,96.74,91.21,0,0,96.59,87.39,0,0,95.33,89.18,0,0,-0.15,-1.26,-3.82,1.79,-1.02,9.6,9.6,89.79,0,0,Distinction,0
STU0116,2021-22,SEM_2021-22_2,2,2021-22,DS,B.TECH,General,80.13,Paid,20,5,1,9.6,9.6,95.33,0.0,0,90.79,75.26,0,0,90.83,74.57,0,0,90.99,74.23,0,0,0.04,0.16,-0.69,-0.34,-0.52,7.8,8.7,73.17,0,0,First Class,0
STU0116,2021-22,SEM_2021-22_3,3,2022-23,DS,B.TECH,General,80.13,Paid,24,6,1,7.8,8.7,90.99,0.0,0,93.84,90.28,0,0,95.25,92.33,0,0,93.58,93.42,0,0,1.41,-1.67,2.06,1.09,1.57,9.67,9.02,90.71,0,0,Distinction,0
STU0116,2021-22,SEM_2021-22_4,4,2022-23,DS,B.TECH,General,80.13,Paid,24,6,1,9.67,9.02,93.58,0.0,0,96.66,91.18,0,0,95.32,89.08,0,0,94.58,89.19,0,0,-1.34,-0.74,-2.1,0.11,-0.99,9.17,9.06,88.15,0,0,Distinction,0
STU0116,2021-22,SEM_2021-22_5,5,2023-24,DS,B.TECH,General,80.13,Paid,24,6,1,9.17,9.06,94.58,0.0,0,94.54,95.36,0,0,92.36,95.15,0,0,90.59,93.84,0,0,-2.18,-1.77,-0.21,-1.31,-0.76,9.5,9.15,90.42,0,0,Distinction,0
STU0116,2021-22,SEM_2021-22_6,6,2023-24,DS,B.TECH,General,80.13,Overdue,24,6,1,9.5,9.15,90.59,0.0,0,97.7,90.63,0,0,96.55,90.89,0,0,96.77,89.23,0,0,-1.16,0.23,0.26,-1.66,-0.7,9.33,9.18,88.78,0,0,Distinction,0
STU0116,2021-22,SEM_2021-22_7,7,2024-25,DS,B.TECH,General,80.13,Paid,20,5,1,9.33,9.18,96.77,0.0,0,94.23,88.82,0,0,92.74,90.78,0,0,91.61,90.98,0,0,-1.48,-1.13,1.97,0.2,1.08,9.6,9.24,92.96,0,0,Distinction,0
STU0116,2021-22,SEM_2021-22_8,8,2024-25,DS,B.TECH,General,80.13,Paid,16,4,1,9.6,9.24,91.61,0.0,0,96.62,84.55,0,0,92.67,80.76,0,0,93.76,81.0,0,0,-3.95,1.09,-3.79,0.24,-1.78,8.25,9.11,80.31,0,0,Distinction,0
STU0117,2021-22,SEM_2021-22_1,1,2021-22,CSE,B.TECH,OBC,72.98,Paid,20,5,0,,,,,0,76.89,68.59,0,2,76.93,67.99,0,3,75.53,71.86,0,3,0.04,-1.4,-0.6,3.87,1.64,7.8,7.8,72.77,0,0,First Class,0
STU0117,2021-22,SEM_2021-22_2,2,2021-22,CSE,B.TECH,OBC,72.98,Partial,20,5,1,7.8,7.8,75.53,0.0,0,87.72,66.63,0,0,87.01,64.43,0,0,90.12,65.11,0,0,-0.71,3.11,-2.2,0.68,-0.76,7.2,7.5,66.66,0,0,First Class,0
STU0117,2021-22,SEM_2021-22_3,3,2022-23,CSE,B.TECH,OBC,72.98,Paid,24,6,1,7.2,7.5,90.12,0.0,0,90.86,71.23,0,0,89.32,74.8,0,0,87.44,74.99,0,1,-1.53,-1.89,3.57,0.19,1.88,8.17,7.72,74.96,0,0,Distinction,0
STU0117,2021-22,SEM_2021-22_4,4,2022-23,CSE,B.TECH,OBC,72.98,Paid,24,6,1,8.17,7.72,87.44,0.0,0,85.04,65.42,0,0,83.91,66.77,0,0,85.09,65.31,0,0,-1.13,1.18,1.35,-1.46,-0.05,7.17,7.58,68.26,0,0,First Class,0
STU0117,2021-22,SEM_2021-22_5,5,2023-24,CSE,B.TECH,OBC,72.98,Paid,24,6,1,7.17,7.58,85.09,0.0,0,88.64,75.84,0,0,89.39,80.34,0,0,88.24,79.59,0,0,0.75,-1.15,4.5,-0.75,1.87,8.5,7.77,79.99,0,0,Distinction,0
STU0117,2021-22,SEM_2021-22_6,6,2023-24,CSE,B.TECH,OBC,72.98,Paid,24,6,1,8.5,7.77,88.24,0.0,0,88.99,74.05,0,0,88.96,75.52,0,0,87.32,74.45,0,0,-0.03,-1.63,1.47,-1.07,0.2,8.33,7.86,75.84,0,0,Distinction,0
STU0117,2021-22,SEM_2021-22_7,7,2024-25,CSE,B.TECH,OBC,72.98,Overdue,20,5,1,8.33,7.86,87.32,0.0,0,82.51,75.67,0,0,82.21,74.61,0,0,80.09,71.87,0,1,-0.31,-2.11,-1.06,-2.75,-1.9,7.6,7.82,72.34,0,0,First Class,0
STU0117,2021-22,SEM_2021-22_8,8,2024-25,CSE,B.TECH,OBC,72.98,Paid,16,4,1,7.6,7.82,80.09,0.0,0,84.57,67.81,0,0,82.32,62.36,0,0,82.6,67.18,0,0,-2.25,0.28,-5.45,4.82,-0.32,7.75,7.81,71.35,0,0,First Class,0
STU0118,2021-22,SEM_2021-22_1,1,2021-22,ECE,B.TECH,General,80.21,Paid,20,5,0,,,,,0,90.35,85.74,0,0,90.19,84.91,0,0,89.24,84.2,0,0,-0.16,-0.94,-0.83,-0.72,-0.77,8.8,8.8,82.96,0,0,Distinction,0
STU0118,2021-22,SEM_2021-22_2,2,2021-22,ECE,B.TECH,General,80.21,Paid,20,5,1,8.8,8.8,89.24,0.0,0,88.66,81.04,0,0,87.58,81.17,0,0,85.44,83.86,0,0,-1.08,-2.13,0.13,2.7,1.41,8.6,8.7,81.1,0,0,Distinction,0
STU0118,2021-22,SEM_2021-22_3,3,2022-23,ECE,B.TECH,General,80.21,Overdue,24,6,1,8.6,8.7,85.44,0.0,0,88.69,89.31,0,0,88.01,88.16,0,0,88.99,86.98,0,0,-0.68,0.98,-1.14,-1.18,-1.16,9.17,8.86,87.42,0,0,Distinction,0
STU0118,2021-22,SEM_2021-22_4,4,2022-23,ECE,B.TECH,General,80.21,Paid,24,6,1,9.17,8.86,88.99,0.0,0,91.42,84.72,0,0,91.55,82.78,0,0,87.94,83.77,0,0,0.13,-3.61,-1.94,0.99,-0.47,9.0,8.89,84.46,0,0,Distinction,0
STU0118,2021-22,SEM_2021-22_5,5,2023-24,ECE,B.TECH,General,80.21,Overdue,24,6,1,9.0,8.89,87.94,0.0,0,87.47,89.23,0,0,87.09,88.12,0,0,87.35,84.78,0,0,-0.38,0.26,-1.11,-3.34,-2.23,9.17,8.95,84.61,0,0,Distinction,0
STU0118,2021-22,SEM_2021-22_6,6,2023-24,ECE,B.TECH,General,80.21,Partial,24,6,1,9.17,8.95,87.35,0.0,0,85.72,84.92,0,0,84.41,85.09,0,0,86.0,82.57,0,0,-1.3,1.58,0.17,-2.53,-1.18,8.83,8.93,82.99,0,0,Distinction,0
STU0118,2021-22,SEM_2021-22_7,7,2024-25,ECE,B.TECH,General,80.21,Paid,20,5,1,8.83,8.93,86.0,0.0,0,85.34,94.71,0,0,86.1,91.99,0,0,86.06,90.65,0,0,0.76,-0.05,-2.72,-1.34,-2.03,9.8,9.05,90.8,0,0,Distinction,0
STU0118,2021-22,SEM_2021-22_8,8,2024-25,ECE,B.TECH,General,80.21,Paid,16,4,1,9.8,9.05,86.06,0.0,0,90.17,92.36,0,0,91.86,91.64,0,0,91.59,94.41,0,0,1.68,-0.27,-0.72,2.77,1.03,9.75,9.14,94.78,0,0,Distinction,0
STU0119,2021-22,SEM_2021-22_1,1,2021-22,AIML,B.TECH,ST,79.26,Paid,20,5,0,,,,,0,82.14,78.8,0,0,85.56,80.13,0,0,86.01,84.9,0,0,3.42,0.45,1.32,4.78,3.05,8.8,8.8,82.8,0,0,Distinction,0
STU0119,2021-22,SEM_2021-22_2,2,2021-22,AIML,B.TECH,ST,79.26,Paid,20,5,1,8.8,8.8,86.01,0.0,0,81.19,77.76,0,0,80.21,74.26,0,0,80.39,76.06,0,1,-0.97,0.18,-3.5,1.8,-0.85,8.0,8.4,74.14,0,0,Distinction,0
STU0119,2021-22,SEM_2021-22_3,3,2022-23,AIML,B.TECH,ST,79.26,Paid,24,6,1,8.0,8.4,80.39,0.0,0,77.44,82.47,0,1,79.68,81.79,0,1,79.38,82.15,0,1,2.24,-0.31,-0.68,0.36,-0.16,8.5,8.43,80.98,0,0,Distinction,0
STU0119,2021-22,SEM_2021-22_4,4,2022-23,AIML,B.TECH,ST,79.26,Partial,24,6,1,8.5,8.43,79.38,0.0,0,83.08,78.8,0,0,81.8,79.63,0,0,80.03,79.09,0,1,-1.29,-1.76,0.83,-0.54,0.14,8.17,8.37,77.89,0,0,Distinction,0
STU0119,2021-22,SEM_2021-22_5,5,2023-24,AIML,B.TECH,ST,79.26,Paid,24,6,1,8.17,8.37,80.03,0.0,0,79.44,75.48,0,0,81.81,77.85,0,1,82.68,79.03,0,1,2.37,0.87,2.37,1.18,1.77,8.17,8.33,76.86,0,0,Distinction,0
STU0119,2021-22,SEM_2021-22_6,6,2023-24,AIML,B.TECH,ST,79.26,Paid,24,6,1,8.17,8.33,82.68,0.0,0,79.33,73.38,0,1,81.53,72.04,0,1,83.94,71.78,0,0,2.2,2.4,-1.34,-0.25,-0.8,7.67,8.22,72.23,0,0,First Class,0
STU0119,2021-22,SEM_2021-22_7,7,2024-25,AIML,B.TECH,ST,79.26,Paid,20,5,1,7.67,8.22,83.94,0.0,0,84.29,73.71,1,0,85.32,74.42,0,1,86.49,75.95,0,1,1.04,1.16,0.71,1.53,1.12,8.2,8.21,75.9,0,0,Distinction,0
STU0119,2021-22,SEM_2021-22_8,8,2024-25,AIML,B.TECH,ST,79.26,Paid,16,4,1,8.2,8.21,86.49,0.0,0,85.18,72.58,0,0,85.52,71.53,0,0,88.36,74.15,0,0,0.34,2.83,-1.05,2.62,0.78,8.0,8.19,73.53,0,0,Distinction,0
STU0120,2021-22,SEM_2021-22_1,1,2021-22,DS,B.TECH,OBC,69.07,Paid,20,5,0,,,,,0,85.29,64.15,0,0,84.83,66.82,0,0,85.94,66.67,0,0,-0.45,1.11,2.67,-0.15,1.26,7.0,7.0,67.09,0,0,First Class,0
STU0120,2021-22,SEM_2021-22_2,2,2021-22,DS,B.TECH,OBC,69.07,Paid,20,5,1,7.0,7.0,85.94,0.0,0,85.5,58.94,1,0,87.29,58.09,1,0,86.95,56.44,1,0,1.79,-0.34,-0.85,-1.65,-1.25,5.6,6.3,57.61,1,1,Fail,1
STU0120,2021-22,SEM_2021-22_3,3,2022-23,DS,B.TECH,OBC,69.07,Paid,24,6,1,5.6,6.3,86.95,1.0,1,85.85,66.0,0,0,84.8,65.16,1,0,84.03,63.67,0,0,-1.04,-0.77,-0.83,-1.49,-1.16,6.83,6.48,62.59,0,0,First Class,0
STU0120,2021-22,SEM_2021-22_4,4,2022-23,DS,B.TECH,OBC,69.07,Paid,24,6,1,6.83,6.48,84.03,0.0,1,86.56,68.99,0,0,84.4,67.83,0,0,82.61,71.18,0,0,-2.17,-1.79,-1.16,3.35,1.09,7.83,6.82,71.63,0,0,First Class,0
STU0120,2021-22,SEM_2021-22_5,5,2023-24,DS,B.TECH,OBC,69.07,Paid,24,6,1,7.83,6.82,82.61,0.0,1,85.91,50.29,3,0,85.54,52.37,2,0,84.18,50.05,3,0,-0.37,-1.36,2.08,-2.31,-0.12,4.83,6.42,50.87,1,1,Fail,1
STU0120,2021-22,SEM_2021-22_6,6,2023-24,DS,B.TECH,OBC,69.07,Paid,24,6,1,4.83,6.42,84.18,1.0,2,83.95,64.15,0,0,84.38,60.17,1,0,85.47,62.17,1,0,0.43,1.08,-3.97,2.0,-0.99,6.83,6.49,63.99,0,0,First Class,0
STU0120,2021-22,SEM_2021-22_7,7,2024-25,DS,B.TECH,OBC,69.07,Paid,20,5,1,6.83,6.49,85.47,0.0,2,84.69,62.38,0,0,90.4,61.54,1,0,92.56,58.27,1,0,5.72,2.16,-0.84,-3.28,-2.06,6.6,6.5,62.9,0,0,First Class,0
STU0120,2021-22,SEM_2021-22_8,8,2024-25,DS,B.TECH,OBC,69.07,Overdue,16,4,1,6.6,6.5,92.56,0.0,2,93.22,67.9,0,0,92.73,67.73,0,0,94.92,70.0,0,0,-0.49,2.19,-0.16,2.27,1.05,7.5,6.63,69.08,0,0,First Class,0
STU0121,2022-23,SEM_2022-23_1,1,2022-23,CSE,B.TECH,General,74.93,Paid,20,5,0,,,,,0,89.64,71.13,0,0,91.61,69.02,0,0,91.87,66.93,0,0,1.97,0.26,-2.1,-2.09,-2.1,7.4,7.4,69.05,0,0,First Class,0
STU0121,2022-23,SEM_2022-23_2,2,2022-23,CSE,B.TECH,General,74.93,Overdue,20,5,1,7.4,7.4,91.87,0.0,0,94.47,81.47,0,0,95.68,82.99,0,0,95.71,82.45,0,0,1.21,0.03,1.53,-0.55,0.49,8.8,8.1,83.77,0,0,Distinction,0
STU0121,2022-23,SEM_2022-23_3,3,2023-24,CSE,B.TECH,General,74.93,Paid,24,6,1,8.8,8.1,95.71,0.0,0,88.27,67.86,0,0,90.87,65.93,0,0,91.87,67.83,0,0,2.6,1.0,-1.93,1.91,-0.01,7.5,7.9,66.77,0,0,First Class,0
STU0121,2022-23,SEM_2022-23_4,4,2023-24,CSE,B.TECH,General,74.93,Paid,24,6,1,7.5,7.9,91.87,0.0,0,84.46,75.92,0,0,84.74,76.98,0,0,85.75,78.02,0,0,0.28,1.01,1.06,1.04,1.05,8.5,8.05,78.7,0,0,Distinction,0
STU0121,2022-23,SEM_2022-23_5,5,2024-25,CSE,B.TECH,General,74.93,Paid,24,6,1,8.5,8.05,85.75,0.0,0,82.67,80.32,0,0,82.28,80.5,0,1,82.89,80.3,0,1,-0.4,0.61,0.18,-0.2,-0.01,8.5,8.14,81.24,0,0,Distinction,0
STU0121,2022-23,SEM_2022-23_6,6,2024-25,CSE,B.TECH,General,74.93,Paid,24,6,1,8.5,8.14,82.89,0.0,0,88.09,61.99,1,0,88.9,61.5,1,0,89.72,62.14,1,0,0.81,0.81,-0.49,0.64,0.08,5.83,7.76,61.23,1,1,Fail,1
STU0122,2022-23,SEM_2022-23_1,1,2022-23,ECE,B.TECH,OBC,92.36,Paid,20,5,0,,,,,0,57.88,32.7,5,5,65.52,39.67,5,5,72.47,47.44,4,5,7.65,6.95,6.97,7.76,7.37,5.2,5.2,47.54,0,0,Pass,1
STU0122,2022-23,SEM_2022-23_2,2,2022-23,ECE,B.TECH,OBC,92.36,Paid,20,5,1,5.2,5.2,72.47,0.0,0,70.19,41.59,5,5,76.31,48.39,3,2,83.25,55.1,1,0,6.11,6.95,6.8,6.71,6.75,6.0,5.6,55.28,0,0,Second Class,0
STU0122,2022-23,SEM_2022-23_3,3,2023-24,ECE,B.TECH,OBC,92.36,Paid,24,6,1,6.0,5.6,83.25,0.0,0,65.86,48.79,4,6,71.8,55.5,1,6,80.35,62.15,0,0,5.95,8.55,6.72,6.64,6.68,6.5,5.9,61.56,0,0,First Class,0
STU0122,2022-23,SEM_2022-23_4,4,2023-24,ECE,B.TECH,OBC,92.36,Paid,24,6,1,6.5,5.9,80.35,0.0,0,72.19,50.14,3,6,79.79,57.34,0,0,86.6,63.38,0,0,7.61,6.8,7.2,6.03,6.62,6.83,6.13,63.33,0,0,First Class,0
STU0122,2022-23,SEM_2022-23_5,5,2024-25,ECE,B.TECH,OBC,92.36,Partial,24,6,1,6.83,6.13,86.6,0.0,0,70.37,54.18,2,6,76.95,60.59,0,1,83.41,67.67,0,0,6.59,6.46,6.41,7.09,6.75,6.83,6.27,64.53,0,0,First Class,0
STU0122,2022-23,SEM_2022-23_6,6,2024-25,ECE,B.TECH,OBC,92.36,Paid,24,6,1,6.83,6.27,83.41,0.0,0,75.79,42.56,5,2,82.48,49.17,4,0,89.3,57.08,2,0,6.69,6.82,6.61,7.91,7.26,6.17,6.26,57.53,0,0,Second Class,0
STU0123,2022-23,SEM_2022-23_1,1,2022-23,AIML,B.TECH,General,75.85,Paid,20,5,0,,,,,0,82.71,76.08,0,1,81.57,77.36,0,1,81.0,76.72,0,1,-1.14,-0.57,1.27,-0.64,0.32,8.0,8.0,75.27,0,0,Distinction,0
STU0123,2022-23,SEM_2022-23_2,2,2022-23,AIML,B.TECH,General,75.85,Paid,20,5,1,8.0,8.0,81.0,0.0,0,88.96,69.35,0,0,88.75,71.17,0,0,87.75,71.2,1,0,-0.2,-1.01,1.82,0.03,0.92,7.6,7.8,71.07,0,0,First Class,0
STU0123,2022-23,SEM_2022-23_3,3,2023-24,AIML,B.TECH,General,75.85,Paid,24,6,1,7.6,7.8,87.75,0.0,0,77.76,61.2,1,2,75.38,58.01,1,3,75.09,58.34,2,2,-2.38,-0.29,-3.19,0.33,-1.43,5.5,7.03,55.28,1,1,Fail,1
STU0123,2022-23,SEM_2022-23_4,4,2023-24,AIML,B.TECH,General,75.85,Paid,24,6,1,5.5,7.03,75.09,1.0,1,77.62,78.0,0,3,78.68,79.37,0,0,79.35,79.15,0,1,1.06,0.67,1.37,-0.21,0.58,7.83,7.23,76.72,0,0,First Class,0
STU0123,2022-23,SEM_2022-23_5,5,2024-25,AIML,B.TECH,General,75.85,Paid,24,6,1,7.83,7.23,79.35,0.0,1,80.44,66.53,0,0,84.18,65.51,1,1,84.39,65.27,1,2,3.74,0.21,-1.02,-0.25,-0.63,7.0,7.19,64.22,0,0,First Class,0
STU0123,2022-23,SEM_2022-23_6,6,2024-25,AIML,B.TECH,General,75.85,Paid,24,6,1,7.0,7.19,84.39,0.0,1,78.3,63.85,1,1,79.54,62.43,2,1,82.98,64.53,1,1,1.24,3.44,-1.42,2.11,0.34,7.0,7.16,64.95,0,0,First Class,0
STU0124,2022-23,SEM_2022-23_1,1,2022-23,DS,B.TECH,General,65.9,Paid,20,5,0,,,,,0,96.29,70.69,0,0,98.37,71.65,0,0,97.52,70.23,0,0,2.08,-0.85,0.96,-1.43,-0.23,7.4,7.4,70.06,0,0,First Class,0
STU0124,2022-23,SEM_2022-23_2,2,2022-23,DS,B.TECH,General,65.9,Paid,20,5,1,7.4,7.4,97.52,0.0,0,79.33,81.52,0,0,78.34,84.03,0,0,76.59,85.42,0,1,-0.99,-1.75,2.51,1.39,1.95,9.0,8.2,85.51,0,0,Distinction,0
STU0124,2022-23,SEM_2022-23_3,3,2023-24,DS,B.TECH,General,65.9,Paid,24,6,1,9.0,8.2,76.59,0.0,0,85.59,85.87,0,0,86.06,85.27,0,0,85.34,81.25,0,0,0.48,-0.72,-0.6,-4.02,-2.31,8.33,8.24,78.64,0,0,Distinction,0
STU0124,2022-23,SEM_2022-23_4,4,2023-24,DS,B.TECH,General,65.9,Paid,24,6,1,8.33,8.24,85.34,0.0,0,90.2,73.6,0,0,89.34,73.67,0,0,91.37,69.24,0,0,-0.86,2.04,0.07,-4.42,-2.18,7.33,8.02,67.68,0,0,First Class,0
STU0124,2022-23,SEM_2022-23_5,5,2024-25,DS,B.TECH,General,65.9,Paid,24,6,1,7.33,8.02,91.37,0.0,0,87.82,74.3,0,0,85.59,74.25,0,0,83.08,75.89,0,0,-2.24,-2.51,-0.05,1.65,0.8,8.17,8.05,74.72,0,0,Distinction,0
STU0124,2022-23,SEM_2022-23_6,6,2024-25,DS,B.TECH,General,65.9,Paid,24,6,1,8.17,8.05,83.08,0.0,0,84.33,80.92,0,0,82.61,81.68,0,0,81.8,81.15,0,2,-1.72,-0.8,0.76,-0.53,0.12,8.33,8.09,79.29,0,0,Distinction,0
STU0125,2022-23,SEM_2022-23_1,1,2022-23,CSE,B.TECH,OBC,54.4,Paid,20,5,0,,,,,0,87.09,91.13,0,0,88.01,89.18,0,0,84.39,87.77,0,0,0.92,-3.62,-1.96,-1.4,-1.68,9.4,9.4,89.22,0,0,Distinction,0
STU0125,2022-23,SEM_2022-23_2,2,2022-23,CSE,B.TECH,OBC,54.4,Paid,20,5,1,9.4,9.4,84.39,0.0,0,89.87,76.92,0,0,91.38,74.48,0,0,90.2,73.36,0,0,1.51,-1.17,-2.44,-1.12,-1.78,7.4,8.4,71.05,0,0,First Class,0
STU0125,2022-23,SEM_2022-23_3,3,2023-24,CSE,B.TECH,OBC,54.4,Paid,24,6,1,7.4,8.4,90.2,0.0,0,90.31,81.47,0,0,90.4,79.65,0,0,90.9,79.33,0,0,0.09,0.5,-1.81,-0.32,-1.07,8.0,8.27,78.13,0,0,Distinction,0
STU0125,2022-23,SEM_2022-23_4,4,2023-24,CSE,B.TECH,OBC,54.4,Paid,24,6,1,8.0,8.27,90.9,0.0,0,85.39,80.59,0,0,86.43,80.32,0,0,84.52,80.59,0,0,1.03,-1.91,-0.27,0.27,-0.0,8.33,8.28,78.9,0,0,Distinction,0
STU0125,2022-23,SEM_2022-23_5,5,2024-25,CSE,B.TECH,OBC,54.4,Paid,24,6,1,8.33,8.28,84.52,0.0,0,94.15,92.41,0,0,94.93,91.78,0,0,94.14,89.91,0,0,0.78,-0.79,-0.63,-1.87,-1.25,9.33,8.49,89.29,0,0,Distinction,0
STU0125,2022-23,SEM_2022-23_6,6,2024-25,CSE,B.TECH,OBC,54.4,Paid,24,6,1,9.33,8.49,94.14,0.0,0,89.26,78.31,0,0,90.18,79.47,0,0,92.05,79.95,0,0,0.92,1.87,1.16,0.48,0.82,8.67,8.52,80.83,0,0,Distinction,0
STU0126,2022-23,SEM_2022-23_1,1,2022-23,ECE,B.TECH,General,91.86,Paid,20,5,0,,,,,0,72.47,59.2,1,4,72.92,62.55,1,3,75.76,62.41,1,2,0.45,2.83,3.35,-0.14,1.61,6.2,6.2,65.32,1,1,Fail,1
STU0126,2022-23,SEM_2022-23_2,2,2022-23,ECE,B.TECH,General,91.86,Paid,20,5,1,6.2,6.2,75.76,1.0,1,71.59,69.26,0,4,70.2,67.68,0,4,67.96,63.88,0,4,-1.39,-2.24,-1.58,-3.81,-2.69,7.0,6.6,64.71,0,0,First Class,0
STU0126,2022-23,SEM_2022-23_3,3,2023-24,ECE,B.TECH,General,91.86,Partial,24,6,1,7.0,6.6,67.96,0.0,1,74.74,68.09,0,4,74.62,66.12,0,3,74.07,66.54,0,3,-0.12,-0.55,-1.97,0.42,-0.77,7.0,6.73,65.69,0,0,First Class,0
STU0126,2022-23,SEM_2022-23_4,4,2023-24,ECE,B.TECH,General,91.86,Paid,24,6,1,7.0,6.73,74.07,0.0,1,74.96,69.97,0,2,74.77,69.65,0,4,73.94,68.39,1,4,-0.18,-0.83,-0.32,-1.26,-0.79,7.17,6.84,68.42,0,0,First Class,0
STU0126,2022-23,SEM_2022-23_5,5,2024-25,ECE,B.TECH,General,91.86,Paid,24,6,1,7.17,6.84,73.94,0.0,1,75.1,74.85,0,4,75.2,76.08,0,3,74.97,78.17,0,3,0.1,-0.23,1.22,2.1,1.66,8.17,7.11,77.12,0,0,Distinction,0
STU0126,2022-23,SEM_2022-23_6,6,2024-25,ECE,B.TECH,General,91.86,Partial,24,6,1,8.17,7.11,74.97,0.0,1,81.77,68.89,0,0,80.18,66.25,0,2,80.49,64.59,0,1,-1.59,0.3,-2.64,-1.65,-2.15,7.0,7.09,64.13,0,0,First Class,0
STU0127,2022-23,SEM_2022-23_1,1,2022-23,AIML,B.TECH,General,89.11,Paid,20,5,0,,,,,0,78.28,68.25,0,2,78.84,70.77,0,0,78.44,71.82,0,1,0.55,-0.4,2.52,1.06,1.79,7.8,7.8,73.29,0,0,First Class,0
STU0127,2022-23,SEM_2022-23_2,2,2022-23,AIML,B.TECH,General,89.11,Paid,20,5,1,7.8,7.8,78.44,0.0,0,78.03,57.18,1,1,77.2,59.47,1,0,77.28,57.78,1,1,-0.83,0.09,2.29,-1.69,0.3,6.2,7.0,57.99,0,0,Second Class,0
STU0127,2022-23,SEM_2022-23_3,3,2023-24,AIML,B.TECH,General,89.11,Paid,24,6,1,6.2,7.0,77.28,0.0,0,79.04,68.38,0,2,76.81,68.5,1,2,77.92,66.92,1,1,-2.22,1.11,0.12,-1.58,-0.73,7.17,7.06,67.6,0,0,First Class,0
STU0127,2022-23,SEM_2022-23_4,4,2023-24,AIML,B.TECH,General,89.11,Partial,24,6,1,7.17,7.06,77.92,0.0,0,87.78,67.77,0,0,88.88,67.92,0,0,90.6,64.14,1,0,1.1,1.72,0.15,-3.77,-1.81,6.67,6.96,63.99,0,0,First Class,0
STU0127,2022-23,SEM_2022-23_5,5,2024-25,AIML,B.TECH,General,89.11,Paid,24,6,1,6.67,6.96,90.6,0.0,0,84.48,65.65,0,0,83.43,63.77,0,0,83.56,65.17,1,0,-1.05,0.13,-1.88,1.4,-0.24,7.0,6.97,63.9,0,0,First Class,0
STU0127,2022-23,SEM_2022-23_6,6,2024-25,AIML,B.TECH,General,89.11,Paid,24,6,1,7.0,6.97,83.56,0.0,0,85.84,66.33,1,0,85.62,66.75,1,0,88.65,66.47,1,0,-0.21,3.02,0.41,-0.28,0.07,6.5,6.89,68.47,1,1,Fail,1
STU0128,2022-23,SEM_2022-23_1,1,2022-23,DS,B.TECH,NRI,72.39,Overdue,20,5,0,,,,,0,55.69,59.6,0,5,51.99,60.15,0,5,53.39,61.12,1,5,-3.7,1.4,0.55,0.97,0.76,6.2,6.2,59.82,0,0,Second Class,0
STU0128,2022-23,SEM_2022-23_2,2,2022-23,DS,B.TECH,NRI,72.39,Partial,20,5,1,6.2,6.2,53.39,0.0,0,50.52,46.03,4,5,49.52,46.76,3,5,52.68,48.69,3,5,-1.01,3.17,0.73,1.93,1.33,3.8,5.0,48.64,2,2+,Fail,1
STU0128,2022-23,SEM_2022-23_3,3,2023-24,DS,B.TECH,NRI,72.39,Paid,24,6,1,3.8,5.0,52.68,2.0,2,58.63,49.43,2,6,58.62,47.23,4,6,58.15,45.22,4,6,-0.01,-0.47,-2.2,-2.01,-2.1,4.5,4.83,45.71,1,1,Fail,1
STU0128,2022-23,SEM_2022-23_4,4,2023-24,DS,B.TECH,NRI,72.39,Paid,24,6,1,4.5,4.83,58.15,1.0,3,57.81,43.66,5,6,57.08,43.54,4,6,57.75,46.3,4,6,-0.73,0.67,-0.12,2.76,1.32,4.0,4.62,46.7,2,2+,Fail,1
STU0128,2022-23,SEM_2022-23_5,5,2024-25,DS,B.TECH,NRI,72.39,Paid,24,6,1,4.0,4.62,57.75,2.0,5,64.85,40.11,6,6,64.53,42.73,5,6,63.54,44.92,5,6,-0.32,-1.0,2.62,2.19,2.41,3.5,4.4,44.59,2,2+,Fail,1
STU0128,2022-23,SEM_2022-23_6,6,2024-25,DS,B.TECH,NRI,72.39,Paid,24,6,1,3.5,4.4,63.54,2.0,7,44.93,33.1,6,6,43.93,32.44,6,6,44.12,31.86,6,6,-1.0,0.19,-0.66,-0.58,-0.62,0.83,3.81,32.6,5,2+,Fail,1
STU0129,2022-23,SEM_2022-23_1,1,2022-23,CSE,B.TECH,General,71.31,Partial,20,5,0,,,,,0,82.37,74.31,0,0,84.52,72.86,0,0,85.79,73.32,0,0,2.15,1.26,-1.45,0.45,-0.5,7.6,7.6,70.98,0,0,First Class,0
STU0129,2022-23,SEM_2022-23_2,2,2022-23,CSE,B.TECH,General,71.31,Partial,20,5,1,7.6,7.6,85.79,0.0,0,87.19,82.18,0,0,86.65,83.67,0,0,86.98,82.68,0,0,-0.55,0.34,1.5,-0.99,0.25,8.6,8.1,81.61,0,0,Distinction,0
STU0129,2022-23,SEM_2022-23_3,3,2023-24,CSE,B.TECH,General,71.31,Partial,24,6,1,8.6,8.1,86.98,0.0,0,78.44,78.29,0,2,77.27,79.16,0,2,77.75,77.16,0,2,-1.17,0.47,0.86,-1.99,-0.56,8.17,8.12,77.43,0,0,Distinction,0
STU0129,2022-23,SEM_2022-23_4,4,2023-24,CSE,B.TECH,General,71.31,Paid,24,6,1,8.17,8.12,77.75,0.0,0,81.96,88.78,0,0,83.83,87.14,0,0,83.87,88.29,0,0,1.88,0.03,-1.64,1.15,-0.24,9.17,8.38,87.15,0,0,Distinction,0
STU0129,2022-23,SEM_2022-23_5,5,2024-25,CSE,B.TECH,General,71.31,Paid,24,6,1,9.17,8.38,83.87,0.0,0,81.74,88.27,0,1,82.68,87.27,0,0,80.36,86.8,0,2,0.94,-2.33,-1.0,-0.47,-0.73,9.0,8.51,86.56,0,0,Distinction,0
STU0129,2022-23,SEM_2022-23_6,6,2024-25,CSE,B.TECH,General,71.31,Paid,24,6,1,9.0,8.51,80.36,0.0,0,83.63,83.82,0,0,86.93,85.0,0,0,86.31,83.28,0,0,3.3,-0.62,1.18,-1.72,-0.27,8.67,8.53,81.99,0,0,Distinction,0
STU0130,2022-23,SEM_2022-23_1,1,2022-23,ECE,B.TECH,General,80.3,Paid,20,5,0,,,,,0,52.12,46.45,4,5,58.53,53.21,1,5,66.41,59.53,1,5,6.41,7.88,6.76,6.32,6.54,6.4,6.4,59.08,0,0,Second Class,0
STU0130,2022-23,SEM_2022-23_2,2,2022-23,ECE,B.TECH,General,80.3,Paid,20,5,1,6.4,6.4,66.41,0.0,0,62.32,61.48,0,5,69.33,67.71,0,5,75.87,73.39,0,1,7.01,6.54,6.23,5.68,5.95,7.8,7.1,73.48,0,0,First Class,0
STU0130,2022-23,SEM_2022-23_3,3,2023-24,ECE,B.TECH,General,80.3,Partial,24,6,1,7.8,7.1,75.87,0.0,0,65.5,53.06,2,6,72.3,59.21,1,6,79.18,66.54,0,0,6.81,6.88,6.15,7.33,6.74,7.17,7.12,66.91,0,0,First Class,0
STU0130,2022-23,SEM_2022-23_4,4,2023-24,ECE,B.TECH,General,80.3,Paid,24,6,1,7.17,7.12,79.18,0.0,0,73.97,62.07,0,5,80.35,70.01,0,0,88.0,78.19,0,0,6.38,7.65,7.93,8.18,8.06,8.5,7.47,79.75,0,0,Distinction,0
STU0130,2022-23,SEM_2022-23_5,5,2024-25,ECE,B.TECH,General,80.3,Overdue,24,6,1,8.5,7.47,88.0,0.0,0,70.24,64.62,0,6,77.42,70.86,0,1,84.45,76.7,0,0,7.18,7.03,6.24,5.84,6.04,8.17,7.61,75.93,0,0,Distinction,0
STU0130,2022-23,SEM_2022-23_6,6,2024-25,ECE,B.TECH,General,80.3,Paid,24,6,1,8.17,7.61,84.45,0.0,0,74.46,72.14,0,3,81.36,79.33,0,0,88.05,85.0,0,0,6.9,6.69,7.19,5.67,6.43,8.67,7.78,81.49,0,0,Distinction,0
STU0131,2022-23,SEM_2022-23_1,1,2022-23,AIML,B.TECH,ST,55.46,Paid,20,5,0,,,,,0,64.79,36.45,5,5,71.08,43.24,5,4,78.36,50.74,2,1,6.3,7.27,6.79,7.5,7.15,5.6,5.6,50.99,0,0,Pass,1
STU0131,2022-23,SEM_2022-23_2,2,2022-23,AIML,B.TECH,ST,55.46,Paid,20,5,1,5.6,5.6,78.36,0.0,0,79.04,55.01,1,0,84.66,62.29,0,0,91.4,70.61,0,0,5.61,6.75,7.27,8.33,7.8,7.6,6.6,72.38,0,0,First Class,0
STU0131,2022-23,SEM_2022-23_3,3,2023-24,AIML,B.TECH,ST,55.46,Paid,24,6,1,7.6,6.6,91.4,0.0,0,77.97,54.08,2,0,84.85,60.89,1,0,91.32,66.33,1,0,6.88,6.47,6.8,5.45,6.13,6.83,6.68,64.52,0,0,First Class,0
STU0131,2022-23,SEM_2022-23_4,4,2023-24,AIML,B.TECH,ST,55.46,Paid,24,6,1,6.83,6.68,91.32,0.0,0,87.83,55.11,2,0,93.98,61.51,1,0,98.8,67.74,0,0,6.15,4.82,6.41,6.23,6.32,7.17,6.8,66.31,0,0,First Class,0
STU0131,2022-23,SEM_2022-23_5,5,2024-25,AIML,B.TECH,ST,55.46,Overdue,24,6,1,7.17,6.8,98.8,0.0,0,89.72,64.44,1,0,96.2,69.77,0,0,98.89,76.14,0,0,6.49,2.69,5.33,6.37,5.85,8.0,7.04,76.91,0,0,Distinction,0
STU0131,2022-23,SEM_2022-23_6,6,2024-25,AIML,B.TECH,ST,55.46,Paid,24,6,1,8.0,7.04,98.89,0.0,0,81.25,55.89,2,0,87.88,62.08,1,0,95.17,68.59,0,0,6.63,7.29,6.19,6.51,6.35,7.33,7.09,69.96,0,0,First Class,0
STU0132,2022-23,SEM_2022-23_1,1,2022-23,DS,B.TECH,General,83.22,Paid,20,5,0,,,,,0,93.64,71.1,0,0,92.32,69.86,0,0,88.9,72.92,0,0,-1.31,-3.42,-1.24,3.06,0.91,7.4,7.4,70.31,0,0,First Class,0
STU0132,2022-23,SEM_2022-23_2,2,2022-23,DS,B.TECH,General,83.22,Paid,20,5,1,7.4,7.4,88.9,0.0,0,91.94,87.95,0,0,90.65,89.29,0,0,92.27,88.34,0,0,-1.29,1.62,1.34,-0.95,0.19,9.0,8.2,86.78,0,0,Distinction,0
STU0132,2022-23,SEM_2022-23_3,3,2023-24,DS,B.TECH,General,83.22,Paid,24,6,1,9.0,8.2,92.27,0.0,0,92.37,85.47,0,0,92.5,88.21,0,0,93.23,87.84,0,0,0.13,0.74,2.74,-0.37,1.19,9.17,8.52,86.9,0,0,Distinction,0
STU0132,2022-23,SEM_2022-23_4,4,2023-24,DS,B.TECH,General,83.22,Paid,24,6,1,9.17,8.52,93.23,0.0,0,89.82,85.53,0,0,91.5,85.08,0,0,92.75,87.08,0,0,1.68,1.25,-0.44,2.0,0.78,9.17,8.68,86.9,0,0,Distinction,0
STU0132,2022-23,SEM_2022-23_5,5,2024-25,DS,B.TECH,General,83.22,Paid,24,6,1,9.17,8.68,92.75,0.0,0,96.23,89.13,0,0,92.98,89.33,0,0,93.52,89.7,0,0,-3.25,0.55,0.21,0.37,0.29,9.5,8.85,89.89,0,0,Distinction,0
STU0132,2022-23,SEM_2022-23_6,6,2024-25,DS,B.TECH,General,83.22,Partial,24,6,1,9.5,8.85,93.52,0.0,0,94.27,88.99,0,0,96.91,88.33,0,0,94.87,86.54,0,0,2.64,-2.04,-0.66,-1.78,-1.22,9.0,8.87,85.32,0,0,Distinction,0
STU0133,2022-23,SEM_2022-23_1,1,2022-23,CSE,B.TECH,SC,66.71,Paid,20,5,0,,,,,0,79.36,56.62,1,1,84.74,53.19,2,0,83.12,52.67,3,0,5.38,-1.63,-3.43,-0.52,-1.98,5.6,5.6,51.56,0,0,Pass,1
STU0133,2022-23,SEM_2022-23_2,2,2022-23,CSE,B.TECH,SC,66.71,Paid,20,5,1,5.6,5.6,83.12,0.0,0,88.47,69.38,0,0,91.35,74.04,0,0,89.91,74.44,0,0,2.88,-1.44,4.66,0.4,2.53,7.8,6.7,74.82,0,0,First Class,0
STU0133,2022-23,SEM_2022-23_3,3,2023-24,CSE,B.TECH,SC,66.71,Paid,24,6,1,7.8,6.7,89.91,0.0,0,70.4,62.27,0,5,68.9,58.5,0,4,69.46,58.6,2,4,-1.5,0.56,-3.76,0.1,-1.83,6.33,6.58,58.63,0,0,Second Class,0
STU0133,2022-23,SEM_2022-23_4,4,2023-24,CSE,B.TECH,SC,66.71,Paid,24,6,1,6.33,6.58,69.46,0.0,0,78.12,69.73,0,1,77.44,68.07,1,1,78.29,65.62,1,3,-0.68,0.84,-1.66,-2.45,-2.05,7.0,6.68,65.94,0,0,First Class,0
STU0133,2022-23,SEM_2022-23_5,5,2024-25,CSE,B.TECH,SC,66.71,Paid,24,6,1,7.0,6.68,78.29,0.0,0,84.56,66.86,0,0,82.55,65.09,0,0,83.82,65.01,0,0,-2.01,1.26,-1.77,-0.08,-0.92,7.33,6.81,65.5,0,0,First Class,0
STU0133,2022-23,SEM_2022-23_6,6,2024-25,CSE,B.TECH,SC,66.71,Paid,24,6,1,7.33,6.81,83.82,0.0,0,87.26,63.24,0,0,87.18,60.84,0,0,89.13,60.12,2,0,-0.08,1.95,-2.4,-0.72,-1.56,6.33,6.73,59.9,0,0,Second Class,0
STU0134,2022-23,SEM_2022-23_1,1,2022-23,ECE,B.TECH,OBC,57.88,Overdue,20,5,0,,,,,0,61.21,52.61,3,5,62.43,52.2,2,5,63.9,55.53,1,5,1.22,1.47,-0.4,3.33,1.46,5.8,5.8,52.47,0,0,Pass,1
STU0134,2022-23,SEM_2022-23_2,2,2022-23,ECE,B.TECH,OBC,57.88,Overdue,20,5,1,5.8,5.8,63.9,0.0,0,60.45,51.8,1,5,60.92,49.38,4,5,60.32,51.46,3,5,0.47,-0.6,-2.41,2.08,-0.17,5.6,5.7,49.92,0,0,Pass,1
STU0134,2022-23,SEM_2022-23_3,3,2023-24,ECE,B.TECH,OBC,57.88,Paid,24,6,1,5.6,5.7,60.32,0.0,0,66.23,41.31,5,6,67.84,40.83,5,5,66.44,42.16,4,5,1.61,-1.4,-0.48,1.33,0.42,2.83,4.74,40.79,3,2+,Fail,1
STU0134,2022-23,SEM_2022-23_4,4,2023-24,ECE,B.TECH,OBC,57.88,Overdue,24,6,1,2.83,4.74,66.44,3.0,3,57.75,41.85,5,6,56.31,44.45,5,6,55.48,44.97,5,6,-1.44,-0.83,2.61,0.52,1.56,4.83,4.77,46.32,1,1,Fail,1
STU0134,2022-23,SEM_2022-23_5,5,2024-25,ECE,B.TECH,OBC,57.88,Paid,24,6,1,4.83,4.77,55.48,1.0,4,59.47,51.53,2,6,56.69,47.41,4,6,57.44,46.18,5,6,-2.79,0.75,-4.12,-1.24,-2.68,3.5,4.51,43.82,2,2+,Fail,1
STU0134,2022-23,SEM_2022-23_6,6,2024-25,ECE,B.TECH,OBC,57.88,Paid,24,6,1,3.5,4.51,57.44,2.0,6,54.17,43.04,5,6,52.48,42.33,4,6,50.69,41.04,6,6,-1.69,-1.79,-0.71,-1.3,-1.0,2.5,4.18,38.86,3,2+,Fail,1
STU0135,2022-23,SEM_2022-23_1,1,2022-23,AIML,B.TECH,OBC,44.88,Paid,20,5,0,,,,,0,83.97,86.92,0,0,85.21,87.58,0,0,83.8,86.06,0,0,1.24,-1.4,0.66,-1.52,-0.43,9.0,9.0,85.71,0,0,Distinction,0
STU0135,2022-23,SEM_2022-23_2,2,2022-23,AIML,B.TECH,OBC,44.88,Paid,20,5,1,9.0,9.0,83.8,0.0,0,92.37,85.73,0,0,93.38,85.89,0,0,92.18,85.29,0,0,1.01,-1.19,0.16,-0.6,-0.22,9.2,9.1,88.07,0,0,Distinction,0
STU0135,2022-23,SEM_2022-23_3,3,2023-24,AIML,B.TECH,OBC,44.88,Paid,24,6,1,9.2,9.1,92.18,0.0,0,87.0,87.23,0,0,84.67,83.84,0,0,83.78,82.41,0,0,-2.33,-0.89,-3.38,-1.43,-2.41,8.5,8.9,81.13,0,0,Distinction,0
STU0135,2022-23,SEM_2022-23_4,4,2023-24,AIML,B.TECH,OBC,44.88,Paid,24,6,1,8.5,8.9,83.78,0.0,0,84.72,78.34,0,0,85.69,79.56,0,1,81.32,80.21,0,1,0.98,-4.37,1.22,0.65,0.94,8.33,8.76,79.96,0,0,Distinction,0
STU0135,2022-23,SEM_2022-23_5,5,2024-25,AIML,B.TECH,OBC,44.88,Paid,24,6,1,8.33,8.76,81.32,0.0,0,87.78,79.96,0,0,88.79,81.35,0,0,88.0,84.6,0,0,1.02,-0.8,1.38,3.26,2.32,9.17,8.84,84.84,0,0,Distinction,0
STU0135,2022-23,SEM_2022-23_6,6,2024-25,AIML,B.TECH,OBC,44.88,Paid,24,6,1,9.17,8.84,88.0,0.0,0,88.2,88.29,0,0,90.43,86.21,0,0,89.84,86.48,0,0,2.23,-0.59,-2.09,0.28,-0.9,9.17,8.89,86.56,0,0,Distinction,0
STU0136,2022-23,SEM_2022-23_1,1,2022-23,DS,B.TECH,SC,70.44,Paid,20,5,0,,,,,0,84.98,74.48,0,0,83.96,76.34,0,0,81.81,77.79,0,1,-1.02,-2.15,1.86,1.45,1.66,8.0,8.0,74.3,0,0,Distinction,0
STU0136,2022-23,SEM_2022-23_2,2,2022-23,DS,B.TECH,SC,70.44,Paid,20,5,1,8.0,8.0,81.81,0.0,0,83.75,73.95,0,1,84.0,75.62,0,1,86.08,75.21,1,0,0.24,2.09,1.67,-0.41,0.63,8.0,8.0,75.69,0,0,Distinction,0
STU0136,2022-23,SEM_2022-23_3,3,2023-24,DS,B.TECH,SC,70.44,Paid,24,6,1,8.0,8.0,86.08,0.0,0,84.47,71.51,0,0,86.43,70.54,0,0,85.12,68.86,0,0,1.96,-1.31,-0.97,-1.69,-1.33,7.33,7.78,68.15,0,0,First Class,0
STU0136,2022-23,SEM_2022-23_4,4,2023-24,DS,B.TECH,SC,70.44,Paid,24,6,1,7.33,7.78,85.12,0.0,0,82.31,75.69,0,0,80.09,74.61,0,1,81.34,74.86,0,1,-2.22,1.26,-1.08,0.25,-0.41,8.33,7.92,75.45,0,0,Distinction,0
STU0136,2022-23,SEM_2022-23_5,5,2024-25,DS,B.TECH,SC,70.44,Paid,24,6,1,8.33,7.92,81.34,0.0,0,90.42,72.25,0,0,89.89,72.4,0,0,92.56,74.9,0,0,-0.53,2.67,0.14,2.5,1.32,8.17,7.97,76.46,0,0,Distinction,0
STU0136,2022-23,SEM_2022-23_6,6,2024-25,DS,B.TECH,SC,70.44,Paid,24,6,1,8.17,7.97,92.56,0.0,0,83.44,82.31,0,0,80.63,83.46,0,0,80.71,83.37,0,0,-2.82,0.08,1.16,-0.09,0.53,8.83,8.11,84.64,0,0,Distinction,0
STU0137,2022-23,SEM_2022-23_1,1,2022-23,CSE,B.TECH,OBC,91.78,Paid,20,5,0,,,,,0,37.2,52.21,3,5,43.81,58.48,0,5,51.99,65.29,0,5,6.61,8.18,6.26,6.81,6.54,6.6,6.6,61.23,0,0,First Class,0
STU0137,2022-23,SEM_2022-23_2,2,2022-23,CSE,B.TECH,OBC,91.78,Paid,20,5,1,6.6,6.6,51.99,0.0,0,53.58,62.32,0,5,60.93,68.41,0,5,67.77,74.98,0,5,7.34,6.85,6.09,6.57,6.33,7.6,7.1,71.63,0,0,First Class,0
STU0137,2022-23,SEM_2022-23_3,3,2023-24,CSE,B.TECH,OBC,91.78,Paid,24,6,1,7.6,7.1,67.77,0.0,0,54.49,72.55,0,6,60.43,78.49,0,6,68.83,84.08,0,6,5.94,8.4,5.95,5.59,5.77,8.83,7.68,83.36,0,0,Distinction,0
STU0137,2022-23,SEM_2022-23_4,4,2023-24,CSE,B.TECH,OBC,91.78,Paid,24,6,1,8.83,7.68,68.83,0.0,0,64.46,74.5,0,6,70.62,80.39,0,6,78.99,85.84,0,0,6.16,8.37,5.89,5.45,5.67,8.67,7.92,84.62,0,0,Distinction,0
STU0137,2022-23,SEM_2022-23_5,5,2024-25,CSE,B.TECH,OBC,91.78,Paid,24,6,1,8.67,7.92,78.99,0.0,0,63.63,72.22,0,6,70.92,79.32,0,6,77.66,86.24,0,1,7.29,6.74,7.1,6.92,7.01,9.17,8.17,87.45,0,0,Distinction,0
STU0137,2022-23,SEM_2022-23_6,6,2024-25,CSE,B.TECH,OBC,91.78,Overdue,24,6,1,9.17,8.17,77.66,0.0,0,67.14,70.31,0,6,75.12,76.5,0,2,82.87,82.12,0,0,7.98,7.75,6.19,5.63,5.91,8.67,8.26,82.91,0,0,Distinction,0
STU0138,2022-23,SEM_2022-23_1,1,2022-23,ECE,B.TECH,General,78.63,Paid,20,5,0,,,,,0,81.45,67.91,0,0,80.96,67.89,1,0,80.64,68.28,0,0,-0.49,-0.31,-0.02,0.39,0.18,7.4,7.4,68.71,0,0,First Class,0
STU0138,2022-23,SEM_2022-23_2,2,2022-23,ECE,B.TECH,General,78.63,Paid,20,5,1,7.4,7.4,80.64,0.0,0,90.52,77.47,0,0,90.87,75.02,0,0,93.09,77.01,0,0,0.35,2.22,-2.44,1.99,-0.23,8.2,7.8,76.77,0,0,Distinction,0
STU0138,2022-23,SEM_2022-23_3,3,2023-24,ECE,B.TECH,General,78.63,Paid,24,6,1,8.2,7.8,93.09,0.0,0,79.4,70.66,0,1,78.28,71.16,0,2,78.92,72.59,1,2,-1.12,0.64,0.5,1.43,0.96,7.67,7.76,71.89,0,0,First Class,0
STU0138,2022-23,SEM_2022-23_4,4,2023-24,ECE,B.TECH,General,78.63,Paid,24,6,1,7.67,7.76,78.92,0.0,0,83.5,72.98,0,0,82.2,73.82,0,0,80.68,73.51,0,0,-1.3,-1.52,0.84,-0.31,0.26,8.0,7.82,74.64,0,0,Distinction,0
STU0138,2022-23,SEM_2022-23_5,5,2024-25,ECE,B.TECH,General,78.63,Paid,24,6,1,8.0,7.82,80.68,0.0,0,82.52,75.82,0,0,80.77,74.99,0,0,82.27,75.83,0,1,-1.76,1.5,-0.83,0.84,0.0,8.17,7.89,76.65,0,0,Distinction,0
STU0138,2022-23,SEM_2022-23_6,6,2024-25,ECE,B.TECH,General,78.63,Paid,24,6,1,8.17,7.89,82.27,0.0,0,85.69,75.06,0,0,85.53,74.33,0,0,85.45,75.22,0,0,-0.16,-0.08,-0.73,0.88,0.08,8.0,7.91,74.65,0,0,Distinction,0
STU0139,2022-23,SEM_2022-23_1,1,2022-23,AIML,B.TECH,General,76.66,Paid,20,5,0,,,,,0,81.53,76.21,0,0,78.96,78.49,0,1,78.78,78.13,0,2,-2.57,-0.19,2.27,-0.36,0.96,8.0,8.0,75.39,0,0,Distinction,0
STU0139,2022-23,SEM_2022-23_2,2,2022-23,AIML,B.TECH,General,76.66,Paid,20,5,1,8.0,8.0,78.78,0.0,0,90.7,71.73,0,0,91.02,69.66,1,0,90.19,69.22,1,0,0.32,-0.84,-2.08,-0.43,-1.26,6.6,7.3,69.79,1,1,Fail,1
STU0139,2022-23,SEM_2022-23_3,3,2023-24,AIML,B.TECH,General,76.66,Paid,24,6,1,6.6,7.3,90.19,1.0,1,84.8,73.92,0,0,82.99,74.7,0,0,84.09,77.67,0,2,-1.82,1.11,0.79,2.97,1.88,8.17,7.59,76.61,0,0,Distinction,0
STU0139,2022-23,SEM_2022-23_4,4,2023-24,AIML,B.TECH,General,76.66,Paid,24,6,1,8.17,7.59,84.09,0.0,1,92.0,76.24,0,0,92.49,75.06,0,0,90.47,76.71,0,0,0.49,-2.02,-1.19,1.65,0.23,8.0,7.69,75.99,0,0,Distinction,0
STU0139,2022-23,SEM_2022-23_5,5,2024-25,AIML,B.TECH,General,76.66,Paid,24,6,1,8.0,7.69,90.47,0.0,1,84.96,73.17,0,0,83.86,75.16,0,0,82.37,77.08,0,1,-1.1,-1.49,1.99,1.92,1.95,8.17,7.79,77.67,0,0,Distinction,0
STU0139,2022-23,SEM_2022-23_6,6,2024-25,AIML,B.TECH,General,76.66,Paid,24,6,1,8.17,7.79,82.37,0.0,1,84.6,71.87,0,0,82.85,70.75,0,0,83.76,72.08,0,0,-1.75,0.9,-1.12,1.33,0.11,8.0,7.82,74.91,0,0,Distinction,0
STU0140,2022-23,SEM_2022-23_1,1,2022-23,DS,B.TECH,General,87.85,Paid,20,5,0,,,,,0,88.61,55.77,2,0,87.1,58.37,1,1,87.02,58.61,2,1,-1.52,-0.08,2.6,0.24,1.42,6.4,6.4,58.93,0,0,Second Class,0
STU0140,2022-23,SEM_2022-23_2,2,2022-23,DS,B.TECH,General,87.85,Paid,20,5,1,6.4,6.4,87.02,0.0,0,95.31,70.31,0,0,97.2,71.04,0,0,93.63,71.26,0,0,1.89,-3.57,0.73,0.22,0.48,7.8,7.1,73.44,0,0,First Class,0
STU0140,2022-23,SEM_2022-23_3,3,2023-24,DS,B.TECH,General,87.85,Paid,24,6,1,7.8,7.1,93.63,0.0,0,89.81,63.59,0,0,91.52,60.28,1,0,90.49,61.49,2,0,1.71,-1.03,-3.31,1.21,-1.05,6.33,6.84,60.22,0,0,Second Class,0
STU0140,2022-23,SEM_2022-23_4,4,2023-24,DS,B.TECH,General,87.85,Paid,24,6,1,6.33,6.84,90.49,0.0,0,93.07,58.39,1,0,92.55,57.03,2,0,90.31,57.15,3,0,-0.52,-2.23,-1.36,0.12,-0.62,6.33,6.72,58.72,0,0,Second Class,0
STU0140,2022-23,SEM_2022-23_5,5,2024-25,DS,B.TECH,General,87.85,Paid,24,6,1,6.33,6.72,90.31,0.0,0,87.14,58.66,0,0,86.61,59.8,1,0,85.61,57.56,1,0,-0.53,-1.0,1.14,-2.24,-0.55,6.17,6.61,56.54,0,0,Second Class,0
STU0140,2022-23,SEM_2022-23_6,6,2024-25,DS,B.TECH,General,87.85,Paid,24,6,1,6.17,6.61,85.61,0.0,0,94.1,59.08,2,0,95.1,55.84,1,0,95.13,55.16,1,0,1.0,0.04,-3.25,-0.67,-1.96,5.17,6.37,54.49,1,1,Fail,1
STU0141,2022-23,SEM_2022-23_1,1,2022-23,CSE,B.TECH,SC,89.12,Paid,20,5,0,,,,,0,95.65,79.04,0,0,92.79,79.94,0,0,92.67,81.26,0,0,-2.87,-0.11,0.9,1.32,1.11,8.6,8.6,80.42,0,0,Distinction,0
STU0141,2022-23,SEM_2022-23_2,2,2022-23,CSE,B.TECH,SC,89.12,Paid,20,5,1,8.6,8.6,92.67,0.0,0,86.1,85.22,0,0,86.81,85.34,0,0,87.57,83.49,0,0,0.7,0.76,0.12,-1.86,-0.87,8.6,8.6,83.62,0,0,Distinction,0
STU0141,2022-23,SEM_2022-23_3,3,2023-24,CSE,B.TECH,SC,89.12,Paid,24,6,1,8.6,8.6,87.57,0.0,0,88.8,88.63,0,0,90.52,87.34,0,0,90.44,85.78,0,0,1.71,-0.07,-1.29,-1.56,-1.42,9.17,8.79,86.58,0,0,Distinction,0
STU0141,2022-23,SEM_2022-23_4,4,2023-24,CSE,B.TECH,SC,89.12,Paid,24,6,1,9.17,8.79,90.44,0.0,0,87.06,88.23,0,0,88.24,87.73,0,0,86.0,88.12,0,0,1.18,-2.24,-0.5,0.39,-0.05,9.0,8.84,85.04,0,0,Distinction,0
STU0141,2022-23,SEM_2022-23_5,5,2024-25,CSE,B.TECH,SC,89.12,Paid,24,6,1,9.0,8.84,86.0,0.0,0,96.34,82.75,0,0,95.17,83.76,0,0,94.61,85.13,0,0,-1.17,-0.57,1.0,1.37,1.19,9.0,8.87,85.76,0,0,Distinction,0
STU0141,2022-23,SEM_2022-23_6,6,2024-25,CSE,B.TECH,SC,89.12,Paid,24,6,1,9.0,8.87,94.61,0.0,0,95.23,94.26,0,0,94.15,93.87,0,0,94.46,92.68,0,0,-1.08,0.31,-0.39,-1.19,-0.79,9.83,9.03,94.76,0,0,Distinction,0
STU0142,2022-23,SEM_2022-23_1,1,2022-23,ECE,B.TECH,OBC,79.18,Paid,20,5,0,,,,,0,93.64,86.37,0,0,91.06,85.62,0,0,93.28,85.63,0,0,-2.58,2.22,-0.75,0.02,-0.37,8.8,8.8,83.2,0,0,Distinction,0
STU0142,2022-23,SEM_2022-23_2,2,2022-23,ECE,B.TECH,OBC,79.18,Paid,20,5,1,8.8,8.8,93.28,0.0,0,89.31,91.12,0,0,89.89,89.01,0,0,89.76,87.3,0,0,0.58,-0.14,-2.11,-1.7,-1.91,9.0,8.9,86.02,0,0,Distinction,0
STU0142,2022-23,SEM_2022-23_3,3,2023-24,ECE,B.TECH,OBC,79.18,Paid,24,6,1,9.0,8.9,89.76,0.0,0,88.34,88.92,0,0,86.67,89.82,0,0,88.65,90.99,0,0,-1.67,1.97,0.9,1.17,1.03,9.67,9.16,92.22,0,0,Distinction,0
STU0142,2022-23,SEM_2022-23_4,4,2023-24,ECE,B.TECH,OBC,79.18,Paid,24,6,1,9.67,9.16,88.65,0.0,0,89.97,90.65,0,0,91.4,90.02,0,0,92.97,86.52,0,0,1.43,1.57,-0.63,-3.51,-2.07,9.17,9.16,86.48,0,0,Distinction,0
STU0142,2022-23,SEM_2022-23_5,5,2024-25,ECE,B.TECH,OBC,79.18,Paid,24,6,1,9.17,9.16,92.97,0.0,0,87.28,89.05,0,0,87.66,89.4,0,0,84.12,89.64,0,0,0.38,-3.55,0.35,0.24,0.3,9.5,9.23,90.46,0,0,Distinction,0
STU0142,2022-23,SEM_2022-23_6,6,2024-25,ECE,B.TECH,OBC,79.18,Partial,24,6,1,9.5,9.23,84.12,0.0,0,89.75,93.26,0,0,86.22,92.06,0,0,86.39,92.23,0,1,-3.54,0.17,-1.19,0.17,-0.51,9.5,9.27,90.64,0,0,Distinction,0
STU0143,2022-23,SEM_2022-23_1,1,2022-23,AIML,B.TECH,OBC,73.64,Paid,20,5,0,,,,,0,49.33,39.36,5,5,56.45,46.34,5,5,65.21,54.22,1,5,7.12,8.76,6.98,7.88,7.43,5.6,5.6,52.88,0,0,Pass,1
STU0143,2022-23,SEM_2022-23_2,2,2022-23,AIML,B.TECH,OBC,73.64,Paid,20,5,1,5.6,5.6,65.21,0.0,0,55.54,57.68,1,5,62.57,64.4,0,5,70.15,72.77,0,5,7.03,7.58,6.72,8.37,7.54,7.8,6.7,74.25,0,0,First Class,0
STU0143,2022-23,SEM_2022-23_3,3,2023-24,AIML,B.TECH,OBC,73.64,Paid,24,6,1,7.8,6.7,70.15,0.0,0,63.98,61.36,1,6,71.38,67.38,0,6,78.25,73.57,0,1,7.41,6.87,6.01,6.19,6.1,8.17,7.19,76.17,0,0,Distinction,0
STU0143,2022-23,SEM_2022-23_4,4,2023-24,AIML,B.TECH,OBC,73.64,Paid,24,6,1,8.17,7.19,78.25,0.0,0,67.4,68.99,0,6,73.45,74.68,0,3,82.36,81.74,0,0,6.05,8.91,5.69,7.06,6.37,8.5,7.52,80.23,0,0,Distinction,0
STU0143,2022-23,SEM_2022-23_5,5,2024-25,AIML,B.TECH,OBC,73.64,Overdue,24,6,1,8.5,7.52,82.36,0.0,0,68.83,72.76,0,6,75.79,78.49,0,2,81.3,85.02,0,0,6.96,5.51,5.73,6.53,6.13,8.83,7.78,86.0,0,0,Distinction,0
STU0143,2022-23,SEM_2022-23_6,6,2024-25,AIML,B.TECH,OBC,73.64,Paid,24,6,1,8.83,7.78,81.3,0.0,0,66.92,71.08,0,6,73.67,78.03,0,4,81.67,84.67,0,0,6.76,8.0,6.95,6.64,6.79,9.0,7.98,84.7,0,0,Distinction,0
STU0144,2022-23,SEM_2022-23_1,1,2022-23,DS,B.TECH,SC,86.43,Paid,20,5,0,,,,,0,93.4,76.29,0,0,92.84,75.72,0,0,90.9,75.48,0,0,-0.56,-1.94,-0.58,-0.23,-0.41,8.2,8.2,76.01,0,0,Distinction,0
STU0144,2022-23,SEM_2022-23_2,2,2022-23,DS,B.TECH,SC,86.43,Partial,20,5,1,8.2,8.2,90.9,0.0,0,87.63,81.37,0,0,89.61,82.15,0,0,90.17,84.78,0,0,1.98,0.56,0.78,2.63,1.7,9.4,8.8,86.31,0,0,Distinction,0
STU0144,2022-23,SEM_2022-23_3,3,2023-24,DS,B.TECH,SC,86.43,Paid,24,6,1,9.4,8.8,90.17,0.0,0,84.18,74.61,0,0,82.11,73.43,0,0,83.39,72.4,0,0,-2.07,1.28,-1.17,-1.04,-1.1,7.83,8.48,72.14,0,0,First Class,0
STU0144,2022-23,SEM_2022-23_4,4,2023-24,DS,B.TECH,SC,86.43,Paid,24,6,1,7.83,8.48,83.39,0.0,0,87.83,77.85,0,0,88.68,74.96,0,0,87.94,73.9,0,0,0.84,-0.74,-2.88,-1.06,-1.97,7.83,8.32,74.3,0,0,First Class,0
STU0144,2022-23,SEM_2022-23_5,5,2024-25,DS,B.TECH,SC,86.43,Paid,24,6,1,7.83,8.32,87.94,0.0,0,87.49,83.37,0,0,90.27,80.47,0,0,88.13,78.49,0,0,2.78,-2.14,-2.9,-1.98,-2.44,8.5,8.35,79.19,0,0,Distinction,0
STU0144,2022-23,SEM_2022-23_6,6,2024-25,DS,B.TECH,SC,86.43,Paid,24,6,1,8.5,8.35,88.13,0.0,0,89.56,77.41,0,0,87.65,76.39,0,0,88.13,77.08,0,0,-1.91,0.47,-1.01,0.68,-0.16,8.17,8.32,77.07,0,0,Distinction,0
STU0145,2022-23,SEM_2022-23_1,1,2022-23,CSE,B.TECH,General,83.85,Paid,20,5,0,,,,,0,83.23,74.5,0,0,81.29,75.39,0,0,82.44,73.79,0,1,-1.94,1.15,0.89,-1.59,-0.35,7.4,7.4,71.39,0,0,First Class,0
STU0145,2022-23,SEM_2022-23_2,2,2022-23,CSE,B.TECH,General,83.85,Paid,20,5,1,7.4,7.4,82.44,0.0,0,80.79,70.44,0,0,81.77,71.02,0,0,82.4,68.78,0,0,0.97,0.63,0.59,-2.25,-0.83,7.4,7.4,69.11,0,0,First Class,0
STU0145,2022-23,SEM_2022-23_3,3,2023-24,CSE,B.TECH,General,83.85,Paid,24,6,1,7.4,7.4,82.4,0.0,0,84.96,66.16,1,0,83.89,66.65,1,0,83.79,69.87,0,0,-1.07,-0.1,0.49,3.22,1.86,7.67,7.49,70.51,0,0,First Class,0
STU0145,2022-23,SEM_2022-23_4,4,2023-24,CSE,B.TECH,General,83.85,Paid,24,6,1,7.67,7.49,83.79,0.0,0,87.49,73.71,0,0,88.36,70.7,0,0,87.9,69.9,0,0,0.87,-0.45,-3.0,-0.8,-1.9,7.5,7.49,69.91,0,0,First Class,0
STU0145,2022-23,SEM_2022-23_5,5,2024-25,CSE,B.TECH,General,83.85,Partial,24,6,1,7.5,7.49,87.9,0.0,0,96.21,74.53,0,0,93.11,76.02,0,0,91.55,77.07,0,0,-3.1,-1.56,1.48,1.05,1.27,8.33,7.66,77.13,0,0,Distinction,0
STU0145,2022-23,SEM_2022-23_6,6,2024-25,CSE,B.TECH,General,83.85,Paid,24,6,1,8.33,7.66,91.55,0.0,0,82.6,60.05,2,0,82.33,60.56,0,0,82.3,59.89,1,0,-0.27,-0.04,0.51,-0.67,-0.08,6.67,7.49,60.26,0,0,First Class,0
STU0146,2022-23,SEM_2022-23_1,1,2022-23,ECE,B.TECH,General,91.76,Paid,20,5,0,,,,,0,83.89,66.37,0,0,75.59,60.69,1,2,69.44,55.55,1,5,-8.3,-6.15,-5.68,-5.15,-5.41,6.0,6.0,55.72,0,0,Second Class,0
STU0146,2022-23,SEM_2022-23_2,2,2022-23,ECE,B.TECH,General,91.76,Overdue,20,5,1,6.0,6.0,69.44,0.0,0,69.72,61.26,0,5,62.91,53.88,2,5,57.37,48.61,3,5,-6.82,-5.54,-7.39,-5.27,-6.33,5.6,5.8,48.84,0,0,Pass,1
STU0146,2022-23,SEM_2022-23_3,3,2023-24,ECE,B.TECH,General,91.76,Paid,24,6,1,5.6,5.8,57.37,0.0,0,76.19,66.92,0,4,68.81,60.13,0,4,60.55,53.93,3,6,-7.38,-8.27,-6.8,-6.2,-6.5,5.83,5.81,52.52,0,0,Pass,1
STU0146,2022-23,SEM_2022-23_4,4,2023-24,ECE,B.TECH,General,91.76,Paid,24,6,1,5.83,5.81,60.55,0.0,0,77.07,58.76,1,2,70.45,52.68,4,6,65.68,47.46,5,6,-6.62,-4.77,-6.07,-5.22,-5.65,5.33,5.69,47.59,0,0,Pass,1
STU0146,2022-23,SEM_2022-23_5,5,2024-25,ECE,B.TECH,General,91.76,Paid,24,6,1,5.33,5.69,65.68,0.0,0,67.83,58.25,2,6,60.12,52.31,3,6,54.76,46.68,4,6,-7.71,-5.36,-5.94,-5.63,-5.78,4.67,5.49,45.25,1,1,Fail,1
STU0146,2022-23,SEM_2022-23_6,6,2024-25,ECE,B.TECH,General,91.76,Paid,24,6,1,4.67,5.49,54.76,1.0,1,68.81,71.32,0,6,62.77,64.42,0,6,57.11,59.1,0,6,-6.04,-5.66,-6.9,-5.32,-6.11,6.33,5.63,59.26,0,0,Second Class,0
STU0147,2022-23,SEM_2022-23_1,1,2022-23,AIML,B.TECH,OBC,68.04,Paid,20,5,0,,,,,0,90.63,91.28,0,0,91.7,92.28,0,0,91.47,91.26,0,0,1.06,-0.22,1.0,-1.02,-0.01,9.4,9.4,91.73,0,0,Distinction,0
STU0147,2022-23,SEM_2022-23_2,2,2022-23,AIML,B.TECH,OBC,68.04,Paid,20,5,1,9.4,9.4,91.47,0.0,0,85.51,72.78,0,0,86.56,72.15,0,0,85.06,72.08,0,1,1.05,-1.51,-0.63,-0.07,-0.35,7.8,8.6,73.64,0,0,First Class,0
STU0147,2022-23,SEM_2022-23_3,3,2023-24,AIML,B.TECH,OBC,68.04,Overdue,24,6,1,7.8,8.6,85.06,0.0,0,89.16,70.4,0,0,90.73,69.49,0,0,91.18,72.0,0,0,1.57,0.45,-0.9,2.5,0.8,7.5,8.23,68.23,0,0,First Class,0
STU0147,2022-23,SEM_2022-23_4,4,2023-24,AIML,B.TECH,OBC,68.04,Paid,24,6,1,7.5,8.23,91.18,0.0,0,90.36,66.93,0,0,90.14,67.82,1,0,92.41,65.64,1,0,-0.22,2.27,0.89,-2.18,-0.65,6.83,7.88,64.29,0,0,First Class,0
STU0147,2022-23,SEM_2022-23_5,5,2024-25,AIML,B.TECH,OBC,68.04,Paid,24,6,1,6.83,7.88,92.41,0.0,0,86.61,78.55,0,0,88.53,75.7,0,0,89.45,76.73,0,0,1.91,0.92,-2.85,1.03,-0.91,8.5,8.01,78.24,0,0,Distinction,0
STU0147,2022-23,SEM_2022-23_6,6,2024-25,AIML,B.TECH,OBC,68.04,Paid,24,6,1,8.5,8.01,89.45,0.0,0,92.53,85.54,0,0,91.08,84.21,0,0,90.32,82.51,0,0,-1.45,-0.75,-1.33,-1.7,-1.51,8.83,8.14,83.53,0,0,Distinction,0
STU0148,2022-23,SEM_2022-23_1,1,2022-23,DS,B.TECH,SC,63.76,Paid,20,5,0,,,,,0,70.14,72.87,0,4,70.33,72.14,0,3,70.48,71.21,0,3,0.19,0.15,-0.73,-0.94,-0.83,7.6,7.6,72.3,0,0,First Class,0
STU0148,2022-23,SEM_2022-23_2,2,2022-23,DS,B.TECH,SC,63.76,Paid,20,5,1,7.6,7.6,70.48,0.0,0,73.37,62.7,0,5,69.46,64.73,0,5,68.86,67.04,0,5,-3.91,-0.6,2.03,2.31,2.17,7.4,7.5,69.39,0,0,First Class,0
STU0148,2022-23,SEM_2022-23_3,3,2023-24,DS,B.TECH,SC,63.76,Paid,24,6,1,7.4,7.5,68.86,0.0,0,75.42,70.91,0,2,77.04,67.7,1,1,78.29,70.32,1,2,1.62,1.25,-3.21,2.62,-0.3,7.5,7.5,70.92,0,0,First Class,0
STU0148,2022-23,SEM_2022-23_4,4,2023-24,DS,B.TECH,SC,63.76,Paid,24,6,1,7.5,7.5,78.29,0.0,0,79.04,70.5,0,1,78.41,69.52,0,2,79.43,65.32,1,2,-0.63,1.02,-0.97,-4.2,-2.59,7.33,7.46,66.57,0,0,First Class,0
STU0148,2022-23,SEM_2022-23_5,5,2024-25,DS,B.TECH,SC,63.76,Paid,24,6,1,7.33,7.46,79.43,0.0,0,80.17,69.1,0,0,80.89,71.22,0,0,79.47,69.65,0,0,0.72,-1.42,2.12,-1.57,0.27,7.33,7.43,70.4,0,0,First Class,0
STU0148,2022-23,SEM_2022-23_6,6,2024-25,DS,B.TECH,SC,63.76,Paid,24,6,1,7.33,7.43,79.47,0.0,0,74.15,72.37,0,4,73.16,69.86,0,4,71.12,69.6,0,6,-0.99,-2.03,-2.52,-0.26,-1.39,7.5,7.44,69.07,0,0,First Class,0
STU0149,2022-23,SEM_2022-23_1,1,2022-23,CSE,B.TECH,General,72.53,Paid,20,5,0,,,,,0,89.14,82.92,0,0,90.07,81.51,0,0,89.42,79.3,0,0,0.93,-0.65,-1.41,-2.21,-1.81,8.2,8.2,77.55,0,0,Distinction,0
STU0149,2022-23,SEM_2022-23_2,2,2022-23,CSE,B.TECH,General,72.53,Partial,20,5,1,8.2,8.2,89.42,0.0,0,89.72,88.4,0,0,90.39,86.18,0,0,90.14,85.11,0,0,0.67,-0.24,-2.22,-1.08,-1.65,9.2,8.7,84.76,0,0,Distinction,0
STU0149,2022-23,SEM_2022-23_3,3,2023-24,CSE,B.TECH,General,72.53,Paid,24,6,1,9.2,8.7,90.14,0.0,0,93.75,84.81,0,0,93.35,83.13,0,0,93.14,82.79,0,0,-0.4,-0.21,-1.69,-0.34,-1.01,8.5,8.63,81.32,0,0,Distinction,0
STU0149,2022-23,SEM_2022-23_4,4,2023-24,CSE,B.TECH,General,72.53,Paid,24,6,1,8.5,8.63,93.14,0.0,0,89.87,83.71,0,0,90.69,82.86,0,0,89.9,83.21,0,0,0.82,-0.79,-0.85,0.35,-0.25,9.0,8.72,83.53,0,0,Distinction,0
STU0149,2022-23,SEM_2022-23_5,5,2024-25,CSE,B.TECH,General,72.53,Paid,24,6,1,9.0,8.72,89.9,0.0,0,87.06,90.38,0,0,88.7,86.76,0,0,90.04,86.22,0,0,1.64,1.34,-3.62,-0.54,-2.08,9.33,8.85,88.8,0,0,Distinction,0
STU0149,2022-23,SEM_2022-23_6,6,2024-25,CSE,B.TECH,General,72.53,Paid,24,6,1,9.33,8.85,90.04,0.0,0,91.44,82.95,0,0,91.08,83.49,0,0,90.2,81.18,0,0,-0.36,-0.88,0.53,-2.31,-0.89,8.5,8.79,80.32,0,0,Distinction,0
STU0150,2022-23,SEM_2022-23_1,1,2022-23,ECE,B.TECH,General,81.82,Paid,20,5,0,,,,,0,58.06,41.91,5,5,63.29,48.05,3,5,69.74,54.78,1,5,5.23,6.45,6.14,6.73,6.44,6.0,6.0,54.35,0,0,Second Class,0
STU0150,2022-23,SEM_2022-23_2,2,2022-23,ECE,B.TECH,General,81.82,Partial,20,5,1,6.0,6.0,69.74,0.0,0,77.51,56.61,1,0,84.41,62.08,1,0,91.14,69.13,0,0,6.91,6.73,5.47,7.05,6.26,7.6,6.8,70.59,0,0,First Class,0
STU0150,2022-23,SEM_2022-23_3,3,2023-24,ECE,B.TECH,General,81.82,Paid,24,6,1,7.6,6.8,91.14,0.0,0,81.2,52.15,2,0,86.88,58.83,0,0,93.28,65.71,0,0,5.69,6.4,6.69,6.88,6.78,7.17,6.92,65.75,0,0,First Class,0
STU0150,2022-23,SEM_2022-23_4,4,2023-24,ECE,B.TECH,General,81.82,Paid,24,6,1,7.17,6.92,93.28,0.0,0,79.37,52.74,2,0,85.67,58.28,1,0,93.78,64.21,0,0,6.3,8.11,5.54,5.92,5.73,6.67,6.86,63.06,0,0,First Class,0
STU0150,2022-23,SEM_2022-23_5,5,2024-25,ECE,B.TECH,General,81.82,Paid,24,6,1,6.67,6.86,93.78,0.0,0,80.6,55.44,2,0,86.11,61.37,0,0,94.44,68.33,0,0,5.5,8.33,5.93,6.96,6.44,7.33,6.95,68.75,0,0,First Class,0
STU0150,2022-23,SEM_2022-23_6,6,2024-25,ECE,B.TECH,General,81.82,Paid,24,6,1,7.33,6.95,94.44,0.0,0,78.19,62.7,0,0,84.54,69.03,0,0,90.94,74.86,0,0,6.35,6.4,6.33,5.83,6.08,8.0,7.13,73.33,0,0,Distinction,0
STU0151,2022-23,SEM_2022-23_1,1,2022-23,AIML,B.TECH,Management,53.81,Paid,20,5,0,,,,,0,83.03,63.3,0,0,81.63,61.89,1,0,78.31,57.68,1,2,-1.39,-3.32,-1.4,-4.21,-2.81,6.4,6.4,59.48,0,0,Second Class,0
STU0151,2022-23,SEM_2022-23_2,2,2022-23,AIML,B.TECH,Management,53.81,Paid,20,5,1,6.4,6.4,78.31,0.0,0,73.62,68.88,0,4,74.5,71.72,0,3,71.03,70.09,0,5,0.89,-3.47,2.84,-1.63,0.61,7.6,7.0,71.18,0,0,First Class,0
STU0151,2022-23,SEM_2022-23_3,3,2023-24,AIML,B.TECH,Management,53.81,Paid,24,6,1,7.6,7.0,71.03,0.0,0,85.19,62.17,2,0,87.82,61.45,2,0,85.86,62.62,2,0,2.63,-1.96,-0.72,1.17,0.23,6.17,6.72,62.13,1,1,Fail,1
STU0151,2022-23,SEM_2022-23_4,4,2023-24,AIML,B.TECH,Management,53.81,Paid,24,6,1,6.17,6.72,85.86,1.0,1,78.14,68.77,0,0,78.65,69.92,0,1,80.96,67.31,0,0,0.51,2.31,1.15,-2.61,-0.73,7.17,6.83,65.95,0,0,First Class,0
STU0151,2022-23,SEM_2022-23_5,5,2024-25,AIML,B.TECH,Management,53.81,Paid,24,6,1,7.17,6.83,80.96,0.0,1,84.44,67.92,0,0,84.73,69.36,0,0,84.01,69.37,0,0,0.29,-0.72,1.44,0.01,0.72,7.17,6.9,66.61,0,0,First Class,0
STU0151,2022-23,SEM_2022-23_6,6,2024-25,AIML,B.TECH,Management,53.81,Paid,24,6,1,7.17,6.9,84.01,0.0,1,85.05,72.4,0,0,85.26,69.72,0,0,84.49,71.15,0,0,0.21,-0.77,-2.68,1.43,-0.62,8.0,7.08,73.72,0,0,Distinction,0
STU0152,2022-23,SEM_2022-23_1,1,2022-23,DS,B.TECH,SC,72.12,Paid,20,5,0,,,,,0,85.95,94.0,0,0,88.35,90.59,0,0,84.64,89.23,0,0,2.4,-3.72,-3.41,-1.36,-2.39,9.2,9.2,89.69,0,0,Distinction,0
STU0152,2022-23,SEM_2022-23_2,2,2022-23,DS,B.TECH,SC,72.12,Partial,20,5,1,9.2,9.2,84.64,0.0,0,76.44,91.77,0,2,77.63,91.59,0,0,73.69,89.29,0,4,1.19,-3.94,-0.18,-2.3,-1.24,9.4,9.3,88.63,0,0,Distinction,0
STU0152,2022-23,SEM_2022-23_3,3,2023-24,DS,B.TECH,SC,72.12,Paid,24,6,1,9.4,9.3,73.69,0.0,0,79.09,89.68,0,1,78.19,87.39,0,2,78.44,87.31,0,2,-0.9,0.26,-2.28,-0.09,-1.19,9.0,9.2,86.23,0,0,Distinction,0
STU0152,2022-23,SEM_2022-23_4,4,2023-24,DS,B.TECH,SC,72.12,Partial,24,6,1,9.0,9.2,78.44,0.0,0,89.02,88.27,0,0,87.21,88.13,0,0,86.61,86.77,0,0,-1.81,-0.61,-0.14,-1.37,-0.75,9.0,9.15,85.8,0,0,Distinction,0
STU0152,2022-23,SEM_2022-23_5,5,2024-25,DS,B.TECH,SC,72.12,Paid,24,6,1,9.0,9.15,86.61,0.0,0,85.59,85.41,0,0,85.19,84.06,0,0,86.62,85.94,0,0,-0.4,1.43,-1.35,1.88,0.27,8.83,9.09,83.12,0,0,Distinction,0
STU0152,2022-23,SEM_2022-23_6,6,2024-25,DS,B.TECH,SC,72.12,Paid,24,6,1,8.83,9.09,86.62,0.0,0,85.67,85.52,0,0,87.84,84.89,0,0,86.16,83.82,0,0,2.16,-1.68,-0.63,-1.07,-0.85,9.0,9.07,85.97,0,0,Distinction,0
STU0153,2022-23,SEM_2022-23_1,1,2022-23,CSE,B.TECH,General,79.09,Paid,20,5,0,,,,,0,89.54,87.96,0,0,88.74,86.92,0,0,87.76,86.1,0,0,-0.79,-0.99,-1.04,-0.82,-0.93,8.8,8.8,84.35,0,0,Distinction,0
STU0153,2022-23,SEM_2022-23_2,2,2022-23,CSE,B.TECH,General,79.09,Partial,20,5,1,8.8,8.8,87.76,0.0,0,85.26,83.58,0,0,88.21,84.92,0,0,91.32,85.01,0,0,2.95,3.11,1.34,0.09,0.71,8.8,8.8,84.93,0,0,Distinction,0
STU0153,2022-23,SEM_2022-23_3,3,2023-24,CSE,B.TECH,General,79.09,Paid,24,6,1,8.8,8.8,91.32,0.0,0,83.39,87.45,0,0,84.98,87.24,0,0,80.97,87.96,0,0,1.6,-4.01,-0.2,0.72,0.26,9.17,8.92,87.19,0,0,Distinction,0
STU0153,2022-23,SEM_2022-23_4,4,2023-24,CSE,B.TECH,General,79.09,Paid,24,6,1,9.17,8.92,80.97,0.0,0,84.98,91.66,0,0,86.17,89.6,0,0,84.98,86.79,0,0,1.2,-1.19,-2.06,-2.81,-2.44,9.33,9.03,88.83,0,0,Distinction,0
STU0153,2022-23,SEM_2022-23_5,5,2024-25,CSE,B.TECH,General,79.09,Paid,24,6,1,9.33,9.03,84.98,0.0,0,82.24,82.74,0,0,85.16,81.79,0,0,85.32,79.96,0,0,2.92,0.16,-0.95,-1.82,-1.39,8.17,8.85,79.44,0,0,Distinction,0
STU0153,2022-23,SEM_2022-23_6,6,2024-25,CSE,B.TECH,General,79.09,Paid,24,6,1,8.17,8.85,85.32,0.0,0,81.57,86.23,0,0,83.59,84.13,0,0,81.98,83.94,0,0,2.02,-1.61,-2.1,-0.2,-1.15,9.17,8.91,86.19,0,0,Distinction,0
STU0154,2022-23,SEM_2022-23_1,1,2022-23,ECE,B.TECH,General,82.97,Partial,20,5,0,,,,,0,44.18,35.1,5,5,50.17,41.69,5,5,58.15,49.38,2,5,5.99,7.97,6.59,7.69,7.14,4.6,4.6,48.22,1,1,Fail,1
STU0154,2022-23,SEM_2022-23_2,2,2022-23,ECE,B.TECH,General,82.97,Paid,20,5,1,4.6,4.6,58.15,1.0,1,61.3,51.15,3,5,67.62,57.66,1,5,73.54,64.39,0,3,6.32,5.92,6.51,6.73,6.62,7.2,5.9,64.08,0,0,First Class,0
STU0154,2022-23,SEM_2022-23_3,3,2023-24,ECE,B.TECH,General,82.97,Paid,24,6,1,7.2,5.9,73.54,0.0,1,62.34,48.52,5,6,68.74,54.2,0,6,76.51,61.43,0,2,6.4,7.77,5.67,7.23,6.45,6.67,6.16,62.23,0,0,First Class,0
STU0154,2022-23,SEM_2022-23_4,4,2023-24,ECE,B.TECH,General,82.97,Paid,24,6,1,6.67,6.16,76.51,0.0,1,64.68,52.42,2,6,70.58,59.84,1,6,77.2,66.74,0,2,5.9,6.62,7.42,6.9,7.16,7.17,6.41,65.27,0,0,First Class,0
STU0154,2022-23,SEM_2022-23_5,5,2024-25,ECE,B.TECH,General,82.97,Paid,24,6,1,7.17,6.41,77.2,0.0,1,71.74,53.11,2,6,78.74,59.91,0,0,86.35,67.77,0,0,7.0,7.61,6.8,7.85,7.33,7.5,6.63,69.61,0,0,First Class,0
STU0154,2022-23,SEM_2022-23_6,6,2024-25,ECE,B.TECH,General,82.97,Paid,24,6,1,7.5,6.63,86.35,0.0,1,73.36,42.82,6,4,80.08,49.16,3,0,87.31,57.15,1,0,6.71,7.23,6.34,7.99,7.16,6.5,6.61,58.9,0,0,First Class,0
STU0155,2022-23,SEM_2022-23_1,1,2022-23,AIML,B.TECH,SC,75.03,Paid,20,5,0,,,,,0,46.8,39.3,5,5,53.33,45.13,3,5,59.67,53.73,2,5,6.53,6.33,5.83,8.6,7.22,5.8,5.8,54.13,0,0,Pass,1
STU0155,2022-23,SEM_2022-23_2,2,2022-23,AIML,B.TECH,SC,75.03,Paid,20,5,1,5.8,5.8,59.67,0.0,0,56.97,61.53,0,5,63.26,67.24,0,5,70.61,73.3,0,5,6.3,7.35,5.71,6.06,5.88,8.0,6.9,74.06,0,0,Distinction,0
STU0155,2022-23,SEM_2022-23_3,3,2023-24,AIML,B.TECH,SC,75.03,Paid,24,6,1,8.0,6.9,70.61,0.0,0,65.44,59.38,0,6,72.39,65.25,0,5,78.99,72.07,0,0,6.96,6.6,5.87,6.82,6.34,7.67,7.16,72.11,0,0,First Class,0
STU0155,2022-23,SEM_2022-23_4,4,2023-24,AIML,B.TECH,SC,75.03,Overdue,24,6,1,7.67,7.16,78.99,0.0,0,62.94,66.36,0,6,71.25,72.58,0,6,78.79,79.58,0,1,8.32,7.54,6.23,7.0,6.61,8.33,7.45,79.72,0,0,Distinction,0
STU0155,2022-23,SEM_2022-23_5,5,2024-25,AIML,B.TECH,SC,75.03,Paid,24,6,1,8.33,7.45,78.79,0.0,0,57.27,59.6,0,6,64.78,64.83,0,6,71.78,72.87,0,5,7.5,7.01,5.23,8.03,6.63,7.83,7.53,71.82,0,0,First Class,0
STU0155,2022-23,SEM_2022-23_6,6,2024-25,AIML,B.TECH,SC,75.03,Paid,24,6,1,7.83,7.53,71.78,0.0,0,63.62,60.18,0,6,70.99,67.37,0,6,78.06,73.93,0,1,7.37,7.07,7.19,6.56,6.87,8.0,7.61,75.65,0,0,Distinction,0
STU0156,2022-23,SEM_2022-23_1,1,2022-23,DS,B.TECH,ST,77.61,Overdue,20,5,0,,,,,0,89.73,89.46,0,0,89.15,89.22,0,1,88.4,88.78,0,1,-0.57,-0.75,-0.24,-0.44,-0.34,9.2,9.2,87.58,0,0,Distinction,0
STU0156,2022-23,SEM_2022-23_2,2,2022-23,DS,B.TECH,ST,77.61,Paid,20,5,1,9.2,9.2,88.4,0.0,0,88.97,80.45,0,0,88.99,80.94,0,0,86.51,79.58,0,0,0.02,-2.48,0.49,-1.36,-0.43,8.6,8.9,78.76,0,0,Distinction,0
STU0156,2022-23,SEM_2022-23_3,3,2023-24,DS,B.TECH,ST,77.61,Paid,24,6,1,8.6,8.9,86.51,0.0,0,88.04,90.93,0,0,85.51,88.86,0,0,84.81,85.81,0,1,-2.53,-0.7,-2.08,-3.05,-2.56,9.0,8.93,87.06,0,0,Distinction,0
STU0156,2022-23,SEM_2022-23_4,4,2023-24,DS,B.TECH,ST,77.61,Paid,24,6,1,9.0,8.93,84.81,0.0,0,94.9,90.9,0,0,92.95,92.42,0,0,93.53,90.45,0,0,-1.95,0.59,1.51,-1.96,-0.22,9.33,9.03,90.6,0,0,Distinction,0
STU0156,2022-23,SEM_2022-23_5,5,2024-25,DS,B.TECH,ST,77.61,Paid,24,6,1,9.33,9.03,93.53,0.0,0,94.52,85.09,0,0,94.14,86.84,0,0,93.58,85.01,0,0,-0.37,-0.57,1.75,-1.83,-0.04,8.83,8.99,84.12,0,0,Distinction,0
STU0156,2022-23,SEM_2022-23_6,6,2024-25,DS,B.TECH,ST,77.61,Paid,24,6,1,8.83,8.99,93.58,0.0,0,87.81,91.9,0,0,89.7,91.64,0,0,88.34,90.59,0,0,1.9,-1.36,-0.26,-1.05,-0.65,9.5,9.08,89.88,0,0,Distinction,0
STU0157,2022-23,SEM_2022-23_1,1,2022-23,CSE,B.TECH,General,76.02,Partial,20,5,0,,,,,0,90.72,85.21,0,0,90.27,82.28,0,0,89.34,81.92,0,0,-0.45,-0.93,-2.93,-0.36,-1.65,8.8,8.8,82.19,0,0,Distinction,0
STU0157,2022-23,SEM_2022-23_2,2,2022-23,CSE,B.TECH,General,76.02,Paid,20,5,1,8.8,8.8,89.34,0.0,0,90.45,74.35,0,0,88.02,71.64,0,0,88.61,72.19,0,0,-2.43,0.59,-2.7,0.54,-1.08,8.0,8.4,72.93,0,0,Distinction,0
STU0157,2022-23,SEM_2022-23_3,3,2023-24,CSE,B.TECH,General,76.02,Paid,24,6,1,8.0,8.4,88.61,0.0,0,88.5,76.86,0,0,88.53,80.28,0,0,86.98,81.54,0,1,0.03,-1.55,3.41,1.27,2.34,8.5,8.43,82.33,0,0,Distinction,0
STU0157,2022-23,SEM_2022-23_4,4,2023-24,CSE,B.TECH,General,76.02,Paid,24,6,1,8.5,8.43,86.98,0.0,0,88.73,80.18,0,0,88.02,80.16,0,0,89.65,75.09,0,0,-0.72,1.64,-0.02,-5.07,-2.54,8.0,8.32,76.69,0,0,Distinction,0
STU0157,2022-23,SEM_2022-23_5,5,2024-25,CSE,B.TECH,General,76.02,Paid,24,6,1,8.0,8.32,89.65,0.0,0,88.13,70.03,0,0,87.48,68.98,0,0,88.01,65.97,0,0,-0.65,0.52,-1.05,-3.01,-2.03,7.33,8.13,66.4,0,0,First Class,0
STU0157,2022-23,SEM_2022-23_6,6,2024-25,CSE,B.TECH,General,76.02,Paid,24,6,1,7.33,8.13,88.01,0.0,0,90.98,72.47,0,0,92.12,73.63,0,0,91.89,74.07,0,0,1.14,-0.22,1.16,0.44,0.8,8.17,8.13,76.92,0,0,Distinction,0
STU0158,2022-23,SEM_2022-23_1,1,2022-23,ECE,B.TECH,SC,54.66,Paid,20,5,0,,,,,0,56.98,26.91,5,5,64.11,33.44,5,5,70.77,41.31,5,4,7.12,6.66,6.53,7.87,7.2,3.0,3.0,42.82,2,2+,Fail,1
STU0158,2022-23,SEM_2022-23_2,2,2022-23,ECE,B.TECH,SC,54.66,Paid,20,5,1,3.0,3.0,70.77,2.0,2,70.58,44.29,5,5,77.16,51.57,2,1,83.49,59.92,0,0,6.58,6.33,7.27,8.36,7.82,6.8,4.9,61.05,0,0,First Class,0
STU0158,2022-23,SEM_2022-23_3,3,2023-24,ECE,B.TECH,SC,54.66,Paid,24,6,1,6.8,4.9,83.49,0.0,2,73.36,49.13,4,5,80.02,56.31,1,0,86.06,62.16,0,0,6.66,6.04,7.18,5.85,6.51,6.5,5.43,60.68,0,0,First Class,0
STU0158,2022-23,SEM_2022-23_4,4,2023-24,ECE,B.TECH,SC,54.66,Paid,24,6,1,6.5,5.43,86.06,0.0,2,75.21,49.1,3,2,81.71,55.8,2,0,89.54,61.32,0,0,6.5,7.83,6.7,5.52,6.11,6.83,5.78,63.05,0,0,First Class,0
STU0158,2022-23,SEM_2022-23_5,5,2024-25,ECE,B.TECH,SC,54.66,Paid,24,6,1,6.83,5.78,89.54,0.0,2,83.79,47.74,5,0,90.21,53.98,1,0,96.69,61.04,0,0,6.41,6.48,6.24,7.06,6.65,6.5,5.93,59.97,0,0,First Class,0
STU0158,2022-23,SEM_2022-23_6,6,2024-25,ECE,B.TECH,SC,54.66,Paid,24,6,1,6.5,5.93,96.69,0.0,2,79.13,46.52,5,0,85.22,54.4,0,0,91.94,61.2,0,0,6.09,6.71,7.89,6.79,7.34,7.0,6.11,63.06,0,0,First Class,0
STU0159,2022-23,SEM_2022-23_1,1,2022-23,AIML,B.TECH,General,91.64,Paid,20,5,0,,,,,0,72.46,78.18,0,5,75.79,79.36,0,2,73.93,82.66,0,2,3.32,-1.86,1.18,3.3,2.24,8.8,8.8,82.53,0,0,Distinction,0
STU0159,2022-23,SEM_2022-23_2,2,2022-23,AIML,B.TECH,General,91.64,Paid,20,5,1,8.8,8.8,73.93,0.0,0,72.11,85.92,0,4,73.28,86.59,0,2,74.31,86.68,0,2,1.17,1.03,0.67,0.09,0.38,8.8,8.8,86.59,0,0,Distinction,0
STU0159,2022-23,SEM_2022-23_3,3,2023-24,AIML,B.TECH,General,91.64,Paid,24,6,1,8.8,8.8,74.31,0.0,0,73.31,77.58,0,5,73.25,75.69,0,5,73.61,73.42,0,5,-0.05,0.36,-1.9,-2.26,-2.08,7.83,8.48,74.6,0,0,First Class,0
STU0159,2022-23,SEM_2022-23_4,4,2023-24,AIML,B.TECH,General,91.64,Paid,24,6,1,7.83,8.48,73.61,0.0,0,75.01,72.66,0,2,75.43,71.09,0,2,75.55,73.45,0,3,0.42,0.12,-1.57,2.35,0.39,7.67,8.28,73.35,0,0,First Class,0
STU0159,2022-23,SEM_2022-23_5,5,2024-25,AIML,B.TECH,General,91.64,Paid,24,6,1,7.67,8.28,75.55,0.0,0,64.86,86.95,0,6,63.76,85.29,0,6,63.16,88.47,0,6,-1.1,-0.6,-1.66,3.18,0.76,9.5,8.52,89.9,0,0,Distinction,0
STU0159,2022-23,SEM_2022-23_6,6,2024-25,AIML,B.TECH,General,91.64,Paid,24,6,1,9.5,8.52,63.16,0.0,0,79.08,77.14,0,1,78.55,79.73,0,1,78.88,79.72,0,2,-0.53,0.34,2.59,-0.01,1.29,8.5,8.52,79.52,0,0,Distinction,0
STU0160,2022-23,SEM_2022-23_1,1,2022-23,DS,B.TECH,General,41.76,Paid,20,5,0,,,,,0,39.91,52.69,3,5,46.45,58.6,0,5,52.71,65.79,0,5,6.54,6.26,5.91,7.19,6.55,7.4,7.4,67.76,0,0,First Class,0
STU0160,2022-23,SEM_2022-23_2,2,2022-23,DS,B.TECH,General,41.76,Paid,20,5,1,7.4,7.4,52.71,0.0,0,53.9,61.69,0,5,59.3,67.88,0,5,67.5,75.2,0,5,5.4,8.2,6.19,7.33,6.76,8.2,7.8,75.77,0,0,Distinction,0
STU0160,2022-23,SEM_2022-23_3,3,2023-24,DS,B.TECH,General,41.76,Paid,24,6,1,8.2,7.8,67.5,0.0,0,61.04,62.7,1,6,67.88,70.34,0,6,74.24,77.1,0,3,6.84,6.36,7.64,6.76,7.2,7.83,7.81,74.01,0,0,First Class,0
STU0160,2022-23,SEM_2022-23_4,4,2023-24,DS,B.TECH,General,41.76,Paid,24,6,1,7.83,7.81,74.24,0.0,0,63.01,64.9,0,6,70.12,70.4,0,6,77.64,78.77,0,1,7.11,7.52,5.5,8.36,6.93,8.33,7.94,78.67,0,0,Distinction,0
STU0160,2022-23,SEM_2022-23_5,5,2024-25,DS,B.TECH,General,41.76,Paid,24,6,1,8.33,7.94,77.64,0.0,0,61.66,70.24,0,6,68.6,77.28,0,6,75.01,82.41,0,2,6.94,6.41,7.03,5.14,6.09,8.67,8.09,82.28,0,0,Distinction,0
STU0160,2022-23,SEM_2022-23_6,6,2024-25,DS,B.TECH,General,41.76,Paid,24,6,1,8.67,8.09,75.01,0.0,0,61.53,76.51,0,6,68.51,82.34,0,6,76.32,88.63,0,2,6.98,7.81,5.83,6.29,6.06,9.17,8.27,88.14,0,0,Distinction,0
STU0161,2022-23,SEM_2022-23_1,1,2022-23,CSE,B.TECH,ST,82.08,Partial,20,5,0,,,,,0,66.63,48.85,3,4,67.67,48.1,3,5,66.51,49.07,3,5,1.04,-1.16,-0.75,0.97,0.11,4.6,4.6,51.83,1,1,Fail,1
STU0161,2022-23,SEM_2022-23_2,2,2022-23,CSE,B.TECH,ST,82.08,Paid,20,5,1,4.6,4.6,66.51,1.0,1,74.71,61.11,1,2,74.23,62.16,1,3,72.98,60.75,1,3,-0.48,-1.25,1.05,-1.4,-0.18,6.8,5.7,64.13,0,0,First Class,0
STU0161,2022-23,SEM_2022-23_3,3,2023-24,CSE,B.TECH,ST,82.08,Paid,24,6,1,6.8,5.7,72.98,0.0,1,57.96,73.04,1,6,61.79,74.98,1,6,62.31,77.37,1,6,3.83,0.51,1.94,2.39,2.17,8.33,6.58,77.49,0,0,Distinction,0
STU0161,2022-23,SEM_2022-23_4,4,2023-24,CSE,B.TECH,ST,82.08,Overdue,24,6,1,8.33,6.58,62.31,0.0,1,59.82,58.76,2,6,61.31,59.4,1,6,59.66,62.9,1,6,1.49,-1.64,0.64,3.49,2.07,6.5,6.56,61.22,0,0,First Class,0
STU0161,2022-23,SEM_2022-23_5,5,2024-25,CSE,B.TECH,ST,82.08,Partial,24,6,1,6.5,6.56,59.66,0.0,1,58.27,67.11,0,6,57.78,67.0,1,6,57.7,66.8,1,6,-0.49,-0.08,-0.11,-0.21,-0.16,7.17,6.68,66.34,0,0,First Class,0
STU0161,2022-23,SEM_2022-23_6,6,2024-25,CSE,B.TECH,ST,82.08,Paid,24,6,1,7.17,6.68,57.7,0.0,1,70.27,53.2,4,5,68.77,51.15,4,5,69.64,54.52,1,4,-1.49,0.87,-2.04,3.36,0.66,5.83,6.54,52.85,0,0,Pass,1
STU0162,2022-23,SEM_2022-23_1,1,2022-23,ECE,B.TECH,SC,64.69,Partial,20,5,0,,,,,0,48.03,46.52,4,5,54.92,52.85,3,5,61.83,60.35,0,5,6.89,6.91,6.33,7.5,6.91,6.2,6.2,58.32,0,0,Second Class,0
STU0162,2022-23,SEM_2022-23_2,2,2022-23,ECE,B.TECH,SC,64.69,Paid,20,5,1,6.2,6.2,61.83,0.0,0,63.57,60.21,0,5,69.43,66.51,0,5,75.76,73.88,0,3,5.86,6.33,6.3,7.37,6.83,8.0,7.1,73.71,0,0,Distinction,0
STU0162,2022-23,SEM_2022-23_3,3,2023-24,ECE,B.TECH,SC,64.69,Partial,24,6,1,8.0,7.1,75.76,0.0,0,64.32,53.46,0,6,70.75,60.05,0,6,77.66,67.14,0,0,6.43,6.9,6.59,7.09,6.84,7.33,7.18,68.47,0,0,First Class,0
STU0162,2022-23,SEM_2022-23_4,4,2023-24,ECE,B.TECH,SC,64.69,Overdue,24,6,1,7.33,7.18,77.66,0.0,0,70.36,59.32,0,6,76.76,66.74,0,1,84.1,74.36,0,0,6.41,7.34,7.41,7.63,7.52,8.17,7.42,74.73,0,0,Distinction,0
STU0162,2022-23,SEM_2022-23_5,5,2024-25,ECE,B.TECH,SC,64.69,Paid,24,6,1,8.17,7.42,84.1,0.0,0,72.49,65.23,0,6,78.31,72.42,0,1,86.1,78.24,0,0,5.81,7.8,7.2,5.82,6.51,8.5,7.64,79.16,0,0,Distinction,0
STU0162,2022-23,SEM_2022-23_6,6,2024-25,ECE,B.TECH,SC,64.69,Overdue,24,6,1,8.5,7.64,86.1,0.0,0,71.08,63.84,1,6,77.57,71.17,0,0,85.71,78.49,0,0,6.48,8.14,7.33,7.32,7.33,8.67,7.81,81.4,0,0,Distinction,0
STU0163,2022-23,SEM_2022-23_1,1,2022-23,AIML,B.TECH,General,61.0,Paid,20,5,0,,,,,0,77.35,53.03,2,2,77.1,53.18,2,2,77.32,52.57,2,2,-0.25,0.22,0.15,-0.6,-0.23,4.0,4.0,51.04,2,2+,Fail,1
STU0163,2022-23,SEM_2022-23_2,2,2022-23,AIML,B.TECH,General,61.0,Paid,20,5,1,4.0,4.0,77.32,2.0,2,75.18,55.34,1,2,76.27,50.85,3,2,75.1,48.89,2,3,1.09,-1.17,-4.49,-1.96,-3.22,4.8,4.4,48.96,1,1,Fail,1
STU0163,2022-23,SEM_2022-23_3,3,2023-24,AIML,B.TECH,General,61.0,Paid,24,6,1,4.8,4.4,75.1,1.0,3,77.22,46.57,5,1,78.88,43.39,6,1,79.91,44.68,6,1,1.66,1.03,-3.18,1.29,-0.94,4.17,4.32,43.87,1,1,Fail,1
STU0163,2022-23,SEM_2022-23_4,4,2023-24,AIML,B.TECH,General,61.0,Paid,24,6,1,4.17,4.32,79.91,1.0,4,78.62,55.9,1,1,79.11,53.98,2,1,78.9,53.73,3,1,0.49,-0.21,-1.91,-0.26,-1.08,6.33,4.83,56.91,0,0,Second Class,0
STU0163,2022-23,SEM_2022-23_5,5,2024-25,AIML,B.TECH,General,61.0,Paid,24,6,1,6.33,4.83,78.9,0.0,4,79.07,58.13,0,2,80.63,58.65,1,2,78.99,56.79,1,3,1.56,-1.64,0.52,-1.86,-0.67,5.33,4.93,55.06,1,1,Fail,1
STU0163,2022-23,SEM_2022-23_6,6,2024-25,AIML,B.TECH,General,61.0,Paid,24,6,1,5.33,4.93,78.99,1.0,5,80.16,54.18,2,0,82.77,54.68,1,1,83.25,56.94,1,1,2.61,0.48,0.5,2.26,1.38,6.33,5.16,58.17,0,0,Second Class,0
STU0164,2022-23,SEM_2022-23_1,1,2022-23,DS,B.TECH,General,55.62,Paid,20,5,0,,,,,0,57.05,40.05,5,5,63.32,47.1,4,5,71.11,53.51,1,4,6.28,7.78,7.05,6.41,6.73,5.6,5.6,51.85,0,0,Pass,1
STU0164,2022-23,SEM_2022-23_2,2,2022-23,DS,B.TECH,General,55.62,Paid,20,5,1,5.6,5.6,71.11,0.0,0,73.13,47.95,3,4,79.67,54.77,2,1,86.89,61.71,1,0,6.55,7.22,6.82,6.94,6.88,6.6,6.1,61.43,0,0,First Class,0
STU0164,2022-23,SEM_2022-23_3,3,2023-24,DS,B.TECH,General,55.62,Paid,24,6,1,6.6,6.1,86.89,0.0,0,75.46,47.97,4,3,82.2,54.21,2,0,88.03,62.29,0,0,6.74,5.83,6.24,8.08,7.16,6.5,6.23,61.38,0,0,First Class,0
STU0164,2022-23,SEM_2022-23_4,4,2023-24,DS,B.TECH,General,55.62,Paid,24,6,1,6.5,6.23,88.03,0.0,0,77.0,68.47,0,1,82.86,73.74,0,0,90.34,80.68,0,0,5.86,7.48,5.27,6.94,6.11,8.33,6.76,80.32,0,0,Distinction,0
STU0164,2022-23,SEM_2022-23_5,5,2024-25,DS,B.TECH,General,55.62,Paid,24,6,1,8.33,6.76,90.34,0.0,0,74.48,52.89,2,4,80.79,60.38,0,0,86.48,67.49,0,0,6.3,5.69,7.48,7.11,7.3,7.0,6.81,67.65,0,0,First Class,0
STU0164,2022-23,SEM_2022-23_6,6,2024-25,DS,B.TECH,General,55.62,Paid,24,6,1,7.0,6.81,86.48,0.0,0,83.75,57.5,1,0,90.74,63.17,0,0,96.89,71.44,0,0,6.98,6.15,5.67,8.27,6.97,7.83,6.98,72.44,0,0,First Class,0
STU0165,2022-23,SEM_2022-23_1,1,2022-23,CSE,B.TECH,SC,86.3,Paid,20,5,0,,,,,0,59.69,73.67,0,5,66.56,80.02,0,5,74.95,86.02,0,3,6.87,8.39,6.35,6.01,6.18,9.0,9.0,84.05,0,0,Distinction,0
STU0165,2022-23,SEM_2022-23_2,2,2022-23,CSE,B.TECH,SC,86.3,Paid,20,5,1,9.0,9.0,74.95,0.0,0,73.3,74.61,0,4,79.76,80.89,0,0,86.87,86.2,0,0,6.46,7.1,6.28,5.31,5.79,9.2,9.1,87.62,0,0,Distinction,0
STU0165,2022-23,SEM_2022-23_3,3,2023-24,CSE,B.TECH,SC,86.3,Paid,24,6,1,9.2,9.1,86.87,0.0,0,77.38,81.25,0,0,83.05,87.34,0,0,90.98,92.78,0,0,5.67,7.92,6.09,5.44,5.77,9.67,9.29,92.26,0,0,Distinction,0
STU0165,2022-23,SEM_2022-23_4,4,2023-24,CSE,B.TECH,SC,86.3,Paid,24,6,1,9.67,9.29,90.98,0.0,0,76.33,75.35,0,2,81.66,82.0,0,0,88.98,88.54,0,0,5.33,7.32,6.65,6.54,6.6,9.17,9.26,88.53,0,0,Distinction,0
STU0165,2022-23,SEM_2022-23_5,5,2024-25,CSE,B.TECH,SC,86.3,Overdue,24,6,1,9.17,9.26,88.98,0.0,0,76.88,77.36,0,1,84.28,83.59,0,0,91.78,89.36,0,0,7.39,7.51,6.23,5.76,6.0,9.33,9.27,89.65,0,0,Distinction,0
STU0165,2022-23,SEM_2022-23_6,6,2024-25,CSE,B.TECH,SC,86.3,Paid,24,6,1,9.33,9.27,91.78,0.0,0,76.9,89.21,0,2,83.4,94.38,0,0,89.89,97.48,0,0,6.5,6.48,5.17,3.11,4.14,10.0,9.39,97.4,0,0,Distinction,0
STU0166,2022-23,SEM_2022-23_1,1,2022-23,ECE,B.TECH,SC,44.14,Paid,20,5,0,,,,,0,91.97,69.58,0,0,93.72,65.77,0,0,91.74,66.15,0,0,1.75,-1.98,-3.8,0.38,-1.71,7.2,7.2,66.4,0,0,First Class,0
STU0166,2022-23,SEM_2022-23_2,2,2022-23,ECE,B.TECH,SC,44.14,Paid,20,5,1,7.2,7.2,91.74,0.0,0,88.03,78.77,0,0,89.26,78.91,0,0,88.38,78.37,0,0,1.23,-0.88,0.14,-0.54,-0.2,9.0,8.1,82.48,0,0,Distinction,0
STU0166,2022-23,SEM_2022-23_3,3,2023-24,ECE,B.TECH,SC,44.14,Partial,24,6,1,9.0,8.1,88.38,0.0,0,86.21,71.61,0,0,85.32,72.67,0,0,83.41,73.82,0,0,-0.89,-1.92,1.06,1.15,1.11,8.0,8.07,73.3,0,0,Distinction,0
STU0166,2022-23,SEM_2022-23_4,4,2023-24,ECE,B.TECH,SC,44.14,Paid,24,6,1,8.0,8.07,83.41,0.0,0,86.2,76.64,0,0,88.01,78.42,0,0,87.53,81.28,0,0,1.81,-0.48,1.77,2.86,2.32,8.67,8.22,81.19,0,0,Distinction,0
STU0166,2022-23,SEM_2022-23_5,5,2024-25,ECE,B.TECH,SC,44.14,Paid,24,6,1,8.67,8.22,87.53,0.0,0,89.81,77.96,0,0,91.27,82.65,0,0,91.48,81.06,0,0,1.46,0.21,4.69,-1.59,1.55,8.33,8.24,79.28,0,0,Distinction,0
STU0166,2022-23,SEM_2022-23_6,6,2024-25,ECE,B.TECH,SC,44.14,Paid,24,6,1,8.33,8.24,91.48,0.0,0,93.41,80.31,0,0,93.81,78.22,0,0,92.16,80.27,0,0,0.39,-1.65,-2.09,2.05,-0.02,8.5,8.28,82.01,0,0,Distinction,0
STU0167,2022-23,SEM_2022-23_1,1,2022-23,AIML,B.TECH,SC,68.41,Partial,20,5,0,,,,,0,87.08,73.36,0,0,85.24,75.92,0,0,86.97,77.93,0,0,-1.84,1.73,2.56,2.01,2.28,8.4,8.4,78.93,0,0,Distinction,0
STU0167,2022-23,SEM_2022-23_2,2,2022-23,AIML,B.TECH,SC,68.41,Paid,20,5,1,8.4,8.4,86.97,0.0,0,82.24,85.35,0,1,81.83,84.22,0,1,80.65,85.82,0,2,-0.42,-1.18,-1.13,1.6,0.24,9.6,9.0,89.12,0,0,Distinction,0
STU0167,2022-23,SEM_2022-23_3,3,2023-24,AIML,B.TECH,SC,68.41,Partial,24,6,1,9.6,9.0,80.65,0.0,0,84.7,75.82,0,1,83.93,75.55,0,1,85.22,75.85,0,1,-0.77,1.28,-0.27,0.3,0.02,8.67,8.89,78.38,0,0,Distinction,0
STU0167,2022-23,SEM_2022-23_4,4,2023-24,AIML,B.TECH,SC,68.41,Partial,24,6,1,8.67,8.89,85.22,0.0,0,84.63,84.76,0,0,84.73,86.1,0,0,84.92,86.82,0,0,0.1,0.2,1.34,0.72,1.03,9.33,9.0,86.5,0,0,Distinction,0
STU0167,2022-23,SEM_2022-23_5,5,2024-25,AIML,B.TECH,SC,68.41,Paid,24,6,1,9.33,9.0,84.92,0.0,0,79.75,75.7,0,0,82.14,75.43,0,0,81.62,74.33,0,1,2.38,-0.51,-0.27,-1.1,-0.68,8.0,8.8,74.67,0,0,Distinction,0
STU0167,2022-23,SEM_2022-23_6,6,2024-25,AIML,B.TECH,SC,68.41,Paid,24,6,1,8.0,8.8,81.62,0.0,0,80.57,78.45,0,1,80.05,76.44,0,1,79.52,76.92,0,2,-0.52,-0.53,-2.01,0.48,-0.76,8.67,8.78,80.95,0,0,Distinction,0
STU0168,2022-23,SEM_2022-23_1,1,2022-23,DS,B.TECH,ST,84.08,Paid,20,5,0,,,,,0,84.39,67.56,0,0,76.49,60.1,0,2,71.65,55.09,2,4,-7.9,-4.84,-7.46,-5.01,-6.23,6.0,6.0,55.67,0,0,Second Class,0
STU0168,2022-23,SEM_2022-23_2,2,2022-23,DS,B.TECH,ST,84.08,Paid,20,5,1,6.0,6.0,71.65,0.0,0,72.86,69.34,0,5,65.41,63.02,0,5,59.42,59.25,0,5,-7.45,-5.99,-6.32,-3.77,-5.05,6.6,6.3,60.4,0,0,First Class,0
STU0168,2022-23,SEM_2022-23_3,3,2023-24,DS,B.TECH,ST,84.08,Paid,24,6,1,6.6,6.3,59.42,0.0,0,69.57,63.42,0,5,62.43,57.03,3,6,55.65,52.57,3,6,-7.14,-6.78,-6.38,-4.47,-5.43,5.33,5.98,54.84,1,1,Fail,1
STU0168,2022-23,SEM_2022-23_4,4,2023-24,DS,B.TECH,ST,84.08,Paid,24,6,1,5.33,5.98,55.65,1.0,1,74.2,59.15,0,3,66.53,50.87,2,5,61.18,45.75,5,6,-7.68,-5.35,-8.28,-5.12,-6.7,5.17,5.78,45.71,0,0,Pass,1
STU0168,2022-23,SEM_2022-23_5,5,2024-25,DS,B.TECH,ST,84.08,Paid,24,6,1,5.17,5.78,61.18,0.0,1,73.03,56.34,1,3,65.41,49.82,3,6,60.0,45.48,5,6,-7.62,-5.41,-6.52,-4.34,-5.43,4.33,5.49,43.83,1,1,Fail,1
STU0168,2022-23,SEM_2022-23_6,6,2024-25,DS,B.TECH,ST,84.08,Paid,24,6,1,4.33,5.49,60.0,1.0,2,65.48,65.84,0,6,57.19,58.47,0,6,50.88,51.89,4,6,-8.29,-6.31,-7.38,-6.57,-6.97,5.5,5.49,51.21,0,0,Pass,1
STU0169,2022-23,SEM_2022-23_1,1,2022-23,CSE,B.TECH,General,53.31,Paid,20,5,0,,,,,0,90.94,67.53,0,0,84.5,61.51,1,0,77.71,54.67,2,1,-6.44,-6.79,-6.02,-6.84,-6.43,5.0,5.0,53.37,1,1,Fail,1
STU0169,2022-23,SEM_2022-23_2,2,2022-23,CSE,B.TECH,General,53.31,Overdue,20,5,1,5.0,5.0,77.71,1.0,1,83.5,70.15,0,0,76.29,64.17,0,2,70.47,58.62,0,4,-7.21,-5.82,-5.99,-5.55,-5.77,6.4,5.7,59.37,0,0,Second Class,0
STU0169,2022-23,SEM_2022-23_3,3,2023-24,CSE,B.TECH,General,53.31,Paid,24,6,1,6.4,5.7,70.47,0.0,1,83.89,68.12,0,0,77.27,61.41,0,2,71.14,56.57,2,5,-6.62,-6.12,-6.71,-4.84,-5.77,6.33,5.91,57.87,0,0,Second Class,0
STU0169,2022-23,SEM_2022-23_4,4,2023-24,CSE,B.TECH,General,53.31,Paid,24,6,1,6.33,5.91,71.14,0.0,1,75.67,69.19,0,2,68.32,61.97,0,6,63.69,55.65,2,6,-7.35,-4.63,-7.22,-6.32,-6.77,6.33,6.02,58.23,0,0,Second Class,0
STU0169,2022-23,SEM_2022-23_5,5,2024-25,CSE,B.TECH,General,53.31,Paid,24,6,1,6.33,6.02,63.69,0.0,1,79.15,56.72,0,1,71.74,50.12,3,4,66.28,44.02,6,6,-7.42,-5.46,-6.59,-6.11,-6.35,3.5,5.51,44.32,2,2+,Fail,1
STU0169,2022-23,SEM_2022-23_6,6,2024-25,CSE,B.TECH,General,53.31,Paid,24,6,1,3.5,5.51,66.28,2.0,3,70.81,64.95,1,5,63.94,58.44,3,6,58.69,52.24,3,6,-6.87,-5.25,-6.51,-6.2,-6.35,5.17,5.46,52.53,1,1,Fail,1
STU0170,2022-23,SEM_2022-23_1,1,2022-23,ECE,B.TECH,OBC,88.19,Paid,20,5,0,,,,,0,75.5,80.13,0,2,75.15,77.87,0,2,74.61,75.96,0,3,-0.36,-0.53,-2.25,-1.91,-2.08,8.2,8.2,76.3,0,0,Distinction,0
STU0170,2022-23,SEM_2022-23_2,2,2022-23,ECE,B.TECH,OBC,88.19,Overdue,20,5,1,8.2,8.2,74.61,0.0,0,77.09,74.6,0,1,74.08,71.1,1,3,70.77,71.06,1,4,-3.0,-3.31,-3.5,-0.05,-1.77,7.6,7.9,71.24,0,0,First Class,0
STU0170,2022-23,SEM_2022-23_3,3,2023-24,ECE,B.TECH,OBC,88.19,Paid,24,6,1,7.6,7.9,70.77,0.0,0,78.81,77.76,0,1,76.68,79.8,0,2,76.6,77.97,0,2,-2.13,-0.08,2.04,-1.83,0.11,8.0,7.93,74.96,0,0,Distinction,0
STU0170,2022-23,SEM_2022-23_4,4,2023-24,ECE,B.TECH,OBC,88.19,Paid,24,6,1,8.0,7.93,76.6,0.0,0,79.65,68.04,0,0,79.56,66.84,0,2,79.89,66.34,1,0,-0.09,0.33,-1.2,-0.51,-0.85,7.33,7.78,69.74,0,0,First Class,0
STU0170,2022-23,SEM_2022-23_5,5,2024-25,ECE,B.TECH,OBC,88.19,Paid,24,6,1,7.33,7.78,79.89,0.0,0,75.97,70.21,0,3,74.98,73.47,0,3,73.61,75.21,0,4,-0.99,-1.37,3.26,1.74,2.5,8.33,7.89,76.02,0,0,Distinction,0
STU0170,2022-23,SEM_2022-23_6,6,2024-25,ECE,B.TECH,OBC,88.19,Paid,24,6,1,8.33,7.89,73.61,0.0,0,76.53,71.62,0,3,74.52,69.73,0,3,72.53,69.97,0,4,-2.02,-1.98,-1.89,0.24,-0.82,7.33,7.8,69.62,0,0,First Class,0
STU0171,2022-23,SEM_2022-23_1,1,2022-23,AIML,B.TECH,SC,90.16,Paid,20,5,0,,,,,0,92.88,79.21,0,0,92.7,79.24,0,0,92.04,78.38,0,0,-0.17,-0.66,0.03,-0.86,-0.41,8.6,8.6,79.26,0,0,Distinction,0
STU0171,2022-23,SEM_2022-23_2,2,2022-23,AIML,B.TECH,SC,90.16,Partial,20,5,1,8.6,8.6,92.04,0.0,0,89.85,77.27,0,0,89.65,75.85,0,0,88.81,75.37,0,0,-0.2,-0.84,-1.42,-0.48,-0.95,8.0,8.3,75.63,0,0,Distinction,0
STU0171,2022-23,SEM_2022-23_3,3,2023-24,AIML,B.TECH,SC,90.16,Partial,24,6,1,8.0,8.3,88.81,0.0,0,86.46,71.92,0,0,86.44,73.04,0,1,88.83,74.88,0,1,-0.02,2.39,1.11,1.84,1.48,8.0,8.2,75.58,0,0,Distinction,0
STU0171,2022-23,SEM_2022-23_4,4,2023-24,AIML,B.TECH,SC,90.16,Paid,24,6,1,8.0,8.2,88.83,0.0,0,85.61,76.65,0,0,85.65,77.7,0,0,85.89,79.62,0,0,0.04,0.23,1.05,1.91,1.48,8.5,8.28,79.37,0,0,Distinction,0
STU0171,2022-23,SEM_2022-23_5,5,2024-25,AIML,B.TECH,SC,90.16,Partial,24,6,1,8.5,8.28,85.89,0.0,0,94.75,82.93,0,0,95.0,78.69,0,0,94.4,77.67,0,0,0.25,-0.6,-4.24,-1.02,-2.63,8.17,8.25,77.43,0,0,Distinction,0
STU0171,2022-23,SEM_2022-23_6,6,2024-25,AIML,B.TECH,SC,90.16,Paid,24,6,1,8.17,8.25,94.4,0.0,0,88.25,77.07,0,0,85.76,79.23,0,0,86.99,79.27,0,0,-2.49,1.23,2.17,0.03,1.1,8.67,8.32,81.14,0,0,Distinction,0
STU0172,2022-23,SEM_2022-23_1,1,2022-23,DS,B.TECH,General,62.13,Partial,20,5,0,,,,,0,93.88,84.76,0,0,92.33,77.01,0,0,91.52,77.2,0,0,-1.55,-0.81,-7.74,0.19,-3.78,8.6,8.6,80.55,0,0,Distinction,0
STU0172,2022-23,SEM_2022-23_2,2,2022-23,DS,B.TECH,General,62.13,Paid,20,5,1,8.6,8.6,91.52,0.0,0,88.99,81.66,0,0,89.01,84.48,0,0,90.5,85.25,0,0,0.02,1.49,2.82,0.77,1.8,9.0,8.8,84.88,0,0,Distinction,0
STU0172,2022-23,SEM_2022-23_3,3,2023-24,DS,B.TECH,General,62.13,Paid,24,6,1,9.0,8.8,90.5,0.0,0,87.44,75.24,0,0,87.83,74.16,0,0,87.05,74.42,0,0,0.39,-0.78,-1.08,0.26,-0.41,8.17,8.59,76.88,0,0,Distinction,0
STU0172,2022-23,SEM_2022-23_4,4,2023-24,DS,B.TECH,General,62.13,Paid,24,6,1,8.17,8.59,87.05,0.0,0,91.36,77.74,0,0,89.03,74.81,0,0,88.86,75.37,0,0,-2.33,-0.17,-2.93,0.56,-1.18,8.17,8.48,76.02,0,0,Distinction,0
STU0172,2022-23,SEM_2022-23_5,5,2024-25,DS,B.TECH,General,62.13,Paid,24,6,1,8.17,8.48,88.86,0.0,0,97.09,88.83,0,0,95.18,88.98,0,0,93.46,88.05,0,0,-1.91,-1.72,0.15,-0.93,-0.39,9.33,8.65,88.21,0,0,Distinction,0
STU0172,2022-23,SEM_2022-23_6,6,2024-25,DS,B.TECH,General,62.13,Paid,24,6,1,9.33,8.65,93.46,0.0,0,95.88,76.5,0,0,95.76,79.11,0,0,94.25,79.5,0,0,-0.11,-1.51,2.61,0.38,1.5,8.33,8.6,80.8,0,0,Distinction,0
STU0173,2022-23,SEM_2022-23_1,1,2022-23,CSE,B.TECH,General,91.32,Paid,20,5,0,,,,,0,76.35,31.38,5,1,82.96,38.1,5,0,90.45,47.6,2,0,6.61,7.49,6.72,9.5,8.11,4.2,4.2,43.87,1,1,Fail,1
STU0173,2022-23,SEM_2022-23_2,2,2022-23,CSE,B.TECH,General,91.32,Paid,20,5,1,4.2,4.2,90.45,1.0,1,91.25,44.05,3,0,97.47,50.28,3,0,99.0,57.24,1,0,6.22,1.53,6.23,6.96,6.59,6.0,5.1,54.96,0,0,Second Class,0
STU0173,2022-23,SEM_2022-23_3,3,2023-24,CSE,B.TECH,General,91.32,Partial,24,6,1,6.0,5.1,99.0,0.0,1,90.81,55.72,1,0,96.94,60.46,0,0,99.0,68.45,0,0,6.13,2.06,4.75,7.98,6.36,7.17,5.79,68.23,0,0,First Class,0
STU0173,2022-23,SEM_2022-23_4,4,2023-24,CSE,B.TECH,General,91.32,Paid,24,6,1,7.17,5.79,99.0,0.0,1,90.88,57.37,1,0,97.11,64.26,0,0,99.0,70.88,0,0,6.23,1.89,6.89,6.62,6.75,7.67,6.26,71.54,0,0,First Class,0
STU0173,2022-23,SEM_2022-23_5,5,2024-25,CSE,B.TECH,General,91.32,Paid,24,6,1,7.67,6.26,99.0,0.0,1,90.91,52.9,2,0,96.5,59.64,0,0,99.0,67.41,0,0,5.59,2.5,6.74,7.76,7.25,7.33,6.47,67.38,0,0,First Class,0
STU0173,2022-23,SEM_2022-23_6,6,2024-25,CSE,B.TECH,General,91.32,Partial,24,6,1,7.33,6.47,99.0,0.0,1,89.98,57.09,0,0,96.61,63.48,0,0,99.0,70.98,0,0,6.63,2.39,6.39,7.5,6.94,7.33,6.62,69.79,0,0,First Class,0
STU0174,2022-23,SEM_2022-23_1,1,2022-23,ECE,B.TECH,Management,71.37,Paid,20,5,0,,,,,0,86.64,86.1,0,0,87.1,85.2,0,0,86.84,82.44,0,0,0.46,-0.26,-0.9,-2.76,-1.83,8.4,8.4,80.0,0,0,Distinction,0
STU0174,2022-23,SEM_2022-23_2,2,2022-23,ECE,B.TECH,Management,71.37,Paid,20,5,1,8.4,8.4,86.84,0.0,0,87.03,83.7,0,0,85.55,85.91,0,0,85.7,83.08,0,0,-1.49,0.15,2.2,-2.83,-0.31,9.0,8.7,83.6,0,0,Distinction,0
STU0174,2022-23,SEM_2022-23_3,3,2023-24,ECE,B.TECH,Management,71.37,Partial,24,6,1,9.0,8.7,85.7,0.0,0,90.67,88.59,0,0,89.59,90.38,0,0,90.36,89.64,0,0,-1.09,0.77,1.78,-0.74,0.52,9.5,8.97,91.54,0,0,Distinction,0
STU0174,2022-23,SEM_2022-23_4,4,2023-24,ECE,B.TECH,Management,71.37,Partial,24,6,1,9.5,8.97,90.36,0.0,0,90.34,89.46,0,0,90.34,86.98,0,0,92.1,87.9,0,0,0.0,1.76,-2.48,0.92,-0.78,9.33,9.06,86.93,0,0,Distinction,0
STU0174,2022-23,SEM_2022-23_5,5,2024-25,ECE,B.TECH,Management,71.37,Paid,24,6,1,9.33,9.06,92.1,0.0,0,87.72,84.0,0,0,88.58,81.17,0,0,88.4,80.8,0,1,0.86,-0.18,-2.83,-0.37,-1.6,8.83,9.01,81.95,0,0,Distinction,0
STU0174,2022-23,SEM_2022-23_6,6,2024-25,ECE,B.TECH,Management,71.37,Paid,24,6,1,8.83,9.01,88.4,0.0,0,90.2,85.86,0,0,89.95,86.23,0,0,89.81,83.14,0,0,-0.24,-0.15,0.36,-3.09,-1.36,8.83,8.98,83.59,0,0,Distinction,0
STU0175,2022-23,SEM_2022-23_1,1,2022-23,AIML,B.TECH,OBC,95.25,Paid,20,5,0,,,,,0,92.57,89.29,0,0,89.86,91.12,0,0,88.45,87.46,0,0,-2.72,-1.4,1.83,-3.66,-0.91,8.8,8.8,84.58,0,0,Distinction,0
STU0175,2022-23,SEM_2022-23_2,2,2022-23,AIML,B.TECH,OBC,95.25,Paid,20,5,1,8.8,8.8,88.45,0.0,0,89.94,83.2,0,0,88.36,84.31,0,0,89.53,84.45,0,0,-1.58,1.16,1.11,0.14,0.62,9.0,8.9,84.12,0,0,Distinction,0
STU0175,2022-23,SEM_2022-23_3,3,2023-24,AIML,B.TECH,OBC,95.25,Paid,24,6,1,9.0,8.9,89.53,0.0,0,90.25,79.26,0,0,88.97,76.42,0,0,88.51,78.17,0,0,-1.28,-0.46,-2.83,1.74,-0.55,8.33,8.71,78.26,0,0,Distinction,0
STU0175,2022-23,SEM_2022-23_4,4,2023-24,AIML,B.TECH,OBC,95.25,Paid,24,6,1,8.33,8.71,88.51,0.0,0,91.82,80.5,0,0,92.41,78.69,0,0,89.28,79.08,0,0,0.59,-3.13,-1.81,0.4,-0.71,8.0,8.53,76.55,0,0,Distinction,0
STU0175,2022-23,SEM_2022-23_5,5,2024-25,AIML,B.TECH,OBC,95.25,Paid,24,6,1,8.0,8.53,89.28,0.0,0,93.3,81.28,0,0,93.22,82.48,0,0,95.39,82.01,0,0,-0.08,2.17,1.19,-0.47,0.36,9.17,8.66,85.08,0,0,Distinction,0
STU0175,2022-23,SEM_2022-23_6,6,2024-25,AIML,B.TECH,OBC,95.25,Paid,24,6,1,9.17,8.66,95.39,0.0,0,96.95,80.7,0,0,97.42,81.77,0,0,96.7,78.73,0,0,0.47,-0.72,1.07,-3.04,-0.99,8.33,8.61,79.63,0,0,Distinction,0
STU0176,2022-23,SEM_2022-23_1,1,2022-23,DS,B.TECH,NRI,42.27,Paid,20,5,0,,,,,0,72.95,63.04,0,3,73.41,59.3,1,3,73.87,59.07,0,3,0.46,0.45,-3.73,-0.23,-1.98,6.4,6.4,59.14,0,0,Second Class,0
STU0176,2022-23,SEM_2022-23_2,2,2022-23,DS,B.TECH,NRI,42.27,Paid,20,5,1,6.4,6.4,73.87,0.0,0,66.47,56.58,1,5,68.85,52.91,2,3,67.79,52.33,2,3,2.38,-1.07,-3.67,-0.58,-2.12,5.0,5.7,53.17,1,1,Fail,1
STU0176,2022-23,SEM_2022-23_3,3,2023-24,DS,B.TECH,NRI,42.27,Paid,24,6,1,5.0,5.7,67.79,1.0,1,65.9,61.73,0,6,66.62,63.13,0,6,65.42,60.54,1,6,0.71,-1.2,1.39,-2.59,-0.6,6.67,6.02,61.01,0,0,First Class,0
STU0176,2022-23,SEM_2022-23_4,4,2023-24,DS,B.TECH,NRI,42.27,Overdue,24,6,1,6.67,6.02,65.42,0.0,1,69.84,82.13,0,5,69.59,81.19,0,4,70.6,78.29,0,5,-0.25,1.02,-0.94,-2.89,-1.92,8.17,6.56,78.36,0,0,Distinction,0
STU0176,2022-23,SEM_2022-23_5,5,2024-25,DS,B.TECH,NRI,42.27,Paid,24,6,1,8.17,6.56,70.6,0.0,1,74.92,74.14,0,3,75.87,74.39,0,2,75.41,75.82,0,4,0.95,-0.46,0.26,1.43,0.84,8.0,6.85,76.72,0,0,Distinction,0
STU0176,2022-23,SEM_2022-23_6,6,2024-25,DS,B.TECH,NRI,42.27,Paid,24,6,1,8.0,6.85,75.41,0.0,1,69.4,77.18,0,6,70.55,76.97,0,5,71.58,79.84,0,5,1.15,1.02,-0.21,2.87,1.33,8.17,7.07,77.99,0,0,Distinction,0
STU0177,2022-23,SEM_2022-23_1,1,2022-23,CSE,B.TECH,Management,70.57,Paid,20,5,0,,,,,0,90.57,80.41,0,0,90.21,77.88,0,0,90.01,78.56,0,0,-0.36,-0.2,-2.53,0.67,-0.93,8.6,8.6,79.04,0,0,Distinction,0
STU0177,2022-23,SEM_2022-23_2,2,2022-23,CSE,B.TECH,Management,70.57,Paid,20,5,1,8.6,8.6,90.01,0.0,0,86.21,76.81,0,0,83.06,75.96,0,2,81.33,77.85,0,2,-3.15,-1.73,-0.85,1.89,0.52,8.6,8.6,80.03,0,0,Distinction,0
STU0177,2022-23,SEM_2022-23_3,3,2023-24,CSE,B.TECH,Management,70.57,Paid,24,6,1,8.6,8.6,81.33,0.0,0,86.44,82.41,0,0,84.71,83.01,0,0,85.3,83.38,0,1,-1.73,0.59,0.6,0.37,0.49,8.83,8.68,82.73,0,0,Distinction,0
STU0177,2022-23,SEM_2022-23_4,4,2023-24,CSE,B.TECH,Management,70.57,Paid,24,6,1,8.83,8.68,85.3,0.0,0,87.92,80.7,0,0,88.06,80.94,0,0,88.03,79.02,1,0,0.14,-0.03,0.24,-1.93,-0.84,8.5,8.63,80.18,0,0,Distinction,0
STU0177,2022-23,SEM_2022-23_5,5,2024-25,CSE,B.TECH,Management,70.57,Partial,24,6,1,8.5,8.63,88.03,0.0,0,93.79,81.8,0,0,93.52,84.2,0,0,93.01,83.31,0,0,-0.27,-0.51,2.4,-0.89,0.76,8.67,8.64,82.78,0,0,Distinction,0
STU0177,2022-23,SEM_2022-23_6,6,2024-25,CSE,B.TECH,Management,70.57,Paid,24,6,1,8.67,8.64,93.01,0.0,0,89.15,82.69,0,0,86.89,81.73,0,0,84.75,79.39,0,1,-2.25,-2.14,-0.96,-2.34,-1.65,8.33,8.59,79.41,0,0,Distinction,0
STU0178,2022-23,SEM_2022-23_1,1,2022-23,ECE,B.TECH,NRI,84.21,Paid,20,5,0,,,,,0,84.43,90.1,0,0,81.85,90.48,0,0,80.73,87.74,0,1,-2.58,-1.11,0.39,-2.75,-1.18,9.4,9.4,90.33,0,0,Distinction,0
STU0178,2022-23,SEM_2022-23_2,2,2022-23,ECE,B.TECH,NRI,84.21,Paid,20,5,1,9.4,9.4,80.73,0.0,0,89.96,79.55,0,0,89.02,78.61,0,0,90.07,76.51,0,0,-0.94,1.06,-0.95,-2.1,-1.52,8.2,8.8,77.89,0,0,Distinction,0
STU0178,2022-23,SEM_2022-23_3,3,2023-24,ECE,B.TECH,NRI,84.21,Paid,24,6,1,8.2,8.8,90.07,0.0,0,91.65,85.77,0,0,90.86,85.2,0,0,90.08,84.96,0,0,-0.79,-0.78,-0.57,-0.24,-0.41,9.0,8.87,85.54,0,0,Distinction,0
STU0178,2022-23,SEM_2022-23_4,4,2023-24,ECE,B.TECH,NRI,84.21,Partial,24,6,1,9.0,8.87,90.08,0.0,0,90.39,85.19,0,0,89.8,83.15,0,0,90.22,80.28,0,0,-0.59,0.42,-2.05,-2.86,-2.45,8.5,8.78,80.1,0,0,Distinction,0
STU0178,2022-23,SEM_2022-23_5,5,2024-25,ECE,B.TECH,NRI,84.21,Paid,24,6,1,8.5,8.78,90.22,0.0,0,90.7,93.41,0,0,90.8,91.6,0,0,90.28,90.32,0,0,0.11,-0.52,-1.82,-1.28,-1.55,9.33,8.89,90.11,0,0,Distinction,0
STU0178,2022-23,SEM_2022-23_6,6,2024-25,ECE,B.TECH,NRI,84.21,Paid,24,6,1,9.33,8.89,90.28,0.0,0,91.09,77.66,0,0,89.37,76.58,0,0,86.97,77.62,0,0,-1.72,-2.4,-1.08,1.04,-0.02,8.0,8.74,76.02,0,0,Distinction,0
STU0179,2022-23,SEM_2022-23_1,1,2022-23,AIML,B.TECH,Management,85.84,Paid,20,5,0,,,,,0,92.9,83.08,0,0,93.96,83.92,0,0,95.19,82.25,0,0,1.05,1.24,0.84,-1.67,-0.42,8.8,8.8,82.1,0,0,Distinction,0
STU0179,2022-23,SEM_2022-23_2,2,2022-23,AIML,B.TECH,Management,85.84,Paid,20,5,1,8.8,8.8,95.19,0.0,0,91.96,78.14,0,0,90.54,80.85,0,0,90.52,81.34,0,0,-1.42,-0.02,2.71,0.49,1.6,8.6,8.7,82.28,0,0,Distinction,0
STU0179,2022-23,SEM_2022-23_3,3,2023-24,AIML,B.TECH,Management,85.84,Partial,24,6,1,8.6,8.7,90.52,0.0,0,91.95,73.02,0,0,93.65,71.67,0,0,92.48,68.57,0,0,1.7,-1.16,-1.35,-3.1,-2.23,7.5,8.3,69.81,0,0,First Class,0
STU0179,2022-23,SEM_2022-23_4,4,2023-24,AIML,B.TECH,Management,85.84,Paid,24,6,1,7.5,8.3,92.48,0.0,0,91.42,86.02,0,0,90.7,85.02,0,0,89.3,87.11,0,0,-0.72,-1.41,-1.0,2.09,0.55,9.17,8.52,86.32,0,0,Distinction,0
STU0179,2022-23,SEM_2022-23_5,5,2024-25,AIML,B.TECH,Management,85.84,Paid,24,6,1,9.17,8.52,89.3,0.0,0,96.67,80.79,0,0,96.04,79.77,0,0,93.93,81.65,0,0,-0.63,-2.11,-1.02,1.88,0.43,8.17,8.45,78.8,0,0,Distinction,0
STU0179,2022-23,SEM_2022-23_6,6,2024-25,AIML,B.TECH,Management,85.84,Paid,24,6,1,8.17,8.45,93.93,0.0,0,93.02,82.01,0,0,91.68,81.86,0,0,90.66,80.87,0,0,-1.33,-1.02,-0.15,-0.99,-0.57,8.5,8.46,79.63,0,0,Distinction,0
STU0180,2022-23,SEM_2022-23_1,1,2022-23,DS,B.TECH,General,59.08,Paid,20,5,0,,,,,0,73.35,74.13,0,4,76.47,75.09,0,2,76.16,77.64,0,2,3.12,-0.31,0.96,2.55,1.75,8.4,8.4,78.69,0,0,Distinction,0
STU0180,2022-23,SEM_2022-23_2,2,2022-23,DS,B.TECH,General,59.08,Partial,20,5,1,8.4,8.4,76.16,0.0,0,79.04,75.52,0,0,81.19,75.38,0,0,79.02,74.14,0,1,2.14,-2.17,-0.14,-1.24,-0.69,7.8,8.1,74.36,0,0,First Class,0
STU0180,2022-23,SEM_2022-23_3,3,2023-24,DS,B.TECH,General,59.08,Paid,24,6,1,7.8,8.1,79.02,0.0,0,77.2,77.25,0,2,75.46,78.73,0,2,75.0,80.89,0,2,-1.74,-0.46,1.49,2.16,1.82,8.67,8.29,81.28,0,0,Distinction,0
STU0180,2022-23,SEM_2022-23_4,4,2023-24,DS,B.TECH,General,59.08,Overdue,24,6,1,8.67,8.29,75.0,0.0,0,73.42,88.55,0,5,73.66,88.86,0,4,73.62,88.73,0,3,0.24,-0.04,0.31,-0.14,0.09,9.17,8.51,86.87,0,0,Distinction,0
STU0180,2022-23,SEM_2022-23_5,5,2024-25,DS,B.TECH,General,59.08,Overdue,24,6,1,9.17,8.51,73.62,0.0,0,78.13,70.05,0,1,80.67,69.53,0,0,80.31,70.79,0,2,2.54,-0.36,-0.51,1.26,0.37,7.83,8.37,73.8,0,0,First Class,0
STU0180,2022-23,SEM_2022-23_6,6,2024-25,DS,B.TECH,General,59.08,Partial,24,6,1,7.83,8.37,80.31,0.0,0,73.68,64.91,0,5,71.2,66.78,0,6,66.79,66.55,0,6,-2.48,-4.41,1.87,-0.23,0.82,7.17,8.17,66.63,0,0,First Class,0
STU0181,2023-24,SEM_2023-24_1,1,2023-24,CSE,B.TECH,SC,79.38,Paid,20,5,0,,,,,0,95.48,91.11,0,0,95.75,93.04,0,0,95.31,91.86,0,0,0.27,-0.43,1.93,-1.18,0.38,9.6,9.6,92.5,0,0,Distinction,0
STU0181,2023-24,SEM_2023-24_2,2,2023-24,CSE,B.TECH,SC,79.38,Paid,20,5,1,9.6,9.6,95.31,0.0,0,88.01,93.01,0,0,88.12,92.26,0,0,88.21,88.59,0,0,0.11,0.09,-0.76,-3.67,-2.21,9.2,9.4,87.33,0,0,Distinction,0
STU0181,2023-24,SEM_2023-24_3,3,2024-25,CSE,B.TECH,SC,79.38,Paid,24,6,1,9.2,9.4,88.21,0.0,0,90.69,93.83,0,0,89.28,87.65,0,0,88.19,90.62,0,0,-1.41,-1.09,-6.17,2.97,-1.6,9.67,9.49,90.63,0,0,Distinction,0
STU0181,2023-24,SEM_2023-24_4,4,2024-25,CSE,B.TECH,SC,79.38,Paid,24,6,1,9.67,9.49,88.19,0.0,0,90.45,97.04,0,0,91.82,92.72,0,0,92.11,90.33,0,0,1.36,0.29,-4.32,-2.39,-3.36,9.67,9.53,91.38,0,0,Distinction,0
STU0182,2023-24,SEM_2023-24_1,1,2023-24,ECE,B.TECH,OBC,62.92,Paid,20,5,0,,,,,0,93.17,68.24,0,0,92.88,68.23,0,0,92.92,70.4,0,0,-0.29,0.04,-0.01,2.17,1.08,7.2,7.2,67.78,0,0,First Class,0
STU0182,2023-24,SEM_2023-24_2,2,2023-24,ECE,B.TECH,OBC,62.92,Paid,20,5,1,7.2,7.2,92.92,0.0,0,89.68,68.77,0,0,88.29,68.65,0,0,88.23,69.21,1,0,-1.39,-0.06,-0.12,0.56,0.22,7.4,7.3,68.84,0,0,First Class,0
STU0182,2023-24,SEM_2023-24_3,3,2024-25,ECE,B.TECH,OBC,62.92,Partial,24,6,1,7.4,7.3,88.23,0.0,0,88.71,83.53,0,0,86.78,82.56,0,0,86.97,82.17,0,0,-1.93,0.19,-0.97,-0.39,-0.68,8.5,7.7,81.04,0,0,Distinction,0
STU0182,2023-24,SEM_2023-24_4,4,2024-25,ECE,B.TECH,OBC,62.92,Paid,24,6,1,8.5,7.7,86.97,0.0,0,96.25,84.02,0,0,95.55,84.2,0,0,95.5,84.69,0,0,-0.7,-0.05,0.18,0.48,0.33,8.83,7.98,85.55,0,0,Distinction,0
STU0183,2023-24,SEM_2023-24_1,1,2023-24,AIML,B.TECH,General,77.21,Paid,20,5,0,,,,,0,89.69,87.18,0,0,86.72,87.76,0,0,87.5,84.25,0,0,-2.96,0.78,0.58,-3.51,-1.47,8.6,8.6,81.45,0,0,Distinction,0
STU0183,2023-24,SEM_2023-24_2,2,2023-24,AIML,B.TECH,General,77.21,Paid,20,5,1,8.6,8.6,87.5,0.0,0,92.54,83.64,0,0,92.87,86.0,0,0,94.2,86.37,0,0,0.33,1.33,2.36,0.37,1.37,9.0,8.8,87.49,0,0,Distinction,0
STU0183,2023-24,SEM_2023-24_3,3,2024-25,AIML,B.TECH,General,77.21,Paid,24,6,1,9.0,8.8,94.2,0.0,0,85.07,75.78,0,0,84.36,75.48,0,0,83.33,71.96,0,2,-0.71,-1.03,-0.3,-3.52,-1.91,7.67,8.42,71.12,0,0,First Class,0
STU0183,2023-24,SEM_2023-24_4,4,2024-25,AIML,B.TECH,General,77.21,Paid,24,6,1,7.67,8.42,83.33,0.0,0,83.79,82.84,0,0,84.28,84.29,0,1,84.46,83.65,0,1,0.5,0.18,1.45,-0.64,0.4,8.83,8.53,83.57,0,0,Distinction,0
STU0184,2023-24,SEM_2023-24_1,1,2023-24,DS,B.TECH,General,91.07,Paid,20,5,0,,,,,0,84.62,73.77,0,0,87.1,75.07,0,0,85.51,76.84,0,0,2.49,-1.59,1.3,1.77,1.54,8.0,8.0,75.8,0,0,Distinction,0
STU0184,2023-24,SEM_2023-24_2,2,2023-24,DS,B.TECH,General,91.07,Paid,20,5,1,8.0,8.0,85.51,0.0,0,74.34,68.36,0,3,74.47,67.57,0,3,73.9,69.8,0,2,0.13,-0.57,-0.79,2.23,0.72,7.4,7.7,68.93,0,0,First Class,0
STU0184,2023-24,SEM_2023-24_3,3,2024-25,DS,B.TECH,General,91.07,Paid,24,6,1,7.4,7.7,73.9,0.0,0,75.57,70.82,0,4,76.6,67.7,1,3,76.21,69.32,0,2,1.03,-0.38,-3.12,1.62,-0.75,7.5,7.63,69.54,0,0,First Class,0
STU0184,2023-24,SEM_2023-24_4,4,2024-25,DS,B.TECH,General,91.07,Paid,24,6,1,7.5,7.63,76.21,0.0,0,72.91,74.71,0,4,71.28,72.36,0,6,72.98,73.87,0,5,-1.63,1.7,-2.34,1.51,-0.42,7.67,7.64,71.48,0,0,First Class,0
STU0185,2023-24,SEM_2023-24_1,1,2023-24,CSE,B.TECH,General,85.42,Partial,20,5,0,,,,,0,50.65,32.07,5,5,58.14,37.96,5,5,65.19,45.74,3,5,7.49,7.05,5.89,7.78,6.83,5.4,5.4,46.41,0,0,Pass,1
STU0185,2023-24,SEM_2023-24_2,2,2023-24,CSE,B.TECH,General,85.42,Paid,20,5,1,5.4,5.4,65.19,0.0,0,65.45,46.26,3,5,71.83,52.95,3,5,79.39,60.76,0,1,6.38,7.56,6.69,7.81,7.25,6.4,5.9,60.65,0,0,Second Class,0
STU0185,2023-24,SEM_2023-24_3,3,2024-25,CSE,B.TECH,General,85.42,Paid,24,6,1,6.4,5.9,79.39,0.0,0,62.84,52.87,3,6,68.75,59.76,0,6,76.67,67.6,0,1,5.91,7.92,6.89,7.84,7.37,7.17,6.32,66.4,0,0,First Class,0
STU0185,2023-24,SEM_2023-24_4,4,2024-25,CSE,B.TECH,General,85.42,Paid,24,6,1,7.17,6.32,76.67,0.0,0,71.31,48.06,4,6,78.67,54.48,1,0,85.59,61.04,0,0,7.36,6.91,6.42,6.56,6.49,6.17,6.28,57.28,0,0,Second Class,0
STU0186,2023-24,SEM_2023-24_1,1,2023-24,ECE,B.TECH,OBC,65.25,Paid,20,5,0,,,,,0,77.79,88.76,0,1,77.35,91.86,0,2,77.46,93.11,0,1,-0.45,0.12,3.1,1.25,2.17,9.6,9.6,90.75,0,0,Distinction,0
STU0186,2023-24,SEM_2023-24_2,2,2023-24,ECE,B.TECH,OBC,65.25,Partial,20,5,1,9.6,9.6,77.46,0.0,0,82.31,78.14,0,0,81.46,77.71,0,2,82.66,76.41,0,1,-0.85,1.2,-0.43,-1.3,-0.86,8.4,9.0,77.38,0,0,Distinction,0
STU0186,2023-24,SEM_2023-24_3,3,2024-25,ECE,B.TECH,OBC,65.25,Paid,24,6,1,8.4,9.0,82.66,0.0,0,76.37,64.41,0,2,76.66,66.01,0,2,74.77,68.16,0,3,0.3,-1.89,1.6,2.15,1.88,8.0,8.67,72.16,0,0,Distinction,0
STU0186,2023-24,SEM_2023-24_4,4,2024-25,ECE,B.TECH,OBC,65.25,Paid,24,6,1,8.0,8.67,74.77,0.0,0,80.31,66.09,0,1,81.69,66.36,0,1,79.33,66.22,0,1,1.38,-2.36,0.28,-0.15,0.07,7.33,8.33,68.84,0,0,First Class,0
STU0187,2023-24,SEM_2023-24_1,1,2023-24,AIML,B.TECH,SC,95.26,Paid,20,5,0,,,,,0,82.28,87.83,0,0,84.55,88.68,0,0,83.32,91.07,0,0,2.27,-1.24,0.85,2.39,1.62,9.4,9.4,91.25,0,0,Distinction,0
STU0187,2023-24,SEM_2023-24_2,2,2023-24,AIML,B.TECH,SC,95.26,Paid,20,5,1,9.4,9.4,83.32,0.0,0,81.23,69.96,0,0,81.35,71.08,0,0,83.33,72.56,0,0,0.11,1.99,1.12,1.48,1.3,8.0,8.7,73.35,0,0,Distinction,0
STU0187,2023-24,SEM_2023-24_3,3,2024-25,AIML,B.TECH,SC,95.26,Paid,24,6,1,8.0,8.7,83.33,0.0,0,85.97,85.83,0,0,87.17,86.54,0,0,87.14,85.06,0,0,1.2,-0.04,0.71,-1.48,-0.39,9.0,8.8,85.23,0,0,Distinction,0
STU0187,2023-24,SEM_2023-24_4,4,2024-25,AIML,B.TECH,SC,95.26,Paid,24,6,1,9.0,8.8,87.14,0.0,0,78.24,72.26,0,2,77.47,72.19,0,3,79.08,68.16,0,1,-0.77,1.61,-0.06,-4.03,-2.05,7.17,8.39,68.58,0,0,First Class,0
STU0188,2023-24,SEM_2023-24_1,1,2023-24,DS,B.TECH,General,86.88,Paid,20,5,0,,,,,0,87.79,85.68,0,0,86.18,86.86,0,0,86.27,85.22,0,0,-1.61,0.08,1.18,-1.64,-0.23,9.0,9.0,86.6,0,0,Distinction,0
STU0188,2023-24,SEM_2023-24_2,2,2023-24,DS,B.TECH,General,86.88,Paid,20,5,1,9.0,9.0,86.27,0.0,0,81.48,88.88,0,0,79.71,90.38,0,1,77.75,88.77,0,1,-1.77,-1.96,1.5,-1.61,-0.05,9.4,9.2,90.22,0,0,Distinction,0
STU0188,2023-24,SEM_2023-24_3,3,2024-25,DS,B.TECH,General,86.88,Paid,24,6,1,9.4,9.2,77.75,0.0,0,92.94,79.17,0,0,95.22,78.16,0,0,95.87,79.32,0,0,2.27,0.65,-1.0,1.16,0.08,8.5,8.97,80.49,0,0,Distinction,0
STU0188,2023-24,SEM_2023-24_4,4,2024-25,DS,B.TECH,General,86.88,Paid,24,6,1,8.5,8.97,95.87,0.0,0,84.81,78.85,0,0,83.91,81.01,0,0,85.1,83.81,0,0,-0.9,1.19,2.16,2.8,2.48,8.67,8.89,82.78,0,0,Distinction,0
STU0189,2023-24,SEM_2023-24_1,1,2023-24,CSE,B.TECH,OBC,45.94,Paid,20,5,0,,,,,0,86.22,73.94,0,0,87.0,75.72,0,0,86.1,75.67,0,0,0.78,-0.9,1.78,-0.05,0.87,8.4,8.4,76.14,0,0,Distinction,0
STU0189,2023-24,SEM_2023-24_2,2,2023-24,CSE,B.TECH,OBC,45.94,Paid,20,5,1,8.4,8.4,86.1,0.0,0,86.88,77.39,0,0,86.57,78.2,0,0,86.78,79.46,0,0,-0.31,0.21,0.8,1.26,1.03,8.6,8.5,79.8,0,0,Distinction,0
STU0189,2023-24,SEM_2023-24_3,3,2024-25,CSE,B.TECH,OBC,45.94,Paid,24,6,1,8.6,8.5,86.78,0.0,0,82.98,86.35,0,1,81.37,81.97,0,1,80.36,84.91,0,0,-1.62,-1.01,-4.38,2.94,-0.72,8.83,8.61,82.86,0,0,Distinction,0
STU0189,2023-24,SEM_2023-24_4,4,2024-25,CSE,B.TECH,OBC,45.94,Paid,24,6,1,8.83,8.61,80.36,0.0,0,85.7,79.26,0,0,85.01,78.83,0,0,84.47,78.13,0,0,-0.69,-0.54,-0.42,-0.7,-0.56,8.5,8.58,79.53,0,0,Distinction,0
STU0190,2023-24,SEM_2023-24_1,1,2023-24,ECE,B.TECH,General,85.06,Paid,20,5,0,,,,,0,84.32,65.9,0,0,78.38,58.86,0,1,73.3,53.83,2,3,-5.94,-5.08,-7.04,-5.03,-6.04,5.8,5.8,53.25,0,0,Pass,1
STU0190,2023-24,SEM_2023-24_2,2,2023-24,ECE,B.TECH,General,85.06,Overdue,20,5,1,5.8,5.8,73.3,0.0,0,79.1,65.74,0,0,71.61,58.64,1,4,64.84,53.72,2,5,-7.49,-6.77,-7.11,-4.92,-6.01,6.0,5.9,55.01,0,0,Second Class,0
STU0190,2023-24,SEM_2023-24_3,3,2024-25,ECE,B.TECH,General,85.06,Paid,24,6,1,6.0,5.9,64.84,0.0,0,74.5,63.23,1,3,67.45,56.65,1,6,60.47,50.24,3,6,-7.05,-6.98,-6.58,-6.42,-6.5,4.83,5.54,48.6,1,1,Fail,1
STU0190,2023-24,SEM_2023-24_4,4,2024-25,ECE,B.TECH,General,85.06,Paid,24,6,1,4.83,5.54,60.47,1.0,1,67.95,63.58,0,6,60.28,56.97,1,6,54.08,50.84,3,6,-7.67,-6.2,-6.6,-6.13,-6.37,5.83,5.62,52.34,0,0,Pass,1
STU0191,2023-24,SEM_2023-24_1,1,2023-24,AIML,B.TECH,SC,66.34,Paid,20,5,0,,,,,0,84.13,72.33,0,0,82.47,71.48,0,0,83.83,72.81,0,0,-1.66,1.36,-0.84,1.33,0.24,7.8,7.8,72.59,0,0,First Class,0
STU0191,2023-24,SEM_2023-24_2,2,2023-24,AIML,B.TECH,SC,66.34,Paid,20,5,1,7.8,7.8,83.83,0.0,0,83.51,72.16,0,0,83.16,71.53,0,0,81.07,71.95,1,2,-0.35,-2.09,-0.63,0.42,-0.1,7.8,7.8,71.37,0,0,First Class,0
STU0191,2023-24,SEM_2023-24_3,3,2024-25,AIML,B.TECH,SC,66.34,Paid,24,6,1,7.8,7.8,81.07,0.0,0,82.57,84.07,0,0,81.71,83.11,0,0,84.18,83.14,0,0,-0.86,2.46,-0.96,0.03,-0.47,9.17,8.26,86.9,0,0,Distinction,0
STU0191,2023-24,SEM_2023-24_4,4,2024-25,AIML,B.TECH,SC,66.34,Paid,24,6,1,9.17,8.26,84.18,0.0,0,86.41,82.57,0,0,86.81,82.26,0,0,87.64,83.0,0,0,0.4,0.83,-0.3,0.73,0.21,8.67,8.36,82.58,0,0,Distinction,0
STU0192,2023-24,SEM_2023-24_1,1,2023-24,DS,B.TECH,General,48.21,Partial,20,5,0,,,,,0,87.04,71.13,0,0,84.39,68.19,0,0,85.99,69.82,0,0,-2.65,1.6,-2.94,1.63,-0.65,7.4,7.4,68.07,0,0,First Class,0
STU0192,2023-24,SEM_2023-24_2,2,2023-24,DS,B.TECH,General,48.21,Paid,20,5,1,7.4,7.4,85.99,0.0,0,86.94,77.01,0,0,86.32,77.6,0,0,85.79,79.41,0,0,-0.62,-0.53,0.59,1.81,1.2,8.6,8.0,80.79,0,0,Distinction,0
STU0192,2023-24,SEM_2023-24_3,3,2024-25,DS,B.TECH,General,48.21,Paid,24,6,1,8.6,8.0,85.79,0.0,0,93.63,72.79,0,0,91.72,72.71,0,0,91.07,68.67,0,0,-1.92,-0.65,-0.08,-4.04,-2.06,7.17,7.72,67.41,0,0,First Class,0
STU0192,2023-24,SEM_2023-24_4,4,2024-25,DS,B.TECH,General,48.21,Partial,24,6,1,7.17,7.72,91.07,0.0,0,87.11,76.12,0,0,87.04,76.69,0,0,88.94,74.6,0,0,-0.07,1.89,0.57,-2.09,-0.76,8.0,7.79,74.02,0,0,Distinction,0
STU0193,2023-24,SEM_2023-24_1,1,2023-24,CSE,B.TECH,General,75.86,Paid,20,5,0,,,,,0,86.85,86.32,0,0,89.07,87.39,0,0,92.38,84.86,0,0,2.22,3.31,1.07,-2.53,-0.73,9.2,9.2,87.08,0,0,Distinction,0
STU0193,2023-24,SEM_2023-24_2,2,2023-24,CSE,B.TECH,General,75.86,Paid,20,5,1,9.2,9.2,92.38,0.0,0,89.15,82.07,0,0,90.75,79.75,0,0,89.76,81.53,0,0,1.6,-0.99,-2.32,1.78,-0.27,8.6,8.9,82.24,0,0,Distinction,0
STU0193,2023-24,SEM_2023-24_3,3,2024-25,CSE,B.TECH,General,75.86,Paid,24,6,1,8.6,8.9,89.76,0.0,0,93.18,79.21,0,0,92.19,80.19,0,0,92.95,82.01,0,0,-0.99,0.76,0.98,1.82,1.4,8.67,8.82,82.32,0,0,Distinction,0
STU0193,2023-24,SEM_2023-24_4,4,2024-25,CSE,B.TECH,General,75.86,Paid,24,6,1,8.67,8.82,92.95,0.0,0,90.08,77.38,0,0,91.17,80.14,0,0,92.37,82.99,0,0,1.09,1.2,2.76,2.85,2.8,8.67,8.78,84.18,0,0,Distinction,0
STU0194,2023-24,SEM_2023-24_1,1,2023-24,ECE,B.TECH,General,92.8,Partial,20,5,0,,,,,0,76.22,65.67,0,3,74.85,66.58,0,3,75.47,65.84,0,2,-1.37,0.61,0.91,-0.75,0.08,6.6,6.6,63.73,0,0,First Class,0
STU0194,2023-24,SEM_2023-24_2,2,2023-24,ECE,B.TECH,General,92.8,Partial,20,5,1,6.6,6.6,75.47,0.0,0,89.36,63.47,0,0,91.36,61.66,0,0,92.61,60.77,1,0,2.0,1.25,-1.82,-0.88,-1.35,6.4,6.5,59.78,0,0,Second Class,0
STU0194,2023-24,SEM_2023-24_3,3,2024-25,ECE,B.TECH,General,92.8,Paid,24,6,1,6.4,6.5,92.61,0.0,0,79.42,57.65,3,1,78.45,56.45,3,1,77.09,53.71,3,2,-0.97,-1.35,-1.19,-2.75,-1.97,5.17,6.06,54.56,1,1,Fail,1
STU0194,2023-24,SEM_2023-24_4,4,2024-25,ECE,B.TECH,General,92.8,Paid,24,6,1,5.17,6.06,77.09,1.0,1,75.8,71.38,0,4,77.17,70.58,0,3,79.31,69.23,0,2,1.37,2.14,-0.8,-1.35,-1.08,7.33,6.38,70.53,0,0,First Class,0
STU0195,2023-24,SEM_2023-24_1,1,2023-24,AIML,B.TECH,Management,75.91,Paid,20,5,0,,,,,0,78.55,66.02,0,1,78.42,64.09,1,1,78.67,67.03,0,1,-0.12,0.25,-1.93,2.94,0.51,7.0,7.0,67.28,0,0,First Class,0
STU0195,2023-24,SEM_2023-24_2,2,2023-24,AIML,B.TECH,Management,75.91,Paid,20,5,1,7.0,7.0,78.67,0.0,0,86.12,78.24,0,0,87.56,76.23,0,0,85.49,75.25,0,0,1.44,-2.07,-2.01,-0.98,-1.49,8.2,7.6,75.83,0,0,Distinction,0
STU0195,2023-24,SEM_2023-24_3,3,2024-25,AIML,B.TECH,Management,75.91,Paid,24,6,1,8.2,7.6,85.49,0.0,0,91.96,53.06,2,0,93.33,55.4,1,0,93.03,55.22,1,0,1.37,-0.3,2.34,-0.18,1.08,6.17,7.12,57.8,0,0,Second Class,0
STU0195,2023-24,SEM_2023-24_4,4,2024-25,AIML,B.TECH,Management,75.91,Paid,24,6,1,6.17,7.12,93.03,0.0,0,79.04,77.03,0,2,79.69,76.48,0,1,80.42,75.45,0,2,0.65,0.73,-0.55,-1.03,-0.79,8.0,7.34,75.05,0,0,Distinction,0
STU0196,2023-24,SEM_2023-24_1,1,2023-24,DS,B.TECH,Management,98.84,Paid,20,5,0,,,,,0,75.4,69.0,0,2,76.4,70.9,0,2,74.45,69.85,0,3,1.0,-1.95,1.9,-1.05,0.43,7.6,7.6,71.37,0,0,First Class,0
STU0196,2023-24,SEM_2023-24_2,2,2023-24,DS,B.TECH,Management,98.84,Paid,20,5,1,7.6,7.6,74.45,0.0,0,75.04,75.26,0,3,74.31,77.55,0,3,71.17,78.85,0,4,-0.73,-3.13,2.29,1.3,1.8,8.4,8.0,81.69,0,0,Distinction,0
STU0196,2023-24,SEM_2023-24_3,3,2024-25,DS,B.TECH,Management,98.84,Paid,24,6,1,8.4,8.0,71.17,0.0,0,74.69,80.2,0,4,75.3,79.22,0,2,74.63,80.78,0,1,0.61,-0.67,-0.98,1.57,0.29,8.83,8.28,82.58,0,0,Distinction,0
STU0196,2023-24,SEM_2023-24_4,4,2024-25,DS,B.TECH,Management,98.84,Paid,24,6,1,8.83,8.28,74.63,0.0,0,81.98,70.48,0,1,81.4,71.13,1,0,82.2,73.26,1,0,-0.58,0.8,0.65,2.12,1.39,7.83,8.17,74.29,0,0,First Class,0
STU0197,2023-24,SEM_2023-24_1,1,2023-24,CSE,B.TECH,General,66.18,Paid,20,5,0,,,,,0,74.83,68.74,0,2,70.95,72.01,0,4,71.15,70.52,0,4,-3.88,0.2,3.27,-1.49,0.89,7.8,7.8,72.05,0,0,First Class,0
STU0197,2023-24,SEM_2023-24_2,2,2023-24,CSE,B.TECH,General,66.18,Paid,20,5,1,7.8,7.8,71.15,0.0,0,67.24,68.95,0,5,66.63,68.12,0,5,64.06,67.74,0,5,-0.61,-2.57,-0.83,-0.38,-0.6,7.0,7.4,67.72,0,0,First Class,0
STU0197,2023-24,SEM_2023-24_3,3,2024-25,CSE,B.TECH,General,66.18,Paid,24,6,1,7.0,7.4,64.06,0.0,0,71.32,74.79,0,5,69.35,75.02,0,5,71.03,74.59,0,4,-1.96,1.68,0.23,-0.42,-0.1,7.83,7.54,74.61,0,0,First Class,0
STU0197,2023-24,SEM_2023-24_4,4,2024-25,CSE,B.TECH,General,66.18,Paid,24,6,1,7.83,7.54,71.03,0.0,0,74.39,75.48,0,3,76.28,74.58,0,2,75.77,73.25,0,3,1.9,-0.51,-0.9,-1.33,-1.11,7.83,7.62,74.56,0,0,First Class,0
STU0198,2023-24,SEM_2023-24_1,1,2023-24,ECE,B.TECH,General,63.89,Paid,20,5,0,,,,,0,90.2,71.21,0,0,90.99,71.86,0,0,90.15,71.62,0,0,0.78,-0.84,0.65,-0.23,0.21,7.8,7.8,72.28,0,0,First Class,0
STU0198,2023-24,SEM_2023-24_2,2,2023-24,ECE,B.TECH,General,63.89,Paid,20,5,1,7.8,7.8,90.15,0.0,0,89.21,75.97,0,0,91.81,78.92,0,0,92.31,75.39,0,0,2.6,0.5,2.95,-3.53,-0.29,8.0,7.9,75.41,0,0,Distinction,0
STU0198,2023-24,SEM_2023-24_3,3,2024-25,ECE,B.TECH,General,63.89,Paid,24,6,1,8.0,7.9,92.31,0.0,0,87.67,69.95,0,0,89.57,72.44,0,0,92.78,71.71,0,0,1.9,3.21,2.48,-0.73,0.88,7.67,7.82,72.21,0,0,First Class,0
STU0198,2023-24,SEM_2023-24_4,4,2024-25,ECE,B.TECH,General,63.89,Paid,24,6,1,7.67,7.82,92.78,0.0,0,86.83,77.19,0,0,84.52,79.54,0,0,85.87,81.83,0,0,-2.3,1.35,2.35,2.29,2.32,8.67,8.03,80.55,0,0,Distinction,0
STU0199,2023-24,SEM_2023-24_1,1,2023-24,AIML,B.TECH,General,79.75,Paid,20,5,0,,,,,0,74.65,66.42,1,3,74.89,69.53,0,3,75.2,67.44,0,3,0.24,0.31,3.12,-2.09,0.51,7.2,7.2,68.23,0,0,First Class,0
STU0199,2023-24,SEM_2023-24_2,2,2023-24,AIML,B.TECH,General,79.75,Paid,20,5,1,7.2,7.2,75.2,0.0,0,73.62,65.78,0,3,74.69,65.09,0,3,74.26,68.79,0,2,1.06,-0.42,-0.7,3.7,1.5,7.2,7.2,67.65,0,0,First Class,0
STU0199,2023-24,SEM_2023-24_3,3,2024-25,AIML,B.TECH,General,79.75,Overdue,24,6,1,7.2,7.2,74.26,0.0,0,72.63,71.3,1,5,71.2,71.3,0,5,70.04,72.57,0,4,-1.43,-1.16,-0.0,1.27,0.63,7.5,7.3,70.33,0,0,First Class,0
STU0199,2023-24,SEM_2023-24_4,4,2024-25,AIML,B.TECH,General,79.75,Overdue,24,6,1,7.5,7.3,70.04,0.0,0,69.9,57.79,2,5,71.26,55.39,2,4,69.21,58.36,0,5,1.36,-2.05,-2.4,2.96,0.28,6.17,7.02,57.13,0,0,Second Class,0
STU0200,2023-24,SEM_2023-24_1,1,2023-24,DS,B.TECH,OBC,93.22,Paid,20,5,0,,,,,0,66.91,66.75,0,5,66.87,65.66,1,5,66.49,68.94,1,5,-0.04,-0.39,-1.09,3.27,1.09,7.8,7.8,72.14,0,0,First Class,0
STU0200,2023-24,SEM_2023-24_2,2,2023-24,DS,B.TECH,OBC,93.22,Paid,20,5,1,7.8,7.8,66.49,0.0,0,74.84,76.28,0,3,74.16,76.92,0,3,73.29,72.68,0,3,-0.68,-0.87,0.63,-4.24,-1.8,7.6,7.7,73.73,0,0,First Class,0
STU0200,2023-24,SEM_2023-24_3,3,2024-25,DS,B.TECH,OBC,93.22,Paid,24,6,1,7.6,7.7,73.29,0.0,0,69.86,77.4,0,5,72.3,76.65,0,3,74.16,76.95,0,4,2.44,1.86,-0.75,0.3,-0.23,7.83,7.74,73.26,0,0,First Class,0
STU0200,2023-24,SEM_2023-24_4,4,2024-25,DS,B.TECH,OBC,93.22,Paid,24,6,1,7.83,7.74,74.16,0.0,0,67.42,71.29,0,6,67.39,73.14,0,6,66.21,75.72,0,6,-0.03,-1.19,1.84,2.58,2.21,8.33,7.89,78.71,0,0,Distinction,0
STU0201,2023-24,SEM_2023-24_1,1,2023-24,CSE,B.TECH,General,62.21,Paid,20,5,0,,,,,0,90.21,81.43,0,0,90.02,78.5,0,0,88.21,79.02,0,0,-0.19,-1.81,-2.93,0.52,-1.2,8.4,8.4,79.64,0,0,Distinction,0
STU0201,2023-24,SEM_2023-24_2,2,2023-24,CSE,B.TECH,General,62.21,Paid,20,5,1,8.4,8.4,88.21,0.0,0,97.94,85.27,0,0,96.08,88.41,0,0,94.32,89.01,0,0,-1.86,-1.76,3.14,0.6,1.87,9.8,9.1,89.19,0,0,Distinction,0
STU0201,2023-24,SEM_2023-24_3,3,2024-25,CSE,B.TECH,General,62.21,Paid,24,6,1,9.8,9.1,94.32,0.0,0,83.97,78.91,0,0,82.49,76.87,0,2,83.54,79.06,0,1,-1.49,1.05,-2.03,2.19,0.08,8.67,8.96,81.23,0,0,Distinction,0
STU0201,2023-24,SEM_2023-24_4,4,2024-25,CSE,B.TECH,General,62.21,Paid,24,6,1,8.67,8.96,83.54,0.0,0,92.51,82.65,0,0,92.64,82.11,0,0,93.27,78.65,0,0,0.14,0.62,-0.53,-3.46,-2.0,8.33,8.8,79.77,0,0,Distinction,0
STU0202,2023-24,SEM_2023-24_1,1,2023-24,ECE,B.TECH,OBC,24.87,Paid,20,5,0,,,,,0,40.34,39.49,5,5,46.88,46.24,3,5,53.57,54.49,1,5,6.55,6.69,6.75,8.25,7.5,6.0,6.0,55.35,0,0,Second Class,0
STU0202,2023-24,SEM_2023-24_2,2,2023-24,ECE,B.TECH,OBC,24.87,Paid,20,5,1,6.0,6.0,53.57,0.0,0,59.0,53.27,1,5,66.19,58.78,0,5,73.3,66.03,0,3,7.19,7.11,5.51,7.25,6.38,7.2,6.6,67.31,0,0,First Class,0
STU0202,2023-24,SEM_2023-24_3,3,2024-25,ECE,B.TECH,OBC,24.87,Paid,24,6,1,7.2,6.6,73.3,0.0,0,62.12,51.51,3,6,67.72,57.84,0,6,73.61,64.39,0,4,5.6,5.89,6.33,6.55,6.44,7.0,6.73,64.24,0,0,First Class,0
STU0202,2023-24,SEM_2023-24_4,4,2024-25,ECE,B.TECH,OBC,24.87,Paid,24,6,1,7.0,6.73,73.61,0.0,0,62.08,67.44,0,6,68.96,73.49,0,6,75.52,80.29,0,2,6.88,6.56,6.05,6.8,6.43,8.5,7.17,79.27,0,0,Distinction,0
STU0203,2023-24,SEM_2023-24_1,1,2023-24,AIML,B.TECH,SC,64.67,Paid,20,5,0,,,,,0,84.36,87.5,0,0,84.85,86.13,0,0,86.12,84.92,0,0,0.49,1.27,-1.36,-1.22,-1.29,9.2,9.2,86.83,0,0,Distinction,0
STU0203,2023-24,SEM_2023-24_2,2,2023-24,AIML,B.TECH,SC,64.67,Paid,20,5,1,9.2,9.2,86.12,0.0,0,87.67,81.46,0,0,89.74,80.17,0,0,87.98,78.15,0,0,2.07,-1.76,-1.29,-2.02,-1.65,7.8,8.5,74.12,0,0,First Class,0
STU0203,2023-24,SEM_2023-24_3,3,2024-25,AIML,B.TECH,SC,64.67,Paid,24,6,1,7.8,8.5,87.98,0.0,0,85.4,81.08,0,0,86.99,80.88,0,0,86.99,82.18,0,0,1.59,0.0,-0.2,1.3,0.55,8.5,8.5,82.93,0,0,Distinction,0
STU0203,2023-24,SEM_2023-24_4,4,2024-25,AIML,B.TECH,SC,64.67,Paid,24,6,1,8.5,8.5,86.99,0.0,0,86.23,94.15,0,0,87.87,94.53,0,0,85.19,95.78,0,0,1.64,-2.68,0.38,1.24,0.81,10.0,8.88,94.54,0,0,Distinction,0
STU0204,2023-24,SEM_2023-24_1,1,2023-24,DS,B.TECH,General,44.33,Paid,20,5,0,,,,,0,67.24,67.51,0,5,66.15,67.45,0,5,63.96,70.45,0,5,-1.09,-2.19,-0.06,3.0,1.47,7.6,7.6,70.71,0,0,First Class,0
STU0204,2023-24,SEM_2023-24_2,2,2023-24,DS,B.TECH,General,44.33,Paid,20,5,1,7.6,7.6,63.96,0.0,0,69.24,61.02,0,5,69.32,56.44,0,4,70.26,57.2,1,4,0.08,0.94,-4.58,0.76,-1.91,6.6,7.1,59.57,0,0,First Class,0
STU0204,2023-24,SEM_2023-24_3,3,2024-25,DS,B.TECH,General,44.33,Overdue,24,6,1,6.6,7.1,70.26,0.0,0,73.8,64.19,0,3,70.71,63.65,1,4,70.61,65.24,1,5,-3.09,-0.1,-0.54,1.59,0.53,6.67,6.96,62.54,0,0,First Class,0
STU0204,2023-24,SEM_2023-24_4,4,2024-25,DS,B.TECH,General,44.33,Paid,24,6,1,6.67,6.96,70.61,0.0,0,71.07,57.47,1,5,72.7,57.25,2,5,73.05,59.59,1,4,1.63,0.35,-0.22,2.34,1.06,6.67,6.88,60.44,0,0,First Class,0
STU0205,2023-24,SEM_2023-24_1,1,2023-24,CSE,B.TECH,OBC,85.94,Paid,20,5,0,,,,,0,95.92,82.44,0,0,95.32,83.15,0,0,94.87,83.62,0,0,-0.6,-0.45,0.71,0.47,0.59,9.0,9.0,84.15,0,0,Distinction,0
STU0205,2023-24,SEM_2023-24_2,2,2023-24,CSE,B.TECH,OBC,85.94,Paid,20,5,1,9.0,9.0,94.87,0.0,0,92.75,78.92,0,0,92.73,77.09,0,0,89.52,77.64,0,0,-0.03,-3.21,-1.84,0.56,-0.64,8.2,8.6,75.78,0,0,Distinction,0
STU0205,2023-24,SEM_2023-24_3,3,2024-25,CSE,B.TECH,OBC,85.94,Paid,24,6,1,8.2,8.6,89.52,0.0,0,95.39,74.31,0,0,94.13,74.62,0,0,94.51,73.89,0,0,-1.27,0.38,0.31,-0.73,-0.21,7.83,8.34,73.85,0,0,First Class,0
STU0205,2023-24,SEM_2023-24_4,4,2024-25,CSE,B.TECH,OBC,85.94,Paid,24,6,1,7.83,8.34,94.51,0.0,0,94.91,80.73,0,0,95.65,80.51,0,0,95.28,82.24,0,0,0.75,-0.37,-0.23,1.73,0.75,8.67,8.42,81.72,0,0,Distinction,0
STU0206,2023-24,SEM_2023-24_1,1,2023-24,ECE,B.TECH,SC,86.34,Paid,20,5,0,,,,,0,90.19,76.17,0,0,90.9,75.25,0,0,91.46,75.61,0,0,0.71,0.55,-0.92,0.36,-0.28,8.0,8.0,73.8,0,0,Distinction,0
STU0206,2023-24,SEM_2023-24_2,2,2023-24,ECE,B.TECH,SC,86.34,Paid,20,5,1,8.0,8.0,91.46,0.0,0,87.17,82.2,0,0,87.04,83.53,0,0,85.76,79.5,0,0,-0.14,-1.28,1.33,-4.02,-1.35,8.6,8.3,81.9,0,0,Distinction,0
STU0206,2023-24,SEM_2023-24_3,3,2024-25,ECE,B.TECH,SC,86.34,Partial,24,6,1,8.6,8.3,85.76,0.0,0,81.52,76.89,0,0,82.91,77.1,0,0,82.25,75.08,0,1,1.38,-0.66,0.21,-2.02,-0.91,7.67,8.09,72.63,0,0,First Class,0
STU0206,2023-24,SEM_2023-24_4,4,2024-25,ECE,B.TECH,SC,86.34,Partial,24,6,1,7.67,8.09,82.25,0.0,0,92.95,77.99,0,0,93.89,80.86,0,0,92.82,82.58,0,0,0.93,-1.07,2.86,1.73,2.29,8.83,8.28,82.23,0,0,Distinction,0
STU0207,2023-24,SEM_2023-24_1,1,2023-24,AIML,B.TECH,OBC,63.7,Paid,20,5,0,,,,,0,91.18,74.38,0,0,92.25,73.29,0,0,90.88,72.7,0,0,1.06,-1.36,-1.09,-0.59,-0.84,7.8,7.8,72.0,0,0,First Class,0
STU0207,2023-24,SEM_2023-24_2,2,2023-24,AIML,B.TECH,OBC,63.7,Paid,20,5,1,7.8,7.8,90.88,0.0,0,84.86,90.93,0,0,84.63,92.32,0,0,83.48,89.94,0,1,-0.23,-1.15,1.38,-2.37,-0.49,9.4,8.6,88.84,0,0,Distinction,0
STU0207,2023-24,SEM_2023-24_3,3,2024-25,AIML,B.TECH,OBC,63.7,Paid,24,6,1,9.4,8.6,83.48,0.0,0,81.99,88.63,0,1,85.65,87.14,0,0,83.35,88.32,0,1,3.66,-2.3,-1.49,1.18,-0.16,9.33,8.84,88.42,0,0,Distinction,0
STU0207,2023-24,SEM_2023-24_4,4,2024-25,AIML,B.TECH,OBC,63.7,Paid,24,6,1,9.33,8.84,83.35,0.0,0,83.89,87.69,0,0,84.76,87.56,0,0,85.86,87.49,0,0,0.87,1.1,-0.13,-0.07,-0.1,9.0,8.88,85.09,0,0,Distinction,0
STU0208,2023-24,SEM_2023-24_1,1,2023-24,DS,B.TECH,General,71.38,Paid,20,5,0,,,,,0,80.2,85.31,0,1,81.03,84.87,0,1,78.73,84.25,0,1,0.83,-2.3,-0.43,-0.62,-0.53,9.0,9.0,84.11,0,0,Distinction,0
STU0208,2023-24,SEM_2023-24_2,2,2023-24,DS,B.TECH,General,71.38,Overdue,20,5,1,9.0,9.0,78.73,0.0,0,77.94,76.54,0,1,75.69,74.34,0,1,75.72,74.83,0,3,-2.25,0.03,-2.2,0.48,-0.86,8.0,8.5,75.21,0,0,Distinction,0
STU0208,2023-24,SEM_2023-24_3,3,2024-25,DS,B.TECH,General,71.38,Partial,24,6,1,8.0,8.5,75.72,0.0,0,75.82,81.21,0,3,78.72,79.35,0,1,81.43,80.23,0,2,2.9,2.71,-1.86,0.88,-0.49,8.33,8.44,78.89,0,0,Distinction,0
STU0208,2023-24,SEM_2023-24_4,4,2024-25,DS,B.TECH,General,71.38,Paid,24,6,1,8.33,8.44,81.43,0.0,0,86.86,78.98,0,0,89.42,76.84,0,0,86.84,75.75,1,0,2.56,-2.58,-2.14,-1.1,-1.62,7.67,8.25,78.8,1,1,Fail,1
STU0209,2023-24,SEM_2023-24_1,1,2023-24,CSE,B.TECH,General,89.06,Paid,20,5,0,,,,,0,83.04,71.48,0,0,79.15,69.65,0,2,80.25,68.45,0,1,-3.89,1.09,-1.83,-1.2,-1.52,7.4,7.4,68.02,0,0,First Class,0
STU0209,2023-24,SEM_2023-24_2,2,2023-24,CSE,B.TECH,General,89.06,Paid,20,5,1,7.4,7.4,80.25,0.0,0,83.9,86.58,0,0,80.52,86.79,0,1,80.26,83.73,0,1,-3.37,-0.26,0.2,-3.06,-1.43,8.6,8.0,83.23,0,0,Distinction,0
STU0209,2023-24,SEM_2023-24_3,3,2024-25,CSE,B.TECH,General,89.06,Paid,24,6,1,8.6,8.0,80.26,0.0,0,85.7,78.07,0,0,84.55,79.32,0,1,84.96,77.17,0,1,-1.15,0.41,1.25,-2.15,-0.45,8.0,8.0,76.81,0,0,Distinction,0
STU0209,2023-24,SEM_2023-24_4,4,2024-25,CSE,B.TECH,General,89.06,Paid,24,6,1,8.0,8.0,84.96,0.0,0,88.41,75.25,0,0,89.2,74.25,0,0,86.47,73.68,0,2,0.79,-2.73,-1.01,-0.56,-0.79,8.17,8.04,74.64,0,0,Distinction,0
STU0210,2023-24,SEM_2023-24_1,1,2023-24,ECE,B.TECH,SC,86.17,Paid,20,5,0,,,,,0,92.1,83.98,0,0,91.05,84.81,0,0,92.55,86.06,0,0,-1.05,1.5,0.83,1.25,1.04,9.0,9.0,84.6,0,0,Distinction,0
STU0210,2023-24,SEM_2023-24_2,2,2023-24,ECE,B.TECH,SC,86.17,Paid,20,5,1,9.0,9.0,92.55,0.0,0,97.81,71.53,0,0,96.74,70.37,0,0,96.16,70.25,0,0,-1.06,-0.58,-1.16,-0.12,-0.64,7.8,8.4,71.68,0,0,First Class,0
STU0210,2023-24,SEM_2023-24_3,3,2024-25,ECE,B.TECH,SC,86.17,Paid,24,6,1,7.8,8.4,96.16,0.0,0,94.61,75.79,0,0,93.94,73.19,0,0,95.79,72.64,0,0,-0.67,1.85,-2.61,-0.54,-1.58,7.67,8.16,71.49,0,0,First Class,0
STU0210,2023-24,SEM_2023-24_4,4,2024-25,ECE,B.TECH,SC,86.17,Paid,24,6,1,7.67,8.16,95.79,0.0,0,95.8,76.05,0,0,96.86,74.72,0,0,97.48,77.46,0,0,1.06,0.62,-1.33,2.74,0.7,8.33,8.2,77.3,0,0,Distinction,0
STU0211,2023-24,SEM_2023-24_1,1,2023-24,AIML,B.TECH,General,85.55,Overdue,20,5,0,,,,,0,88.54,81.24,0,0,85.86,82.19,0,0,87.4,82.67,0,0,-2.68,1.54,0.95,0.48,0.71,8.6,8.6,82.72,0,0,Distinction,0
STU0211,2023-24,SEM_2023-24_2,2,2023-24,AIML,B.TECH,General,85.55,Paid,20,5,1,8.6,8.6,87.4,0.0,0,88.47,68.99,0,0,91.61,70.91,0,0,89.9,67.02,0,0,3.14,-1.71,1.91,-3.89,-0.99,6.8,7.7,64.71,0,0,First Class,0
STU0211,2023-24,SEM_2023-24_3,3,2024-25,AIML,B.TECH,General,85.55,Paid,24,6,1,6.8,7.7,89.9,0.0,0,84.16,79.19,0,1,82.01,81.4,0,1,82.04,80.56,0,2,-2.15,0.03,2.21,-0.84,0.68,8.5,7.97,78.3,0,0,Distinction,0
STU0211,2023-24,SEM_2023-24_4,4,2024-25,AIML,B.TECH,General,85.55,Paid,24,6,1,8.5,7.97,82.04,0.0,0,90.94,70.48,0,0,91.17,71.82,0,0,94.08,73.35,0,0,0.23,2.91,1.34,1.53,1.43,7.83,7.93,74.21,0,0,First Class,0
STU0212,2023-24,SEM_2023-24_1,1,2023-24,DS,B.TECH,General,71.68,Partial,20,5,0,,,,,0,75.62,73.8,0,4,76.56,75.47,0,3,73.34,76.39,0,4,0.94,-3.22,1.67,0.93,1.3,8.0,8.0,75.38,0,0,Distinction,0
STU0212,2023-24,SEM_2023-24_2,2,2023-24,DS,B.TECH,General,71.68,Partial,20,5,1,8.0,8.0,73.34,0.0,0,72.95,68.86,0,3,71.19,69.62,0,3,70.36,67.86,1,3,-1.75,-0.84,0.76,-1.76,-0.5,7.2,7.6,68.45,0,0,First Class,0
STU0212,2023-24,SEM_2023-24_3,3,2024-25,DS,B.TECH,General,71.68,Paid,24,6,1,7.2,7.6,70.36,0.0,0,80.3,77.1,0,0,81.28,79.74,0,0,80.38,80.19,0,1,0.98,-0.9,2.64,0.45,1.54,8.5,7.9,80.56,0,0,Distinction,0
STU0212,2023-24,SEM_2023-24_4,4,2024-25,DS,B.TECH,General,71.68,Paid,24,6,1,8.5,7.9,80.38,0.0,0,83.92,76.53,0,0,86.25,76.7,0,0,88.79,77.39,0,0,2.33,2.54,0.18,0.69,0.43,8.33,8.01,78.76,0,0,Distinction,0
STU0213,2023-24,SEM_2023-24_1,1,2023-24,CSE,B.TECH,OBC,79.81,Partial,20,5,0,,,,,0,80.16,87.21,0,1,79.29,89.14,0,2,79.24,90.06,0,1,-0.87,-0.05,1.93,0.92,1.42,9.6,9.6,90.08,0,0,Distinction,0
STU0213,2023-24,SEM_2023-24_2,2,2023-24,CSE,B.TECH,OBC,79.81,Paid,20,5,1,9.6,9.6,79.24,0.0,0,85.34,82.82,0,0,84.56,86.06,0,0,79.87,84.41,0,1,-0.79,-4.69,3.25,-1.65,0.8,9.2,9.4,85.16,0,0,Distinction,0
STU0213,2023-24,SEM_2023-24_3,3,2024-25,CSE,B.TECH,OBC,79.81,Overdue,24,6,1,9.2,9.4,79.87,0.0,0,84.07,85.22,0,0,83.35,84.16,0,0,86.36,86.34,0,0,-0.72,3.01,-1.06,2.18,0.56,9.17,9.32,86.65,0,0,Distinction,0
STU0213,2023-24,SEM_2023-24_4,4,2024-25,CSE,B.TECH,OBC,79.81,Paid,24,6,1,9.17,9.32,86.36,0.0,0,87.55,80.58,0,0,86.04,79.63,0,0,86.75,79.24,0,0,-1.51,0.71,-0.94,-0.39,-0.67,8.83,9.2,82.27,0,0,Distinction,0
STU0214,2023-24,SEM_2023-24_1,1,2023-24,ECE,B.TECH,OBC,76.11,Paid,20,5,0,,,,,0,90.35,84.79,0,0,90.72,82.06,0,0,90.34,80.72,0,0,0.37,-0.38,-2.73,-1.34,-2.04,8.8,8.8,82.41,0,0,Distinction,0
STU0214,2023-24,SEM_2023-24_2,2,2023-24,ECE,B.TECH,OBC,76.11,Paid,20,5,1,8.8,8.8,90.34,0.0,0,85.81,78.24,0,0,86.16,78.57,0,0,86.26,79.68,0,0,0.35,0.1,0.33,1.11,0.72,8.4,8.6,80.43,0,0,Distinction,0
STU0214,2023-24,SEM_2023-24_3,3,2024-25,ECE,B.TECH,OBC,76.11,Paid,24,6,1,8.4,8.6,86.26,0.0,0,88.24,87.78,0,0,89.86,88.35,0,0,89.99,88.95,0,0,1.61,0.13,0.58,0.6,0.59,9.33,8.84,87.87,0,0,Distinction,0
STU0214,2023-24,SEM_2023-24_4,4,2024-25,ECE,B.TECH,OBC,76.11,Partial,24,6,1,9.33,8.84,89.99,0.0,0,85.66,85.38,0,0,84.5,86.51,0,0,84.39,86.74,0,0,-1.16,-0.1,1.14,0.23,0.68,9.0,8.88,86.12,0,0,Distinction,0
STU0215,2023-24,SEM_2023-24_1,1,2023-24,AIML,B.TECH,SC,46.77,Paid,20,5,0,,,,,0,84.81,67.67,0,0,76.98,60.88,0,1,72.95,55.11,1,4,-7.84,-4.02,-6.79,-5.77,-6.28,6.4,6.4,56.86,0,0,Second Class,0
STU0215,2023-24,SEM_2023-24_2,2,2023-24,AIML,B.TECH,SC,46.77,Paid,20,5,1,6.4,6.4,72.95,0.0,0,75.03,75.77,0,2,68.86,69.98,0,5,61.54,64.85,0,5,-6.16,-7.32,-5.79,-5.13,-5.46,7.0,6.7,64.98,0,0,First Class,0
STU0215,2023-24,SEM_2023-24_3,3,2024-25,AIML,B.TECH,SC,46.77,Paid,24,6,1,7.0,6.7,61.54,0.0,0,83.98,55.2,1,0,76.55,50.16,3,3,69.58,45.39,4,5,-7.44,-6.97,-5.04,-4.77,-4.91,4.33,5.91,44.5,1,1,Fail,1
STU0215,2023-24,SEM_2023-24_4,4,2024-25,AIML,B.TECH,SC,46.77,Paid,24,6,1,4.33,5.91,69.58,1.0,1,73.18,68.87,0,3,66.64,63.02,0,6,60.29,57.95,0,6,-6.54,-6.35,-5.85,-5.07,-5.46,6.33,6.02,57.39,0,0,Second Class,0
STU0216,2023-24,SEM_2023-24_1,1,2023-24,DS,B.TECH,General,60.68,Paid,20,5,0,,,,,0,73.79,66.35,0,2,72.25,66.1,0,4,73.58,65.0,0,4,-1.54,1.33,-0.25,-1.1,-0.68,6.8,6.8,62.88,0,0,First Class,0
STU0216,2023-24,SEM_2023-24_2,2,2023-24,DS,B.TECH,General,60.68,Partial,20,5,1,6.8,6.8,73.58,0.0,0,68.77,67.71,0,5,71.22,68.07,0,4,70.3,64.18,0,4,2.45,-0.93,0.35,-3.89,-1.77,7.0,6.9,65.04,0,0,First Class,0
STU0216,2023-24,SEM_2023-24_3,3,2024-25,DS,B.TECH,General,60.68,Paid,24,6,1,7.0,6.9,70.3,0.0,0,76.12,61.76,2,2,73.51,61.72,0,4,75.32,59.7,1,2,-2.61,1.81,-0.04,-2.02,-1.03,6.17,6.66,57.26,0,0,Second Class,0
STU0216,2023-24,SEM_2023-24_4,4,2024-25,DS,B.TECH,General,60.68,Partial,24,6,1,6.17,6.66,75.32,0.0,0,81.86,78.2,0,0,83.7,76.71,0,1,85.36,75.32,0,1,1.84,1.66,-1.49,-1.39,-1.44,8.0,6.99,76.02,0,0,Distinction,0
STU0217,2023-24,SEM_2023-24_1,1,2023-24,CSE,B.TECH,General,82.31,Paid,20,5,0,,,,,0,83.24,41.56,4,0,82.42,42.87,5,0,84.52,45.37,4,0,-0.82,2.09,1.31,2.5,1.91,4.4,4.4,45.56,1,1,Fail,1
STU0217,2023-24,SEM_2023-24_2,2,2023-24,CSE,B.TECH,General,82.31,Paid,20,5,1,4.4,4.4,84.52,1.0,1,86.4,43.63,5,0,87.41,45.74,3,0,87.74,44.88,3,0,1.02,0.33,2.1,-0.86,0.62,4.2,4.3,45.11,1,1,Fail,1
STU0217,2023-24,SEM_2023-24_3,3,2024-25,CSE,B.TECH,General,82.31,Overdue,24,6,1,4.2,4.3,87.74,1.0,2,73.32,41.09,6,5,71.81,39.24,6,5,71.19,41.67,5,5,-1.51,-0.62,-1.85,2.43,0.29,2.0,3.53,38.33,4,2+,Fail,1
STU0217,2023-24,SEM_2023-24_4,4,2024-25,CSE,B.TECH,General,82.31,Overdue,24,6,1,2.0,3.53,71.19,4.0,6,74.02,54.37,1,3,73.84,53.37,2,2,71.95,52.61,3,3,-0.18,-1.89,-1.0,-0.75,-0.88,5.67,4.07,52.36,0,0,Pass,1
STU0218,2023-24,SEM_2023-24_1,1,2023-24,ECE,B.TECH,OBC,45.86,Paid,20,5,0,,,,,0,88.32,89.23,0,0,84.53,89.51,0,1,84.72,87.92,0,0,-3.8,0.2,0.28,-1.6,-0.66,9.4,9.4,87.65,0,0,Distinction,0
STU0218,2023-24,SEM_2023-24_2,2,2023-24,ECE,B.TECH,OBC,45.86,Paid,20,5,1,9.4,9.4,84.72,0.0,0,84.85,86.32,0,0,85.73,83.64,0,0,85.75,82.46,0,0,0.87,0.02,-2.68,-1.18,-1.93,8.6,9.0,83.03,0,0,Distinction,0
STU0218,2023-24,SEM_2023-24_3,3,2024-25,ECE,B.TECH,OBC,45.86,Overdue,24,6,1,8.6,9.0,85.75,0.0,0,86.43,94.42,0,0,86.39,96.13,0,0,84.26,94.77,0,0,-0.03,-2.13,1.71,-1.36,0.18,9.67,9.22,93.85,0,0,Distinction,0
STU0218,2023-24,SEM_2023-24_4,4,2024-25,ECE,B.TECH,OBC,45.86,Paid,24,6,1,9.67,9.22,84.26,0.0,0,93.46,84.94,0,0,91.84,86.31,0,0,91.48,85.26,0,0,-1.62,-0.37,1.37,-1.05,0.16,8.83,9.12,84.86,0,0,Distinction,0
STU0219,2023-24,SEM_2023-24_1,1,2023-24,AIML,B.TECH,General,84.23,Paid,20,5,0,,,,,0,76.5,82.9,0,2,67.58,75.75,0,4,62.32,69.54,0,5,-8.92,-5.27,-7.15,-6.21,-6.68,7.6,7.6,71.49,0,0,First Class,0
STU0219,2023-24,SEM_2023-24_2,2,2023-24,AIML,B.TECH,General,84.23,Paid,20,5,1,7.6,7.6,62.32,0.0,0,85.3,77.53,0,0,79.26,70.51,0,1,72.4,65.07,0,3,-6.03,-6.87,-7.02,-5.44,-6.23,6.8,7.2,63.88,0,0,First Class,0
STU0219,2023-24,SEM_2023-24_3,3,2024-25,AIML,B.TECH,General,84.23,Paid,24,6,1,6.8,7.2,72.4,0.0,0,75.51,69.93,0,3,68.44,63.3,0,6,62.86,57.89,0,6,-7.07,-5.58,-6.63,-5.4,-6.02,6.33,6.91,59.45,0,0,Second Class,0
STU0219,2023-24,SEM_2023-24_4,4,2024-25,AIML,B.TECH,General,84.23,Paid,24,6,1,6.33,6.91,62.86,0.0,0,60.52,71.0,0,6,53.18,63.83,0,6,47.27,57.41,1,6,-7.35,-5.9,-7.17,-6.42,-6.79,6.33,6.77,59.48,0,0,Second Class,0
STU0220,2023-24,SEM_2023-24_1,1,2023-24,DS,B.TECH,OBC,73.51,Paid,20,5,0,,,,,0,68.39,71.89,0,5,60.67,64.79,0,5,54.57,60.54,0,5,-7.72,-6.11,-7.09,-4.25,-5.67,6.6,6.6,58.98,0,0,First Class,0
STU0220,2023-24,SEM_2023-24_2,2,2023-24,DS,B.TECH,OBC,73.51,Paid,20,5,1,6.6,6.6,54.57,0.0,0,70.88,70.77,0,4,63.79,65.09,0,5,57.52,59.85,1,5,-7.09,-6.27,-5.69,-5.24,-5.46,6.6,6.6,60.59,0,0,First Class,0
STU0220,2023-24,SEM_2023-24_3,3,2024-25,DS,B.TECH,OBC,73.51,Paid,24,6,1,6.6,6.6,57.52,0.0,0,65.16,69.58,0,6,59.12,64.02,0,6,53.89,58.6,0,6,-6.04,-5.23,-5.56,-5.43,-5.49,6.0,6.4,55.57,0,0,Second Class,0
STU0220,2023-24,SEM_2023-24_4,4,2024-25,DS,B.TECH,OBC,73.51,Paid,24,6,1,6.0,6.4,53.89,0.0,0,62.63,68.31,0,6,55.67,60.95,0,6,49.36,56.35,1,6,-6.96,-6.31,-7.36,-4.6,-5.98,6.17,6.34,58.76,0,0,Second Class,0
STU0221,2023-24,SEM_2023-24_1,1,2023-24,CSE,B.TECH,OBC,66.03,Overdue,20,5,0,,,,,0,47.68,50.08,2,5,48.09,52.57,3,5,50.53,51.3,3,5,0.4,2.44,2.5,-1.27,0.61,5.8,5.8,52.86,0,0,Pass,1
STU0221,2023-24,SEM_2023-24_2,2,2023-24,CSE,B.TECH,OBC,66.03,Overdue,20,5,1,5.8,5.8,50.53,0.0,0,54.66,45.23,4,5,55.6,44.52,4,5,55.24,42.99,5,5,0.93,-0.35,-0.71,-1.53,-1.12,4.0,4.9,42.17,1,1,Fail,1
STU0221,2023-24,SEM_2023-24_3,3,2024-25,CSE,B.TECH,OBC,66.03,Paid,24,6,1,4.0,4.9,55.24,1.0,1,47.94,49.38,4,6,48.64,47.08,3,6,50.25,46.78,4,6,0.7,1.61,-2.31,-0.3,-1.3,3.83,4.54,47.07,2,2+,Fail,1
STU0221,2023-24,SEM_2023-24_4,4,2024-25,CSE,B.TECH,OBC,66.03,Paid,24,6,1,3.83,4.54,50.25,2.0,3,51.29,55.07,1,6,51.88,55.89,1,6,48.89,55.45,3,6,0.59,-2.99,0.82,-0.44,0.19,6.0,4.91,55.92,0,0,Second Class,0
STU0222,2023-24,SEM_2023-24_1,1,2023-24,ECE,B.TECH,OBC,92.9,Overdue,20,5,0,,,,,0,41.68,50.57,3,5,44.02,51.83,3,5,44.11,53.01,2,5,2.34,0.09,1.26,1.18,1.22,6.4,6.4,56.55,0,0,Second Class,0
STU0222,2023-24,SEM_2023-24_2,2,2023-24,ECE,B.TECH,OBC,92.9,Paid,20,5,1,6.4,6.4,44.11,0.0,0,56.39,51.85,1,5,56.23,53.47,1,5,56.33,53.85,1,5,-0.16,0.11,1.62,0.39,1.0,5.8,6.1,53.3,0,0,Pass,1
STU0222,2023-24,SEM_2023-24_3,3,2024-25,ECE,B.TECH,OBC,92.9,Overdue,24,6,1,5.8,6.1,56.33,0.0,0,39.89,48.4,3,6,39.99,46.7,5,6,41.04,43.71,5,6,0.11,1.05,-1.7,-2.99,-2.35,4.5,5.57,44.13,1,1,Fail,1
STU0222,2023-24,SEM_2023-24_4,4,2024-25,ECE,B.TECH,OBC,92.9,Paid,24,6,1,4.5,5.57,41.04,1.0,1,40.6,45.29,5,6,41.86,45.66,6,6,38.66,46.31,5,6,1.26,-3.2,0.36,0.65,0.51,4.5,5.3,46.69,1,1,Fail,1
STU0223,2023-24,SEM_2023-24_1,1,2023-24,AIML,B.TECH,ST,31.89,Partial,20,5,0,,,,,0,86.81,71.47,0,0,87.21,73.78,0,0,91.02,71.74,0,0,0.4,3.81,2.3,-2.04,0.13,7.6,7.6,69.95,0,0,First Class,0
STU0223,2023-24,SEM_2023-24_2,2,2023-24,AIML,B.TECH,ST,31.89,Partial,20,5,1,7.6,7.6,91.02,0.0,0,92.26,79.5,0,0,91.68,79.66,0,0,91.08,77.8,0,0,-0.58,-0.59,0.16,-1.86,-0.85,8.2,7.9,75.68,0,0,Distinction,0
STU0223,2023-24,SEM_2023-24_3,3,2024-25,AIML,B.TECH,ST,31.89,Overdue,24,6,1,8.2,7.9,91.08,0.0,0,89.98,77.09,0,0,90.03,75.61,0,0,89.81,72.79,0,0,0.06,-0.22,-1.49,-2.82,-2.15,7.83,7.88,73.09,0,0,First Class,0
STU0223,2023-24,SEM_2023-24_4,4,2024-25,AIML,B.TECH,ST,31.89,Paid,24,6,1,7.83,7.88,89.81,0.0,0,88.04,76.37,0,0,85.65,76.71,0,1,83.36,74.7,0,1,-2.39,-2.29,0.34,-2.0,-0.83,7.83,7.87,75.72,0,0,First Class,0
STU0224,2023-24,SEM_2023-24_1,1,2023-24,DS,B.TECH,SC,88.8,Overdue,20,5,0,,,,,0,80.32,71.11,0,0,81.1,71.18,0,0,78.75,70.91,0,1,0.78,-2.35,0.08,-0.27,-0.1,7.4,7.4,68.77,0,0,First Class,0
STU0224,2023-24,SEM_2023-24_2,2,2023-24,DS,B.TECH,SC,88.8,Paid,20,5,1,7.4,7.4,78.75,0.0,0,77.4,64.71,0,2,79.48,62.69,0,1,77.31,61.0,1,2,2.08,-2.17,-2.02,-1.69,-1.86,6.6,7.0,62.75,0,0,First Class,0
STU0224,2023-24,SEM_2023-24_3,3,2024-25,DS,B.TECH,SC,88.8,Paid,24,6,1,6.6,7.0,77.31,0.0,0,72.37,73.81,0,4,74.25,78.7,0,4,74.21,78.29,0,4,1.88,-0.04,4.89,-0.41,2.24,8.67,7.56,78.74,0,0,Distinction,0
STU0224,2023-24,SEM_2023-24_4,4,2024-25,DS,B.TECH,SC,88.8,Paid,24,6,1,8.67,7.56,74.21,0.0,0,74.02,68.78,0,3,73.83,69.72,0,3,75.17,72.36,0,2,-0.19,1.34,0.95,2.64,1.79,7.67,7.58,72.24,0,0,First Class,0
STU0225,2023-24,SEM_2023-24_1,1,2023-24,CSE,B.TECH,SC,78.97,Paid,20,5,0,,,,,0,87.0,70.85,0,0,86.96,69.92,1,0,86.63,72.85,1,0,-0.04,-0.33,-0.93,2.93,1.0,7.4,7.4,71.53,0,0,First Class,0
STU0225,2023-24,SEM_2023-24_2,2,2023-24,CSE,B.TECH,SC,78.97,Paid,20,5,1,7.4,7.4,86.63,0.0,0,91.2,67.22,0,0,89.6,69.89,0,0,89.74,67.22,0,0,-1.6,0.14,2.67,-2.67,-0.0,7.2,7.3,67.74,0,0,First Class,0
STU0225,2023-24,SEM_2023-24_3,3,2024-25,CSE,B.TECH,SC,78.97,Paid,24,6,1,7.2,7.3,89.74,0.0,0,87.42,68.01,0,0,87.53,69.95,0,0,88.89,66.27,0,0,0.11,1.37,1.94,-3.68,-0.87,7.33,7.31,67.21,0,0,First Class,0
STU0225,2023-24,SEM_2023-24_4,4,2024-25,CSE,B.TECH,SC,78.97,Paid,24,6,1,7.33,7.31,88.89,0.0,0,91.89,72.51,0,0,93.44,72.54,0,0,93.26,71.79,1,0,1.55,-0.18,0.03,-0.75,-0.36,7.83,7.44,72.89,0,0,First Class,0
STU0226,2023-24,SEM_2023-24_1,1,2023-24,ECE,B.TECH,ST,84.23,Overdue,20,5,0,,,,,0,90.81,71.95,0,0,90.54,74.31,0,0,90.03,75.69,0,0,-0.27,-0.51,2.36,1.38,1.87,8.0,8.0,75.33,0,0,Distinction,0
STU0226,2023-24,SEM_2023-24_2,2,2023-24,ECE,B.TECH,ST,84.23,Paid,20,5,1,8.0,8.0,90.03,0.0,0,83.49,68.34,0,0,83.47,69.24,0,1,83.18,67.74,0,1,-0.02,-0.29,0.9,-1.5,-0.3,7.0,7.5,64.19,0,0,First Class,0
STU0226,2023-24,SEM_2023-24_3,3,2024-25,ECE,B.TECH,ST,84.23,Paid,24,6,1,7.0,7.5,83.18,0.0,0,91.73,69.82,0,0,91.04,69.31,0,0,94.23,71.58,0,0,-0.7,3.2,-0.51,2.27,0.88,7.33,7.44,69.14,0,0,First Class,0
STU0226,2023-24,SEM_2023-24_4,4,2024-25,ECE,B.TECH,ST,84.23,Paid,24,6,1,7.33,7.44,94.23,0.0,0,94.28,62.06,1,0,93.07,59.3,1,0,92.95,58.37,1,0,-1.21,-0.12,-2.77,-0.92,-1.85,6.5,7.21,58.13,0,0,First Class,0
STU0227,2023-24,SEM_2023-24_1,1,2023-24,AIML,B.TECH,OBC,34.07,Paid,20,5,0,,,,,0,78.08,74.25,0,2,79.48,76.49,0,2,80.92,75.43,0,1,1.4,1.44,2.24,-1.06,0.59,8.0,8.0,76.56,0,0,Distinction,0
STU0227,2023-24,SEM_2023-24_2,2,2023-24,AIML,B.TECH,OBC,34.07,Paid,20,5,1,8.0,8.0,80.92,0.0,0,80.97,76.28,0,0,81.8,76.25,0,1,85.24,77.18,0,0,0.83,3.44,-0.02,0.93,0.45,8.6,8.3,80.4,0,0,Distinction,0
STU0227,2023-24,SEM_2023-24_3,3,2024-25,AIML,B.TECH,OBC,34.07,Paid,24,6,1,8.6,8.3,85.24,0.0,0,79.14,76.65,0,0,79.85,77.71,0,1,80.21,80.14,0,0,0.71,0.36,1.06,2.42,1.74,8.33,8.31,80.76,0,0,Distinction,0
STU0227,2023-24,SEM_2023-24_4,4,2024-25,AIML,B.TECH,OBC,34.07,Partial,24,6,1,8.33,8.31,80.21,0.0,0,77.9,80.58,0,1,78.18,80.45,0,2,78.45,79.66,0,2,0.28,0.28,-0.13,-0.79,-0.46,8.5,8.36,81.12,0,0,Distinction,0
STU0228,2023-24,SEM_2023-24_1,1,2023-24,DS,B.TECH,General,93.51,Partial,20,5,0,,,,,0,83.65,74.46,0,0,81.6,76.39,0,0,82.0,77.06,0,0,-2.05,0.4,1.93,0.67,1.3,8.0,8.0,73.81,0,0,Distinction,0
STU0228,2023-24,SEM_2023-24_2,2,2023-24,DS,B.TECH,General,93.51,Partial,20,5,1,8.0,8.0,82.0,0.0,0,84.1,74.54,0,0,83.54,71.89,0,0,82.03,72.38,0,0,-0.56,-1.51,-2.65,0.49,-1.08,7.8,7.9,73.19,0,0,First Class,0
STU0228,2023-24,SEM_2023-24_3,3,2024-25,DS,B.TECH,General,93.51,Paid,24,6,1,7.8,7.9,82.03,0.0,0,81.58,73.62,0,0,79.5,73.4,0,1,77.98,69.64,0,1,-2.08,-1.52,-0.22,-3.76,-1.99,7.33,7.71,69.37,0,0,First Class,0
STU0228,2023-24,SEM_2023-24_4,4,2024-25,DS,B.TECH,General,93.51,Paid,24,6,1,7.33,7.71,77.98,0.0,0,76.57,66.83,0,3,72.72,65.69,1,4,73.54,67.11,0,3,-3.85,0.82,-1.15,1.43,0.14,7.17,7.58,65.18,0,0,First Class,0
STU0229,2023-24,SEM_2023-24_1,1,2023-24,CSE,B.TECH,SC,78.45,Paid,20,5,0,,,,,0,77.07,71.9,0,2,76.53,74.2,0,2,76.19,75.5,0,2,-0.55,-0.33,2.31,1.3,1.8,8.2,8.2,74.29,0,0,Distinction,0
STU0229,2023-24,SEM_2023-24_2,2,2023-24,CSE,B.TECH,SC,78.45,Paid,20,5,1,8.2,8.2,76.19,0.0,0,79.53,67.5,0,1,77.93,70.49,0,1,80.91,69.12,0,1,-1.6,2.98,2.99,-1.38,0.81,7.0,7.6,66.38,0,0,First Class,0
STU0229,2023-24,SEM_2023-24_3,3,2024-25,CSE,B.TECH,SC,78.45,Paid,24,6,1,7.0,7.6,80.91,0.0,0,85.55,77.79,0,0,84.3,78.2,0,0,83.73,78.17,0,1,-1.24,-0.57,0.41,-0.03,0.19,8.17,7.79,75.68,0,0,Distinction,0
STU0229,2023-24,SEM_2023-24_4,4,2024-25,CSE,B.TECH,SC,78.45,Paid,24,6,1,8.17,7.79,83.73,0.0,0,78.21,71.35,1,2,78.02,69.2,1,2,76.38,69.21,1,2,-0.19,-1.65,-2.15,0.01,-1.07,7.67,7.76,71.77,0,0,First Class,0
STU0230,2023-24,SEM_2023-24_1,1,2023-24,ECE,B.TECH,OBC,29.27,Paid,20,5,0,,,,,0,90.5,75.86,0,0,87.09,72.97,0,0,87.78,71.55,0,0,-3.4,0.69,-2.89,-1.42,-2.16,7.6,7.6,72.34,0,0,First Class,0
STU0230,2023-24,SEM_2023-24_2,2,2023-24,ECE,B.TECH,OBC,29.27,Paid,20,5,1,7.6,7.6,87.78,0.0,0,93.13,86.88,0,0,93.76,86.65,0,0,95.51,86.84,0,0,0.63,1.76,-0.22,0.19,-0.02,9.2,8.4,86.09,0,0,Distinction,0
STU0230,2023-24,SEM_2023-24_3,3,2024-25,ECE,B.TECH,OBC,29.27,Paid,24,6,1,9.2,8.4,95.51,0.0,0,96.93,77.75,0,0,94.9,76.97,0,0,91.98,76.18,0,0,-2.03,-2.92,-0.78,-0.79,-0.78,8.0,8.27,75.62,0,0,Distinction,0
STU0230,2023-24,SEM_2023-24_4,4,2024-25,ECE,B.TECH,OBC,29.27,Paid,24,6,1,8.0,8.27,91.98,0.0,0,95.97,78.72,0,0,95.71,77.22,0,0,94.68,79.11,0,0,-0.26,-1.03,-1.51,1.89,0.19,8.0,8.2,77.37,0,0,Distinction,0
STU0231,2023-24,SEM_2023-24_1,1,2023-24,AIML,B.TECH,General,59.73,Paid,20,5,0,,,,,0,96.14,89.99,0,0,96.39,88.82,0,0,96.94,87.09,0,0,0.25,0.55,-1.17,-1.72,-1.45,9.2,9.2,88.07,0,0,Distinction,0
STU0231,2023-24,SEM_2023-24_2,2,2023-24,AIML,B.TECH,General,59.73,Paid,20,5,1,9.2,9.2,96.94,0.0,0,95.5,87.98,0,0,94.33,86.76,0,0,94.06,89.57,0,0,-1.16,-0.28,-1.22,2.81,0.8,9.4,9.3,89.18,0,0,Distinction,0
STU0231,2023-24,SEM_2023-24_3,3,2024-25,AIML,B.TECH,General,59.73,Partial,24,6,1,9.4,9.3,94.06,0.0,0,97.71,76.7,0,0,95.72,77.96,0,0,95.25,78.8,0,0,-1.99,-0.47,1.26,0.84,1.05,8.33,8.98,78.78,0,0,Distinction,0
STU0231,2023-24,SEM_2023-24_4,4,2024-25,AIML,B.TECH,General,59.73,Paid,24,6,1,8.33,8.98,95.25,0.0,0,87.27,91.09,0,0,86.0,89.73,0,0,86.84,88.74,0,0,-1.27,0.84,-1.35,-0.99,-1.17,9.5,9.11,89.62,0,0,Distinction,0
STU0232,2023-24,SEM_2023-24_1,1,2023-24,DS,B.TECH,General,66.17,Paid,20,5,0,,,,,0,89.45,85.41,0,0,89.56,87.71,0,0,85.32,86.86,0,0,0.11,-4.24,2.3,-0.85,0.73,9.2,9.2,85.03,0,0,Distinction,0
STU0232,2023-24,SEM_2023-24_2,2,2023-24,DS,B.TECH,General,66.17,Paid,20,5,1,9.2,9.2,85.32,0.0,0,95.5,76.88,0,0,96.26,77.88,0,0,92.82,76.7,0,0,0.75,-3.44,1.0,-1.18,-0.09,8.2,8.7,76.03,0,0,Distinction,0
STU0232,2023-24,SEM_2023-24_3,3,2024-25,DS,B.TECH,General,66.17,Paid,24,6,1,8.2,8.7,92.82,0.0,0,88.88,74.44,0,0,88.56,73.39,0,0,91.42,72.48,0,0,-0.32,2.86,-1.04,-0.91,-0.98,7.67,8.36,73.23,0,0,First Class,0
STU0232,2023-24,SEM_2023-24_4,4,2024-25,DS,B.TECH,General,66.17,Paid,24,6,1,7.67,8.36,91.42,0.0,0,94.26,81.14,0,0,95.11,84.77,0,0,94.6,87.23,0,0,0.85,-0.52,3.63,2.46,3.05,9.0,8.52,85.79,0,0,Distinction,0
STU0233,2023-24,SEM_2023-24_1,1,2023-24,CSE,B.TECH,OBC,86.64,Paid,20,5,0,,,,,0,90.1,62.36,0,0,87.74,60.36,1,0,85.47,56.0,1,0,-2.36,-2.27,-2.01,-4.35,-3.18,6.2,6.2,56.85,0,0,Second Class,0
STU0233,2023-24,SEM_2023-24_2,2,2023-24,CSE,B.TECH,OBC,86.64,Paid,20,5,1,6.2,6.2,85.47,0.0,0,91.12,64.72,1,0,89.21,63.09,1,0,87.69,62.89,1,0,-1.91,-1.52,-1.64,-0.19,-0.91,7.0,6.6,63.26,0,0,First Class,0
STU0233,2023-24,SEM_2023-24_3,3,2024-25,CSE,B.TECH,OBC,86.64,Paid,24,6,1,7.0,6.6,87.69,0.0,0,88.83,74.47,0,0,88.81,73.01,0,0,87.46,75.14,0,0,-0.02,-1.35,-1.46,2.13,0.34,8.0,7.07,73.56,0,0,Distinction,0
STU0233,2023-24,SEM_2023-24_4,4,2024-25,CSE,B.TECH,OBC,86.64,Overdue,24,6,1,8.0,7.07,87.46,0.0,0,93.72,73.63,0,0,90.55,74.72,0,0,88.48,74.14,0,0,-3.16,-2.07,1.08,-0.58,0.25,8.0,7.3,74.07,0,0,Distinction,0
STU0234,2023-24,SEM_2023-24_1,1,2023-24,ECE,B.TECH,General,67.06,Paid,20,5,0,,,,,0,70.83,76.05,0,5,70.06,73.89,0,4,71.31,73.25,0,4,-0.77,1.25,-2.16,-0.64,-1.4,7.6,7.6,71.99,0,0,First Class,0
STU0234,2023-24,SEM_2023-24_2,2,2023-24,ECE,B.TECH,General,67.06,Overdue,20,5,1,7.6,7.6,71.31,0.0,0,74.9,76.64,0,3,74.93,76.94,0,2,72.78,76.85,0,2,0.02,-2.14,0.3,-0.08,0.11,8.0,7.8,76.57,0,0,Distinction,0
STU0234,2023-24,SEM_2023-24_3,3,2024-25,ECE,B.TECH,General,67.06,Paid,24,6,1,8.0,7.8,72.78,0.0,0,63.67,72.94,0,6,64.73,73.57,0,6,63.38,72.59,0,6,1.06,-1.35,0.63,-0.97,-0.17,7.67,7.76,72.46,0,0,First Class,0
STU0234,2023-24,SEM_2023-24_4,4,2024-25,ECE,B.TECH,General,67.06,Paid,24,6,1,7.67,7.76,63.38,0.0,0,68.29,71.38,0,5,67.6,70.96,0,5,67.89,72.31,0,5,-0.69,0.29,-0.42,1.35,0.46,7.83,7.77,73.73,0,0,First Class,0
STU0235,2023-24,SEM_2023-24_1,1,2023-24,AIML,B.TECH,SC,92.76,Paid,20,5,0,,,,,0,91.25,81.94,0,0,88.52,81.04,0,0,89.12,81.87,0,0,-2.73,0.6,-0.9,0.83,-0.04,8.4,8.4,79.36,0,0,Distinction,0
STU0235,2023-24,SEM_2023-24_2,2,2023-24,AIML,B.TECH,SC,92.76,Paid,20,5,1,8.4,8.4,89.12,0.0,0,86.83,90.47,0,0,89.87,87.84,0,0,90.27,86.55,0,0,3.03,0.41,-2.63,-1.28,-1.96,9.4,8.9,88.73,0,0,Distinction,0
STU0235,2023-24,SEM_2023-24_3,3,2024-25,AIML,B.TECH,SC,92.76,Paid,24,6,1,9.4,8.9,90.27,0.0,0,93.55,81.95,0,0,93.51,83.52,0,0,92.81,82.83,0,0,-0.04,-0.7,1.58,-0.7,0.44,8.5,8.77,80.72,0,0,Distinction,0
STU0235,2023-24,SEM_2023-24_4,4,2024-25,AIML,B.TECH,SC,92.76,Overdue,24,6,1,8.5,8.77,92.81,0.0,0,81.95,85.17,0,0,80.53,85.77,0,0,80.42,84.42,0,0,-1.43,-0.11,0.6,-1.35,-0.38,8.67,8.74,81.63,0,0,Distinction,0
STU0236,2023-24,SEM_2023-24_1,1,2023-24,DS,B.TECH,General,86.71,Paid,20,5,0,,,,,0,75.28,58.66,0,2,77.55,57.77,0,1,75.04,54.48,2,3,2.27,-2.5,-0.89,-3.29,-2.09,5.6,5.6,52.97,0,0,Pass,1
STU0236,2023-24,SEM_2023-24_2,2,2023-24,DS,B.TECH,General,86.71,Paid,20,5,1,5.6,5.6,75.04,0.0,0,79.95,71.93,0,0,77.95,72.52,0,1,81.33,75.6,0,0,-2.0,3.38,0.59,3.08,1.84,8.2,6.9,75.93,0,0,Distinction,0
STU0236,2023-24,SEM_2023-24_3,3,2024-25,DS,B.TECH,General,86.71,Paid,24,6,1,8.2,6.9,81.33,0.0,0,80.96,66.35,1,1,82.11,69.34,0,0,81.05,71.6,0,0,1.15,-1.07,2.99,2.27,2.63,7.67,7.16,70.9,0,0,First Class,0
STU0236,2023-24,SEM_2023-24_4,4,2024-25,DS,B.TECH,General,86.71,Paid,24,6,1,7.67,7.16,81.05,0.0,0,73.12,72.93,0,3,75.24,73.43,0,3,73.62,72.33,0,3,2.13,-1.62,0.5,-1.1,-0.3,7.83,7.32,72.85,0,0,First Class,0
STU0237,2023-24,SEM_2023-24_1,1,2023-24,CSE,B.TECH,General,61.56,Paid,20,5,0,,,,,0,91.92,85.64,0,0,92.01,85.42,0,0,92.09,86.53,0,0,0.08,0.09,-0.23,1.11,0.44,9.0,9.0,85.46,0,0,Distinction,0
STU0237,2023-24,SEM_2023-24_2,2,2023-24,CSE,B.TECH,General,61.56,Partial,20,5,1,9.0,9.0,92.09,0.0,0,82.47,90.08,0,0,82.35,86.62,0,0,80.19,87.63,0,1,-0.12,-2.16,-3.46,1.01,-1.23,9.2,9.1,87.5,0,0,Distinction,0
STU0237,2023-24,SEM_2023-24_3,3,2024-25,CSE,B.TECH,General,61.56,Paid,24,6,1,9.2,9.1,80.19,0.0,0,84.63,83.6,0,0,86.43,83.15,0,0,87.08,80.82,0,1,1.8,0.65,-0.45,-2.34,-1.39,8.5,8.9,80.03,0,0,Distinction,0
STU0237,2023-24,SEM_2023-24_4,4,2024-25,CSE,B.TECH,General,61.56,Paid,24,6,1,8.5,8.9,87.08,0.0,0,88.58,82.83,0,0,90.76,83.39,0,0,91.23,85.34,0,0,2.18,0.47,0.55,1.96,1.25,9.0,8.93,85.26,0,0,Distinction,0
STU0238,2023-24,SEM_2023-24_1,1,2023-24,ECE,B.TECH,General,90.53,Paid,20,5,0,,,,,0,52.87,39.78,5,5,60.2,45.85,4,5,66.93,51.95,2,5,7.33,6.73,6.07,6.1,6.09,5.6,5.6,50.31,0,0,Pass,1
STU0238,2023-24,SEM_2023-24_2,2,2023-24,ECE,B.TECH,General,90.53,Paid,20,5,1,5.6,5.6,66.93,0.0,0,69.28,67.41,0,5,74.61,72.61,0,4,82.65,79.84,0,0,5.33,8.05,5.2,7.23,6.22,8.2,6.9,77.32,0,0,Distinction,0
STU0238,2023-24,SEM_2023-24_3,3,2024-25,ECE,B.TECH,General,90.53,Paid,24,6,1,8.2,6.9,82.65,0.0,0,72.2,59.77,0,5,79.64,64.99,0,0,85.91,71.49,0,0,7.44,6.27,5.22,6.5,5.86,7.67,7.16,72.08,0,0,First Class,0
STU0238,2023-24,SEM_2023-24_4,4,2024-25,ECE,B.TECH,General,90.53,Paid,24,6,1,7.67,7.16,85.91,0.0,0,79.15,67.74,0,0,85.59,73.38,0,0,92.46,79.34,0,0,6.44,6.87,5.64,5.96,5.8,8.5,7.49,80.64,0,0,Distinction,0
STU0239,2023-24,SEM_2023-24_1,1,2023-24,AIML,B.TECH,OBC,64.0,Partial,20,5,0,,,,,0,74.34,60.78,0,3,71.86,60.29,0,3,70.06,60.82,0,4,-2.48,-1.8,-0.49,0.54,0.02,7.0,7.0,63.51,0,0,First Class,0
STU0239,2023-24,SEM_2023-24_2,2,2023-24,AIML,B.TECH,OBC,64.0,Paid,20,5,1,7.0,7.0,70.06,0.0,0,76.37,77.8,0,3,77.15,76.38,0,2,75.98,79.49,0,2,0.78,-1.17,-1.42,3.11,0.84,8.4,7.7,77.86,0,0,Distinction,0
STU0239,2023-24,SEM_2023-24_3,3,2024-25,AIML,B.TECH,OBC,64.0,Partial,24,6,1,8.4,7.7,75.98,0.0,0,66.38,70.33,0,6,66.1,70.73,1,6,68.48,73.53,0,5,-0.27,2.38,0.41,2.8,1.6,7.67,7.69,73.07,0,0,First Class,0
STU0239,2023-24,SEM_2023-24_4,4,2024-25,AIML,B.TECH,OBC,64.0,Paid,24,6,1,7.67,7.69,68.48,0.0,0,72.93,67.9,0,4,75.45,72.76,0,2,76.34,72.35,0,2,2.52,0.89,4.86,-0.42,2.22,7.83,7.72,72.82,0,0,First Class,0
STU0240,2023-24,SEM_2023-24_1,1,2023-24,DS,B.TECH,ST,89.45,Paid,20,5,0,,,,,0,75.49,75.1,0,2,68.28,69.13,0,5,61.17,63.16,0,5,-7.21,-7.11,-5.97,-5.97,-5.97,6.8,6.8,61.66,0,0,First Class,0
STU0240,2023-24,SEM_2023-24_2,2,2023-24,DS,B.TECH,ST,89.45,Paid,20,5,1,6.8,6.8,61.17,0.0,0,69.97,79.68,0,4,62.52,72.54,1,5,56.44,65.18,1,5,-7.45,-6.08,-7.14,-7.36,-7.25,5.8,6.3,62.84,1,1,Fail,1
STU0240,2023-24,SEM_2023-24_3,3,2024-25,DS,B.TECH,ST,89.45,Paid,24,6,1,5.8,6.3,56.44,1.0,1,70.87,68.52,0,6,64.46,61.18,0,6,58.18,55.81,1,6,-6.41,-6.28,-7.35,-5.37,-6.36,6.0,6.2,54.55,0,0,Second Class,0
STU0240,2023-24,SEM_2023-24_4,4,2024-25,DS,B.TECH,ST,89.45,Paid,24,6,1,6.0,6.2,58.18,0.0,1,61.12,63.09,0,6,54.77,56.36,1,6,48.47,49.88,4,6,-6.34,-6.3,-6.73,-6.48,-6.61,5.33,5.98,49.05,0,0,Pass,1
STU0241,2024-25,SEM_2024-25_1,1,2024-25,CSE,B.TECH,General,50.87,Paid,20,5,0,,,,,0,76.67,88.27,0,1,80.24,89.87,0,1,79.52,91.57,0,0,3.57,-0.72,1.6,1.7,1.65,9.6,9.6,90.1,0,0,Distinction,0
STU0241,2024-25,SEM_2024-25_2,2,2024-25,CSE,B.TECH,General,50.87,Paid,20,5,1,9.6,9.6,79.52,0.0,0,80.54,77.24,0,0,80.47,77.21,0,1,81.66,76.63,0,1,-0.08,1.19,-0.03,-0.58,-0.31,8.0,8.8,76.08,0,0,Distinction,0
STU0242,2024-25,SEM_2024-25_1,1,2024-25,ECE,B.TECH,General,86.55,Paid,20,5,0,,,,,0,75.97,60.51,0,2,79.63,60.88,1,1,80.46,60.83,1,1,3.66,0.83,0.37,-0.05,0.16,6.6,6.6,60.76,0,0,First Class,0
STU0242,2024-25,SEM_2024-25_2,2,2024-25,ECE,B.TECH,General,86.55,Overdue,20,5,1,6.6,6.6,80.46,0.0,0,77.41,70.74,0,2,75.63,70.25,0,2,74.84,64.55,1,2,-1.78,-0.8,-0.49,-5.7,-3.09,7.0,6.8,65.23,0,0,First Class,0
STU0243,2024-25,SEM_2024-25_1,1,2024-25,AIML,B.TECH,ST,92.23,Paid,20,5,0,,,,,0,72.82,59.92,0,5,70.37,59.34,0,4,69.74,55.93,1,4,-2.45,-0.64,-0.58,-3.41,-1.99,6.2,6.2,55.17,0,0,Second Class,0
STU0243,2024-25,SEM_2024-25_2,2,2024-25,AIML,B.TECH,ST,92.23,Overdue,20,5,1,6.2,6.2,69.74,0.0,0,75.29,53.25,2,2,76.31,54.45,2,2,75.79,53.74,2,2,1.02,-0.52,1.2,-0.71,0.24,6.0,6.1,53.66,0,0,Second Class,0
STU0244,2024-25,SEM_2024-25_1,1,2024-25,DS,B.TECH,General,93.73,Paid,20,5,0,,,,,0,69.08,71.29,0,5,67.05,69.15,0,5,68.85,68.6,0,5,-2.04,1.81,-2.14,-0.54,-1.34,7.4,7.4,67.87,0,0,First Class,0
STU0244,2024-25,SEM_2024-25_2,2,2024-25,DS,B.TECH,General,93.73,Paid,20,5,1,7.4,7.4,68.85,0.0,0,80.4,80.63,0,0,81.09,81.03,0,0,78.2,76.91,0,1,0.68,-2.88,0.41,-4.12,-1.86,8.4,7.9,78.21,0,0,Distinction,0
STU0245,2024-25,SEM_2024-25_1,1,2024-25,CSE,B.TECH,OBC,76.86,Paid,20,5,0,,,,,0,87.12,59.15,1,0,86.12,60.18,1,0,85.69,59.34,1,0,-1.0,-0.42,1.03,-0.84,0.09,6.6,6.6,60.27,0,0,First Class,0
STU0245,2024-25,SEM_2024-25_2,2,2024-25,CSE,B.TECH,OBC,76.86,Paid,20,5,1,6.6,6.6,85.69,0.0,0,84.23,64.91,0,0,87.86,66.99,0,0,88.29,69.53,1,0,3.63,0.43,2.08,2.54,2.31,7.4,7.0,69.83,0,0,First Class,0
STU0246,2024-25,SEM_2024-25_1,1,2024-25,ECE,B.TECH,General,58.54,Paid,20,5,0,,,,,0,87.46,78.81,0,0,88.45,80.59,0,0,88.79,81.74,0,0,1.0,0.34,1.79,1.15,1.47,8.4,8.4,80.65,0,0,Distinction,0
STU0246,2024-25,SEM_2024-25_2,2,2024-25,ECE,B.TECH,General,58.54,Paid,20,5,1,8.4,8.4,88.79,0.0,0,87.71,84.7,0,0,87.44,86.28,0,0,88.34,88.31,0,0,-0.27,0.9,1.58,2.03,1.8,9.6,9.0,89.59,0,0,Distinction,0
STU0247,2024-25,SEM_2024-25_1,1,2024-25,AIML,B.TECH,General,54.43,Paid,20,5,0,,,,,0,98.43,93.03,0,0,96.66,92.7,0,0,94.09,92.55,0,0,-1.78,-2.57,-0.33,-0.15,-0.24,9.4,9.4,89.07,0,0,Distinction,0
STU0247,2024-25,SEM_2024-25_2,2,2024-25,AIML,B.TECH,General,54.43,Paid,20,5,1,9.4,9.4,94.09,0.0,0,97.01,85.6,0,0,96.6,85.3,0,0,97.5,87.97,0,0,-0.41,0.9,-0.31,2.68,1.19,9.0,9.2,85.8,0,0,Distinction,0
STU0248,2024-25,SEM_2024-25_1,1,2024-25,DS,B.TECH,General,86.72,Paid,20,5,0,,,,,0,85.53,67.79,0,0,83.04,65.81,0,0,86.83,67.98,0,0,-2.48,3.79,-1.98,2.17,0.09,7.0,7.0,66.23,0,0,First Class,0
STU0248,2024-25,SEM_2024-25_2,2,2024-25,DS,B.TECH,General,86.72,Paid,20,5,1,7.0,7.0,86.83,0.0,0,71.06,71.22,0,4,73.61,72.48,0,3,75.8,75.85,0,2,2.56,2.19,1.27,3.36,2.31,8.2,7.6,77.08,0,0,Distinction,0
STU0249,2024-25,SEM_2024-25_1,1,2024-25,CSE,B.TECH,General,43.77,Paid,20,5,0,,,,,0,84.06,77.83,0,0,83.77,78.93,0,0,84.76,78.88,0,0,-0.29,0.99,1.1,-0.06,0.52,8.0,8.0,77.8,0,0,Distinction,0
STU0249,2024-25,SEM_2024-25_2,2,2024-25,CSE,B.TECH,General,43.77,Paid,20,5,1,8.0,8.0,84.76,0.0,0,88.76,70.78,0,0,88.94,73.75,0,0,90.72,76.63,0,0,0.18,1.78,2.97,2.88,2.92,8.2,8.1,76.92,0,0,Distinction,0
STU0250,2024-25,SEM_2024-25_1,1,2024-25,ECE,B.TECH,OBC,65.1,Paid,20,5,0,,,,,0,91.75,80.18,0,0,90.28,78.67,0,0,92.94,78.35,0,0,-1.47,2.66,-1.51,-0.33,-0.92,8.2,8.2,75.3,0,0,Distinction,0
STU0250,2024-25,SEM_2024-25_2,2,2024-25,ECE,B.TECH,OBC,65.1,Paid,20,5,1,8.2,8.2,92.94,0.0,0,91.74,77.27,0,0,93.44,79.17,0,0,93.54,81.62,0,0,1.7,0.1,1.9,2.44,2.17,8.8,8.5,85.04,0,0,Distinction,0
STU0251,2024-25,SEM_2024-25_1,1,2024-25,AIML,B.TECH,OBC,84.01,Paid,20,5,0,,,,,0,98.02,86.34,0,0,95.72,90.13,0,0,93.63,86.94,0,0,-2.31,-2.08,3.79,-3.19,0.3,9.4,9.4,88.19,0,0,Distinction,0
STU0251,2024-25,SEM_2024-25_2,2,2024-25,AIML,B.TECH,OBC,84.01,Paid,20,5,1,9.4,9.4,93.63,0.0,0,91.93,85.67,0,0,92.17,85.57,0,0,90.07,83.46,0,0,0.23,-2.1,-0.1,-2.1,-1.1,8.8,9.1,85.44,0,0,Distinction,0
STU0252,2024-25,SEM_2024-25_1,1,2024-25,DS,B.TECH,General,68.86,Paid,20,5,0,,,,,0,74.4,63.54,0,3,77.4,63.13,0,2,77.51,66.06,0,3,3.0,0.11,-0.42,2.93,1.26,7.2,7.2,66.8,0,0,First Class,0
STU0252,2024-25,SEM_2024-25_2,2,2024-25,DS,B.TECH,General,68.86,Paid,20,5,1,7.2,7.2,77.51,0.0,0,62.98,67.14,0,5,60.64,67.33,0,5,62.45,64.84,1,5,-2.34,1.81,0.19,-2.49,-1.15,7.0,7.1,64.99,0,0,First Class,0
STU0253,2024-25,SEM_2024-25_1,1,2024-25,CSE,B.TECH,General,65.8,Paid,20,5,0,,,,,0,70.29,68.03,0,5,70.28,66.92,0,4,71.99,68.56,0,4,-0.01,1.71,-1.11,1.64,0.26,7.8,7.8,70.42,0,0,First Class,0
STU0253,2024-25,SEM_2024-25_2,2,2024-25,CSE,B.TECH,General,65.8,Paid,20,5,1,7.8,7.8,71.99,0.0,0,85.9,63.94,0,0,87.64,65.08,0,0,88.15,62.67,1,1,1.74,0.51,1.14,-2.41,-0.63,6.4,7.1,60.72,0,0,Second Class,0
STU0254,2024-25,SEM_2024-25_1,1,2024-25,ECE,B.TECH,General,91.76,Paid,20,5,0,,,,,0,80.19,80.76,0,1,81.25,78.84,0,1,79.06,77.14,0,2,1.06,-2.19,-1.91,-1.71,-1.81,8.4,8.4,77.75,0,0,Distinction,0
STU0254,2024-25,SEM_2024-25_2,2,2024-25,ECE,B.TECH,General,91.76,Paid,20,5,1,8.4,8.4,79.06,0.0,0,92.15,71.57,0,0,93.1,70.93,0,0,94.81,69.79,0,0,0.95,1.71,-0.64,-1.14,-0.89,7.8,8.1,72.19,0,0,First Class,0
STU0255,2024-25,SEM_2024-25_1,1,2024-25,AIML,B.TECH,General,69.65,Partial,20,5,0,,,,,0,80.87,77.04,0,1,82.42,75.55,0,1,81.85,71.99,1,1,1.55,-0.57,-1.49,-3.56,-2.52,8.0,8.0,73.49,0,0,Distinction,0
STU0255,2024-25,SEM_2024-25_2,2,2024-25,AIML,B.TECH,General,69.65,Overdue,20,5,1,8.0,8.0,81.85,0.0,0,85.46,82.66,0,0,85.09,79.68,0,1,84.61,78.04,0,0,-0.37,-0.48,-2.98,-1.64,-2.31,8.4,8.2,80.22,0,0,Distinction,0
STU0256,2024-25,SEM_2024-25_1,1,2024-25,DS,B.TECH,General,97.18,Overdue,20,5,0,,,,,0,78.24,75.87,0,0,79.49,75.72,0,1,79.29,77.27,0,0,1.25,-0.21,-0.15,1.56,0.7,8.4,8.4,78.62,0,0,Distinction,0
STU0256,2024-25,SEM_2024-25_2,2,2024-25,DS,B.TECH,General,97.18,Paid,20,5,1,8.4,8.4,79.29,0.0,0,76.55,84.56,0,3,79.14,86.33,0,0,80.33,86.52,0,1,2.59,1.19,1.77,0.19,0.98,8.8,8.6,85.89,0,0,Distinction,0
STU0257,2024-25,SEM_2024-25_1,1,2024-25,CSE,B.TECH,SC,69.89,Paid,20,5,0,,,,,0,90.91,81.45,0,0,92.18,80.63,0,0,91.6,79.17,0,0,1.27,-0.58,-0.82,-1.46,-1.14,8.6,8.6,80.25,0,0,Distinction,0
STU0257,2024-25,SEM_2024-25_2,2,2024-25,CSE,B.TECH,SC,69.89,Paid,20,5,1,8.6,8.6,91.6,0.0,0,81.8,88.38,0,0,83.48,85.69,0,0,84.09,83.83,0,0,1.68,0.61,-2.7,-1.85,-2.27,9.0,8.8,84.29,0,0,Distinction,0
STU0258,2024-25,SEM_2024-25_1,1,2024-25,ECE,B.TECH,SC,57.13,Paid,20,5,0,,,,,0,79.54,65.27,0,0,71.92,59.33,1,5,66.02,53.8,2,5,-7.62,-5.9,-5.94,-5.53,-5.74,5.6,5.6,51.84,0,0,Pass,1
STU0258,2024-25,SEM_2024-25_2,2,2024-25,ECE,B.TECH,SC,57.13,Paid,20,5,1,5.6,5.6,66.02,0.0,0,78.74,62.44,0,0,72.15,55.42,2,4,66.72,50.12,3,5,-6.59,-5.43,-7.02,-5.31,-6.16,4.6,5.1,49.98,1,1,Fail,1
STU0259,2024-25,SEM_2024-25_1,1,2024-25,AIML,B.TECH,General,76.99,Paid,20,5,0,,,,,0,82.83,91.34,0,0,81.44,88.46,0,1,81.12,88.87,0,1,-1.39,-0.32,-2.88,0.41,-1.24,9.4,9.4,90.15,0,0,Distinction,0
STU0259,2024-25,SEM_2024-25_2,2,2024-25,AIML,B.TECH,General,76.99,Paid,20,5,1,9.4,9.4,81.12,0.0,0,78.55,86.36,0,1,79.59,87.18,0,0,77.4,87.2,0,1,1.03,-2.19,0.82,0.02,0.42,9.0,9.2,87.66,0,0,Distinction,0
STU0260,2024-25,SEM_2024-25_1,1,2024-25,DS,B.TECH,General,54.36,Paid,20,5,0,,,,,0,82.51,73.84,0,0,84.92,72.64,0,0,85.11,73.3,0,0,2.42,0.19,-1.2,0.66,-0.27,7.8,7.8,73.96,0,0,First Class,0
STU0260,2024-25,SEM_2024-25_2,2,2024-25,DS,B.TECH,General,54.36,Paid,20,5,1,7.8,7.8,85.11,0.0,0,80.26,82.16,0,1,80.74,82.38,0,1,79.53,83.34,0,1,0.48,-1.2,0.22,0.96,0.59,8.6,8.2,82.61,0,0,Distinction,0
STU0261,2024-25,SEM_2024-25_1,1,2024-25,CSE,B.TECH,NRI,56.83,Paid,20,5,0,,,,,0,88.62,80.35,0,0,89.21,81.95,0,0,88.11,80.83,0,0,0.59,-1.1,1.6,-1.13,0.24,8.6,8.6,80.58,0,0,Distinction,0
STU0261,2024-25,SEM_2024-25_2,2,2024-25,CSE,B.TECH,NRI,56.83,Paid,20,5,1,8.6,8.6,88.11,0.0,0,84.25,82.51,0,0,83.36,80.93,0,0,83.33,79.19,0,0,-0.89,-0.02,-1.58,-1.74,-1.66,8.6,8.6,80.84,0,0,Distinction,0
STU0262,2024-25,SEM_2024-25_1,1,2024-25,ECE,B.TECH,OBC,68.68,Paid,20,5,0,,,,,0,80.12,88.0,0,0,73.93,81.77,0,2,67.46,76.86,0,5,-6.19,-6.47,-6.23,-4.91,-5.57,8.0,8.0,76.83,0,0,Distinction,0
STU0262,2024-25,SEM_2024-25_2,2,2024-25,ECE,B.TECH,OBC,68.68,Paid,20,5,1,8.0,8.0,67.46,0.0,0,63.74,83.07,0,5,57.05,76.81,0,5,50.04,71.5,0,5,-6.69,-7.01,-6.26,-5.31,-5.78,7.4,7.7,70.89,0,0,First Class,0
STU0263,2024-25,SEM_2024-25_1,1,2024-25,AIML,B.TECH,OBC,58.58,Paid,20,5,0,,,,,0,93.13,81.03,0,0,91.3,75.5,0,0,93.96,73.17,0,0,-1.84,2.67,-5.53,-2.33,-3.93,7.8,7.8,73.01,0,0,First Class,0
STU0263,2024-25,SEM_2024-25_2,2,2024-25,AIML,B.TECH,OBC,58.58,Paid,20,5,1,7.8,7.8,93.96,0.0,0,92.89,77.93,0,0,93.8,77.84,0,0,92.58,80.67,0,0,0.91,-1.22,-0.1,2.83,1.37,9.2,8.5,84.26,0,0,Distinction,0
STU0264,2024-25,SEM_2024-25_1,1,2024-25,DS,B.TECH,Management,90.16,Paid,20,5,0,,,,,0,94.12,84.81,0,0,92.62,85.56,0,0,92.17,89.19,0,0,-1.5,-0.45,0.76,3.63,2.19,9.4,9.4,89.36,0,0,Distinction,0
STU0264,2024-25,SEM_2024-25_2,2,2024-25,DS,B.TECH,Management,90.16,Paid,20,5,1,9.4,9.4,92.17,0.0,0,98.21,84.52,0,0,97.33,82.94,0,0,96.99,80.39,0,0,-0.88,-0.34,-1.58,-2.55,-2.07,8.4,8.9,80.74,0,0,Distinction,0
STU0265,2024-25,SEM_2024-25_1,1,2024-25,CSE,B.TECH,General,66.52,Paid,20,5,0,,,,,0,89.02,76.38,0,0,89.2,76.1,0,0,89.25,75.91,0,0,0.17,0.06,-0.28,-0.19,-0.24,8.0,8.0,75.49,0,0,Distinction,0
STU0265,2024-25,SEM_2024-25_2,2,2024-25,CSE,B.TECH,General,66.52,Paid,20,5,1,8.0,8.0,89.25,0.0,0,86.76,77.95,0,0,92.61,79.38,0,0,91.39,81.04,0,0,5.85,-1.22,1.44,1.65,1.54,8.4,8.2,79.05,0,0,Distinction,0
STU0266,2024-25,SEM_2024-25_1,1,2024-25,ECE,B.TECH,General,62.76,Partial,20,5,0,,,,,0,72.02,55.99,1,5,70.62,59.76,0,4,72.19,59.68,1,3,-1.4,1.57,3.77,-0.08,1.84,6.4,6.4,58.42,0,0,Second Class,0
STU0266,2024-25,SEM_2024-25_2,2,2024-25,ECE,B.TECH,General,62.76,Paid,20,5,1,6.4,6.4,72.19,0.0,0,69.57,58.25,0,5,69.21,53.74,3,5,69.33,50.97,3,5,-0.36,0.12,-4.51,-2.76,-3.64,5.6,6.0,53.34,0,0,Pass,1
STU0267,2024-25,SEM_2024-25_1,1,2024-25,AIML,B.TECH,OBC,92.3,Paid,20,5,0,,,,,0,86.77,75.98,0,0,87.21,75.18,0,0,86.17,75.62,0,0,0.44,-1.04,-0.79,0.44,-0.18,8.0,8.0,74.75,0,0,Distinction,0
STU0267,2024-25,SEM_2024-25_2,2,2024-25,AIML,B.TECH,OBC,92.3,Paid,20,5,1,8.0,8.0,86.17,0.0,0,82.21,88.81,0,0,81.54,88.84,0,1,83.65,83.05,0,1,-0.67,2.11,0.03,-5.8,-2.88,8.6,8.3,81.24,0,0,Distinction,0
STU0268,2024-25,SEM_2024-25_1,1,2024-25,DS,B.TECH,OBC,78.83,Paid,20,5,0,,,,,0,74.47,70.12,0,3,67.71,63.07,1,5,63.02,58.3,1,5,-6.76,-4.69,-7.05,-4.77,-5.91,6.2,6.2,56.56,0,0,Second Class,0
STU0268,2024-25,SEM_2024-25_2,2,2024-25,DS,B.TECH,OBC,78.83,Paid,20,5,1,6.2,6.2,63.02,0.0,0,86.95,62.63,1,0,81.48,55.47,1,1,74.68,51.1,2,2,-5.47,-6.8,-7.16,-4.38,-5.77,4.8,5.5,51.84,1,1,Fail,1
STU0269,2024-25,SEM_2024-25_1,1,2024-25,CSE,B.TECH,General,82.76,Partial,20,5,0,,,,,0,73.56,82.17,0,2,72.14,84.69,0,3,71.1,85.01,0,3,-1.42,-1.04,2.52,0.32,1.42,9.2,9.2,86.66,0,0,Distinction,0
STU0269,2024-25,SEM_2024-25_2,2,2024-25,CSE,B.TECH,General,82.76,Paid,20,5,1,9.2,9.2,71.1,0.0,0,86.81,82.44,0,0,88.39,80.96,0,0,88.42,81.83,0,0,1.58,0.02,-1.48,0.87,-0.3,8.4,8.8,79.02,0,0,Distinction,0
STU0270,2024-25,SEM_2024-25_1,1,2024-25,ECE,B.TECH,SC,41.29,Paid,20,5,0,,,,,0,80.78,82.28,0,1,82.58,86.34,0,0,81.75,85.54,0,1,1.8,-0.83,4.05,-0.8,1.63,9.0,9.0,84.55,0,0,Distinction,0
STU0270,2024-25,SEM_2024-25_2,2,2024-25,ECE,B.TECH,SC,41.29,Paid,20,5,1,9.0,9.0,81.75,0.0,0,76.9,76.56,0,1,74.07,79.56,0,3,76.11,80.08,0,3,-2.83,2.04,3.0,0.52,1.76,8.2,8.6,77.52,0,0,Distinction,0
STU0271,2024-25,SEM_2024-25_1,1,2024-25,AIML,B.TECH,SC,66.5,Paid,20,5,0,,,,,0,69.92,66.05,0,5,68.86,66.26,0,4,69.43,64.54,0,4,-1.06,0.57,0.22,-1.73,-0.75,7.2,7.2,66.21,0,0,First Class,0
STU0271,2024-25,SEM_2024-25_2,2,2024-25,AIML,B.TECH,SC,66.5,Partial,20,5,1,7.2,7.2,69.43,0.0,0,53.11,46.35,3,5,50.37,46.68,3,5,49.35,46.12,3,5,-2.74,-1.02,0.32,-0.55,-0.12,4.4,5.8,47.66,1,1,Fail,1
STU0272,2024-25,SEM_2024-25_1,1,2024-25,DS,B.TECH,General,79.69,Paid,20,5,0,,,,,0,83.61,80.49,0,0,83.04,81.78,0,1,80.12,79.82,0,1,-0.57,-2.92,1.29,-1.96,-0.34,8.2,8.2,76.22,0,0,Distinction,0
STU0272,2024-25,SEM_2024-25_2,2,2024-25,DS,B.TECH,General,79.69,Paid,20,5,1,8.2,8.2,80.12,0.0,0,91.61,76.74,0,0,90.51,76.05,0,0,90.64,78.05,0,0,-1.11,0.13,-0.69,2.0,0.65,8.6,8.4,78.68,0,0,Distinction,0
STU0273,2024-25,SEM_2024-25_1,1,2024-25,CSE,B.TECH,General,81.38,Paid,20,5,0,,,,,0,79.97,55.83,2,0,80.86,57.81,2,0,83.03,61.11,0,1,0.89,2.17,1.99,3.3,2.64,6.6,6.6,59.68,0,0,First Class,0
STU0273,2024-25,SEM_2024-25_2,2,2024-25,CSE,B.TECH,General,81.38,Paid,20,5,1,6.6,6.6,83.03,0.0,0,84.94,46.72,3,0,81.31,45.09,3,0,80.26,43.15,3,0,-3.63,-1.05,-1.63,-1.94,-1.79,3.6,5.1,43.28,2,2+,Fail,1
STU0274,2024-25,SEM_2024-25_1,1,2024-25,ECE,B.TECH,Management,70.73,Paid,20,5,0,,,,,0,84.11,88.56,0,0,83.93,89.93,0,0,84.12,89.76,0,0,-0.19,0.19,1.38,-0.17,0.6,9.6,9.6,90.17,0,0,Distinction,0
STU0274,2024-25,SEM_2024-25_2,2,2024-25,ECE,B.TECH,Management,70.73,Paid,20,5,1,9.6,9.6,84.12,0.0,0,86.92,93.51,0,0,87.06,92.13,0,0,86.23,93.28,0,0,0.14,-0.83,-1.37,1.15,-0.11,9.8,9.7,93.98,0,0,Distinction,0
STU0275,2024-25,SEM_2024-25_1,1,2024-25,AIML,B.TECH,SC,59.01,Paid,20,5,0,,,,,0,78.75,83.14,0,0,78.99,83.81,0,1,80.85,84.77,0,0,0.23,1.87,0.66,0.97,0.81,8.8,8.8,81.75,0,0,Distinction,0
STU0275,2024-25,SEM_2024-25_2,2,2024-25,AIML,B.TECH,SC,59.01,Paid,20,5,1,8.8,8.8,80.85,0.0,0,83.14,82.59,0,0,84.84,84.07,0,0,83.38,85.07,0,0,1.7,-1.46,1.47,1.0,1.24,8.6,8.7,80.36,0,0,Distinction,0
STU0276,2024-25,SEM_2024-25_1,1,2024-25,DS,B.TECH,OBC,96.04,Paid,20,5,0,,,,,0,89.87,74.55,0,0,92.02,75.58,0,0,93.08,73.82,0,0,2.15,1.06,1.03,-1.76,-0.36,7.6,7.6,71.9,0,0,First Class,0
STU0276,2024-25,SEM_2024-25_2,2,2024-25,DS,B.TECH,OBC,96.04,Paid,20,5,1,7.6,7.6,93.08,0.0,0,87.24,73.23,0,0,88.83,73.41,0,0,87.49,70.9,0,0,1.59,-1.34,0.18,-2.51,-1.16,7.8,7.7,71.56,0,0,First Class,0
STU0277,2024-25,SEM_2024-25_1,1,2024-25,CSE,B.TECH,General,39.71,Paid,20,5,0,,,,,0,76.7,88.43,0,1,69.54,81.31,0,5,62.78,75.33,0,5,-7.16,-6.77,-7.12,-5.97,-6.55,8.0,8.0,75.0,0,0,Distinction,0
STU0277,2024-25,SEM_2024-25_2,2,2024-25,CSE,B.TECH,General,39.71,Paid,20,5,1,8.0,8.0,62.78,0.0,0,60.96,68.16,0,5,54.99,61.45,0,5,48.26,55.34,1,5,-5.96,-6.74,-6.72,-6.11,-6.41,5.8,6.9,55.66,0,0,Pass,1
STU0278,2024-25,SEM_2024-25_1,1,2024-25,ECE,B.TECH,ST,94.35,Paid,20,5,0,,,,,0,81.68,56.44,0,0,78.57,56.37,1,2,77.59,56.57,1,2,-3.11,-0.98,-0.07,0.2,0.07,6.2,6.2,54.09,0,0,Second Class,0
STU0278,2024-25,SEM_2024-25_2,2,2024-25,ECE,B.TECH,ST,94.35,Paid,20,5,1,6.2,6.2,77.59,0.0,0,86.67,64.71,1,0,87.67,61.26,1,0,90.68,57.84,1,0,1.01,3.01,-3.45,-3.42,-3.44,5.6,5.9,59.63,1,1,Fail,1
STU0279,2024-25,SEM_2024-25_1,1,2024-25,AIML,B.TECH,General,66.98,Paid,20,5,0,,,,,0,61.59,32.13,5,5,60.93,30.99,5,5,57.95,29.63,5,5,-0.66,-2.98,-1.14,-1.36,-1.25,1.0,1.0,29.3,4,2+,Fail,1
STU0279,2024-25,SEM_2024-25_2,2,2024-25,AIML,B.TECH,General,66.98,Paid,20,5,1,1.0,1.0,57.95,4.0,4,55.49,29.3,5,5,56.88,29.69,5,5,55.7,33.35,5,5,1.39,-1.19,0.39,3.67,2.03,1.0,1.0,33.54,4,2+,Fail,1
STU0280,2024-25,SEM_2024-25_1,1,2024-25,DS,B.TECH,SC,79.12,Paid,20,5,0,,,,,0,90.02,79.16,0,0,87.78,78.24,0,0,87.16,82.82,0,0,-2.24,-0.62,-0.91,4.58,1.83,8.8,8.8,82.24,0,0,Distinction,0
STU0280,2024-25,SEM_2024-25_2,2,2024-25,DS,B.TECH,SC,79.12,Paid,20,5,1,8.8,8.8,87.16,0.0,0,88.04,78.85,0,0,87.51,79.57,0,0,86.66,78.94,0,0,-0.53,-0.85,0.72,-0.63,0.05,8.4,8.6,80.47,0,0,Distinction,0
STU0281,2024-25,SEM_2024-25_1,1,2024-25,CSE,B.TECH,General,69.58,Partial,20,5,0,,,,,0,78.79,77.29,0,0,76.96,77.95,0,0,76.53,78.57,0,2,-1.83,-0.43,0.66,0.62,0.64,8.2,8.2,78.39,0,0,Distinction,0
STU0281,2024-25,SEM_2024-25_2,2,2024-25,CSE,B.TECH,General,69.58,Partial,20,5,1,8.2,8.2,76.53,0.0,0,78.52,74.86,0,0,80.37,75.33,0,1,77.61,73.89,0,1,1.85,-2.76,0.47,-1.44,-0.49,8.0,8.1,74.94,0,0,Distinction,0
STU0282,2024-25,SEM_2024-25_1,1,2024-25,ECE,B.TECH,OBC,76.72,Paid,20,5,0,,,,,0,87.48,67.76,0,0,86.24,70.67,0,0,86.36,72.51,0,1,-1.25,0.13,2.91,1.84,2.37,7.8,7.8,73.76,0,0,First Class,0
STU0282,2024-25,SEM_2024-25_2,2,2024-25,ECE,B.TECH,OBC,76.72,Paid,20,5,1,7.8,7.8,86.36,0.0,0,94.62,69.81,0,0,96.88,69.05,0,0,96.84,69.6,0,0,2.26,-0.04,-0.76,0.55,-0.11,7.4,7.6,68.97,0,0,First Class,0
STU0283,2024-25,SEM_2024-25_1,1,2024-25,AIML,B.TECH,SC,71.23,Paid,20,5,0,,,,,0,90.11,59.49,0,0,83.49,53.19,1,0,77.36,47.23,5,1,-6.62,-6.13,-6.29,-5.96,-6.13,4.0,4.0,43.52,1,1,Fail,1
STU0283,2024-25,SEM_2024-25_2,2,2024-25,AIML,B.TECH,SC,71.23,Overdue,20,5,1,4.0,4.0,77.36,1.0,1,89.0,57.74,0,0,82.41,51.27,2,0,76.35,46.64,3,2,-6.59,-6.06,-6.47,-4.64,-5.55,4.4,4.2,46.17,1,1,Fail,1
STU0284,2024-25,SEM_2024-25_1,1,2024-25,DS,B.TECH,General,72.37,Paid,20,5,0,,,,,0,76.18,37.64,5,3,76.98,36.12,5,3,78.5,36.51,5,1,0.8,1.52,-1.52,0.39,-0.57,1.0,1.0,34.58,4,2+,Fail,1
STU0284,2024-25,SEM_2024-25_2,2,2024-25,DS,B.TECH,General,72.37,Paid,20,5,1,1.0,1.0,78.5,4.0,4,82.93,49.51,3,0,84.08,48.36,3,0,84.89,48.49,3,0,1.15,0.82,-1.15,0.13,-0.51,5.6,3.3,48.44,0,0,Pass,1
STU0285,2024-25,SEM_2024-25_1,1,2024-25,CSE,B.TECH,OBC,65.73,Paid,20,5,0,,,,,0,91.23,55.92,1,0,83.29,49.37,4,0,76.4,43.62,4,2,-7.94,-6.89,-6.55,-5.75,-6.15,3.0,3.0,40.89,2,2+,Fail,1
STU0285,2024-25,SEM_2024-25_2,2,2024-25,CSE,B.TECH,OBC,65.73,Paid,20,5,1,3.0,3.0,76.4,2.0,2,79.36,57.9,2,0,73.03,51.09,2,3,67.74,45.64,4,5,-6.33,-5.29,-6.81,-5.45,-6.13,3.4,3.2,45.71,2,2+,Fail,1
STU0286,2024-25,SEM_2024-25_1,1,2024-25,ECE,B.TECH,SC,89.01,Paid,20,5,0,,,,,0,81.27,76.35,0,1,78.4,76.38,0,2,78.33,76.23,0,2,-2.87,-0.08,0.03,-0.15,-0.06,8.6,8.6,79.1,0,0,Distinction,0
STU0286,2024-25,SEM_2024-25_2,2,2024-25,ECE,B.TECH,SC,89.01,Paid,20,5,1,8.6,8.6,78.33,0.0,0,82.52,82.2,0,0,82.18,86.98,0,0,84.82,84.56,0,0,-0.34,2.64,4.78,-2.42,1.18,9.0,8.8,85.25,0,0,Distinction,0
STU0287,2024-25,SEM_2024-25_1,1,2024-25,AIML,B.TECH,SC,79.26,Paid,20,5,0,,,,,0,51.78,31.24,5,5,49.48,29.69,5,5,50.13,27.72,5,5,-2.3,0.64,-1.55,-1.96,-1.76,1.0,1.0,28.15,4,2+,Fail,1
STU0287,2024-25,SEM_2024-25_2,2,2024-25,AIML,B.TECH,SC,79.26,Paid,20,5,1,1.0,1.0,50.13,4.0,4,61.55,44.42,4,5,60.43,45.85,4,5,58.85,45.46,3,5,-1.12,-1.58,1.43,-0.39,0.52,3.6,2.3,46.46,2,2+,Fail,1
STU0288,2024-25,SEM_2024-25_1,1,2024-25,DS,B.TECH,General,78.61,Paid,20,5,0,,,,,0,82.8,86.04,0,0,75.06,78.81,0,2,69.72,73.05,0,5,-7.74,-5.35,-7.24,-5.76,-6.5,8.0,8.0,74.83,0,0,Distinction,0
STU0288,2024-25,SEM_2024-25_2,2,2024-25,DS,B.TECH,General,78.61,Paid,20,5,1,8.0,8.0,69.72,0.0,0,87.17,81.09,0,0,80.75,74.08,0,0,74.3,68.13,0,2,-6.42,-6.45,-7.01,-5.95,-6.48,7.8,7.9,70.68,0,0,First Class,0
STU0289,2024-25,SEM_2024-25_1,1,2024-25,CSE,B.TECH,OBC,50.91,Paid,20,5,0,,,,,0,69.69,83.44,0,4,69.82,85.66,0,3,71.03,87.29,0,2,0.13,1.21,2.22,1.63,1.93,9.2,9.2,87.68,0,0,Distinction,0
STU0289,2024-25,SEM_2024-25_2,2,2024-25,CSE,B.TECH,OBC,50.91,Paid,20,5,1,9.2,9.2,71.03,0.0,0,68.88,79.74,0,5,68.64,78.48,0,5,70.32,80.17,0,4,-0.25,1.68,-1.25,1.69,0.22,8.6,8.9,81.06,0,0,Distinction,0
STU0290,2024-25,SEM_2024-25_1,1,2024-25,ECE,B.TECH,General,82.24,Partial,20,5,0,,,,,0,86.01,74.19,0,0,85.37,74.91,0,0,88.96,74.93,0,0,-0.65,3.6,0.72,0.02,0.37,8.0,8.0,75.22,0,0,Distinction,0
STU0290,2024-25,SEM_2024-25_2,2,2024-25,ECE,B.TECH,General,82.24,Paid,20,5,1,8.0,8.0,88.96,0.0,0,86.21,66.14,0,0,84.75,66.2,0,0,83.74,63.85,0,0,-1.47,-1.01,0.06,-2.35,-1.15,7.0,7.5,65.1,0,0,First Class,0
STU0291,2024-25,SEM_2024-25_1,1,2024-25,AIML,B.TECH,General,77.24,Paid,20,5,0,,,,,0,81.53,63.2,0,0,74.48,55.48,1,3,68.65,49.97,2,5,-7.05,-5.83,-7.72,-5.51,-6.61,5.6,5.6,51.09,0,0,Pass,1
STU0291,2024-25,SEM_2024-25_2,2,2024-25,AIML,B.TECH,General,77.24,Partial,20,5,1,5.6,5.6,68.65,0.0,0,88.87,50.5,3,0,81.45,44.67,5,0,76.51,39.35,5,2,-7.42,-4.94,-5.83,-5.32,-5.58,2.0,3.8,40.55,3,2+,Fail,1
STU0292,2024-25,SEM_2024-25_1,1,2024-25,DS,B.TECH,SC,62.95,Paid,20,5,0,,,,,0,88.34,72.49,0,0,86.89,69.03,0,0,86.82,69.09,0,0,-1.45,-0.07,-3.46,0.06,-1.7,7.2,7.2,66.05,0,0,First Class,0
STU0292,2024-25,SEM_2024-25_2,2,2024-25,DS,B.TECH,SC,62.95,Paid,20,5,1,7.2,7.2,86.82,0.0,0,96.77,55.09,1,0,96.97,55.56,1,0,94.23,53.54,2,0,0.2,-2.74,0.47,-2.02,-0.77,6.0,6.6,54.02,0,0,Second Class,0
STU0293,2024-25,SEM_2024-25_1,1,2024-25,CSE,B.TECH,ST,68.8,Paid,20,5,0,,,,,0,86.61,88.27,0,0,86.15,88.26,0,0,86.38,90.09,0,0,-0.46,0.22,-0.01,1.83,0.91,9.4,9.4,90.17,0,0,Distinction,0
STU0293,2024-25,SEM_2024-25_2,2,2024-25,CSE,B.TECH,ST,68.8,Paid,20,5,1,9.4,9.4,86.38,0.0,0,88.06,86.38,0,0,88.47,86.94,0,0,88.52,87.42,0,0,0.4,0.05,0.56,0.49,0.52,9.2,9.3,88.76,0,0,Distinction,0
STU0294,2024-25,SEM_2024-25_1,1,2024-25,ECE,B.TECH,OBC,54.22,Paid,20,5,0,,,,,0,80.91,61.57,0,0,77.56,63.63,0,2,76.98,61.78,0,1,-3.35,-0.58,2.06,-1.85,0.11,7.0,7.0,63.41,0,0,First Class,0
STU0294,2024-25,SEM_2024-25_2,2,2024-25,ECE,B.TECH,OBC,54.22,Paid,20,5,1,7.0,7.0,76.98,0.0,0,83.24,63.01,1,1,83.26,64.6,1,1,84.27,65.0,1,1,0.02,1.01,1.59,0.4,0.99,7.0,7.0,64.44,0,0,First Class,0
STU0295,2024-25,SEM_2024-25_1,1,2024-25,AIML,B.TECH,General,76.34,Paid,20,5,0,,,,,0,95.48,90.38,0,0,96.39,90.62,0,0,95.4,86.3,0,0,0.91,-0.99,0.24,-4.32,-2.04,9.2,9.2,84.99,0,0,Distinction,0
STU0295,2024-25,SEM_2024-25_2,2,2024-25,AIML,B.TECH,General,76.34,Paid,20,5,1,9.2,9.2,95.4,0.0,0,87.25,90.3,0,0,86.89,91.57,0,0,85.22,90.65,0,0,-0.35,-1.68,1.27,-0.92,0.18,9.2,9.2,89.17,0,0,Distinction,0
STU0296,2024-25,SEM_2024-25_1,1,2024-25,DS,B.TECH,ST,60.71,Partial,20,5,0,,,,,0,94.88,78.84,0,0,93.91,78.15,0,0,93.33,77.46,0,0,-0.97,-0.58,-0.69,-0.68,-0.69,8.2,8.2,77.6,0,0,Distinction,0
STU0296,2024-25,SEM_2024-25_2,2,2024-25,DS,B.TECH,ST,60.71,Paid,20,5,1,8.2,8.2,93.33,0.0,0,85.95,76.14,0,0,86.9,76.37,0,0,87.97,74.85,0,0,0.95,1.07,0.23,-1.52,-0.65,8.2,8.2,77.29,0,0,Distinction,0
STU0297,2024-25,SEM_2024-25_1,1,2024-25,CSE,B.TECH,General,72.56,Paid,20,5,0,,,,,0,84.91,69.49,0,0,77.42,63.66,0,2,71.82,57.18,1,3,-7.49,-5.6,-5.83,-6.48,-6.15,6.2,6.2,56.63,0,0,Second Class,0
STU0297,2024-25,SEM_2024-25_2,2,2024-25,CSE,B.TECH,General,72.56,Paid,20,5,1,6.2,6.2,71.82,0.0,0,88.09,54.42,2,0,81.7,47.31,3,0,76.45,41.1,4,2,-6.39,-5.25,-7.11,-6.22,-6.66,3.2,4.7,39.48,2,2+,Fail,1
STU0298,2024-25,SEM_2024-25_1,1,2024-25,ECE,B.TECH,General,88.11,Partial,20,5,0,,,,,0,54.33,42.99,5,5,61.28,48.14,4,5,68.09,54.58,0,5,6.95,6.81,5.15,6.44,5.79,6.0,6.0,54.25,0,0,Second Class,0
STU0298,2024-25,SEM_2024-25_2,2,2024-25,ECE,B.TECH,General,88.11,Paid,20,5,1,6.0,6.0,68.09,0.0,0,72.65,59.02,0,5,78.44,65.99,0,0,83.82,72.93,0,0,5.79,5.37,6.98,6.94,6.96,7.6,6.8,72.44,0,0,First Class,0
STU0299,2024-25,SEM_2024-25_1,1,2024-25,AIML,B.TECH,SC,69.29,Paid,20,5,0,,,,,0,90.46,61.9,0,0,87.05,59.2,1,0,86.31,58.87,1,0,-3.41,-0.74,-2.7,-0.33,-1.51,6.0,6.0,56.05,0,0,Second Class,0
STU0299,2024-25,SEM_2024-25_2,2,2024-25,AIML,B.TECH,SC,69.29,Paid,20,5,1,6.0,6.0,86.31,0.0,0,85.52,67.89,0,0,82.15,65.6,1,0,83.1,67.08,0,0,-3.37,0.95,-2.29,1.48,-0.4,7.4,6.7,67.48,0,0,First Class,0
STU0300,2024-25,SEM_2024-25_1,1,2024-25,DS,B.TECH,General,68.3,Overdue,20,5,0,,,,,0,38.96,41.94,4,5,39.33,41.6,4,5,42.12,42.76,3,5,0.37,2.79,-0.34,1.15,0.41,3.2,3.2,42.08,2,2+,Fail,1
STU0300,2024-25,SEM_2024-25_2,2,2024-25,DS,B.TECH,General,68.3,Overdue,20,5,1,3.2,3.2,42.12,2.0,2,41.46,47.19,4,5,45.79,46.86,3,5,44.92,46.93,3,5,4.33,-0.88,-0.33,0.07,-0.13,4.6,3.9,46.34,1,1,Fail,1
