student_id,semester_no,academic_year,subject_code,subject_difficulty,attendance_w4,attendance_w8,attendance_w12,internal_marks_w4,internal_marks_w8,internal_marks_w12,final_marks,grade_point,backlog
STU0001,1,2020-21,CS101,1.1,83.23,82.31,75.29,74.38,68.8,69.07,69.9,7.0,0
STU0001,1,2020-21,CS102,1.163,78.77,68.21,68.85,76.3,81.88,82.82,81.35,9.0,0
STU0001,1,2020-21,MA101,1.097,80.12,81.78,83.55,76.68,89.09,90.86,89.33,9.0,0
STU0001,1,2020-21,PH101,0.997,76.93,74.5,73.07,75.91,76.59,72.89,76.26,8.0,0
STU0001,1,2020-21,EE101,1.0,83.97,82.82,83.37,82.41,78.51,75.55,74.64,8.0,0
STU0001,2,2020-21,CS201,0.943,87.87,88.79,89.47,85.45,84.83,86.59,86.28,9.0,0
STU0001,2,2020-21,CS202,1.032,82.04,73.5,73.03,81.31,85.48,89.82,93.53,10.0,0
STU0001,2,2020-21,MA201,1.011,85.16,83.0,81.89,78.83,84.25,83.62,82.27,9.0,0
STU0001,2,2020-21,CH101,1.0,86.78,81.72,73.69,73.8,68.31,66.02,65.58,7.0,0
STU0001,2,2020-21,ME101,0.946,90.18,91.33,92.38,84.07,78.95,83.62,83.4,9.0,0
STU0001,3,2021-22,CS301,0.814,86.89,88.2,85.05,97.19,98.0,92.65,97.58,10.0,0
STU0001,3,2021-22,CS302,0.892,86.17,85.02,87.13,89.9,89.16,89.35,86.34,9.0,0
STU0001,3,2021-22,CS303,1.089,81.56,80.76,77.28,63.05,62.19,73.05,75.4,8.0,0
STU0001,3,2021-22,MA301,0.998,82.56,82.64,84.56,76.89,81.91,85.13,87.28,9.0,0
STU0001,3,2021-22,EC301,1.053,83.69,86.05,88.12,76.71,74.13,74.58,79.23,8.0,0
STU0001,3,2021-22,CS304,0.851,77.74,78.32,78.5,97.9,98.0,97.0,99.5,10.0,0
STU0001,4,2021-22,CS401,0.988,77.77,77.16,82.97,76.85,77.89,72.22,70.37,8.0,0
STU0001,4,2021-22,CS402,0.955,83.07,87.56,89.51,73.81,74.92,77.16,80.58,9.0,0
STU0001,4,2021-22,CS403,1.19,80.28,77.45,73.04,62.54,64.64,69.08,68.85,7.0,0
STU0001,4,2021-22,CS404,0.962,84.95,82.03,89.34,70.78,71.61,80.72,80.74,9.0,0
STU0001,4,2021-22,MA401,0.977,82.91,82.28,87.09,66.5,73.4,66.99,66.19,7.0,0
STU0001,4,2021-22,CS405,0.948,86.7,81.1,82.72,90.03,83.9,84.75,82.76,9.0,0
STU0001,5,2022-23,CS501,0.923,88.84,95.15,94.49,92.3,86.48,82.18,83.59,9.0,0
STU0001,5,2022-23,CS502,1.178,88.31,87.21,87.21,63.24,65.96,69.93,68.58,7.0,0
STU0001,5,2022-23,CS503,0.944,87.95,86.42,86.19,97.27,96.15,94.54,92.6,10.0,0
STU0001,5,2022-23,CS504,1.089,86.16,83.89,88.51,82.26,79.56,71.16,74.18,8.0,0
STU0001,5,2022-23,CS505,0.918,90.05,83.15,86.28,83.15,86.43,86.5,83.64,9.0,0
STU0001,5,2022-23,CS506,0.951,89.63,90.0,92.05,95.96,88.92,96.2,96.51,10.0,0
STU0001,6,2022-23,CS601,0.977,86.52,86.08,91.37,72.45,72.4,66.76,67.85,7.0,0
STU0001,6,2022-23,CS602,1.106,81.16,72.04,72.74,72.59,74.41,79.97,76.76,8.0,0
STU0001,6,2022-23,CS603,1.082,87.61,81.38,82.5,69.5,69.13,70.7,69.24,7.0,0
STU0001,6,2022-23,CS604,0.919,82.97,79.17,75.37,88.17,83.0,86.0,78.39,8.0,0
STU0001,6,2022-23,CS605,1.102,83.78,81.79,84.36,67.58,65.88,59.69,58.3,6.0,0
STU0001,6,2022-23,CS606,1.03,89.11,87.88,84.24,83.08,80.81,72.94,73.34,8.0,0
STU0001,7,2023-24,CS701,1.057,93.15,89.91,91.06,82.61,84.01,80.2,81.81,9.0,0
STU0001,7,2023-24,CS702,0.994,95.52,94.28,92.96,78.0,82.24,80.58,79.2,8.0,0
STU0001,7,2023-24,CS703,0.887,95.55,96.64,95.07,86.22,94.66,86.2,87.68,9.0,0
STU0001,7,2023-24,CS704,1.155,80.18,82.96,82.19,70.22,68.76,73.6,74.69,8.0,0
STU0001,7,2023-24,CS705,1.016,90.14,96.72,96.76,89.83,98.0,90.0,88.03,9.0,0
STU0001,8,2023-24,CS801,1.022,87.6,91.29,96.52,80.62,78.1,74.58,74.58,8.0,0
STU0001,8,2023-24,CS802,1.051,85.95,81.24,83.63,71.75,69.85,69.61,68.89,7.0,0
STU0001,8,2023-24,CS803,0.956,81.56,81.17,83.63,82.37,86.64,83.36,79.53,8.0,0
STU0001,8,2023-24,CS804,0.97,84.23,82.44,83.18,77.32,71.7,69.18,70.2,8.0,0
STU0002,1,2020-21,EC101,1.051,90.52,91.94,91.79,77.51,73.28,73.48,74.62,8.0,0
STU0002,1,2020-21,EC102,1.041,86.04,86.38,81.33,78.55,75.4,83.07,83.43,9.0,0
STU0002,1,2020-21,MA101,1.096,99.0,96.14,97.66,67.84,69.39,77.34,75.46,8.0,0
STU0002,1,2020-21,PH101,0.894,90.83,97.99,99.0,85.96,92.51,85.06,91.47,10.0,0
STU0002,1,2020-21,EE101,1.103,98.25,92.48,93.07,72.66,68.13,62.29,63.82,7.0,0
STU0002,2,2020-21,EC201,0.94,92.54,87.7,93.1,86.17,89.43,92.84,97.21,10.0,0
STU0002,2,2020-21,EC202,0.9,95.9,95.81,99.0,85.41,90.68,92.26,93.15,10.0,0
STU0002,2,2020-21,MA201,1.006,98.5,99.0,93.66,86.22,90.88,93.53,90.14,10.0,0
STU0002,2,2020-21,CH101,0.883,85.6,87.21,82.49,82.71,88.45,91.9,90.91,10.0,0
STU0002,2,2020-21,ME101,0.984,83.48,86.69,84.26,83.61,72.41,76.81,74.55,8.0,0
STU0002,3,2021-22,EC301,0.928,92.49,91.02,95.79,82.13,86.16,86.15,89.96,9.0,0
STU0002,3,2021-22,EC302,0.862,88.65,87.26,92.15,94.22,94.22,88.41,89.69,9.0,0
STU0002,3,2021-22,EC303,0.8,94.7,93.04,92.93,89.97,85.91,89.23,88.75,9.0,0
STU0002,3,2021-22,MA301,1.005,84.18,87.17,90.52,73.3,79.0,78.53,80.87,9.0,0
STU0002,3,2021-22,CS301,0.805,89.6,88.65,89.2,93.35,93.91,96.68,94.99,10.0,0
STU0002,3,2021-22,EC304,1.068,93.12,88.19,85.45,66.25,61.34,59.2,62.3,7.0,0
STU0002,4,2021-22,EC401,0.961,92.74,84.47,80.77,74.95,70.16,66.7,71.14,8.0,0
STU0002,4,2021-22,EC402,0.669,87.86,90.03,91.47,98.0,98.0,98.0,92.48,10.0,0
STU0002,4,2021-22,EC403,0.881,82.4,84.4,85.62,95.95,91.99,87.61,88.24,9.0,0
STU0002,4,2021-22,EC404,0.92,85.45,83.67,81.35,86.12,80.61,82.63,87.3,9.0,0
STU0002,4,2021-22,MA401,0.995,90.42,92.3,93.58,79.35,87.09,83.68,85.62,9.0,0
STU0002,4,2021-22,EC405,1.064,81.69,80.44,80.64,78.88,80.24,83.65,83.62,9.0,0
STU0002,5,2022-23,EC501,0.878,89.2,91.83,95.71,93.71,98.0,98.0,99.5,10.0,0
STU0002,5,2022-23,EC502,1.112,88.18,90.72,87.43,73.58,76.18,80.91,83.37,9.0,0
STU0002,5,2022-23,EC503,1.128,88.68,87.47,86.51,72.2,64.06,70.05,70.18,8.0,0
STU0002,5,2022-23,EC504,0.95,78.96,78.83,78.13,79.62,76.59,76.47,74.7,8.0,0
STU0002,5,2022-23,EC505,1.069,86.08,86.62,90.75,74.6,76.2,77.52,77.54,8.0,0
STU0002,5,2022-23,EC506,0.992,86.79,87.32,86.33,88.29,91.94,85.4,81.21,9.0,0
STU0002,6,2022-23,EC601,0.978,90.63,91.73,92.8,87.45,81.2,81.67,79.93,8.0,0
STU0002,6,2022-23,EC602,1.172,79.19,71.61,72.67,72.56,76.04,72.44,76.95,8.0,0
STU0002,6,2022-23,EC603,0.852,93.25,89.41,88.18,95.26,88.66,95.27,94.2,10.0,0
STU0002,6,2022-23,EC604,1.016,92.67,89.9,93.61,85.39,82.44,88.6,83.32,9.0,0
STU0002,6,2022-23,EC605,1.047,83.11,86.41,89.42,85.34,91.74,90.99,87.74,9.0,0
STU0002,6,2022-23,EC606,1.068,87.78,93.21,85.63,84.41,86.8,83.15,85.35,9.0,0
STU0002,7,2023-24,EC701,0.788,88.38,92.02,93.75,98.0,98.0,98.0,99.5,10.0,0
STU0002,7,2023-24,EC702,0.951,87.52,81.57,80.67,91.71,90.79,92.79,96.13,10.0,0
STU0002,7,2023-24,EC703,1.045,91.43,86.68,85.55,87.83,88.3,96.83,94.66,10.0,0
STU0002,7,2023-24,EC704,1.028,88.02,90.09,93.23,83.49,88.18,88.12,87.55,9.0,0
STU0002,7,2023-24,EC705,0.789,92.11,92.71,92.47,98.0,97.83,96.77,95.19,10.0,0
STU0002,8,2023-24,EC801,0.908,89.06,88.34,88.36,87.03,90.0,82.57,78.14,8.0,0
STU0002,8,2023-24,EC802,1.023,88.25,91.35,95.44,78.93,74.11,78.85,79.45,8.0,0
STU0002,8,2023-24,EC803,0.822,85.07,90.38,95.11,84.26,78.15,83.29,83.23,9.0,0
STU0002,8,2023-24,EC804,1.084,90.41,92.71,92.73,71.2,75.96,76.87,78.83,8.0,0
STU0003,1,2020-21,AI101,1.193,71.0,69.76,74.23,45.59,55.66,54.85,51.05,6.0,0
STU0003,1,2020-21,AI102,1.229,67.73,68.58,71.09,56.6,57.95,55.04,55.7,6.0,0
STU0003,1,2020-21,MA101,0.95,70.58,76.28,78.92,66.61,69.93,73.57,70.34,8.0,0
STU0003,1,2020-21,PH101,1.005,79.83,84.08,82.31,58.95,56.08,59.98,64.8,7.0,0
STU0003,1,2020-21,EE101,1.07,70.21,68.65,69.81,54.11,45.4,52.76,49.74,5.0,0
STU0003,2,2020-21,AI201,1.172,75.18,71.0,69.95,48.09,47.92,53.46,45.85,5.0,0
STU0003,2,2020-21,AI202,0.951,72.22,67.82,69.87,56.4,50.55,54.38,58.89,6.0,0
STU0003,2,2020-21,MA201,0.991,69.28,66.81,70.34,61.48,61.03,62.44,62.32,7.0,0
STU0003,2,2020-21,CH101,1.185,71.16,68.13,63.29,48.2,43.29,44.27,44.33,5.0,0
STU0003,2,2020-21,ME101,0.871,76.51,81.82,83.07,56.6,65.55,68.91,74.78,8.0,0
STU0003,3,2021-22,AI301,1.025,75.64,76.95,74.47,66.59,54.77,54.96,59.0,6.0,0
STU0003,3,2021-22,AI302,1.011,83.6,82.68,86.18,60.88,65.21,66.25,56.59,6.0,0
STU0003,3,2021-22,AI303,1.053,74.97,76.3,75.63,63.02,65.02,63.45,60.46,7.0,0
STU0003,3,2021-22,MA301,0.936,81.47,81.88,78.92,72.52,74.63,76.97,74.03,8.0,0
STU0003,3,2021-22,CS301,0.918,73.98,72.72,74.6,73.37,75.06,81.16,83.22,9.0,0
STU0003,3,2021-22,AI304,0.983,71.95,69.45,68.54,71.3,71.17,68.22,66.02,7.0,0
STU0003,4,2021-22,AI401,1.191,74.26,74.11,69.86,61.22,54.92,60.19,59.1,6.0,0
STU0003,4,2021-22,AI402,0.928,70.65,79.08,79.86,66.23,70.22,67.29,67.29,7.0,0
STU0003,4,2021-22,AI403,1.007,73.04,77.24,76.47,53.19,51.83,52.95,50.27,6.0,0
STU0003,4,2021-22,AI404,0.902,72.9,77.18,75.47,75.16,72.39,73.85,72.52,8.0,0
STU0003,4,2021-22,MA401,1.09,70.61,73.21,73.61,53.07,52.33,59.23,59.64,6.0,0
STU0003,4,2021-22,AI405,0.916,70.27,72.04,72.72,70.49,63.91,58.64,62.08,7.0,0
STU0003,5,2022-23,AI501,0.884,69.74,73.21,76.84,65.75,59.99,59.51,57.11,6.0,0
STU0003,5,2022-23,AI502,0.902,68.65,67.01,62.97,64.37,65.71,65.46,66.92,7.0,0
STU0003,5,2022-23,AI503,0.802,73.7,80.96,79.66,82.63,86.3,90.19,90.69,10.0,0
STU0003,5,2022-23,AI504,1.068,76.46,78.68,74.77,50.43,43.44,42.22,44.0,5.0,0
STU0003,5,2022-23,AI505,0.867,77.36,75.6,73.87,68.41,59.93,60.96,66.1,7.0,0
STU0003,5,2022-23,AI506,0.992,66.26,68.99,63.3,57.4,56.33,56.88,53.86,6.0,0
STU0003,6,2022-23,AI601,1.102,79.39,86.08,88.91,53.83,57.7,59.8,61.32,7.0,0
STU0003,6,2022-23,AI602,1.021,70.74,67.14,66.8,60.02,56.96,58.87,65.11,7.0,0
STU0003,6,2022-23,AI603,0.791,76.72,76.48,78.06,74.41,73.75,74.33,73.43,8.0,0
STU0003,6,2022-23,AI604,0.818,73.45,68.49,70.78,64.72,69.35,71.28,72.58,8.0,0
STU0003,6,2022-23,AI605,0.74,73.07,77.11,75.29,76.38,73.52,73.21,70.66,8.0,0
STU0003,6,2022-23,AI606,1.148,74.13,72.18,67.63,55.15,57.23,53.66,46.95,5.0,0
STU0003,7,2023-24,AI701,1.04,78.61,78.51,76.72,55.1,53.69,54.41,54.57,6.0,0
STU0003,7,2023-24,AI702,1.207,72.78,72.3,69.83,53.77,49.69,50.5,51.96,6.0,0
STU0003,7,2023-24,AI703,0.974,68.26,60.61,64.61,66.99,68.92,61.89,66.03,7.0,0
STU0003,7,2023-24,AI704,0.944,69.62,65.88,59.63,72.82,78.61,77.86,75.82,8.0,0
STU0003,7,2023-24,AI705,0.955,69.38,65.18,64.16,67.05,71.63,71.7,66.97,7.0,0
STU0003,8,2023-24,AI801,1.164,76.22,81.35,79.38,64.1,65.68,73.0,71.49,8.0,0
STU0003,8,2023-24,AI802,0.964,71.6,72.13,76.52,64.24,69.48,72.78,72.14,8.0,0
STU0003,8,2023-24,AI803,1.079,68.61,76.84,67.51,61.83,53.89,52.87,52.62,6.0,0
STU0003,8,2023-24,AI804,1.181,67.73,72.31,68.19,60.13,58.0,58.33,57.32,6.0,0
STU0004,1,2020-21,DS101,1.053,80.9,78.4,74.8,72.51,78.19,76.72,75.7,8.0,0
STU0004,1,2020-21,DS102,1.18,83.6,80.66,79.88,69.12,70.67,68.99,67.47,7.0,0
STU0004,1,2020-21,MA101,0.929,85.08,85.38,83.56,93.19,92.82,92.0,92.09,10.0,0
STU0004,1,2020-21,PH101,0.919,89.53,89.87,88.1,97.73,97.4,89.59,90.62,10.0,0
STU0004,1,2020-21,EE101,0.878,89.25,88.4,91.13,97.36,97.67,98.0,97.19,10.0,0
STU0004,2,2020-21,DS201,1.076,82.02,75.07,72.93,80.13,76.64,76.59,74.62,8.0,0
STU0004,2,2020-21,DS202,0.768,81.51,83.86,75.57,98.0,92.66,95.4,97.54,10.0,0
STU0004,2,2020-21,MA201,0.979,83.53,80.71,76.0,92.82,88.93,95.99,93.41,10.0,0
STU0004,2,2020-21,CH101,1.063,79.66,81.49,80.35,76.13,78.88,76.77,72.48,8.0,0
STU0004,2,2020-21,ME101,1.091,79.63,81.43,84.84,73.8,79.12,81.29,79.2,8.0,0
STU0004,3,2021-22,DS301,0.955,77.99,80.11,84.02,98.0,98.0,96.74,91.26,10.0,0
STU0004,3,2021-22,DS302,0.842,85.89,79.46,76.71,98.0,98.0,98.0,99.5,10.0,0
STU0004,3,2021-22,DS303,1.176,80.0,82.32,79.79,78.22,76.44,74.4,77.09,8.0,0
STU0004,3,2021-22,MA301,1.108,85.57,91.26,94.47,71.32,79.54,83.68,81.38,9.0,0
STU0004,3,2021-22,CS301,1.087,74.67,76.84,72.23,77.4,80.6,85.43,86.4,9.0,0
STU0004,3,2021-22,DS304,0.966,70.36,69.63,71.5,90.14,90.03,89.2,88.23,9.0,0
STU0004,4,2021-22,DS401,1.173,72.6,70.69,67.64,73.2,73.55,80.85,86.7,9.0,0
STU0004,4,2021-22,DS402,0.907,81.43,82.12,79.32,96.39,95.31,90.5,89.66,9.0,0
STU0004,4,2021-22,DS403,0.88,85.57,92.23,93.09,96.65,97.34,98.0,99.5,10.0,0
STU0004,4,2021-22,DS404,0.986,82.44,84.72,80.74,91.85,98.0,98.0,94.26,10.0,0
STU0004,4,2021-22,MA401,0.764,84.26,81.6,82.61,98.0,95.04,93.34,94.17,10.0,0
STU0004,4,2021-22,DS405,0.844,78.4,78.48,77.43,98.0,98.0,98.0,95.47,10.0,0
STU0004,5,2022-23,DS501,0.833,75.1,74.11,71.94,98.0,98.0,98.0,98.27,10.0,0
STU0004,5,2022-23,DS502,0.933,81.54,78.68,72.96,98.0,98.0,94.43,93.24,10.0,0
STU0004,5,2022-23,DS503,0.89,78.79,84.85,87.31,98.0,98.0,98.0,99.5,10.0,0
STU0004,5,2022-23,DS504,1.089,83.24,81.63,75.54,86.57,88.15,86.82,86.09,9.0,0
STU0004,5,2022-23,DS505,1.307,74.91,71.92,72.22,73.73,83.98,86.94,83.13,9.0,0
STU0004,5,2022-23,DS506,1.237,77.4,74.47,70.69,75.85,76.93,78.48,82.34,9.0,0
STU0004,6,2022-23,DS601,0.938,95.0,97.1,93.87,77.28,80.92,79.23,78.77,8.0,0
STU0004,6,2022-23,DS602,1.092,90.39,94.67,90.56,82.19,79.58,69.43,65.89,7.0,0
STU0004,6,2022-23,DS603,1.026,82.43,82.12,83.3,78.96,76.74,71.11,71.18,8.0,0
STU0004,6,2022-23,DS604,0.752,83.6,80.35,79.51,98.0,98.0,98.0,94.65,10.0,0
STU0004,6,2022-23,DS605,1.239,83.23,83.83,85.62,78.36,75.92,67.84,72.31,8.0,0
STU0004,6,2022-23,DS606,0.9,84.9,80.99,79.73,86.86,89.91,90.27,88.23,9.0,0
STU0004,7,2023-24,DS701,0.778,86.69,87.34,92.2,98.0,94.44,93.52,95.93,10.0,0
STU0004,7,2023-24,DS702,0.908,81.25,80.47,76.45,92.47,93.25,98.0,98.95,10.0,0
STU0004,7,2023-24,DS703,0.994,79.68,83.52,85.04,84.3,88.35,90.86,88.42,9.0,0
STU0004,7,2023-24,DS704,0.988,81.04,90.26,92.12,89.36,91.49,97.7,97.45,10.0,0
STU0004,7,2023-24,DS705,0.929,86.39,85.77,82.03,87.68,94.57,95.16,93.39,10.0,0
STU0004,8,2023-24,DS801,0.965,78.87,80.01,84.24,92.42,89.91,95.62,96.26,10.0,0
STU0004,8,2023-24,DS802,1.149,86.96,81.64,87.75,73.08,75.67,69.62,71.14,8.0,0
STU0004,8,2023-24,DS803,1.132,92.41,97.31,99.0,66.16,66.76,64.09,64.8,7.0,0
STU0004,8,2023-24,DS804,0.854,83.83,82.02,80.1,95.27,94.66,95.95,88.45,9.0,0
STU0005,1,2020-21,CS101,0.976,82.45,79.9,79.94,77.24,73.93,78.5,79.03,8.0,0
STU0005,1,2020-21,CS102,1.066,81.97,89.33,91.42,67.74,71.44,64.07,64.43,7.0,0
STU0005,1,2020-21,MA101,1.038,82.22,81.05,77.51,68.08,68.54,63.53,68.84,7.0,0
STU0005,1,2020-21,PH101,0.683,80.4,80.79,82.56,98.0,98.0,91.73,90.03,10.0,0
STU0005,1,2020-21,EE101,1.074,85.86,80.94,90.2,65.12,59.21,61.47,60.43,7.0,0
STU0005,2,2020-21,CS201,0.817,77.69,75.6,79.37,95.71,98.0,98.0,98.85,10.0,0
STU0005,2,2020-21,CS202,1.041,85.63,86.19,84.9,76.03,71.21,61.27,64.58,7.0,0
STU0005,2,2020-21,MA201,1.019,84.52,85.92,83.02,73.94,72.66,78.82,75.31,8.0,0
STU0005,2,2020-21,CH101,0.685,82.41,86.41,80.35,98.0,98.0,98.0,93.93,10.0,0
STU0005,2,2020-21,ME101,0.832,85.85,90.07,87.89,88.52,90.47,93.24,98.58,10.0,0
STU0005,3,2021-22,CS301,0.969,94.96,93.57,91.43,95.66,89.03,80.71,88.27,9.0,0
STU0005,3,2021-22,CS302,1.1,84.5,83.4,82.71,72.85,71.44,72.37,69.27,7.0,0
STU0005,3,2021-22,CS303,0.893,90.71,89.44,87.51,87.19,91.02,86.27,86.22,9.0,0
STU0005,3,2021-22,MA301,0.795,88.47,92.59,94.28,97.85,98.0,94.28,90.76,10.0,0
STU0005,3,2021-22,EC301,0.954,83.58,81.81,86.27,98.0,91.83,88.73,89.16,9.0,0
STU0005,3,2021-22,CS304,0.953,86.79,90.0,92.62,91.04,98.0,90.85,95.29,10.0,0
STU0005,4,2021-22,CS401,0.876,81.43,83.75,77.0,97.0,98.0,98.0,98.43,10.0,0
STU0005,4,2021-22,CS402,0.9,87.76,88.98,85.76,87.69,86.97,85.21,81.12,9.0,0
STU0005,4,2021-22,CS403,1.084,84.09,84.15,82.12,76.81,77.71,83.16,75.61,8.0,0
STU0005,4,2021-22,CS404,0.979,86.65,89.08,91.65,77.52,76.24,81.62,84.3,9.0,0
STU0005,4,2021-22,MA401,0.835,86.47,79.55,79.71,98.0,93.73,89.98,92.27,10.0,0
STU0005,4,2021-22,CS405,0.815,82.54,84.62,82.4,97.83,98.0,98.0,98.8,10.0,0
STU0005,5,2022-23,CS501,0.985,85.65,83.91,83.27,77.17,77.01,73.36,70.02,8.0,0
STU0005,5,2022-23,CS502,1.031,84.67,87.41,85.9,80.51,82.98,84.99,82.51,9.0,0
STU0005,5,2022-23,CS503,1.018,85.28,85.3,78.0,80.28,90.24,88.62,86.43,9.0,0
STU0005,5,2022-23,CS504,1.045,85.07,89.25,84.84,81.09,83.75,83.11,84.12,9.0,0
STU0005,5,2022-23,CS505,1.124,87.31,83.31,86.18,71.68,72.01,72.34,71.89,8.0,0
STU0005,5,2022-23,CS506,1.143,83.49,79.57,78.19,71.67,77.2,79.92,77.37,8.0,0
STU0005,6,2022-23,CS601,1.153,82.9,84.77,87.7,83.6,88.36,92.29,91.34,10.0,0
STU0005,6,2022-23,CS602,0.931,84.84,88.1,87.32,98.0,98.0,93.88,91.37,10.0,0
STU0005,6,2022-23,CS603,0.983,84.74,82.9,87.63,93.03,93.2,86.74,82.79,9.0,0
STU0005,6,2022-23,CS604,1.034,74.98,78.52,77.97,98.0,98.0,97.18,96.86,10.0,0
STU0005,6,2022-23,CS605,1.119,90.32,84.59,78.33,76.73,79.35,81.58,84.79,9.0,0
STU0005,6,2022-23,CS606,0.856,74.24,77.24,74.35,94.31,94.97,98.0,97.63,10.0,0
STU0005,7,2023-24,CS701,0.956,76.84,74.34,76.16,85.9,86.66,82.18,81.64,9.0,0
STU0005,7,2023-24,CS702,0.739,82.95,87.95,82.79,98.0,98.0,98.0,96.66,10.0,0
STU0005,7,2023-24,CS703,0.917,74.36,74.72,81.87,89.23,89.13,90.58,90.55,10.0,0
STU0005,7,2023-24,CS704,0.902,85.53,86.32,86.38,84.38,90.24,93.23,91.57,10.0,0
STU0005,7,2023-24,CS705,1.12,80.24,77.51,74.85,63.05,65.17,56.93,53.24,6.0,0
STU0005,8,2023-24,CS801,0.982,81.15,77.5,73.39,79.4,76.93,78.35,66.69,7.0,0
STU0005,8,2023-24,CS802,0.989,77.29,75.06,76.53,72.57,60.09,58.64,57.91,6.0,0
STU0005,8,2023-24,CS803,1.001,87.49,87.68,88.53,80.89,80.93,90.55,86.76,9.0,0
STU0005,8,2023-24,CS804,0.888,84.91,89.3,88.6,80.2,88.12,84.55,85.57,9.0,0
STU0006,1,2020-21,EC101,0.925,80.45,83.61,87.32,88.37,96.84,96.98,99.5,10.0,0
STU0006,1,2020-21,EC102,0.948,92.0,97.49,97.05,93.25,98.0,98.0,90.55,10.0,0
STU0006,1,2020-21,MA101,1.086,84.83,86.48,87.25,76.37,82.14,84.57,85.22,9.0,0
STU0006,1,2020-21,PH101,1.137,84.34,86.13,92.67,69.62,62.8,63.13,63.77,7.0,0
STU0006,1,2020-21,EE101,1.087,83.09,85.74,94.5,79.12,83.51,82.93,78.78,8.0,0
STU0006,2,2020-21,EC201,0.69,84.41,83.07,78.47,97.94,94.62,96.65,98.77,10.0,0
STU0006,2,2020-21,EC202,0.916,81.41,82.16,77.23,74.41,67.97,70.52,69.21,7.0,0
STU0006,2,2020-21,MA201,0.828,80.04,78.15,81.89,82.02,77.72,85.14,78.02,8.0,0
STU0006,2,2020-21,CH101,1.12,82.84,88.25,96.7,57.59,55.66,54.56,56.34,6.0,0
STU0006,2,2020-21,ME101,1.159,79.74,81.08,80.6,61.03,67.83,66.74,61.74,7.0,0
STU0006,3,2021-22,EC301,0.983,84.25,85.29,84.93,77.84,64.79,67.93,67.17,7.0,0
STU0006,3,2021-22,EC302,1.182,82.69,80.8,84.53,72.89,71.91,77.28,75.61,8.0,0
STU0006,3,2021-22,EC303,1.019,83.39,86.13,88.31,76.18,81.1,80.54,78.83,8.0,0
STU0006,3,2021-22,MA301,0.933,88.86,86.26,90.78,79.31,81.5,82.84,87.7,9.0,0
STU0006,3,2021-22,CS301,0.921,77.38,76.97,82.8,81.67,70.02,70.29,73.14,8.0,0
STU0006,3,2021-22,EC304,0.878,84.49,80.87,80.35,94.08,88.74,89.56,93.2,10.0,0
STU0006,4,2021-22,EC401,1.182,84.18,77.67,80.7,63.33,64.22,68.75,67.1,7.0,0
STU0006,4,2021-22,EC402,0.803,87.57,91.65,91.34,98.0,96.34,96.77,96.34,10.0,0
STU0006,4,2021-22,EC403,0.961,82.99,78.76,77.88,83.04,91.31,86.06,87.62,9.0,0
STU0006,4,2021-22,EC404,1.076,74.04,75.48,78.56,75.69,75.32,76.82,77.32,8.0,0
STU0006,4,2021-22,MA401,0.797,82.32,81.04,78.57,98.0,98.0,92.82,93.86,10.0,0
STU0006,4,2021-22,EC405,1.175,75.56,75.83,76.27,60.23,61.93,66.96,71.48,8.0,0
STU0006,5,2022-23,EC501,0.753,95.86,90.92,91.23,97.46,98.0,97.43,99.5,10.0,0
STU0006,5,2022-23,EC502,1.051,96.88,95.65,96.68,64.09,60.49,63.93,65.47,7.0,0
STU0006,5,2022-23,EC503,0.951,97.68,98.17,96.4,78.36,76.31,70.99,74.76,8.0,0
STU0006,5,2022-23,EC504,0.932,91.11,85.76,76.53,84.38,87.95,93.32,92.87,10.0,0
STU0006,5,2022-23,EC505,0.961,92.41,90.95,94.87,78.25,79.96,77.97,81.93,9.0,0
STU0006,5,2022-23,EC506,0.771,89.56,90.88,97.01,96.56,92.77,97.27,98.24,10.0,0
STU0006,6,2022-23,EC601,1.145,73.08,72.07,73.51,72.1,76.87,68.65,69.07,7.0,0
STU0006,6,2022-23,EC602,1.144,79.51,75.51,79.03,68.02,64.31,60.03,59.44,6.0,0
STU0006,6,2022-23,EC603,1.022,74.19,70.47,68.04,74.99,75.15,76.78,77.45,8.0,0
STU0006,6,2022-23,EC604,1.027,85.95,87.44,90.18,77.3,81.55,79.46,80.7,9.0,0
STU0006,6,2022-23,EC605,0.835,79.93,76.52,79.8,98.0,95.9,98.0,97.14,10.0,0
STU0006,6,2022-23,EC606,0.807,76.15,72.5,73.83,94.89,92.46,93.88,94.3,10.0,0
STU0006,7,2023-24,EC701,0.956,78.52,77.13,78.77,79.17,80.93,78.29,81.27,9.0,0
STU0006,7,2023-24,EC702,0.693,85.5,90.22,95.46,98.0,92.03,98.0,97.84,10.0,0
STU0006,7,2023-24,EC703,0.981,81.36,76.99,78.96,81.14,82.05,78.61,75.41,8.0,0
STU0006,7,2023-24,EC704,0.828,82.69,79.17,73.19,95.4,89.46,93.89,95.07,10.0,0
STU0006,7,2023-24,EC705,1.035,91.6,87.1,90.15,72.21,83.78,82.07,80.44,9.0,0
STU0006,8,2023-24,EC801,0.909,79.71,84.82,80.75,86.99,91.74,96.71,94.91,10.0,0
STU0006,8,2023-24,EC802,0.975,81.99,76.62,78.5,80.23,86.71,83.01,86.27,9.0,0
STU0006,8,2023-24,EC803,1.139,83.78,76.19,74.39,77.45,78.79,81.91,81.64,9.0,0
STU0006,8,2023-24,EC804,0.973,76.13,78.91,82.69,75.45,74.65,73.24,74.5,8.0,0
STU0007,1,2020-21,AI101,1.009,85.88,87.43,90.92,71.18,73.02,81.26,81.59,9.0,0
STU0007,1,2020-21,AI102,1.137,94.31,94.25,93.53,66.32,65.65,58.31,48.32,5.0,0
STU0007,1,2020-21,MA101,1.033,94.04,91.08,89.03,72.7,74.32,84.89,82.74,9.0,0
STU0007,1,2020-21,PH101,0.95,95.83,97.21,98.13,88.11,77.19,66.45,64.96,7.0,0
STU0007,1,2020-21,EE101,1.132,89.82,79.29,81.29,69.79,64.89,60.45,57.54,6.0,0
STU0007,2,2020-21,AI201,1.059,79.99,76.99,73.05,73.83,71.41,75.0,69.42,7.0,0
STU0007,2,2020-21,AI202,1.005,93.64,99.0,97.31,80.76,72.64,61.88,64.41,7.0,0
STU0007,2,2020-21,MA201,0.999,96.12,91.31,93.13,88.96,90.85,92.1,92.12,10.0,0
STU0007,2,2020-21,CH101,0.811,96.83,94.69,96.46,90.24,84.93,91.39,90.34,10.0,0
STU0007,2,2020-21,ME101,1.174,91.09,84.65,87.77,64.8,67.95,68.06,63.43,7.0,0
STU0007,3,2021-22,AI301,1.059,98.77,99.0,99.0,76.32,71.41,72.46,75.57,8.0,0
STU0007,3,2021-22,AI302,0.9,99.0,98.68,95.57,93.61,92.32,95.74,94.86,10.0,0
STU0007,3,2021-22,AI303,0.993,99.0,99.0,92.02,74.7,78.88,78.29,76.72,8.0,0
STU0007,3,2021-22,MA301,0.837,94.68,87.6,87.25,92.27,87.92,87.61,88.7,9.0,0
STU0007,3,2021-22,CS301,1.251,92.95,97.01,99.0,59.83,60.74,58.68,59.24,6.0,0
STU0007,3,2021-22,AI304,1.181,99.0,99.0,97.49,60.08,59.15,64.58,59.99,6.0,0
STU0007,4,2021-22,AI401,0.882,90.49,89.01,84.23,81.39,84.56,78.68,73.88,8.0,0
STU0007,4,2021-22,AI402,0.924,96.59,95.9,94.28,82.51,74.66,76.88,78.04,8.0,0
STU0007,4,2021-22,AI403,0.951,97.69,93.74,97.69,80.77,79.26,79.17,78.85,8.0,0
STU0007,4,2021-22,AI404,1.146,89.36,86.69,90.32,63.38,67.43,75.08,73.87,8.0,0
STU0007,4,2021-22,MA401,1.082,89.05,91.69,92.39,72.69,69.78,62.31,63.82,7.0,0
STU0007,4,2021-22,AI405,0.752,92.4,95.69,96.36,98.0,98.0,95.06,95.14,10.0,0
STU0007,5,2022-23,AI501,0.887,86.3,79.17,79.34,87.91,80.38,82.2,84.35,9.0,0
STU0007,5,2022-23,AI502,1.027,87.24,89.31,91.69,78.53,74.82,76.07,79.65,8.0,0
STU0007,5,2022-23,AI503,0.928,96.93,95.09,95.2,81.83,82.84,75.0,73.36,8.0,0
STU0007,5,2022-23,AI504,0.869,89.08,92.56,94.82,79.16,88.35,89.68,87.35,9.0,0
STU0007,5,2022-23,AI505,1.019,89.24,86.91,87.6,74.59,72.77,69.69,65.39,7.0,0
STU0007,5,2022-23,AI506,1.018,90.88,92.68,95.55,79.36,76.96,80.74,76.66,8.0,0
STU0007,6,2022-23,AI601,1.13,94.16,95.87,99.0,63.36,64.93,64.36,66.9,7.0,0
STU0007,6,2022-23,AI602,0.986,88.85,90.75,93.81,74.27,73.99,69.23,61.73,7.0,0
STU0007,6,2022-23,AI603,1.024,92.83,93.75,86.92,72.98,63.0,69.16,65.91,7.0,0
STU0007,6,2022-23,AI604,1.151,94.18,91.02,87.06,68.27,64.47,64.93,63.48,7.0,0
STU0007,6,2022-23,AI605,0.786,81.47,82.26,80.3,94.57,97.71,98.0,97.18,10.0,0
STU0007,6,2022-23,AI606,0.959,92.39,87.64,88.43,82.55,85.62,76.9,74.62,8.0,0
STU0007,7,2023-24,AI701,1.058,99.0,97.27,95.53,78.17,79.51,85.21,86.08,9.0,0
STU0007,7,2023-24,AI702,0.861,88.25,82.82,85.14,94.9,98.0,98.0,99.5,10.0,0
STU0007,7,2023-24,AI703,0.93,88.96,91.93,93.4,82.87,84.61,86.07,89.92,9.0,0
STU0007,7,2023-24,AI704,1.155,95.76,98.72,99.0,63.99,67.4,61.12,64.28,7.0,0
STU0007,7,2023-24,AI705,0.857,94.73,91.77,93.71,89.25,82.07,83.97,82.23,9.0,0
STU0007,8,2023-24,AI801,1.047,89.46,87.4,85.79,82.45,90.0,86.38,89.61,9.0,0
STU0007,8,2023-24,AI802,0.74,88.51,85.16,80.42,98.0,98.0,97.04,98.17,10.0,0
STU0007,8,2023-24,AI803,1.083,94.35,96.65,96.41,69.68,74.44,71.79,68.98,7.0,0
STU0007,8,2023-24,AI804,0.979,89.64,88.18,89.38,85.41,81.37,79.17,73.4,8.0,0
STU0008,1,2020-21,DS101,0.969,67.49,63.47,63.59,62.11,58.15,66.9,65.87,7.0,0
STU0008,1,2020-21,DS102,0.944,71.04,69.87,71.89,75.79,74.03,73.07,77.01,8.0,0
STU0008,1,2020-21,MA101,0.819,72.21,72.69,69.97,83.85,79.75,82.61,78.6,8.0,0
STU0008,1,2020-21,PH101,1.127,72.15,70.58,67.06,66.46,63.53,58.28,61.43,7.0,0
STU0008,1,2020-21,EE101,0.891,72.06,74.93,75.48,86.19,82.44,81.49,81.09,9.0,0
STU0008,2,2020-21,DS201,1.009,79.57,74.38,74.77,72.78,75.56,73.72,72.99,8.0,0
STU0008,2,2020-21,DS202,0.825,72.87,79.39,79.84,95.02,90.91,94.85,96.94,10.0,0
STU0008,2,2020-21,MA201,0.904,75.88,73.32,73.22,85.71,85.88,91.72,96.78,10.0,0
STU0008,2,2020-21,CH101,0.976,77.68,78.18,78.21,85.28,84.8,90.98,90.04,10.0,0
STU0008,2,2020-21,ME101,1.111,81.03,87.09,81.92,63.21,71.45,68.15,66.14,7.0,0
STU0008,3,2021-22,DS301,0.85,79.65,78.72,82.35,80.41,82.28,77.01,83.83,9.0,0
STU0008,3,2021-22,DS302,0.971,79.59,85.39,83.33,81.14,79.29,82.31,80.59,9.0,0
STU0008,3,2021-22,DS303,0.837,81.22,83.46,78.85,82.92,88.32,91.02,89.84,9.0,0
STU0008,3,2021-22,MA301,0.928,87.35,82.29,82.08,68.85,74.77,74.73,75.27,8.0,0
STU0008,3,2021-22,CS301,1.332,77.18,83.3,81.94,51.91,63.78,63.06,58.93,6.0,0
STU0008,3,2021-22,DS304,1.034,78.87,80.15,79.68,79.48,81.98,77.14,77.52,8.0,0
STU0008,4,2021-22,DS401,0.891,82.4,79.98,82.39,78.11,72.9,73.79,74.99,8.0,0
STU0008,4,2021-22,DS402,1.067,63.48,59.16,62.51,61.94,62.85,57.19,59.38,6.0,0
STU0008,4,2021-22,DS403,1.112,76.9,80.52,85.99,58.01,54.46,58.5,61.89,7.0,0
STU0008,4,2021-22,DS404,0.919,71.0,68.72,63.1,70.91,65.3,63.98,64.79,7.0,0
STU0008,4,2021-22,MA401,1.052,71.94,70.25,70.68,60.02,64.34,70.13,68.25,7.0,0
STU0008,4,2021-22,DS405,0.952,78.95,78.52,80.58,74.12,81.12,83.33,84.97,9.0,0
STU0008,5,2022-23,DS501,0.944,75.82,76.26,72.14,90.35,94.75,94.92,94.1,10.0,0
STU0008,5,2022-23,DS502,1.024,74.81,67.7,75.09,70.75,70.74,70.9,76.89,8.0,0
STU0008,5,2022-23,DS503,0.989,79.1,80.52,77.16,77.97,77.44,72.56,73.63,8.0,0
STU0008,5,2022-23,DS504,1.003,74.97,75.65,73.37,80.12,77.31,63.36,63.75,7.0,0
STU0008,5,2022-23,DS505,0.934,74.27,81.27,88.37,81.1,77.38,80.01,78.9,8.0,0
STU0008,5,2022-23,DS506,1.047,70.1,70.98,68.14,78.97,76.31,79.29,75.49,8.0,0
STU0008,6,2022-23,DS601,1.031,75.19,74.49,70.89,77.47,73.69,71.87,72.67,8.0,0
STU0008,6,2022-23,DS602,1.163,71.21,71.29,73.87,66.74,69.6,74.45,73.47,8.0,0
STU0008,6,2022-23,DS603,0.607,67.83,72.06,71.94,98.0,98.0,97.54,91.27,10.0,0
STU0008,6,2022-23,DS604,0.819,72.77,72.54,77.63,90.72,89.33,85.35,83.79,9.0,0
STU0008,6,2022-23,DS605,0.773,69.56,69.37,68.9,98.0,98.0,94.62,95.69,10.0,0
STU0008,6,2022-23,DS606,0.855,67.38,67.34,62.59,95.17,91.01,92.02,90.29,10.0,0
STU0008,7,2023-24,DS701,1.12,64.71,60.97,69.3,68.79,73.12,75.19,73.83,8.0,0
STU0008,7,2023-24,DS702,0.843,67.36,63.93,60.72,79.79,80.31,87.39,89.06,9.0,0
STU0008,7,2023-24,DS703,0.987,68.39,57.72,56.24,67.77,68.37,67.2,64.6,7.0,0
STU0008,7,2023-24,DS704,1.013,68.96,74.28,76.68,74.06,69.79,64.96,66.76,7.0,0
STU0008,7,2023-24,DS705,0.976,69.55,72.97,67.68,82.76,87.12,77.87,84.93,9.0,0
STU0008,8,2023-24,DS801,1.062,69.14,71.05,68.27,81.17,81.45,84.37,82.01,9.0,0
STU0008,8,2023-24,DS802,1.098,73.0,68.06,67.22,78.42,82.28,80.58,74.97,8.0,0
STU0008,8,2023-24,DS803,0.9,67.42,60.97,63.72,84.19,92.27,87.78,87.77,9.0,0
STU0008,8,2023-24,DS804,0.833,70.67,69.89,68.58,90.94,95.31,98.0,95.69,10.0,0
STU0009,1,2020-21,CS101,1.124,73.35,75.83,76.99,48.16,51.76,52.44,47.22,5.0,0
STU0009,1,2020-21,CS102,0.965,76.16,74.04,78.34,68.65,66.93,64.72,64.32,7.0,0
STU0009,1,2020-21,MA101,0.976,73.63,60.65,66.79,61.62,60.81,62.28,62.04,7.0,0
STU0009,1,2020-21,PH101,0.948,71.98,65.54,60.8,57.83,60.75,64.02,61.37,7.0,0
STU0009,1,2020-21,EE101,0.68,76.04,74.56,73.0,93.17,93.79,89.4,92.98,10.0,0
STU0009,2,2020-21,CS201,1.184,68.55,66.94,68.84,54.61,60.14,64.56,60.36,7.0,0
STU0009,2,2020-21,CS202,1.07,63.24,63.53,60.98,69.13,73.81,70.48,66.47,7.0,0
STU0009,2,2020-21,MA201,0.954,65.8,66.64,71.02,71.73,76.09,77.56,73.39,8.0,0
STU0009,2,2020-21,CH101,0.977,68.3,68.12,69.88,64.6,59.97,59.41,60.34,7.0,0
STU0009,2,2020-21,ME101,0.921,63.11,59.83,63.74,68.69,75.23,82.11,81.86,9.0,0
STU0009,3,2021-22,CS301,0.823,58.98,63.81,64.21,70.23,60.24,54.85,57.51,6.0,0
STU0009,3,2021-22,CS302,1.034,63.89,65.87,71.59,53.25,53.56,54.43,61.6,7.0,0
STU0009,3,2021-22,CS303,0.748,67.21,66.81,68.79,71.87,71.65,74.85,84.19,9.0,0
STU0009,3,2021-22,MA301,1.097,61.09,59.6,58.02,42.27,40.79,44.09,40.26,5.0,0
STU0009,3,2021-22,EC301,1.126,66.43,63.86,63.37,57.93,61.23,61.27,60.56,7.0,0
STU0009,3,2021-22,CS304,1.009,62.43,55.07,62.21,56.49,58.28,58.02,46.81,5.0,0
STU0009,4,2021-22,CS401,1.095,73.07,73.28,81.35,56.92,58.97,66.22,69.12,7.0,0
STU0009,4,2021-22,CS402,1.216,76.47,78.58,78.96,59.36,55.24,58.81,59.69,6.0,0
STU0009,4,2021-22,CS403,1.008,82.6,81.67,85.9,74.97,78.82,74.48,75.55,8.0,0
STU0009,4,2021-22,CS404,1.235,68.34,67.69,71.75,55.25,58.9,65.24,65.93,7.0,0
STU0009,4,2021-22,MA401,1.061,75.98,77.03,84.39,64.66,63.07,67.76,65.23,7.0,0
STU0009,4,2021-22,CS405,0.926,73.18,72.29,71.54,77.93,76.39,79.72,73.31,8.0,0
STU0009,5,2022-23,CS501,0.917,72.62,71.09,65.4,63.19,67.2,74.34,76.3,8.0,0
STU0009,5,2022-23,CS502,1.185,73.18,79.28,86.47,43.21,44.2,44.59,43.32,5.0,0
STU0009,5,2022-23,CS503,1.059,73.0,70.43,70.33,64.08,64.9,67.72,66.89,7.0,0
STU0009,5,2022-23,CS504,1.054,68.0,66.25,65.89,51.94,48.2,49.61,50.0,5.0,0
STU0009,5,2022-23,CS505,1.097,70.43,70.64,68.28,59.59,64.95,67.12,70.3,8.0,0
STU0009,5,2022-23,CS506,1.004,76.06,76.32,72.73,62.48,58.0,68.52,67.52,7.0,0
STU0009,6,2022-23,CS601,0.852,65.18,67.8,73.22,70.08,62.62,61.16,58.35,6.0,0
STU0009,6,2022-23,CS602,0.922,75.21,75.04,72.13,71.1,74.1,72.58,72.99,8.0,0
STU0009,6,2022-23,CS603,1.062,74.48,74.62,79.63,62.06,60.03,58.03,56.35,6.0,0
STU0009,6,2022-23,CS604,1.076,70.28,68.79,72.5,59.36,64.76,68.35,64.82,7.0,0
STU0009,6,2022-23,CS605,0.988,76.73,72.46,73.92,63.42,55.52,56.06,53.55,6.0,0
STU0009,6,2022-23,CS606,0.86,72.81,66.05,63.69,85.83,88.76,84.79,89.0,9.0,0
STU0009,7,2023-24,CS701,0.862,71.63,76.42,72.93,54.99,59.9,66.89,68.1,7.0,0
STU0009,7,2023-24,CS702,0.849,69.88,70.62,70.83,69.62,68.75,78.3,78.42,8.0,0
STU0009,7,2023-24,CS703,0.654,70.94,75.36,72.13,81.15,77.36,72.52,71.08,8.0,0
STU0009,7,2023-24,CS704,1.109,76.71,68.23,66.9,52.26,53.18,61.73,55.69,6.0,0
STU0009,7,2023-24,CS705,0.689,78.86,81.49,79.49,82.52,83.61,80.93,81.36,9.0,0
STU0009,8,2023-24,CS801,1.116,87.84,83.14,81.92,56.49,47.85,53.17,55.09,6.0,0
STU0009,8,2023-24,CS802,0.956,80.15,84.54,81.76,70.99,69.85,73.26,73.52,8.0,0
STU0009,8,2023-24,CS803,1.268,77.34,75.33,70.06,43.16,46.37,53.57,56.05,6.0,0
STU0009,8,2023-24,CS804,0.999,77.31,80.45,77.13,54.97,53.58,44.43,40.29,5.0,0
STU0010,1,2020-21,EC101,0.857,85.39,85.83,85.01,91.69,95.51,93.51,97.17,10.0,0
STU0010,1,2020-21,EC102,0.923,89.04,93.57,91.94,98.0,92.02,93.21,96.87,10.0,0
STU0010,1,2020-21,MA101,1.062,94.73,96.74,95.46,96.3,98.0,90.79,88.43,9.0,0
STU0010,1,2020-21,PH101,0.875,87.69,89.69,91.66,91.46,88.59,87.92,82.45,9.0,0
STU0010,1,2020-21,EE101,0.895,90.53,85.09,90.19,98.0,96.69,93.77,96.27,10.0,0
STU0010,2,2020-21,EC201,0.997,79.07,74.0,72.89,81.79,78.18,77.29,72.45,8.0,0
STU0010,2,2020-21,EC202,1.112,88.47,89.55,91.26,71.6,69.43,74.51,74.98,8.0,0
STU0010,2,2020-21,MA201,0.98,87.56,87.45,86.84,83.02,78.81,74.93,76.6,8.0,0
STU0010,2,2020-21,CH101,0.983,91.48,92.91,90.98,83.46,88.85,90.86,92.86,10.0,0
STU0010,2,2020-21,ME101,0.979,91.57,89.53,90.72,93.7,96.12,94.23,92.96,10.0,0
STU0010,3,2021-22,EC301,1.017,89.77,87.49,88.02,80.14,82.19,86.32,94.5,10.0,0
STU0010,3,2021-22,EC302,0.825,95.11,95.45,89.0,98.0,98.0,98.0,92.9,10.0,0
STU0010,3,2021-22,EC303,0.974,88.04,95.61,99.0,80.14,73.22,74.09,77.37,8.0,0
STU0010,3,2021-22,MA301,0.792,88.63,84.76,87.8,98.0,96.52,97.31,94.68,10.0,0
STU0010,3,2021-22,CS301,0.827,97.84,99.0,99.0,98.0,98.0,98.0,96.74,10.0,0
STU0010,3,2021-22,EC304,1.005,97.93,98.12,95.78,81.68,84.64,87.05,88.71,9.0,0
STU0010,4,2021-22,EC401,1.003,89.27,91.94,90.35,70.92,66.42,65.6,67.34,7.0,0
STU0010,4,2021-22,EC402,0.896,91.15,86.9,90.33,96.8,98.0,98.0,99.5,10.0,0
STU0010,4,2021-22,EC403,0.751,92.83,91.09,94.17,92.54,93.41,92.44,95.8,10.0,0
STU0010,4,2021-22,EC404,1.186,88.4,85.31,86.12,75.35,75.62,69.86,68.04,7.0,0
STU0010,4,2021-22,MA401,1.024,93.08,90.61,88.42,72.28,77.42,73.66,72.26,8.0,0
STU0010,4,2021-22,EC405,0.941,85.69,82.67,86.97,77.99,73.66,67.66,67.39,7.0,0
STU0010,5,2022-23,EC501,1.008,86.23,86.01,90.31,87.22,96.82,98.0,97.74,10.0,0
STU0010,5,2022-23,EC502,0.987,95.93,96.41,99.0,98.0,97.08,98.0,99.5,10.0,0
STU0010,5,2022-23,EC503,1.092,92.45,87.78,84.81,77.37,82.84,77.28,81.85,9.0,0
STU0010,5,2022-23,EC504,1.094,94.03,90.77,91.03,81.23,82.38,83.71,82.88,9.0,0
STU0010,5,2022-23,EC505,1.016,93.54,89.46,94.88,90.72,86.38,88.1,90.81,10.0,0
STU0010,5,2022-23,EC506,0.852,89.58,89.3,87.04,98.0,95.3,98.0,96.12,10.0,0
STU0010,6,2022-23,EC601,0.981,84.89,84.21,82.82,82.25,85.64,90.14,89.89,9.0,0
STU0010,6,2022-23,EC602,0.868,92.02,88.94,83.83,86.58,87.02,86.04,89.14,9.0,0
STU0010,6,2022-23,EC603,1.073,86.0,85.05,88.94,87.52,92.06,89.98,92.32,10.0,0
STU0010,6,2022-23,EC604,0.952,80.42,77.27,76.02,88.7,97.97,94.0,97.97,10.0,0
STU0010,6,2022-23,EC605,0.962,76.78,75.01,79.12,88.97,90.79,96.76,93.66,10.0,0
STU0010,6,2022-23,EC606,0.874,75.79,78.86,80.82,98.0,92.68,85.46,81.5,9.0,0
STU0010,7,2023-24,EC701,1.12,92.64,93.68,91.31,72.16,67.04,70.41,67.86,7.0,0
STU0010,7,2023-24,EC702,1.097,92.76,89.99,95.64,72.72,71.27,74.68,70.66,8.0,0
STU0010,7,2023-24,EC703,1.133,93.91,96.01,90.6,67.63,67.65,72.29,74.33,8.0,0
STU0010,7,2023-24,EC704,0.953,95.74,99.0,98.3,81.13,72.62,71.37,66.15,7.0,0
STU0010,7,2023-24,EC705,0.986,98.42,91.0,95.32,78.22,78.1,75.84,70.7,8.0,0
STU0010,8,2023-24,EC801,0.868,89.75,90.24,89.94,89.57,89.64,92.54,90.78,10.0,0
STU0010,8,2023-24,EC802,1.023,99.0,95.52,87.39,80.74,92.01,91.98,92.58,10.0,0
STU0010,8,2023-24,EC803,0.965,99.0,98.73,98.07,86.67,84.49,78.7,81.35,9.0,0
STU0010,8,2023-24,EC804,0.929,92.2,99.0,98.37,87.72,87.85,83.86,85.93,9.0,0
STU0011,1,2020-21,AI101,1.052,73.51,69.65,65.43,67.77,66.04,72.8,72.67,8.0,0
STU0011,1,2020-21,AI102,0.906,76.2,71.67,71.38,78.73,79.61,85.47,93.27,10.0,0
STU0011,1,2020-21,MA101,1.081,80.28,89.19,85.66,65.31,63.16,66.95,67.77,7.0,0
STU0011,1,2020-21,PH101,0.902,75.61,79.28,74.71,73.49,69.23,70.7,74.42,8.0,0
STU0011,1,2020-21,EE101,0.759,75.95,72.71,76.23,90.89,91.48,91.47,94.84,10.0,0
STU0011,2,2020-21,AI201,0.886,74.95,72.1,75.36,92.19,89.73,86.29,85.47,9.0,0
STU0011,2,2020-21,AI202,1.012,74.93,67.04,63.66,73.84,70.25,57.36,51.69,6.0,0
STU0011,2,2020-21,MA201,0.843,73.21,71.68,69.47,95.05,98.0,98.0,98.36,10.0,0
STU0011,2,2020-21,CH101,0.897,70.72,64.74,63.86,89.53,95.63,94.53,96.0,10.0,0
STU0011,2,2020-21,ME101,0.657,71.94,70.34,75.56,98.0,98.0,98.0,98.14,10.0,0
STU0011,3,2021-22,AI301,1.018,73.5,66.88,69.82,69.64,70.14,66.63,69.5,7.0,0
STU0011,3,2021-22,AI302,0.965,72.37,73.89,71.11,79.93,76.94,77.23,76.31,8.0,0
STU0011,3,2021-22,AI303,1.108,71.15,71.04,68.64,61.11,61.72,58.87,44.24,5.0,0
STU0011,3,2021-22,MA301,1.054,67.94,69.88,63.22,68.74,76.49,73.03,71.22,8.0,0
STU0011,3,2021-22,CS301,0.946,64.13,56.4,55.59,79.66,79.43,78.78,78.9,8.0,0
STU0011,3,2021-22,AI304,1.123,68.22,66.21,65.23,69.46,75.82,72.99,73.29,8.0,0
STU0011,4,2021-22,AI401,1.002,68.37,62.18,63.46,67.87,68.78,68.7,65.77,7.0,0
STU0011,4,2021-22,AI402,0.995,69.3,74.17,69.43,69.37,64.68,67.24,66.25,7.0,0
STU0011,4,2021-22,AI403,0.938,77.65,77.75,79.56,69.7,63.38,63.86,62.9,7.0,0
STU0011,4,2021-22,AI404,1.075,73.92,74.63,68.95,74.51,73.77,76.91,65.41,7.0,0
STU0011,4,2021-22,MA401,1.02,70.72,66.05,66.85,75.04,75.2,70.99,65.39,7.0,0
STU0011,4,2021-22,AI405,1.184,78.4,79.46,84.63,60.23,57.84,60.34,57.85,6.0,0
STU0011,5,2022-23,AI501,1.103,76.2,71.87,70.31,55.05,57.2,57.41,60.91,7.0,0
STU0011,5,2022-23,AI502,1.038,78.71,72.1,72.72,53.7,50.75,47.5,45.98,5.0,0
STU0011,5,2022-23,AI503,0.842,78.39,82.4,86.4,84.41,84.46,85.68,96.36,10.0,0
STU0011,5,2022-23,AI504,0.922,80.17,86.69,83.38,61.27,62.58,63.99,65.98,7.0,0
STU0011,5,2022-23,AI505,1.081,88.38,82.36,78.15,63.11,58.14,51.58,57.18,6.0,0
STU0011,5,2022-23,AI506,0.806,79.89,79.68,84.26,70.88,72.75,68.74,70.62,8.0,0
STU0011,6,2022-23,AI601,0.892,74.65,71.89,70.97,78.27,72.61,67.03,69.92,7.0,0
STU0011,6,2022-23,AI602,0.835,83.78,83.22,83.99,74.08,69.9,71.41,68.72,7.0,0
STU0011,6,2022-23,AI603,0.837,89.41,91.11,97.3,81.57,75.87,76.3,73.26,8.0,0
STU0011,6,2022-23,AI604,0.802,82.71,86.14,87.1,74.09,71.92,71.28,66.21,7.0,0
STU0011,6,2022-23,AI605,1.086,83.58,78.71,73.65,65.36,63.65,69.01,73.72,8.0,0
STU0011,6,2022-23,AI606,1.123,82.36,73.62,74.71,68.34,68.18,59.22,57.2,6.0,0
STU0011,7,2023-24,AI701,0.692,73.42,70.68,76.88,98.0,98.0,97.46,97.75,10.0,0
STU0011,7,2023-24,AI702,0.802,69.65,73.46,74.2,82.67,84.86,87.13,93.1,10.0,0
STU0011,7,2023-24,AI703,1.02,69.56,69.16,71.29,71.55,64.28,65.42,62.73,7.0,0
STU0011,7,2023-24,AI704,0.932,77.2,79.81,77.44,72.04,69.62,82.64,83.47,9.0,0
STU0011,7,2023-24,AI705,0.899,79.1,83.85,90.12,85.92,89.1,87.53,86.92,9.0,0
STU0011,8,2023-24,AI801,1.149,76.59,79.99,82.36,53.21,45.49,39.92,38.64,0.0,1
STU0011,8,2023-24,AI802,1.016,74.0,76.46,74.61,67.66,68.19,75.99,73.06,8.0,0
STU0011,8,2023-24,AI803,1.265,74.21,69.52,68.76,69.51,73.54,76.26,78.64,8.0,0
STU0011,8,2023-24,AI804,0.908,77.9,77.9,84.24,73.76,72.06,66.82,67.24,7.0,0
STU0012,1,2020-21,DS101,1.054,81.29,84.83,89.08,70.57,65.9,62.17,67.45,7.0,0
STU0012,1,2020-21,DS102,1.02,87.34,89.08,91.72,77.16,71.66,73.04,69.33,7.0,0
STU0012,1,2020-21,MA101,0.966,82.91,79.32,81.28,69.03,74.18,71.19,68.11,7.0,0
STU0012,1,2020-21,PH101,0.828,78.04,71.36,69.44,94.79,93.94,88.64,80.32,9.0,0
STU0012,1,2020-21,EE101,1.159,75.89,72.39,71.13,59.16,58.15,55.78,56.04,6.0,0
STU0012,2,2020-21,DS201,1.019,79.94,79.47,78.0,78.01,74.57,70.7,62.65,7.0,0
STU0012,2,2020-21,DS202,1.104,77.39,80.26,83.12,73.69,79.17,89.08,88.01,9.0,0
STU0012,2,2020-21,MA201,1.013,82.51,82.51,87.88,68.34,64.47,70.66,73.72,8.0,0
STU0012,2,2020-21,CH101,0.956,87.59,88.78,94.03,79.89,84.51,96.4,98.19,10.0,0
STU0012,2,2020-21,ME101,1.006,87.06,85.78,94.14,76.51,75.28,71.52,74.81,8.0,0
STU0012,3,2021-22,DS301,1.069,76.43,77.08,78.66,79.27,75.81,70.05,58.37,6.0,0
STU0012,3,2021-22,DS302,1.217,84.71,82.61,86.49,62.1,61.1,58.04,52.4,6.0,0
STU0012,3,2021-22,DS303,1.073,75.95,73.18,74.69,68.01,68.72,63.26,62.21,7.0,0
STU0012,3,2021-22,MA301,1.02,78.66,84.56,82.33,81.07,80.31,73.26,69.85,7.0,0
STU0012,3,2021-22,CS301,1.021,86.6,92.79,93.24,68.18,69.43,65.72,66.9,7.0,0
STU0012,3,2021-22,DS304,0.887,74.11,78.72,77.92,85.51,90.0,98.0,99.5,10.0,0
STU0012,4,2021-22,DS401,0.965,85.49,86.0,83.24,76.13,77.79,80.11,81.42,9.0,0
STU0012,4,2021-22,DS402,0.839,90.26,94.28,93.94,89.66,88.68,92.07,89.62,9.0,0
STU0012,4,2021-22,DS403,1.161,88.15,90.69,90.33,56.1,60.08,53.87,56.56,6.0,0
STU0012,4,2021-22,DS404,0.907,79.0,79.0,83.14,76.0,83.2,86.15,77.62,8.0,0
STU0012,4,2021-22,MA401,0.941,82.88,80.37,79.17,79.49,76.94,74.97,67.89,7.0,0
STU0012,4,2021-22,DS405,0.942,79.45,78.09,86.42,67.09,64.25,72.32,76.06,8.0,0
STU0012,5,2022-23,DS501,1.056,85.1,91.35,92.54,73.24,74.06,64.91,61.34,7.0,0
STU0012,5,2022-23,DS502,0.882,83.57,90.85,92.11,80.35,85.92,79.39,77.92,8.0,0
STU0012,5,2022-23,DS503,0.924,86.16,89.3,90.95,79.66,78.04,79.48,76.96,8.0,0
STU0012,5,2022-23,DS504,1.081,82.57,78.64,78.77,56.41,63.05,66.64,67.65,7.0,0
STU0012,5,2022-23,DS505,0.805,81.77,81.91,80.99,80.13,74.21,72.94,69.09,7.0,0
STU0012,5,2022-23,DS506,1.165,86.55,83.73,87.83,66.08,67.38,67.2,73.51,8.0,0
STU0012,6,2022-23,DS601,0.992,81.71,85.15,85.59,70.0,64.13,60.11,55.18,6.0,0
STU0012,6,2022-23,DS602,1.001,79.56,78.63,83.42,77.72,77.58,77.19,82.83,9.0,0
STU0012,6,2022-23,DS603,1.062,83.03,78.04,79.42,71.75,68.91,70.22,69.13,7.0,0
STU0012,6,2022-23,DS604,0.978,74.39,73.62,77.01,70.3,70.53,67.13,68.21,7.0,0
STU0012,6,2022-23,DS605,0.974,80.59,85.25,88.5,70.72,72.96,75.38,77.31,8.0,0
STU0012,6,2022-23,DS606,0.797,88.37,86.38,85.13,98.0,98.0,96.26,89.65,9.0,0
STU0012,7,2023-24,DS701,0.88,78.6,83.55,86.26,86.98,88.37,85.66,86.08,9.0,0
STU0012,7,2023-24,DS702,1.009,83.8,87.18,88.91,74.71,78.05,77.64,74.39,8.0,0
STU0012,7,2023-24,DS703,0.952,80.26,83.45,82.8,75.08,75.33,75.84,76.4,8.0,0
STU0012,7,2023-24,DS704,1.11,84.0,81.92,79.76,64.32,67.47,73.99,73.04,8.0,0
STU0012,7,2023-24,DS705,0.971,85.79,87.56,89.09,73.55,76.6,72.42,69.02,7.0,0
STU0012,8,2023-24,DS801,0.973,76.44,79.79,83.74,64.22,68.62,64.97,67.55,7.0,0
STU0012,8,2023-24,DS802,0.992,82.32,81.67,85.91,66.39,69.12,74.08,76.23,8.0,0
STU0012,8,2023-24,DS803,1.279,80.08,83.43,83.06,62.45,62.42,60.67,64.59,7.0,0
STU0012,8,2023-24,DS804,0.941,76.55,74.74,76.91,83.46,83.96,89.89,85.82,9.0,0
STU0013,1,2020-21,CS101,0.986,92.31,94.73,93.18,83.08,82.88,78.71,78.37,8.0,0
STU0013,1,2020-21,CS102,0.983,91.32,91.43,91.69,80.52,86.24,80.98,78.82,8.0,0
STU0013,1,2020-21,MA101,1.334,87.83,83.09,85.66,50.54,49.48,59.14,54.5,6.0,0
STU0013,1,2020-21,PH101,0.762,85.98,89.13,93.06,98.0,98.0,98.0,99.5,10.0,0
STU0013,1,2020-21,EE101,0.97,82.77,79.9,78.4,82.43,81.59,86.62,90.45,10.0,0
STU0013,2,2020-21,CS201,1.043,96.4,99.0,99.0,88.98,82.51,80.19,79.81,8.0,0
STU0013,2,2020-21,CS202,1.053,99.0,98.91,93.94,82.17,85.57,76.83,76.82,8.0,0
STU0013,2,2020-21,MA201,0.809,93.48,90.32,93.15,98.0,92.21,96.18,91.87,10.0,0
STU0013,2,2020-21,CH101,1.04,92.88,91.6,93.37,81.55,87.56,87.19,88.11,9.0,0
STU0013,2,2020-21,ME101,0.947,96.87,98.4,98.06,77.6,79.09,80.73,78.69,8.0,0
STU0013,3,2021-22,CS301,1.059,96.35,92.37,89.5,80.86,81.48,79.0,80.53,9.0,0
STU0013,3,2021-22,CS302,0.902,99.0,99.0,97.37,84.11,72.33,65.66,61.65,7.0,0
STU0013,3,2021-22,CS303,1.016,95.97,91.26,90.27,80.0,82.37,73.83,73.44,8.0,0
STU0013,3,2021-22,MA301,0.834,99.0,99.0,95.86,90.57,88.49,78.36,79.36,8.0,0
STU0013,3,2021-22,EC301,0.967,99.0,95.16,92.99,73.86,69.34,64.02,67.01,7.0,0
STU0013,3,2021-22,CS304,0.916,97.77,96.43,91.99,85.09,87.78,82.35,84.78,9.0,0
STU0013,4,2021-22,CS401,1.064,88.74,88.87,87.77,75.89,65.18,56.94,58.79,6.0,0
STU0013,4,2021-22,CS402,1.124,87.75,86.9,87.93,74.64,65.52,61.53,60.53,7.0,0
STU0013,4,2021-22,CS403,1.084,99.0,98.2,93.28,75.82,81.76,82.25,79.53,8.0,0
STU0013,4,2021-22,CS404,1.115,94.05,90.46,91.79,76.77,82.09,81.79,80.71,9.0,0
STU0013,4,2021-22,MA401,1.147,86.55,88.09,83.29,75.09,73.93,79.63,81.11,9.0,0
STU0013,4,2021-22,CS405,0.853,97.09,99.0,99.0,89.99,88.62,89.27,87.16,9.0,0
STU0013,5,2022-23,CS501,0.676,94.63,93.42,93.15,98.0,98.0,98.0,98.85,10.0,0
STU0013,5,2022-23,CS502,0.959,93.11,93.18,90.37,94.27,96.35,98.0,99.5,10.0,0
STU0013,5,2022-23,CS503,0.918,96.56,93.23,95.66,92.94,88.33,89.59,81.57,9.0,0
STU0013,5,2022-23,CS504,0.79,92.57,92.85,91.56,98.0,94.32,96.08,97.83,10.0,0
STU0013,5,2022-23,CS505,0.998,97.9,99.0,96.38,86.43,80.12,79.63,82.96,9.0,0
STU0013,5,2022-23,CS506,1.082,98.88,97.82,99.0,80.03,86.65,86.56,88.68,9.0,0
STU0013,6,2022-23,CS601,1.026,97.42,96.95,92.33,95.5,93.39,94.1,97.57,10.0,0
STU0013,6,2022-23,CS602,0.927,88.23,89.12,82.84,92.42,93.52,92.31,87.68,9.0,0
STU0013,6,2022-23,CS603,1.191,92.68,97.69,96.78,68.64,69.85,68.88,65.34,7.0,0
STU0013,6,2022-23,CS604,1.176,89.77,83.33,87.98,71.44,68.71,60.76,65.98,7.0,0
STU0013,6,2022-23,CS605,0.845,92.5,95.69,97.17,98.0,90.34,86.7,87.26,9.0,0
STU0013,6,2022-23,CS606,0.906,93.08,95.46,98.83,89.95,98.0,98.0,97.99,10.0,0
STU0013,7,2023-24,CS701,0.827,98.1,89.77,90.45,98.0,97.82,94.88,88.73,9.0,0
STU0013,7,2023-24,CS702,1.045,99.0,96.93,98.47,74.33,76.38,74.61,72.33,8.0,0
STU0013,7,2023-24,CS703,0.909,97.43,98.76,94.17,92.49,92.3,87.35,92.74,10.0,0
STU0013,7,2023-24,CS704,0.898,96.32,92.9,99.0,98.0,93.79,98.0,98.6,10.0,0
STU0013,7,2023-24,CS705,1.031,97.62,95.0,96.18,80.55,88.73,83.02,87.63,9.0,0
STU0013,8,2023-24,CS801,1.1,91.22,94.24,84.77,71.17,67.01,61.37,60.73,7.0,0
STU0013,8,2023-24,CS802,1.046,96.55,97.39,95.06,80.45,81.01,85.23,87.56,9.0,0
STU0013,8,2023-24,CS803,1.004,90.15,87.87,85.94,80.37,81.58,84.8,84.64,9.0,0
STU0013,8,2023-24,CS804,1.002,94.31,92.51,89.27,73.31,70.18,72.31,70.2,8.0,0
STU0014,1,2020-21,EC101,1.062,85.11,88.6,92.54,69.21,65.5,70.86,70.42,8.0,0
STU0014,1,2020-21,EC102,0.734,83.83,82.95,78.88,98.0,98.0,98.0,97.13,10.0,0
STU0014,1,2020-21,MA101,1.129,95.14,99.0,99.0,60.65,62.72,67.44,67.2,7.0,0
STU0014,1,2020-21,PH101,1.209,92.86,94.85,98.66,67.43,56.22,53.97,57.56,6.0,0
STU0014,1,2020-21,EE101,0.903,88.53,84.87,91.12,96.48,92.5,93.16,91.12,10.0,0
STU0014,2,2020-21,EC201,1.097,90.88,99.0,95.4,66.25,64.48,57.43,52.95,6.0,0
STU0014,2,2020-21,EC202,0.88,85.87,82.52,84.34,90.77,89.97,93.99,91.69,10.0,0
STU0014,2,2020-21,MA201,0.968,91.02,84.22,75.87,86.52,88.73,98.0,98.47,10.0,0
STU0014,2,2020-21,CH101,1.098,88.77,89.81,95.65,64.12,65.98,75.59,76.44,8.0,0
STU0014,2,2020-21,ME101,1.198,87.04,86.93,87.04,57.43,52.18,47.24,49.71,5.0,0
STU0014,3,2021-22,EC301,1.099,88.34,92.55,92.58,75.7,74.5,77.58,76.32,8.0,0
STU0014,3,2021-22,EC302,1.117,84.47,80.62,83.03,73.73,71.69,75.69,73.87,8.0,0
STU0014,3,2021-22,EC303,0.976,94.59,99.0,99.0,83.49,89.03,84.76,82.04,9.0,0
STU0014,3,2021-22,MA301,0.718,95.69,92.67,92.22,98.0,98.0,96.31,92.4,10.0,0
STU0014,3,2021-22,CS301,1.053,83.26,80.33,72.96,71.57,72.38,63.54,59.09,6.0,0
STU0014,3,2021-22,EC304,1.0,86.82,93.8,99.0,78.55,81.06,84.43,82.64,9.0,0
STU0014,4,2021-22,EC401,0.979,86.25,87.79,85.17,71.61,72.1,73.83,70.3,8.0,0
STU0014,4,2021-22,EC402,1.111,80.91,78.88,77.98,64.99,62.45,70.87,68.31,7.0,0
STU0014,4,2021-22,EC403,1.293,89.74,90.06,91.73,71.25,66.77,61.73,59.47,6.0,0
STU0014,4,2021-22,EC404,1.004,81.09,81.16,87.09,76.23,74.91,72.13,74.82,8.0,0
STU0014,4,2021-22,MA401,0.901,95.37,99.0,99.0,84.04,88.68,93.6,91.18,10.0,0
STU0014,4,2021-22,EC405,0.937,82.7,84.13,86.46,74.12,72.07,66.01,63.31,7.0,0
STU0014,5,2022-23,EC501,0.964,79.32,79.97,79.82,81.32,80.47,81.28,78.84,8.0,0
STU0014,5,2022-23,EC502,0.823,93.05,90.83,90.49,98.0,98.0,92.4,93.75,10.0,0
STU0014,5,2022-23,EC503,0.915,83.67,81.15,77.21,89.29,82.66,86.92,87.08,9.0,0
STU0014,5,2022-23,EC504,1.051,83.96,82.68,83.68,72.13,70.52,66.65,63.98,7.0,0
STU0014,5,2022-23,EC505,0.747,91.18,88.78,92.85,98.0,92.21,87.32,95.0,10.0,0
STU0014,5,2022-23,EC506,1.21,85.7,86.6,84.39,69.84,66.62,57.47,53.51,6.0,0
STU0014,6,2022-23,EC601,0.992,80.33,77.6,80.58,82.2,82.16,86.11,87.56,9.0,0
STU0014,6,2022-23,EC602,1.174,82.79,81.29,76.74,66.29,70.63,76.48,79.36,8.0,0
STU0014,6,2022-23,EC603,0.785,88.96,82.53,85.67,98.0,98.0,92.0,95.52,10.0,0
STU0014,6,2022-23,EC604,0.824,81.96,78.47,72.33,97.91,98.0,98.0,98.29,10.0,0
STU0014,6,2022-23,EC605,1.134,85.56,87.31,86.11,71.8,74.22,71.61,71.38,8.0,0
STU0014,6,2022-23,EC606,0.993,87.94,84.21,84.03,90.44,95.68,98.0,98.07,10.0,0
STU0014,7,2023-24,EC701,1.187,83.23,78.62,83.2,67.02,64.0,58.35,56.69,6.0,0
STU0014,7,2023-24,EC702,0.832,99.0,98.92,98.72,98.0,98.0,98.0,99.5,10.0,0
STU0014,7,2023-24,EC703,0.924,89.84,92.53,90.69,87.84,89.63,93.16,87.83,9.0,0
STU0014,7,2023-24,EC704,1.086,90.1,92.57,95.29,82.84,88.93,94.99,99.32,10.0,0
STU0014,7,2023-24,EC705,1.035,91.16,94.22,96.78,76.92,78.74,78.59,76.02,8.0,0
STU0014,8,2023-24,EC801,1.246,81.69,79.74,79.85,73.21,75.0,76.4,73.02,8.0,0
STU0014,8,2023-24,EC802,0.861,89.48,84.71,82.85,98.0,93.58,98.0,99.5,10.0,0
STU0014,8,2023-24,EC803,0.811,84.46,76.46,73.72,98.0,96.14,98.0,93.43,10.0,0
STU0014,8,2023-24,EC804,1.096,85.97,86.01,85.69,70.41,65.22,69.58,70.77,8.0,0
STU0015,1,2020-21,AI101,1.017,76.82,75.87,75.78,79.64,82.73,89.64,91.43,10.0,0
STU0015,1,2020-21,AI102,0.915,84.19,85.02,81.73,75.78,74.86,82.08,75.84,8.0,0
STU0015,1,2020-21,MA101,1.145,79.98,75.17,79.3,65.75,71.39,75.0,81.17,9.0,0
STU0015,1,2020-21,PH101,1.067,83.1,84.3,88.65,62.71,59.78,58.38,52.07,6.0,0
STU0015,1,2020-21,EE101,1.017,76.18,76.36,79.39,67.53,75.08,68.5,72.08,8.0,0
STU0015,2,2020-21,AI201,1.325,75.31,72.23,67.31,51.4,50.82,51.28,50.39,6.0,0
STU0015,2,2020-21,AI202,1.076,74.01,67.24,66.71,52.82,54.41,50.01,41.5,5.0,0
STU0015,2,2020-21,MA201,0.885,72.29,70.96,71.13,66.52,68.59,76.28,78.23,8.0,0
STU0015,2,2020-21,CH101,0.975,71.22,64.88,59.13,70.72,80.2,67.98,70.08,8.0,0
STU0015,2,2020-21,ME101,0.919,74.22,70.94,66.15,76.36,77.54,80.55,75.49,8.0,0
STU0015,3,2021-22,AI301,1.051,84.31,85.39,84.83,71.8,70.15,70.64,65.42,7.0,0
STU0015,3,2021-22,AI302,1.037,82.99,84.79,87.55,64.83,64.97,65.76,66.86,7.0,0
STU0015,3,2021-22,AI303,1.095,88.63,87.3,92.89,68.03,74.36,75.92,77.14,8.0,0
STU0015,3,2021-22,MA301,0.986,84.22,87.63,88.56,70.71,66.11,73.11,73.45,8.0,0
STU0015,3,2021-22,CS301,0.853,86.32,85.61,84.77,85.39,84.5,83.12,87.21,9.0,0
STU0015,3,2021-22,AI304,0.791,85.79,89.04,91.23,94.03,98.0,98.0,94.53,10.0,0
STU0015,4,2021-22,AI401,0.838,76.03,77.13,79.12,80.71,84.17,92.8,93.87,10.0,0
STU0015,4,2021-22,AI402,0.864,87.02,91.69,93.06,77.22,76.67,79.12,78.6,8.0,0
STU0015,4,2021-22,AI403,1.285,87.1,83.19,89.67,43.34,43.4,45.51,47.16,5.0,0
STU0015,4,2021-22,AI404,1.058,79.2,80.9,84.76,62.47,56.61,53.66,50.53,6.0,0
STU0015,4,2021-22,MA401,1.041,77.53,73.6,71.27,49.08,48.95,39.47,40.93,5.0,0
STU0015,4,2021-22,AI405,0.952,81.24,79.62,79.41,66.42,72.34,76.91,83.6,9.0,0
STU0015,5,2022-23,AI501,0.945,81.29,83.18,79.68,74.75,74.67,71.39,68.24,7.0,0
STU0015,5,2022-23,AI502,1.303,77.4,77.16,81.44,56.04,53.91,48.54,48.93,5.0,0
STU0015,5,2022-23,AI503,0.683,83.67,83.79,87.53,96.11,94.65,96.62,97.23,10.0,0
STU0015,5,2022-23,AI504,0.839,80.4,85.3,86.2,74.61,78.59,71.39,70.47,8.0,0
STU0015,5,2022-23,AI505,1.068,87.84,79.66,82.15,69.48,66.97,67.38,58.22,6.0,0
STU0015,5,2022-23,AI506,0.67,87.42,85.53,84.32,98.0,96.35,94.29,95.47,10.0,0
STU0015,6,2022-23,AI601,0.972,83.04,79.05,79.2,61.09,54.12,51.41,48.98,5.0,0
STU0015,6,2022-23,AI602,1.151,87.59,93.08,90.59,51.43,53.17,55.88,58.05,6.0,0
STU0015,6,2022-23,AI603,0.893,83.63,82.38,87.56,63.15,60.77,64.06,66.09,7.0,0
STU0015,6,2022-23,AI604,1.067,87.39,83.66,81.24,62.72,66.2,60.19,62.8,7.0,0
STU0015,6,2022-23,AI605,1.157,87.28,88.77,92.31,49.15,59.63,65.13,66.7,7.0,0
STU0015,6,2022-23,AI606,0.996,89.04,83.58,90.87,66.79,73.37,73.51,72.43,8.0,0
STU0015,7,2023-24,AI701,0.938,84.93,86.84,84.53,73.6,73.52,66.73,64.72,7.0,0
STU0015,7,2023-24,AI702,1.157,81.93,85.06,85.49,54.61,65.91,60.14,57.92,6.0,0
STU0015,7,2023-24,AI703,0.997,95.34,95.27,96.23,62.68,64.29,63.06,65.14,7.0,0
STU0015,7,2023-24,AI704,1.093,84.74,80.8,81.13,65.73,62.01,63.51,59.89,6.0,0
STU0015,7,2023-24,AI705,0.875,90.88,93.3,94.52,61.71,59.23,61.96,57.61,6.0,0
STU0015,8,2023-24,AI801,0.819,78.77,73.55,74.72,77.17,81.12,81.66,87.31,9.0,0
STU0015,8,2023-24,AI802,0.852,86.82,84.03,86.14,77.47,73.0,72.29,72.51,8.0,0
STU0015,8,2023-24,AI803,0.928,88.4,84.79,92.11,75.3,76.87,89.67,88.74,9.0,0
STU0015,8,2023-24,AI804,1.073,86.38,89.17,94.41,63.73,68.41,65.94,65.32,7.0,0
STU0016,1,2020-21,DS101,1.03,79.74,83.12,80.38,55.64,56.16,45.35,47.18,5.0,0
STU0016,1,2020-21,DS102,1.045,81.34,80.42,80.0,56.17,57.0,55.88,56.22,6.0,0
STU0016,1,2020-21,MA101,0.981,81.34,82.31,85.05,61.41,63.19,65.53,61.68,7.0,0
STU0016,1,2020-21,PH101,1.117,90.97,90.67,90.07,55.18,57.97,60.27,55.5,6.0,0
STU0016,1,2020-21,EE101,0.896,84.78,84.27,80.19,77.63,74.03,74.19,73.68,8.0,0
STU0016,2,2020-21,DS201,1.047,79.23,78.05,80.16,39.76,35.96,36.92,35.34,0.0,1
STU0016,2,2020-21,DS202,0.935,84.71,82.49,89.42,46.81,36.85,40.81,28.86,0.0,1
STU0016,2,2020-21,MA201,1.003,84.68,82.78,75.21,55.33,56.9,55.28,57.14,6.0,0
STU0016,2,2020-21,CH101,1.099,75.05,75.13,67.16,46.66,44.98,47.2,43.98,5.0,0
STU0016,2,2020-21,ME101,0.949,68.24,70.19,69.88,55.18,48.46,50.25,55.2,6.0,0
STU0016,3,2021-22,DS301,0.896,82.65,77.29,80.05,62.83,57.34,53.73,53.91,6.0,0
STU0016,3,2021-22,DS302,1.111,88.88,88.41,83.63,51.19,59.23,51.92,56.26,6.0,0
STU0016,3,2021-22,DS303,0.895,77.42,78.82,78.72,59.78,55.0,52.99,51.29,6.0,0
STU0016,3,2021-22,MA301,1.196,86.95,84.53,85.11,51.16,48.05,41.67,36.28,0.0,1
STU0016,3,2021-22,CS301,1.153,82.2,83.22,81.21,41.85,36.98,30.95,33.5,0.0,1
STU0016,3,2021-22,DS304,1.179,83.11,77.8,79.54,53.43,57.81,57.67,56.97,6.0,0
STU0016,4,2021-22,DS401,1.091,83.72,82.28,80.6,46.12,52.2,48.66,50.13,6.0,0
STU0016,4,2021-22,DS402,0.921,83.35,82.95,84.86,59.68,54.55,54.64,52.34,6.0,0
STU0016,4,2021-22,DS403,1.185,84.22,81.88,88.8,51.06,47.02,43.46,44.88,5.0,0
STU0016,4,2021-22,DS404,1.005,88.82,86.5,88.96,44.65,43.96,41.18,39.82,0.0,1
STU0016,4,2021-22,MA401,0.988,89.82,85.78,78.12,51.65,56.25,48.85,47.13,5.0,0
STU0016,4,2021-22,DS405,1.101,85.03,88.98,81.86,49.39,55.41,50.34,53.44,6.0,0
STU0016,5,2022-23,DS501,1.152,83.82,81.75,83.72,44.74,45.97,40.34,40.43,5.0,0
STU0016,5,2022-23,DS502,1.143,80.9,84.73,95.56,48.29,51.05,53.2,53.87,6.0,0
STU0016,5,2022-23,DS503,1.095,81.11,78.79,73.44,48.85,52.9,48.68,49.42,5.0,0
STU0016,5,2022-23,DS504,0.985,79.62,73.13,77.9,58.76,70.75,75.61,79.63,8.0,0
STU0016,5,2022-23,DS505,0.79,75.03,75.18,71.16,66.64,78.01,83.36,80.56,9.0,0
STU0016,5,2022-23,DS506,0.716,78.02,76.07,74.94,70.89,75.98,72.77,74.72,8.0,0
STU0016,6,2022-23,DS601,0.971,80.42,78.32,76.27,68.48,68.83,68.85,71.5,8.0,0
STU0016,6,2022-23,DS602,1.0,88.6,87.3,85.64,51.6,59.93,59.61,56.09,6.0,0
STU0016,6,2022-23,DS603,1.024,81.52,80.15,81.24,62.8,63.26,60.06,65.74,7.0,0
STU0016,6,2022-23,DS604,0.94,86.29,85.47,84.78,62.15,59.47,66.19,65.71,7.0,0
STU0016,6,2022-23,DS605,1.074,89.94,93.55,88.62,54.82,58.65,62.66,59.32,6.0,0
STU0016,6,2022-23,DS606,0.921,88.09,85.43,84.38,69.22,69.0,65.73,63.1,7.0,0
STU0016,7,2023-24,DS701,0.97,76.36,80.91,83.25,55.81,61.11,59.76,56.06,6.0,0
STU0016,7,2023-24,DS702,0.979,80.78,81.36,81.4,67.02,60.58,54.79,49.94,5.0,0
STU0016,7,2023-24,DS703,1.045,75.69,81.09,81.95,53.13,53.14,53.67,55.85,6.0,0
STU0016,7,2023-24,DS704,0.998,72.78,75.22,76.62,56.75,58.94,57.21,55.62,6.0,0
STU0016,7,2023-24,DS705,0.772,73.72,67.55,65.31,77.52,70.75,69.89,70.09,8.0,0
STU0016,8,2023-24,DS801,1.039,80.29,80.3,78.81,57.58,51.68,54.77,56.03,6.0,0
STU0016,8,2023-24,DS802,1.024,78.4,71.78,76.64,58.23,53.91,57.32,57.89,6.0,0
STU0016,8,2023-24,DS803,0.93,83.2,81.7,86.44,62.16,66.47,69.08,70.67,8.0,0
STU0016,8,2023-24,DS804,1.026,75.53,75.75,78.95,57.53,59.79,50.36,49.72,5.0,0
STU0017,1,2020-21,CS101,1.108,49.05,51.97,56.63,44.43,44.09,48.45,46.16,5.0,0
STU0017,1,2020-21,CS102,1.079,53.48,49.22,50.25,46.57,38.83,45.2,43.95,5.0,0
STU0017,1,2020-21,MA101,1.061,63.57,64.44,68.89,43.18,49.58,45.86,44.15,5.0,0
STU0017,1,2020-21,PH101,0.825,58.22,60.43,63.11,53.91,55.6,57.45,59.3,6.0,0
STU0017,1,2020-21,EE101,0.907,47.13,49.6,49.09,56.96,56.54,57.59,59.8,6.0,0
STU0017,2,2020-21,CS201,0.978,77.12,75.51,73.13,42.93,45.18,43.94,45.66,5.0,0
STU0017,2,2020-21,CS202,0.954,70.75,78.58,79.83,46.98,40.36,46.45,49.65,5.0,0
STU0017,2,2020-21,MA201,0.914,74.8,75.95,76.12,53.17,50.87,47.62,48.24,5.0,0
STU0017,2,2020-21,CH101,1.063,74.48,73.95,70.98,52.81,47.92,48.17,50.51,6.0,0
STU0017,2,2020-21,ME101,1.138,68.34,61.78,59.72,41.84,44.71,47.72,57.06,6.0,0
STU0017,3,2021-22,CS301,1.205,83.76,84.8,83.18,40.67,37.57,37.29,33.2,0.0,1
STU0017,3,2021-22,CS302,0.83,86.89,81.25,84.35,50.22,53.05,52.11,56.08,6.0,0
STU0017,3,2021-22,CS303,0.96,73.65,72.99,73.55,50.94,53.53,50.99,47.2,5.0,0
STU0017,3,2021-22,MA301,0.88,79.62,77.79,86.21,62.58,65.67,67.67,68.57,7.0,0
STU0017,3,2021-22,EC301,1.037,82.34,82.48,75.16,45.95,44.87,41.5,39.83,0.0,1
STU0017,3,2021-22,CS304,1.036,84.76,85.8,88.4,51.62,50.27,52.64,54.6,6.0,0
STU0017,4,2021-22,CS401,0.932,72.91,71.87,68.84,57.28,56.47,55.02,60.64,7.0,0
STU0017,4,2021-22,CS402,0.864,63.97,60.25,58.36,70.15,71.41,72.63,69.81,7.0,0
STU0017,4,2021-22,CS403,0.949,71.11,72.86,71.67,58.19,59.39,55.62,54.51,6.0,0
STU0017,4,2021-22,CS404,1.271,65.39,59.9,61.68,48.34,44.27,42.21,46.57,5.0,0
STU0017,4,2021-22,MA401,1.004,63.25,58.57,62.32,51.97,42.2,35.12,33.44,0.0,1
STU0017,4,2021-22,CS405,0.871,60.16,68.36,70.84,48.1,46.68,46.28,41.85,5.0,0
STU0017,5,2022-23,CS501,1.132,57.29,65.52,60.01,41.46,44.57,49.9,52.32,6.0,0
STU0017,5,2022-23,CS502,1.13,57.03,57.73,56.99,41.56,40.22,39.57,36.72,0.0,1
STU0017,5,2022-23,CS503,0.995,47.27,51.17,52.66,52.63,53.48,48.5,52.69,6.0,0
STU0017,5,2022-23,CS504,0.979,54.38,58.85,60.85,56.34,63.08,61.67,64.76,7.0,0
STU0017,5,2022-23,CS505,0.965,53.24,52.85,52.65,54.74,60.79,57.5,46.28,5.0,0
STU0017,5,2022-23,CS506,0.984,47.19,48.81,50.35,58.26,46.75,46.96,46.59,5.0,0
STU0017,6,2022-23,CS601,0.987,55.2,46.16,43.25,47.16,52.22,50.81,56.61,6.0,0
STU0017,6,2022-23,CS602,0.785,42.88,46.44,38.21,60.8,59.48,55.42,54.14,6.0,0
STU0017,6,2022-23,CS603,0.845,49.67,49.73,48.27,51.36,52.51,59.98,59.18,6.0,0
STU0017,6,2022-23,CS604,1.098,47.08,42.41,44.0,40.61,45.7,51.66,54.18,6.0,0
STU0017,6,2022-23,CS605,1.098,37.24,38.8,41.82,35.43,35.47,30.78,33.86,0.0,1
STU0017,6,2022-23,CS606,0.885,47.77,46.15,54.02,56.86,64.12,55.96,52.15,6.0,0
STU0017,7,2023-24,CS701,0.919,61.43,58.06,51.68,64.08,56.07,61.63,58.95,6.0,0
STU0017,7,2023-24,CS702,0.869,53.32,51.91,52.79,70.18,69.2,63.98,66.17,7.0,0
STU0017,7,2023-24,CS703,0.917,49.73,50.23,43.48,65.97,66.85,71.9,70.4,8.0,0
STU0017,7,2023-24,CS704,1.159,55.33,55.23,61.59,51.12,48.79,49.34,47.73,5.0,0
STU0017,7,2023-24,CS705,1.045,58.49,58.46,58.78,60.16,65.51,63.47,63.99,7.0,0
STU0017,8,2023-24,CS801,0.777,69.68,71.51,73.59,66.17,66.85,70.65,68.01,7.0,0
STU0017,8,2023-24,CS802,0.926,69.19,66.85,66.12,55.34,63.53,65.88,65.11,7.0,0
STU0017,8,2023-24,CS803,0.947,60.83,60.45,62.78,55.1,55.58,53.92,58.06,6.0,0
STU0017,8,2023-24,CS804,0.924,68.86,73.73,72.41,57.7,61.85,53.84,55.13,6.0,0
STU0018,1,2020-21,EC101,0.97,78.58,76.05,70.51,80.0,79.23,93.67,91.24,10.0,0
STU0018,1,2020-21,EC102,0.922,75.36,74.74,80.25,82.51,75.74,81.15,83.2,9.0,0
STU0018,1,2020-21,MA101,1.058,76.21,74.07,74.55,64.78,70.68,68.0,62.16,7.0,0
STU0018,1,2020-21,PH101,0.844,73.99,73.07,73.83,84.94,87.01,85.88,85.23,9.0,0
STU0018,1,2020-21,EE101,1.21,83.77,85.2,88.41,49.4,45.7,43.76,41.32,5.0,0
STU0018,2,2020-21,EC201,1.166,75.69,77.96,77.81,59.15,63.29,56.86,51.27,6.0,0
STU0018,2,2020-21,EC202,0.827,79.15,79.46,80.78,94.93,89.69,95.11,93.92,10.0,0
STU0018,2,2020-21,MA201,0.934,76.06,76.9,76.16,79.66,80.04,79.14,77.89,8.0,0
STU0018,2,2020-21,CH101,1.029,70.31,66.55,65.27,72.3,81.94,81.22,75.9,8.0,0
STU0018,2,2020-21,ME101,0.905,78.37,74.98,70.41,82.33,84.42,77.79,75.11,8.0,0
STU0018,3,2021-22,EC301,0.856,69.51,70.45,69.42,97.51,98.0,93.7,92.4,10.0,0
STU0018,3,2021-22,EC302,0.892,74.02,75.99,76.5,84.91,88.18,86.6,96.12,10.0,0
STU0018,3,2021-22,EC303,0.804,76.39,75.87,75.72,98.0,98.0,98.0,98.07,10.0,0
STU0018,3,2021-22,MA301,0.868,69.91,74.0,72.09,98.0,98.0,98.0,99.18,10.0,0
STU0018,3,2021-22,CS301,1.048,74.69,68.56,66.63,78.81,75.89,70.11,67.86,7.0,0
STU0018,3,2021-22,EC304,1.124,80.46,81.06,83.12,67.92,64.34,65.74,62.73,7.0,0
STU0018,4,2021-22,EC401,0.802,71.95,75.55,73.34,89.87,79.94,88.22,88.56,9.0,0
STU0018,4,2021-22,EC402,0.927,67.55,60.85,63.02,94.33,90.81,98.0,97.65,10.0,0
STU0018,4,2021-22,EC403,1.2,70.24,71.31,77.76,69.06,70.75,62.01,57.49,6.0,0
STU0018,4,2021-22,EC404,1.055,74.88,75.33,73.26,64.91,61.38,61.97,59.4,6.0,0
STU0018,4,2021-22,MA401,0.884,68.8,73.87,76.27,89.84,90.69,93.17,92.84,10.0,0
STU0018,4,2021-22,EC405,0.951,71.96,71.17,67.01,89.45,81.04,87.87,89.39,9.0,0
STU0018,5,2022-23,EC501,0.949,77.38,80.14,81.76,81.61,81.09,89.02,92.69,10.0,0
STU0018,5,2022-23,EC502,0.943,77.4,79.93,79.02,76.66,82.13,82.06,82.84,9.0,0
STU0018,5,2022-23,EC503,1.168,84.29,82.44,81.67,63.61,64.04,65.74,64.27,7.0,0
STU0018,5,2022-23,EC504,0.848,81.17,83.31,81.85,89.29,97.54,93.99,99.5,10.0,0
STU0018,5,2022-23,EC505,0.83,75.4,74.89,76.28,91.68,90.67,92.87,92.6,10.0,0
STU0018,5,2022-23,EC506,1.089,75.42,76.05,75.69,74.3,76.12,70.17,68.76,7.0,0
STU0018,6,2022-23,EC601,1.021,70.28,70.04,68.94,80.66,76.18,76.1,74.05,8.0,0
STU0018,6,2022-23,EC602,1.224,79.08,73.33,70.54,67.15,69.21,71.12,71.7,8.0,0
STU0018,6,2022-23,EC603,1.114,77.18,76.16,71.96,60.51,60.04,51.76,52.52,6.0,0
STU0018,6,2022-23,EC604,0.963,81.83,83.03,82.93,71.7,66.02,69.09,68.15,7.0,0
STU0018,6,2022-23,EC605,1.304,73.72,74.31,69.7,63.65,59.48,61.84,64.28,7.0,0
STU0018,6,2022-23,EC606,1.011,81.08,78.94,84.81,69.61,73.21,72.56,70.44,8.0,0
STU0018,7,2023-24,EC701,0.961,73.71,76.24,73.41,82.77,80.34,83.05,83.32,9.0,0
STU0018,7,2023-24,EC702,0.976,73.17,69.88,68.53,66.14,63.67,61.57,64.1,7.0,0
STU0018,7,2023-24,EC703,0.96,71.22,71.99,72.62,71.1,72.87,72.07,70.29,8.0,0
STU0018,7,2023-24,EC704,0.941,76.81,75.18,76.1,69.18,74.2,71.58,72.78,8.0,0
STU0018,7,2023-24,EC705,0.97,74.57,76.12,75.62,63.98,68.89,68.26,69.37,7.0,0
STU0018,8,2023-24,EC801,1.062,69.24,70.59,70.66,73.7,73.91,69.16,70.09,8.0,0
STU0018,8,2023-24,EC802,1.05,73.61,78.87,78.54,76.58,71.32,78.39,73.9,8.0,0
STU0018,8,2023-24,EC803,1.027,69.77,69.99,65.41,82.82,78.52,83.77,80.99,9.0,0
STU0018,8,2023-24,EC804,1.117,68.9,66.75,66.75,67.84,63.89,60.13,61.08,7.0,0
STU0019,1,2020-21,AI101,0.961,82.82,86.49,88.51,58.42,52.92,44.02,43.83,5.0,0
STU0019,1,2020-21,AI102,0.761,79.82,84.73,80.7,68.68,71.54,58.92,60.06,7.0,0
STU0019,1,2020-21,MA101,1.176,77.13,73.48,75.54,42.73,46.38,41.48,46.78,5.0,0
STU0019,1,2020-21,PH101,1.079,80.77,86.76,90.37,54.78,46.39,43.24,46.49,5.0,0
STU0019,1,2020-21,EE101,0.844,77.56,73.98,75.39,72.52,76.87,73.03,74.19,8.0,0
STU0019,2,2020-21,AI201,1.062,83.81,76.29,76.64,57.44,58.48,58.85,57.16,6.0,0
STU0019,2,2020-21,AI202,1.166,77.5,77.15,75.51,46.48,52.89,48.81,49.15,5.0,0
STU0019,2,2020-21,MA201,1.047,76.32,76.11,82.59,42.3,40.41,41.54,40.41,5.0,0
STU0019,2,2020-21,CH101,1.346,81.76,78.11,69.93,41.47,38.07,43.87,43.05,5.0,0
STU0019,2,2020-21,ME101,0.932,77.23,80.68,82.14,66.24,65.28,69.16,71.8,8.0,0
STU0019,3,2021-22,AI301,1.057,77.98,77.55,74.73,46.02,51.64,53.58,49.55,5.0,0
STU0019,3,2021-22,AI302,1.086,83.44,86.17,83.05,51.44,48.97,52.84,54.28,6.0,0
STU0019,3,2021-22,AI303,1.335,71.81,71.62,64.88,47.81,52.61,59.1,59.67,6.0,0
STU0019,3,2021-22,MA301,0.77,78.17,79.7,76.18,76.35,70.6,67.85,70.58,8.0,0
STU0019,3,2021-22,CS301,1.082,72.79,70.32,70.52,56.46,53.47,55.62,55.51,6.0,0
STU0019,3,2021-22,AI304,0.691,76.09,73.98,76.36,90.1,82.58,84.55,84.33,9.0,0
STU0019,4,2021-22,AI401,0.993,82.56,82.95,82.8,55.69,60.42,54.66,52.25,6.0,0
STU0019,4,2021-22,AI402,0.839,78.76,82.89,81.74,63.33,70.7,72.73,73.56,8.0,0
STU0019,4,2021-22,AI403,0.977,80.63,81.55,79.86,57.43,52.84,47.69,46.8,5.0,0
STU0019,4,2021-22,AI404,1.139,73.82,76.75,73.95,41.7,44.16,51.49,48.93,5.0,0
STU0019,4,2021-22,MA401,0.812,79.78,76.54,78.42,76.79,78.28,81.92,84.37,9.0,0
STU0019,4,2021-22,AI405,1.119,78.14,80.86,81.44,53.49,67.22,68.31,63.81,7.0,0
STU0019,5,2022-23,AI501,0.968,82.98,86.94,86.57,51.25,51.69,49.25,49.88,5.0,0
STU0019,5,2022-23,AI502,0.985,84.03,85.0,83.11,50.26,50.04,49.84,49.05,5.0,0
STU0019,5,2022-23,AI503,1.093,73.64,70.97,71.15,48.76,47.16,46.88,48.94,5.0,0
STU0019,5,2022-23,AI504,0.988,71.29,69.18,70.92,60.86,64.54,69.49,77.05,8.0,0
STU0019,5,2022-23,AI505,1.077,79.76,81.59,78.78,50.76,51.63,52.88,53.84,6.0,0
STU0019,5,2022-23,AI506,0.983,77.66,88.71,91.89,59.37,58.32,56.29,55.9,6.0,0
STU0019,6,2022-23,AI601,0.812,70.34,71.07,70.23,79.24,72.57,69.19,73.75,8.0,0
STU0019,6,2022-23,AI602,1.016,76.43,83.61,81.18,56.92,55.69,46.9,45.96,5.0,0
STU0019,6,2022-23,AI603,1.106,75.05,77.22,75.9,49.46,55.17,52.93,53.82,6.0,0
STU0019,6,2022-23,AI604,1.02,78.74,82.14,77.6,51.26,53.86,53.57,52.21,6.0,0
STU0019,6,2022-23,AI605,1.122,73.64,73.82,76.55,50.11,57.16,53.62,55.59,6.0,0
STU0019,6,2022-23,AI606,1.172,67.38,66.18,70.18,55.54,54.77,51.46,54.33,6.0,0
STU0019,7,2023-24,AI701,0.856,76.65,78.86,77.81,75.73,72.53,63.01,61.74,7.0,0
STU0019,7,2023-24,AI702,1.008,74.65,70.59,64.24,58.84,62.88,68.54,72.1,8.0,0
STU0019,7,2023-24,AI703,0.902,71.14,72.88,75.1,70.6,61.53,57.63,57.54,6.0,0
STU0019,7,2023-24,AI704,1.058,78.82,79.33,80.48,58.89,61.97,63.38,63.58,7.0,0
STU0019,7,2023-24,AI705,0.968,76.08,77.77,78.71,65.84,71.89,73.08,71.13,8.0,0
STU0019,8,2023-24,AI801,0.87,76.29,78.1,73.74,67.81,65.09,62.9,65.73,7.0,0
STU0019,8,2023-24,AI802,1.085,74.87,72.96,68.24,63.04,65.7,62.52,64.68,7.0,0
STU0019,8,2023-24,AI803,0.992,73.8,75.32,72.73,59.48,60.02,57.78,59.78,6.0,0
STU0019,8,2023-24,AI804,1.224,71.93,66.1,59.1,48.81,45.83,46.76,47.16,5.0,0
STU0020,1,2020-21,DS101,1.036,68.58,67.09,61.29,60.74,66.47,67.72,65.18,7.0,0
STU0020,1,2020-21,DS102,1.005,62.58,66.28,66.57,51.3,49.95,52.03,51.03,6.0,0
STU0020,1,2020-21,MA101,0.967,63.14,65.13,62.86,51.75,50.08,54.49,53.33,6.0,0
STU0020,1,2020-21,PH101,1.209,69.76,70.94,70.49,49.69,48.5,47.14,48.73,5.0,0
STU0020,1,2020-21,EE101,0.888,63.74,59.81,66.97,70.76,72.13,67.37,69.24,7.0,0
STU0020,2,2020-21,DS201,0.883,76.8,75.31,72.64,78.89,71.97,74.52,76.57,8.0,0
STU0020,2,2020-21,DS202,0.894,72.88,72.1,73.08,73.48,75.43,83.36,81.84,9.0,0
STU0020,2,2020-21,MA201,0.794,79.46,85.35,86.73,78.18,77.62,72.59,74.52,8.0,0
STU0020,2,2020-21,CH101,0.838,74.96,71.44,71.89,77.43,78.22,78.32,75.36,8.0,0
STU0020,2,2020-21,ME101,1.075,75.96,72.5,80.35,64.14,63.45,69.82,75.35,8.0,0
STU0020,3,2021-22,DS301,0.881,76.1,75.4,76.05,76.87,79.39,80.46,76.83,8.0,0
STU0020,3,2021-22,DS302,0.887,74.5,73.52,77.19,68.89,67.28,71.57,70.67,8.0,0
STU0020,3,2021-22,DS303,1.055,76.13,77.03,76.23,66.16,59.2,57.57,58.46,6.0,0
STU0020,3,2021-22,MA301,1.064,82.66,81.29,86.47,59.01,64.99,68.66,65.92,7.0,0
STU0020,3,2021-22,CS301,1.037,76.49,78.67,77.89,62.4,68.56,68.12,70.6,8.0,0
STU0020,3,2021-22,DS304,0.973,83.36,80.98,78.83,75.76,73.75,80.96,83.64,9.0,0
STU0020,4,2021-22,DS401,0.998,68.45,72.54,78.1,62.98,66.59,70.03,73.25,8.0,0
STU0020,4,2021-22,DS402,1.06,60.28,59.73,55.69,61.5,65.91,67.28,70.73,8.0,0
STU0020,4,2021-22,DS403,1.041,62.85,54.03,54.55,62.58,58.18,50.53,48.32,5.0,0
STU0020,4,2021-22,DS404,0.977,70.71,71.37,77.0,62.66,66.62,66.84,68.92,7.0,0
STU0020,4,2021-22,MA401,0.948,72.33,73.37,70.99,69.86,68.78,70.98,67.44,7.0,0
STU0020,4,2021-22,DS405,0.996,69.63,69.74,74.46,70.36,70.33,71.3,72.19,8.0,0
STU0020,5,2022-23,DS501,0.964,62.06,66.53,66.32,70.09,74.13,76.03,72.64,8.0,0
STU0020,5,2022-23,DS502,0.991,66.66,60.55,58.14,68.16,67.64,60.97,64.42,7.0,0
STU0020,5,2022-23,DS503,0.988,68.15,69.55,66.79,71.62,69.97,65.93,67.65,7.0,0
STU0020,5,2022-23,DS504,1.179,70.9,74.13,72.31,50.1,56.81,66.05,70.68,8.0,0
STU0020,5,2022-23,DS505,0.96,63.38,59.65,53.76,70.83,78.05,77.41,85.52,9.0,0
STU0020,5,2022-23,DS506,0.954,69.25,70.22,69.9,66.75,66.63,75.03,64.85,7.0,0
STU0020,6,2022-23,DS601,1.067,70.15,68.55,65.16,62.42,61.92,66.72,67.61,7.0,0
STU0020,6,2022-23,DS602,1.17,75.48,70.52,75.61,60.48,57.14,59.11,61.61,7.0,0
STU0020,6,2022-23,DS603,1.014,75.36,73.81,74.83,68.27,73.72,72.48,69.59,7.0,0
STU0020,6,2022-23,DS604,1.309,78.97,81.89,83.72,53.05,52.03,39.41,36.22,0.0,1
STU0020,6,2022-23,DS605,1.039,67.4,67.65,69.96,69.81,72.5,76.82,81.63,9.0,0
STU0020,6,2022-23,DS606,1.132,79.06,78.59,78.99,58.93,63.96,66.53,65.39,7.0,0
STU0020,7,2023-24,DS701,0.887,74.09,71.21,74.48,77.18,76.66,80.89,78.75,8.0,0
STU0020,7,2023-24,DS702,1.049,70.24,71.09,73.08,68.57,68.72,70.71,69.87,7.0,0
STU0020,7,2023-24,DS703,1.107,79.62,76.38,82.56,63.69,72.67,71.36,73.48,8.0,0
STU0020,7,2023-24,DS704,1.084,72.58,72.84,77.88,64.95,63.07,57.88,62.58,7.0,0
STU0020,7,2023-24,DS705,0.942,78.93,76.83,80.92,80.62,79.59,76.29,74.33,8.0,0
STU0020,8,2023-24,DS801,1.019,75.1,74.22,73.76,52.3,51.42,54.67,54.26,6.0,0
STU0020,8,2023-24,DS802,1.031,81.5,80.3,82.86,69.6,62.74,61.19,68.18,7.0,0
STU0020,8,2023-24,DS803,1.02,79.42,78.52,82.98,58.23,62.4,61.15,58.9,6.0,0
STU0020,8,2023-24,DS804,0.972,79.38,77.63,81.53,62.33,62.96,65.38,65.77,7.0,0
STU0021,1,2020-21,CS101,1.075,90.23,93.62,87.02,72.03,76.08,74.23,72.59,8.0,0
STU0021,1,2020-21,CS102,0.916,83.49,85.82,93.81,78.75,76.65,76.72,71.92,8.0,0
STU0021,1,2020-21,MA101,0.917,87.39,84.27,88.46,75.0,79.06,85.67,86.81,9.0,0
STU0021,1,2020-21,PH101,0.984,88.61,87.07,79.94,71.03,70.98,66.74,65.51,7.0,0
STU0021,1,2020-21,EE101,1.058,88.2,91.91,92.94,72.38,69.17,63.18,61.94,7.0,0
STU0021,2,2020-21,CS201,0.872,91.79,89.23,87.96,80.37,85.42,93.33,98.82,10.0,0
STU0021,2,2020-21,CS202,0.846,86.93,84.96,86.25,84.48,81.85,78.87,75.88,8.0,0
STU0021,2,2020-21,MA201,0.682,83.23,86.26,91.39,98.0,98.0,93.45,89.9,9.0,0
STU0021,2,2020-21,CH101,0.783,86.09,86.39,82.87,91.81,94.75,92.61,88.59,9.0,0
STU0021,2,2020-21,ME101,1.166,88.56,95.36,95.68,61.01,56.67,54.76,50.09,6.0,0
STU0021,3,2021-22,CS301,0.966,89.46,86.86,85.52,76.39,77.04,71.73,74.82,8.0,0
STU0021,3,2021-22,CS302,1.207,93.13,96.24,99.0,48.32,56.71,61.66,63.12,7.0,0
STU0021,3,2021-22,CS303,0.985,85.8,84.64,86.21,63.85,63.53,58.21,57.05,6.0,0
STU0021,3,2021-22,MA301,0.838,85.32,86.51,84.48,79.13,76.28,88.54,90.36,10.0,0
STU0021,3,2021-22,EC301,1.086,88.05,89.81,89.01,59.01,67.69,70.27,71.84,8.0,0
STU0021,3,2021-22,CS304,0.883,86.07,85.86,83.86,80.41,83.46,83.76,86.24,9.0,0
STU0021,4,2021-22,CS401,0.976,86.85,90.1,90.89,71.86,76.2,77.92,82.55,9.0,0
STU0021,4,2021-22,CS402,1.01,82.16,86.28,84.26,73.66,74.49,74.7,74.19,8.0,0
STU0021,4,2021-22,CS403,0.802,82.3,86.23,87.73,98.0,93.33,93.19,96.68,10.0,0
STU0021,4,2021-22,CS404,0.932,84.37,83.34,81.78,80.91,72.9,80.29,77.41,8.0,0
STU0021,4,2021-22,MA401,0.746,86.27,84.95,84.32,98.0,98.0,98.0,95.93,10.0,0
STU0021,4,2021-22,CS405,1.093,89.14,79.9,76.98,60.3,62.32,63.84,64.91,7.0,0
STU0021,5,2022-23,CS501,0.997,86.7,89.42,85.68,67.78,68.32,66.67,63.34,7.0,0
STU0021,5,2022-23,CS502,1.064,86.02,83.06,82.45,62.69,62.53,60.91,59.38,6.0,0
STU0021,5,2022-23,CS503,0.939,92.29,93.58,87.6,80.47,82.8,84.86,94.72,10.0,0
STU0021,5,2022-23,CS504,0.887,93.84,94.74,91.07,81.19,81.96,71.87,75.89,8.0,0
STU0021,5,2022-23,CS505,0.881,96.67,99.0,95.06,79.49,83.65,82.58,86.11,9.0,0
STU0021,5,2022-23,CS506,0.955,87.99,91.32,93.43,70.19,72.14,72.9,70.16,8.0,0
STU0021,6,2022-23,CS601,0.965,82.91,84.68,87.55,68.61,68.24,64.82,65.09,7.0,0
STU0021,6,2022-23,CS602,1.116,83.53,87.61,90.94,68.37,68.95,66.56,68.42,7.0,0
STU0021,6,2022-23,CS603,0.955,85.49,83.17,80.27,77.46,72.9,77.5,79.26,8.0,0
STU0021,6,2022-23,CS604,1.011,75.56,80.76,77.49,72.19,69.08,65.61,67.61,7.0,0
STU0021,6,2022-23,CS605,1.065,78.55,83.58,82.86,64.39,63.05,58.09,60.3,7.0,0
STU0021,6,2022-23,CS606,1.035,79.91,83.21,83.41,66.28,74.27,67.03,62.17,7.0,0
STU0021,7,2023-24,CS701,0.957,88.9,85.6,91.43,81.24,85.29,78.5,77.04,8.0,0
STU0021,7,2023-24,CS702,1.099,89.83,92.99,97.36,71.55,68.6,68.96,67.64,7.0,0
STU0021,7,2023-24,CS703,0.76,92.82,94.79,92.88,81.71,79.99,83.28,87.29,9.0,0
STU0021,7,2023-24,CS704,0.914,94.44,96.62,98.07,68.07,62.45,58.71,57.73,6.0,0
STU0021,7,2023-24,CS705,1.216,87.37,90.06,88.44,58.42,58.13,58.93,60.04,7.0,0
STU0021,8,2023-24,CS801,1.148,87.03,91.18,90.25,60.52,63.66,62.13,63.09,7.0,0
STU0021,8,2023-24,CS802,1.027,81.71,83.17,78.13,62.89,64.54,66.96,70.57,8.0,0
STU0021,8,2023-24,CS803,0.869,87.08,88.71,92.99,83.34,79.39,86.16,85.38,9.0,0
STU0021,8,2023-24,CS804,0.972,84.3,86.84,89.82,70.12,78.0,75.36,77.24,8.0,0
STU0022,1,2020-21,EC101,1.065,84.99,78.81,84.15,75.01,80.59,72.87,71.64,8.0,0
STU0022,1,2020-21,EC102,1.142,76.9,75.57,76.99,58.38,52.44,58.66,58.83,6.0,0
STU0022,1,2020-21,MA101,1.141,83.9,92.5,94.04,74.23,73.12,74.07,76.0,8.0,0
STU0022,1,2020-21,PH101,1.097,83.02,83.03,84.79,73.13,68.52,69.53,70.49,8.0,0
STU0022,1,2020-21,EE101,0.883,86.8,88.24,96.4,87.62,92.73,95.16,99.5,10.0,0
STU0022,2,2020-21,EC201,0.888,87.45,83.52,78.18,72.57,62.68,65.63,64.26,7.0,0
STU0022,2,2020-21,EC202,0.852,85.13,83.28,79.91,94.75,98.0,98.0,98.54,10.0,0
STU0022,2,2020-21,MA201,1.034,85.16,82.19,82.27,74.74,80.12,77.67,73.91,8.0,0
STU0022,2,2020-21,CH101,1.088,80.49,80.36,80.67,66.01,59.06,57.41,62.34,7.0,0
STU0022,2,2020-21,ME101,1.071,92.41,88.15,89.05,69.43,69.91,72.42,72.86,8.0,0
STU0022,3,2021-22,EC301,1.101,96.37,99.0,99.0,60.8,53.92,52.9,55.66,6.0,0
STU0022,3,2021-22,EC302,1.103,92.19,92.06,98.72,69.28,68.89,65.99,62.96,7.0,0
STU0022,3,2021-22,EC303,0.867,87.06,88.04,87.98,82.82,86.13,94.27,91.8,10.0,0
STU0022,3,2021-22,MA301,0.919,82.22,82.13,81.69,84.14,83.75,81.1,88.88,9.0,0
STU0022,3,2021-22,CS301,0.961,92.04,92.4,92.49,72.44,71.1,71.11,66.98,7.0,0
STU0022,3,2021-22,EC304,0.944,92.64,88.17,92.22,83.88,78.28,84.39,83.96,9.0,0
STU0022,4,2021-22,EC401,1.111,89.39,86.54,82.46,62.97,63.81,66.39,68.34,7.0,0
STU0022,4,2021-22,EC402,0.986,83.13,80.75,84.78,76.75,77.4,72.56,73.57,8.0,0
STU0022,4,2021-22,EC403,0.945,91.95,94.66,92.92,81.96,79.48,73.09,70.52,8.0,0
STU0022,4,2021-22,EC404,1.024,89.06,89.58,88.53,80.9,81.19,84.36,79.03,8.0,0
STU0022,4,2021-22,MA401,0.529,88.9,83.91,83.17,98.0,98.0,98.0,98.5,10.0,0
STU0022,4,2021-22,EC405,1.1,89.24,87.63,91.38,65.38,66.83,59.87,60.48,7.0,0
STU0022,5,2022-23,EC501,0.812,91.88,94.76,95.93,96.17,91.87,89.21,92.94,10.0,0
STU0022,5,2022-23,EC502,0.994,95.78,95.38,91.24,82.53,84.79,95.17,92.12,10.0,0
STU0022,5,2022-23,EC503,1.099,89.04,89.59,93.0,60.06,59.14,56.61,54.5,6.0,0
STU0022,5,2022-23,EC504,1.046,98.76,98.3,99.0,74.53,74.54,69.63,72.96,8.0,0
STU0022,5,2022-23,EC505,1.035,95.86,93.04,91.43,73.85,66.94,59.35,57.55,6.0,0
STU0022,5,2022-23,EC506,1.063,91.67,88.1,85.25,70.53,68.94,78.69,81.85,9.0,0
STU0022,6,2022-23,EC601,0.88,87.87,83.99,88.67,88.01,82.38,80.44,79.73,8.0,0
STU0022,6,2022-23,EC602,1.032,93.76,90.86,93.26,74.18,73.48,76.57,74.64,8.0,0
STU0022,6,2022-23,EC603,0.932,95.12,92.12,90.78,88.51,97.75,98.0,99.42,10.0,0
STU0022,6,2022-23,EC604,1.064,88.47,88.87,88.77,76.7,77.22,78.93,78.0,8.0,0
STU0022,6,2022-23,EC605,1.007,87.85,86.73,91.6,80.91,80.81,89.35,85.26,9.0,0
STU0022,6,2022-23,EC606,0.867,99.0,99.0,98.15,86.14,88.16,90.61,87.32,9.0,0
STU0022,7,2023-24,EC701,1.031,83.77,88.15,91.36,72.28,71.31,70.7,68.36,7.0,0
STU0022,7,2023-24,EC702,0.947,87.16,92.81,96.12,85.34,87.01,81.98,72.85,8.0,0
STU0022,7,2023-24,EC703,1.116,82.58,87.44,88.83,73.47,69.81,63.81,58.52,6.0,0
STU0022,7,2023-24,EC704,1.131,90.9,93.34,94.36,70.25,68.94,70.61,68.04,7.0,0
STU0022,7,2023-24,EC705,0.959,99.0,99.0,92.1,77.61,72.85,73.57,70.9,8.0,0
STU0022,8,2023-24,EC801,1.024,84.52,85.77,92.59,68.63,71.89,60.85,60.15,7.0,0
STU0022,8,2023-24,EC802,1.027,84.04,77.79,77.65,81.79,81.13,83.64,87.02,9.0,0
STU0022,8,2023-24,EC803,1.297,82.82,79.5,78.48,61.82,51.37,54.32,54.76,6.0,0
STU0022,8,2023-24,EC804,0.936,88.73,91.85,95.45,81.45,82.92,84.21,87.91,9.0,0
STU0023,1,2020-21,AI101,1.107,94.2,92.15,97.84,89.04,86.69,85.72,84.43,9.0,0
STU0023,1,2020-21,AI102,1.079,78.92,77.17,76.21,76.89,75.22,73.02,75.35,8.0,0
STU0023,1,2020-21,MA101,1.065,93.18,95.91,92.07,78.9,77.66,78.81,82.09,9.0,0
STU0023,1,2020-21,PH101,1.022,87.12,87.15,89.99,80.21,73.65,76.55,77.68,8.0,0
STU0023,1,2020-21,EE101,1.159,76.65,76.3,76.67,65.71,65.32,70.66,67.92,7.0,0
STU0023,2,2020-21,AI201,0.901,87.26,90.0,92.94,96.58,92.46,89.74,94.12,10.0,0
STU0023,2,2020-21,AI202,1.013,77.32,78.08,80.38,84.87,80.65,89.14,91.84,10.0,0
STU0023,2,2020-21,MA201,1.004,84.28,81.84,83.09,80.0,78.14,71.31,68.99,7.0,0
STU0023,2,2020-21,CH101,0.937,84.46,86.54,84.41,88.1,95.69,96.28,94.67,10.0,0
STU0023,2,2020-21,ME101,0.798,79.79,76.67,83.59,98.0,98.0,98.0,99.5,10.0,0
STU0023,3,2021-22,AI301,0.931,84.32,81.93,78.06,87.46,81.5,89.82,91.61,10.0,0
STU0023,3,2021-22,AI302,1.195,84.84,90.18,91.46,73.77,64.17,60.05,60.17,7.0,0
STU0023,3,2021-22,AI303,1.007,82.59,84.18,85.91,87.5,90.51,95.93,99.5,10.0,0
STU0023,3,2021-22,MA301,1.021,91.22,95.98,93.16,84.03,75.73,68.2,66.7,7.0,0
STU0023,3,2021-22,CS301,0.895,80.92,82.07,86.36,98.0,98.0,93.11,91.44,10.0,0
STU0023,3,2021-22,AI304,1.076,79.59,75.16,76.88,77.59,76.64,81.63,84.9,9.0,0
STU0023,4,2021-22,AI401,1.052,82.55,83.73,79.76,77.72,77.54,73.75,76.56,8.0,0
STU0023,4,2021-22,AI402,0.82,76.8,75.34,69.96,98.0,97.18,94.46,95.87,10.0,0
STU0023,4,2021-22,AI403,1.106,83.3,83.06,79.62,83.71,90.09,89.1,86.55,9.0,0
STU0023,4,2021-22,AI404,1.022,82.48,78.23,76.47,96.14,90.08,86.97,84.13,9.0,0
STU0023,4,2021-22,MA401,0.897,80.69,82.26,86.84,98.0,94.92,98.0,91.79,10.0,0
STU0023,4,2021-22,AI405,1.081,78.37,78.19,80.16,74.41,75.05,76.03,80.42,9.0,0
STU0023,5,2022-23,AI501,1.17,79.62,76.79,78.08,72.03,66.44,58.63,60.27,7.0,0
STU0023,5,2022-23,AI502,1.039,76.51,81.84,79.52,94.85,95.4,92.35,92.01,10.0,0
STU0023,5,2022-23,AI503,0.85,80.64,80.74,82.59,98.0,98.0,91.36,94.15,10.0,0
STU0023,5,2022-23,AI504,1.002,72.19,73.28,74.62,89.95,89.06,86.38,87.63,9.0,0
STU0023,5,2022-23,AI505,1.017,76.14,81.8,79.47,76.85,74.73,79.37,78.75,8.0,0
STU0023,5,2022-23,AI506,0.804,75.66,71.87,69.86,98.0,98.0,98.0,98.53,10.0,0
STU0023,6,2022-23,AI601,1.093,79.76,77.13,71.54,77.69,81.27,79.5,82.72,9.0,0
STU0023,6,2022-23,AI602,1.083,87.21,91.05,95.82,84.53,85.56,88.41,84.19,9.0,0
STU0023,6,2022-23,AI603,0.986,86.91,85.62,82.86,95.36,96.13,97.3,99.5,10.0,0
STU0023,6,2022-23,AI604,0.977,85.46,90.22,85.0,91.49,88.17,89.49,91.2,10.0,0
STU0023,6,2022-23,AI605,1.075,91.12,90.23,89.57,85.49,89.48,83.63,84.57,9.0,0
STU0023,6,2022-23,AI606,0.953,87.36,86.11,83.58,88.44,87.76,89.37,87.56,9.0,0
STU0023,7,2023-24,AI701,1.05,91.64,88.45,89.74,90.59,98.0,98.0,99.5,10.0,0
STU0023,7,2023-24,AI702,1.049,87.61,87.26,86.5,82.76,79.53,82.94,82.12,9.0,0
STU0023,7,2023-24,AI703,0.957,88.94,89.75,94.99,91.16,92.43,98.0,99.5,10.0,0
STU0023,7,2023-24,AI704,1.071,93.99,91.88,89.42,82.28,83.03,79.21,81.32,9.0,0
STU0023,7,2023-24,AI705,0.967,96.31,96.12,95.62,85.65,81.92,87.85,88.66,9.0,0
STU0023,8,2023-24,AI801,0.842,91.92,86.36,84.83,95.15,98.0,89.5,88.81,9.0,0
STU0023,8,2023-24,AI802,0.861,85.81,83.36,87.98,96.97,98.0,98.0,99.5,10.0,0
STU0023,8,2023-24,AI803,0.993,90.07,91.39,90.11,87.65,83.44,75.0,77.15,8.0,0
STU0023,8,2023-24,AI804,0.958,85.32,82.35,87.65,90.97,84.12,78.78,77.9,8.0,0
STU0024,1,2020-21,DS101,0.979,91.87,92.34,83.96,80.46,72.66,71.37,69.87,7.0,0
STU0024,1,2020-21,DS102,0.871,94.78,90.85,89.02,93.65,91.17,87.75,86.95,9.0,0
STU0024,1,2020-21,MA101,1.065,97.19,93.92,90.93,71.59,72.62,69.16,71.22,8.0,0
STU0024,1,2020-21,PH101,0.89,83.81,85.67,87.93,92.54,83.57,80.58,79.82,8.0,0
STU0024,1,2020-21,EE101,1.211,90.77,86.06,87.1,70.72,75.65,78.18,78.97,8.0,0
STU0024,2,2020-21,DS201,1.021,93.23,95.71,95.09,66.17,70.85,68.99,69.18,7.0,0
STU0024,2,2020-21,DS202,1.108,89.83,85.91,90.66,59.75,62.87,54.88,47.37,5.0,0
STU0024,2,2020-21,MA201,1.044,93.36,94.67,99.0,60.37,60.55,67.19,63.92,7.0,0
STU0024,2,2020-21,CH101,0.93,86.8,94.63,86.92,78.71,72.77,68.04,71.23,8.0,0
STU0024,2,2020-21,ME101,0.911,96.48,99.0,99.0,80.71,81.07,81.65,79.74,8.0,0
STU0024,3,2021-22,DS301,1.063,99.0,96.63,99.0,85.0,78.79,81.23,81.42,9.0,0
STU0024,3,2021-22,DS302,0.938,91.65,95.33,96.06,86.48,88.92,88.34,86.23,9.0,0
STU0024,3,2021-22,DS303,1.015,95.91,89.7,87.5,74.49,67.06,69.16,67.15,7.0,0
STU0024,3,2021-22,MA301,1.125,88.71,87.66,85.51,65.05,65.08,58.37,59.04,6.0,0
STU0024,3,2021-22,CS301,1.086,97.09,98.47,99.0,75.39,71.68,68.94,67.17,7.0,0
STU0024,3,2021-22,DS304,0.875,99.0,99.0,93.17,89.67,84.76,86.19,89.42,9.0,0
STU0024,4,2021-22,DS401,0.962,86.12,81.51,84.47,87.93,84.71,84.93,87.09,9.0,0
STU0024,4,2021-22,DS402,0.8,87.49,94.47,91.12,95.17,92.46,83.48,83.73,9.0,0
STU0024,4,2021-22,DS403,0.997,92.41,92.12,90.51,75.27,73.02,68.57,66.07,7.0,0
STU0024,4,2021-22,DS404,0.883,93.98,95.05,95.15,97.58,93.41,98.0,97.22,10.0,0
STU0024,4,2021-22,MA401,1.019,94.37,92.7,89.0,71.72,62.24,64.97,66.72,7.0,0
STU0024,4,2021-22,DS405,1.19,93.35,95.64,95.36,67.55,72.45,73.27,71.7,8.0,0
STU0024,5,2022-23,DS501,0.941,99.0,99.0,99.0,84.08,85.65,82.15,79.55,8.0,0
STU0024,5,2022-23,DS502,0.895,98.27,96.9,96.8,86.61,82.82,80.57,81.53,9.0,0
STU0024,5,2022-23,DS503,0.965,95.26,91.64,91.0,86.61,84.6,79.44,82.31,9.0,0
STU0024,5,2022-23,DS504,1.063,96.9,92.28,88.17,63.46,65.4,69.99,71.38,8.0,0
STU0024,5,2022-23,DS505,1.234,94.28,93.15,93.52,60.13,62.37,59.49,55.31,6.0,0
STU0024,5,2022-23,DS506,0.785,97.97,96.13,92.04,93.19,98.0,93.0,95.18,10.0,0
STU0024,6,2022-23,DS601,0.985,91.58,95.05,94.18,85.07,88.74,93.22,99.5,10.0,0
STU0024,6,2022-23,DS602,1.034,99.0,97.58,99.0,72.49,74.64,76.33,70.15,8.0,0
STU0024,6,2022-23,DS603,0.927,98.74,90.84,90.5,88.72,94.57,91.05,95.14,10.0,0
STU0024,6,2022-23,DS604,1.145,89.23,89.63,90.42,75.31,76.6,82.87,80.53,9.0,0
STU0024,6,2022-23,DS605,0.808,95.23,99.0,99.0,98.0,91.51,96.19,98.46,10.0,0
STU0024,6,2022-23,DS606,0.966,99.0,99.0,99.0,83.69,88.1,88.49,93.82,10.0,0
STU0024,7,2023-24,DS701,0.865,95.06,91.82,95.17,83.44,90.14,87.77,88.97,9.0,0
STU0024,7,2023-24,DS702,1.077,94.94,90.07,91.06,68.85,71.09,65.03,63.96,7.0,0
STU0024,7,2023-24,DS703,0.978,89.25,92.73,90.08,84.81,81.69,79.34,75.62,8.0,0
STU0024,7,2023-24,DS704,1.138,99.0,99.0,98.27,66.27,58.7,55.89,56.4,6.0,0
STU0024,7,2023-24,DS705,1.046,99.0,92.52,93.32,70.39,70.73,71.19,70.62,8.0,0
STU0024,8,2023-24,DS801,0.968,84.15,83.76,82.87,63.02,71.72,72.07,64.75,7.0,0
STU0024,8,2023-24,DS802,1.03,89.02,84.41,85.49,66.06,66.93,63.78,61.06,7.0,0
STU0024,8,2023-24,DS803,0.998,83.35,83.06,85.36,79.36,84.26,90.35,88.99,9.0,0
STU0024,8,2023-24,DS804,0.877,93.1,91.29,91.31,86.82,95.92,98.0,98.62,10.0,0
STU0025,1,2020-21,CS101,1.049,86.35,84.77,83.35,73.78,67.21,72.69,75.8,8.0,0
STU0025,1,2020-21,CS102,0.98,86.12,86.04,86.55,77.25,81.74,75.33,73.2,8.0,0
STU0025,1,2020-21,MA101,1.093,89.04,86.66,88.06,66.63,65.24,69.93,72.73,8.0,0
STU0025,1,2020-21,PH101,1.035,83.53,82.21,82.55,81.86,73.84,69.92,80.5,9.0,0
STU0025,1,2020-21,EE101,0.828,80.05,79.19,73.87,93.4,96.77,98.0,98.6,10.0,0
STU0025,2,2020-21,CS201,1.003,78.58,80.82,78.34,77.52,70.87,60.56,57.24,6.0,0
STU0025,2,2020-21,CS202,0.812,79.64,77.83,75.95,93.59,79.04,85.83,82.83,9.0,0
STU0025,2,2020-21,MA201,0.951,72.48,75.88,76.38,79.98,78.21,85.77,85.55,9.0,0
STU0025,2,2020-21,CH101,0.978,74.53,67.9,67.34,83.36,88.31,78.19,74.81,8.0,0
STU0025,2,2020-21,ME101,0.93,78.28,77.77,77.35,87.98,83.91,88.12,89.42,9.0,0
STU0025,3,2021-22,CS301,1.187,92.77,82.2,87.73,71.02,80.05,85.62,90.35,10.0,0
STU0025,3,2021-22,CS302,1.105,94.43,99.0,99.0,64.12,62.73,64.49,64.71,7.0,0
STU0025,3,2021-22,CS303,0.85,82.51,79.92,82.74,98.0,98.0,98.0,97.76,10.0,0
STU0025,3,2021-22,MA301,0.791,87.21,86.31,84.57,98.0,98.0,98.0,97.17,10.0,0
STU0025,3,2021-22,EC301,0.772,87.1,87.26,91.54,98.0,98.0,98.0,98.13,10.0,0
STU0025,3,2021-22,CS304,1.112,86.39,84.38,84.34,68.38,70.66,67.45,68.13,7.0,0
STU0025,4,2021-22,CS401,0.945,83.52,83.86,84.56,84.89,92.56,88.11,87.91,9.0,0
STU0025,4,2021-22,CS402,0.811,86.36,82.46,81.49,97.04,98.0,95.51,93.73,10.0,0
STU0025,4,2021-22,CS403,1.172,86.01,84.05,83.17,76.66,75.6,72.5,70.45,8.0,0
STU0025,4,2021-22,CS404,0.934,82.5,78.02,74.08,81.74,84.4,82.69,82.07,9.0,0
STU0025,4,2021-22,MA401,1.152,90.06,89.07,86.86,65.29,68.41,67.49,66.33,7.0,0
STU0025,4,2021-22,CS405,0.902,81.8,82.92,78.31,93.88,91.48,90.81,86.8,9.0,0
STU0025,5,2022-23,CS501,0.994,89.13,89.76,86.97,77.42,80.1,85.94,86.79,9.0,0
STU0025,5,2022-23,CS502,1.083,85.69,90.65,83.83,77.68,82.11,76.08,73.43,8.0,0
STU0025,5,2022-23,CS503,0.898,80.33,78.65,79.49,93.97,98.0,94.23,91.7,10.0,0
STU0025,5,2022-23,CS504,1.158,85.83,86.12,87.78,69.37,71.73,70.21,71.02,8.0,0
STU0025,5,2022-23,CS505,0.819,80.5,78.13,76.82,93.68,91.28,84.46,86.11,9.0,0
STU0025,5,2022-23,CS506,0.99,76.43,73.5,74.68,78.58,75.44,75.11,76.14,8.0,0
STU0025,6,2022-23,CS601,0.904,85.81,85.69,83.84,79.2,77.91,85.23,81.14,9.0,0
STU0025,6,2022-23,CS602,1.203,84.84,84.97,81.16,59.5,57.23,52.53,51.9,6.0,0
STU0025,6,2022-23,CS603,0.951,93.28,89.2,89.56,81.37,76.56,79.65,78.45,8.0,0
STU0025,6,2022-23,CS604,0.701,88.52,84.61,80.94,98.0,96.44,98.0,99.5,10.0,0
STU0025,6,2022-23,CS605,0.923,89.05,86.41,94.23,79.15,83.76,87.56,88.51,9.0,0
STU0025,6,2022-23,CS606,0.92,85.28,77.74,78.52,84.64,85.24,71.86,68.06,7.0,0
STU0025,7,2023-24,CS701,1.035,84.43,86.65,83.06,78.71,80.84,82.54,82.0,9.0,0
STU0025,7,2023-24,CS702,1.22,87.08,83.69,84.56,67.95,65.3,70.2,78.55,8.0,0
STU0025,7,2023-24,CS703,1.148,74.23,81.05,81.63,68.42,67.96,62.02,63.1,7.0,0
STU0025,7,2023-24,CS704,1.193,85.72,81.82,76.48,64.12,60.78,63.94,68.05,7.0,0
STU0025,7,2023-24,CS705,1.056,84.77,84.3,84.55,68.31,71.02,66.15,69.5,7.0,0
STU0025,8,2023-24,CS801,0.823,90.02,94.79,90.3,95.93,97.44,98.0,96.98,10.0,0
STU0025,8,2023-24,CS802,0.938,87.74,88.97,86.77,80.55,86.01,86.49,79.67,8.0,0
STU0025,8,2023-24,CS803,1.146,84.34,84.57,85.88,61.89,60.59,66.52,69.79,7.0,0
STU0025,8,2023-24,CS804,0.965,89.59,92.55,95.34,76.58,83.96,81.87,82.2,9.0,0
STU0026,1,2020-21,EC101,0.896,87.85,88.49,92.78,94.23,98.0,98.0,99.5,10.0,0
STU0026,1,2020-21,EC102,0.965,88.12,87.43,87.21,75.2,76.39,78.62,77.85,8.0,0
STU0026,1,2020-21,MA101,0.789,88.84,84.31,85.8,98.0,98.0,93.23,97.01,10.0,0
STU0026,1,2020-21,PH101,1.02,85.1,87.13,87.47,87.1,84.61,79.0,79.87,8.0,0
STU0026,1,2020-21,EE101,1.121,98.05,99.0,93.57,70.22,64.62,63.51,70.94,8.0,0
STU0026,2,2020-21,EC201,0.93,83.99,90.26,84.87,83.54,83.94,83.79,82.84,9.0,0
STU0026,2,2020-21,EC202,1.194,79.55,81.08,82.76,66.86,63.12,68.55,72.01,8.0,0
STU0026,2,2020-21,MA201,0.896,83.21,78.34,79.13,87.4,85.77,95.14,93.75,10.0,0
STU0026,2,2020-21,CH101,1.022,87.22,94.09,87.13,74.84,77.6,76.6,72.69,8.0,0
STU0026,2,2020-21,ME101,1.021,81.51,83.86,82.41,73.58,78.28,73.77,69.14,7.0,0
STU0026,3,2021-22,EC301,0.88,95.67,98.62,95.33,83.8,84.61,85.62,89.66,9.0,0
STU0026,3,2021-22,EC302,0.908,92.7,99.0,92.73,75.76,69.53,74.49,73.18,8.0,0
STU0026,3,2021-22,EC303,0.947,90.35,93.56,88.77,79.25,75.08,63.06,61.62,7.0,0
STU0026,3,2021-22,MA301,0.993,91.1,90.16,89.32,77.72,72.98,67.98,68.12,7.0,0
STU0026,3,2021-22,CS301,0.823,93.35,99.0,98.86,85.45,86.26,89.94,87.56,9.0,0
STU0026,3,2021-22,EC304,0.964,90.7,89.08,86.75,82.91,90.37,90.63,86.0,9.0,0
STU0026,4,2021-22,EC401,1.094,89.56,90.37,89.18,85.07,82.92,85.12,88.03,9.0,0
STU0026,4,2021-22,EC402,1.15,93.94,90.36,95.86,80.01,81.38,83.28,82.8,9.0,0
STU0026,4,2021-22,EC403,0.944,88.34,92.85,93.13,94.79,95.06,92.05,85.61,9.0,0
STU0026,4,2021-22,EC404,1.092,92.46,92.42,88.61,89.81,88.27,89.39,87.28,9.0,0
STU0026,4,2021-22,MA401,0.838,92.17,86.92,87.72,98.0,92.96,87.13,84.82,9.0,0
STU0026,4,2021-22,EC405,0.925,83.69,79.76,80.02,98.0,98.0,98.0,99.5,10.0,0
STU0026,5,2022-23,EC501,1.031,91.06,94.96,98.9,76.37,81.66,90.02,94.5,10.0,0
STU0026,5,2022-23,EC502,0.87,81.8,83.43,88.59,97.74,96.69,96.28,99.34,10.0,0
STU0026,5,2022-23,EC503,0.961,89.07,88.62,85.51,82.57,84.93,72.76,74.2,8.0,0
STU0026,5,2022-23,EC504,0.98,90.93,93.04,93.2,80.45,75.89,72.99,75.59,8.0,0
STU0026,5,2022-23,EC505,1.212,88.47,86.41,84.71,67.12,71.8,69.74,69.61,7.0,0
STU0026,5,2022-23,EC506,1.161,84.88,86.83,89.98,72.67,81.46,88.96,89.75,9.0,0
STU0026,6,2022-23,EC601,1.026,81.44,82.38,88.28,76.52,76.43,80.27,81.85,9.0,0
STU0026,6,2022-23,EC602,0.862,83.97,90.6,91.74,85.61,84.75,76.72,71.15,8.0,0
STU0026,6,2022-23,EC603,1.118,85.78,87.59,91.65,71.61,74.91,76.06,79.92,8.0,0
STU0026,6,2022-23,EC604,1.213,86.59,87.15,88.27,63.91,62.11,66.83,65.63,7.0,0
STU0026,6,2022-23,EC605,0.945,89.39,92.8,99.0,88.78,92.5,96.87,96.43,10.0,0
STU0026,6,2022-23,EC606,1.067,88.23,86.34,86.17,77.97,77.89,80.64,83.33,9.0,0
STU0026,7,2023-24,EC701,0.93,99.0,99.0,99.0,92.83,95.74,92.87,95.26,10.0,0
STU0026,7,2023-24,EC702,0.827,99.0,99.0,99.0,98.0,98.0,95.57,93.38,10.0,0
STU0026,7,2023-24,EC703,1.094,96.16,98.12,97.71,78.07,76.17,73.1,72.27,8.0,0
STU0026,7,2023-24,EC704,0.972,99.0,94.22,94.11,88.67,97.6,94.87,91.52,10.0,0
STU0026,7,2023-24,EC705,1.087,93.92,93.14,94.68,80.79,84.1,85.46,89.41,9.0,0
STU0026,8,2023-24,EC801,1.086,83.15,85.31,84.25,68.1,70.01,67.95,63.11,7.0,0
STU0026,8,2023-24,EC802,0.895,94.95,93.0,94.13,85.21,94.66,94.97,92.92,10.0,0
STU0026,8,2023-24,EC803,1.106,96.4,94.97,92.5,84.84,84.29,83.22,83.99,9.0,0
STU0026,8,2023-24,EC804,1.16,84.64,91.54,88.97,63.59,58.42,53.42,52.71,6.0,0
STU0027,1,2020-21,AI101,1.106,61.48,68.2,77.94,29.88,38.31,43.33,44.76,5.0,0
STU0027,1,2020-21,AI102,0.997,62.35,68.21,73.38,35.45,43.3,53.11,51.54,6.0,0
STU0027,1,2020-21,MA101,0.912,64.68,73.6,79.65,40.44,46.0,55.44,51.3,6.0,0
STU0027,1,2020-21,PH101,1.049,58.73,67.7,72.22,31.2,37.82,47.31,50.34,6.0,0
STU0027,1,2020-21,EE101,0.967,62.08,66.44,72.87,35.34,39.54,48.55,53.84,6.0,0
STU0027,2,2020-21,AI201,0.918,69.25,76.34,82.25,49.03,56.22,64.73,65.16,7.0,0
STU0027,2,2020-21,AI202,0.905,70.86,75.13,80.83,52.96,60.41,69.85,68.81,7.0,0
STU0027,2,2020-21,MA201,1.045,70.52,76.42,85.57,39.7,48.25,57.88,56.58,6.0,0
STU0027,2,2020-21,CH101,0.883,67.68,73.81,80.9,43.54,50.45,57.25,60.43,7.0,0
STU0027,2,2020-21,ME101,1.117,67.88,72.59,80.44,41.64,48.58,53.95,57.71,6.0,0
STU0027,3,2021-22,AI301,1.028,80.2,86.57,95.65,47.62,53.3,60.45,63.82,7.0,0
STU0027,3,2021-22,AI302,1.095,80.93,87.76,97.23,42.6,51.52,58.95,59.59,6.0,0
STU0027,3,2021-22,AI303,1.219,81.34,87.35,94.1,29.88,38.12,46.67,41.67,5.0,0
STU0027,3,2021-22,MA301,1.133,80.84,86.58,94.66,38.93,44.87,53.46,48.66,5.0,0
STU0027,3,2021-22,CS301,1.042,79.76,85.92,90.78,47.18,52.02,57.0,56.42,6.0,0
STU0027,3,2021-22,AI304,0.973,80.73,85.29,93.13,47.25,55.55,60.36,58.67,6.0,0
STU0027,4,2021-22,AI401,1.138,84.24,88.83,95.32,53.33,58.27,62.88,65.21,7.0,0
STU0027,4,2021-22,AI402,0.949,85.62,91.08,97.62,52.4,61.22,68.7,68.83,7.0,0
STU0027,4,2021-22,AI403,0.969,82.34,90.52,95.84,56.62,62.38,66.5,65.59,7.0,0
STU0027,4,2021-22,AI404,1.078,81.62,89.02,93.86,43.24,47.52,56.52,54.68,6.0,0
STU0027,4,2021-22,MA401,1.016,83.54,88.5,96.5,52.45,59.32,65.21,60.28,7.0,0
STU0027,4,2021-22,AI405,1.01,79.69,85.26,90.73,51.24,59.65,69.36,65.12,7.0,0
STU0027,5,2022-23,AI501,0.868,87.45,96.21,99.0,70.83,76.56,85.95,77.0,8.0,0
STU0027,5,2022-23,AI502,0.948,82.65,90.86,99.0,59.95,64.64,71.87,56.83,6.0,0
STU0027,5,2022-23,AI503,0.96,83.41,88.46,96.22,59.11,63.52,72.8,73.03,8.0,0
STU0027,5,2022-23,AI504,0.924,84.09,88.67,95.1,60.12,65.66,73.02,72.36,8.0,0
STU0027,5,2022-23,AI505,0.977,89.2,96.58,99.0,58.2,66.99,71.93,75.21,8.0,0
STU0027,5,2022-23,AI506,0.959,83.9,91.02,96.64,54.99,63.6,68.64,67.51,7.0,0
STU0027,6,2022-23,AI601,0.826,84.19,90.13,95.66,68.69,74.69,83.53,83.82,9.0,0
STU0027,6,2022-23,AI602,1.039,83.39,90.05,97.8,58.58,62.91,72.65,73.41,8.0,0
STU0027,6,2022-23,AI603,0.946,81.99,87.72,93.95,69.72,76.77,82.42,79.96,8.0,0
STU0027,6,2022-23,AI604,1.056,88.11,94.78,99.0,53.19,58.75,67.55,68.27,7.0,0
STU0027,6,2022-23,AI605,0.836,88.15,94.3,99.0,73.36,80.64,90.19,92.01,10.0,0
STU0027,6,2022-23,AI606,0.948,82.42,90.93,99.0,65.55,71.6,78.55,81.94,9.0,0
STU0027,7,2023-24,AI701,0.983,80.45,88.26,95.24,54.68,60.06,68.12,68.35,7.0,0
STU0027,7,2023-24,AI702,0.938,83.45,92.34,99.0,64.95,71.37,76.72,78.03,8.0,0
STU0027,7,2023-24,AI703,1.081,83.37,90.77,99.0,50.43,58.58,66.54,67.0,7.0,0
STU0027,7,2023-24,AI704,1.01,79.52,88.36,96.12,49.83,55.75,65.41,55.49,6.0,0
STU0027,7,2023-24,AI705,0.896,79.75,86.03,92.21,60.86,68.01,76.05,77.62,8.0,0
STU0027,8,2023-24,AI801,0.929,78.57,86.22,96.02,51.18,59.32,67.35,76.0,8.0,0
STU0027,8,2023-24,AI802,0.92,80.52,84.83,94.81,59.92,65.85,75.29,78.32,8.0,0
STU0027,8,2023-24,AI803,0.901,79.88,86.37,95.32,62.11,70.23,75.5,77.17,8.0,0
STU0027,8,2023-24,AI804,0.728,75.18,80.67,90.25,63.65,69.9,77.92,83.31,9.0,0
STU0028,1,2020-21,DS101,0.813,64.43,66.3,62.26,78.9,73.28,70.34,74.37,8.0,0
STU0028,1,2020-21,DS102,1.043,64.79,69.06,69.15,64.85,69.99,68.45,71.2,8.0,0
STU0028,1,2020-21,MA101,1.101,66.52,61.63,61.67,66.46,70.15,77.85,76.37,8.0,0
STU0028,1,2020-21,PH101,1.094,63.07,63.78,67.65,65.74,66.21,65.0,62.02,7.0,0
STU0028,1,2020-21,EE101,0.973,61.86,60.66,54.33,62.21,66.04,69.38,68.51,7.0,0
STU0028,2,2020-21,DS201,1.055,77.13,72.45,63.9,64.51,63.82,68.14,68.84,7.0,0
STU0028,2,2020-21,DS202,1.064,72.13,71.88,72.11,65.24,60.42,59.4,61.39,7.0,0
STU0028,2,2020-21,MA201,0.891,74.88,79.62,77.81,82.42,81.95,81.1,86.11,9.0,0
STU0028,2,2020-21,CH101,1.037,69.43,74.78,75.75,68.97,75.05,71.54,76.69,8.0,0
STU0028,2,2020-21,ME101,1.011,79.74,90.47,91.1,72.14,67.34,66.8,63.69,7.0,0
STU0028,3,2021-22,DS301,1.014,84.28,83.55,82.11,76.65,76.25,83.49,82.54,9.0,0
STU0028,3,2021-22,DS302,0.97,82.91,81.57,75.5,64.04,66.85,59.0,60.21,7.0,0
STU0028,3,2021-22,DS303,0.94,90.26,84.22,86.32,78.72,80.35,85.41,85.62,9.0,0
STU0028,3,2021-22,MA301,0.706,88.29,89.41,88.56,98.0,96.38,98.0,95.24,10.0,0
STU0028,3,2021-22,CS301,0.791,80.62,80.5,86.35,98.0,98.0,93.58,90.96,10.0,0
STU0028,3,2021-22,DS304,1.105,91.82,89.58,94.56,64.4,67.61,72.77,68.32,7.0,0
STU0028,4,2021-22,DS401,0.933,76.41,78.14,78.61,78.76,78.75,71.23,72.45,8.0,0
STU0028,4,2021-22,DS402,1.191,77.78,74.88,75.48,77.19,82.14,81.71,81.83,9.0,0
STU0028,4,2021-22,DS403,1.144,77.0,79.14,75.23,70.18,68.86,69.76,68.69,7.0,0
STU0028,4,2021-22,DS404,1.084,79.94,87.49,92.45,62.67,63.53,66.84,65.46,7.0,0
STU0028,4,2021-22,MA401,1.145,85.01,84.72,88.15,53.41,59.52,63.51,60.25,7.0,0
STU0028,4,2021-22,DS405,1.03,72.53,69.86,73.69,72.72,72.42,72.62,72.41,8.0,0
STU0028,5,2022-23,DS501,1.05,67.86,70.46,69.33,73.23,71.6,70.54,67.53,7.0,0
STU0028,5,2022-23,DS502,1.04,74.66,70.0,67.92,74.35,71.66,70.65,75.5,8.0,0
STU0028,5,2022-23,DS503,0.878,63.19,61.1,59.95,85.42,86.63,82.0,78.48,8.0,0
STU0028,5,2022-23,DS504,0.919,69.83,77.25,82.68,75.58,66.89,66.51,72.24,8.0,0
STU0028,5,2022-23,DS505,1.08,72.31,70.72,74.49,72.31,80.11,72.51,73.78,8.0,0
STU0028,5,2022-23,DS506,0.932,74.1,74.98,76.76,87.61,93.87,98.0,98.05,10.0,0
STU0028,6,2022-23,DS601,1.052,73.36,68.64,72.64,66.98,61.33,57.52,54.69,6.0,0
STU0028,6,2022-23,DS602,0.889,72.3,75.32,81.27,76.39,77.94,75.03,75.09,8.0,0
STU0028,6,2022-23,DS603,0.822,65.52,68.33,63.14,89.43,86.38,77.72,70.1,8.0,0
STU0028,6,2022-23,DS604,1.176,62.39,62.17,63.41,53.84,51.35,53.5,54.38,6.0,0
STU0028,6,2022-23,DS605,0.945,70.96,70.61,67.21,81.17,82.1,73.81,75.38,8.0,0
STU0028,6,2022-23,DS606,0.926,68.86,68.89,66.11,85.69,78.97,79.23,80.37,9.0,0
STU0028,7,2023-24,DS701,0.955,70.94,68.07,72.12,74.61,84.21,87.22,79.22,8.0,0
STU0028,7,2023-24,DS702,1.106,73.94,69.08,73.64,64.14,61.79,63.48,66.91,7.0,0
STU0028,7,2023-24,DS703,1.014,74.32,71.88,75.82,72.98,71.96,70.39,73.47,8.0,0
STU0028,7,2023-24,DS704,0.969,78.27,76.62,79.15,76.77,72.49,72.1,65.53,7.0,0
STU0028,7,2023-24,DS705,0.911,67.84,74.84,69.35,93.47,95.78,93.45,95.87,10.0,0
STU0028,8,2023-24,DS801,1.009,72.08,76.56,78.3,67.29,73.53,78.77,79.57,8.0,0
STU0028,8,2023-24,DS802,1.145,78.02,76.12,72.97,58.78,52.71,55.37,50.54,6.0,0
STU0028,8,2023-24,DS803,1.152,66.59,71.35,62.4,59.37,53.55,59.64,64.68,7.0,0
STU0028,8,2023-24,DS804,0.719,72.74,76.48,77.62,98.0,98.0,98.0,94.72,10.0,0
STU0029,1,2020-21,CS101,1.018,85.42,80.97,75.53,72.11,79.05,73.72,74.24,8.0,0
STU0029,1,2020-21,CS102,0.914,79.75,81.5,84.16,77.04,83.28,85.18,84.46,9.0,0
STU0029,1,2020-21,MA101,1.042,91.29,93.93,91.49,70.96,71.55,74.54,75.26,8.0,0
STU0029,1,2020-21,PH101,1.227,82.24,76.19,76.94,58.09,51.33,48.16,47.08,5.0,0
STU0029,1,2020-21,EE101,1.137,77.22,78.44,86.21,64.23,63.32,66.55,68.12,7.0,0
STU0029,2,2020-21,CS201,1.084,84.52,83.34,82.94,69.01,63.44,61.69,66.18,7.0,0
STU0029,2,2020-21,CS202,1.125,79.32,79.27,82.67,68.81,72.41,74.81,75.46,8.0,0
STU0029,2,2020-21,MA201,0.98,76.86,79.29,78.51,68.16,65.71,69.54,63.8,7.0,0
STU0029,2,2020-21,CH101,0.876,82.19,87.11,90.61,92.95,93.88,92.94,95.47,10.0,0
STU0029,2,2020-21,ME101,0.892,77.73,73.69,77.5,79.77,84.27,84.94,88.24,9.0,0
STU0029,3,2021-22,CS301,1.054,78.09,69.36,64.56,55.88,51.2,54.27,55.28,6.0,0
STU0029,3,2021-22,CS302,1.019,87.84,91.96,94.76,56.08,56.35,57.69,47.44,5.0,0
STU0029,3,2021-22,CS303,1.205,82.54,75.03,81.7,52.34,60.09,63.31,64.05,7.0,0
STU0029,3,2021-22,MA301,0.989,90.84,89.89,87.54,62.62,62.63,62.63,65.64,7.0,0
STU0029,3,2021-22,EC301,1.091,82.85,82.05,84.42,63.29,62.94,64.19,66.53,7.0,0
STU0029,3,2021-22,CS304,1.025,81.04,85.96,86.73,60.15,54.1,54.6,53.61,6.0,0
STU0029,4,2021-22,CS401,0.876,85.08,84.99,82.19,81.55,79.14,74.6,77.08,8.0,0
STU0029,4,2021-22,CS402,1.009,95.94,97.2,99.0,68.15,64.82,74.81,72.98,8.0,0
STU0029,4,2021-22,CS403,0.886,83.94,90.64,89.68,83.77,84.46,81.2,80.31,9.0,0
STU0029,4,2021-22,CS404,1.101,83.72,86.08,91.1,67.23,73.23,67.06,61.57,7.0,0
STU0029,4,2021-22,MA401,1.029,86.28,89.35,88.27,71.13,71.5,72.0,70.38,8.0,0
STU0029,4,2021-22,CS405,0.836,87.75,92.82,90.69,83.56,84.27,78.97,81.98,9.0,0
STU0029,5,2022-23,CS501,1.305,76.58,81.74,82.16,51.04,47.4,51.0,49.9,5.0,0
STU0029,5,2022-23,CS502,0.862,86.98,85.63,79.12,73.91,77.54,80.46,78.54,8.0,0
STU0029,5,2022-23,CS503,0.883,75.69,75.61,76.14,77.05,76.38,75.58,74.74,8.0,0
STU0029,5,2022-23,CS504,1.018,80.62,83.91,84.99,64.26,64.07,59.83,59.83,6.0,0
STU0029,5,2022-23,CS505,0.922,82.54,81.81,87.64,64.03,50.08,51.29,49.36,5.0,0
STU0029,5,2022-23,CS506,1.019,76.21,82.89,81.54,60.12,68.62,72.4,76.57,8.0,0
STU0029,6,2022-23,CS601,0.928,79.65,81.04,79.75,84.91,88.7,97.18,90.49,10.0,0
STU0029,6,2022-23,CS602,1.227,72.96,68.55,62.41,57.04,56.96,60.54,60.27,7.0,0
STU0029,6,2022-23,CS603,1.147,78.77,83.14,83.03,71.52,75.44,74.08,73.98,8.0,0
STU0029,6,2022-23,CS604,0.879,83.94,82.87,85.41,71.27,69.79,64.57,61.28,7.0,0
STU0029,6,2022-23,CS605,1.073,87.0,78.83,85.35,70.9,64.84,68.56,67.18,7.0,0
STU0029,6,2022-23,CS606,0.988,84.91,86.59,84.58,66.45,64.12,69.26,63.68,7.0,0
STU0029,7,2023-24,CS701,1.084,92.81,92.29,88.22,63.5,60.4,70.44,69.97,7.0,0
STU0029,7,2023-24,CS702,1.076,95.41,91.57,83.59,66.14,69.19,67.33,63.86,7.0,0
STU0029,7,2023-24,CS703,1.037,88.51,89.63,85.67,67.73,71.42,64.64,69.02,7.0,0
STU0029,7,2023-24,CS704,1.031,92.01,87.53,89.92,58.31,54.04,55.23,54.4,6.0,0
STU0029,7,2023-24,CS705,1.003,96.31,96.35,98.84,68.01,67.57,63.17,64.27,7.0,0
STU0029,8,2023-24,CS801,0.968,87.22,90.8,92.34,80.44,85.59,86.13,88.87,9.0,0
STU0029,8,2023-24,CS802,0.902,80.32,80.66,76.33,86.16,80.4,73.45,80.76,9.0,0
STU0029,8,2023-24,CS803,0.927,80.58,80.86,77.14,83.1,91.36,92.97,95.93,10.0,0
STU0029,8,2023-24,CS804,1.189,83.51,82.73,77.71,64.84,64.1,60.47,65.11,7.0,0
STU0030,1,2020-21,EC101,0.986,92.24,96.89,98.06,90.69,93.48,94.88,99.5,10.0,0
STU0030,1,2020-21,EC102,0.921,95.14,99.0,99.0,92.32,91.18,94.24,93.55,10.0,0
STU0030,1,2020-21,MA101,0.959,99.0,99.0,95.47,89.43,95.71,98.0,99.5,10.0,0
STU0030,1,2020-21,PH101,0.912,99.0,96.73,92.42,89.84,90.43,95.05,95.98,10.0,0
STU0030,1,2020-21,EE101,0.982,92.24,94.71,98.08,88.71,83.98,87.61,91.3,10.0,0
STU0030,2,2020-21,EC201,1.052,89.96,86.74,92.28,85.41,91.22,85.71,86.58,9.0,0
STU0030,2,2020-21,EC202,1.061,88.77,93.98,93.12,84.18,81.7,76.33,79.07,8.0,0
STU0030,2,2020-21,MA201,1.045,93.05,92.08,93.31,89.46,86.38,88.9,89.51,9.0,0
STU0030,2,2020-21,CH101,0.978,85.52,85.48,87.83,90.49,84.02,89.63,94.58,10.0,0
STU0030,2,2020-21,ME101,0.987,99.0,96.1,91.64,82.99,84.09,76.09,75.16,8.0,0
STU0030,3,2021-22,EC301,0.934,84.76,83.76,82.54,94.17,93.46,96.31,99.5,10.0,0
STU0030,3,2021-22,EC302,0.966,88.93,90.55,86.22,93.57,91.29,95.58,99.5,10.0,0
STU0030,3,2021-22,EC303,0.907,94.02,88.92,89.62,98.0,91.32,87.59,84.82,9.0,0
STU0030,3,2021-22,MA301,0.843,78.24,77.51,77.21,98.0,98.0,89.28,79.14,8.0,0
STU0030,3,2021-22,CS301,1.307,86.09,80.72,83.19,71.32,66.28,62.98,60.4,7.0,0
STU0030,3,2021-22,EC304,0.913,87.61,86.68,84.4,96.0,94.97,95.72,94.77,10.0,0
STU0030,4,2021-22,EC401,0.809,97.03,99.0,97.48,98.0,98.0,97.97,94.6,10.0,0
STU0030,4,2021-22,EC402,0.826,94.59,93.77,92.31,98.0,93.04,91.08,92.68,10.0,0
STU0030,4,2021-22,EC403,0.958,88.25,86.6,82.85,90.88,92.32,84.85,87.13,9.0,0
STU0030,4,2021-22,EC404,0.867,99.0,98.83,94.47,93.29,94.85,93.09,92.8,10.0,0
STU0030,4,2021-22,MA401,1.194,92.14,92.35,97.32,73.23,66.0,68.27,64.78,7.0,0
STU0030,4,2021-22,EC405,1.169,91.65,99.0,99.0,69.41,69.5,72.89,82.44,9.0,0
STU0030,5,2022-23,EC501,0.977,96.22,97.43,93.06,82.07,74.05,76.82,78.98,8.0,0
STU0030,5,2022-23,EC502,0.888,99.0,99.0,99.0,90.21,91.44,87.75,90.6,10.0,0
STU0030,5,2022-23,EC503,1.02,92.96,99.0,96.83,79.1,82.97,81.07,85.88,9.0,0
STU0030,5,2022-23,EC504,1.12,90.52,84.18,79.1,72.26,74.08,79.04,78.39,8.0,0
STU0030,5,2022-23,EC505,0.893,91.44,91.51,96.08,98.0,93.49,95.53,92.97,10.0,0
STU0030,5,2022-23,EC506,0.901,96.16,95.46,97.7,95.51,95.15,96.65,97.26,10.0,0
STU0030,6,2022-23,EC601,0.915,90.6,93.59,91.52,91.71,96.65,94.51,97.71,10.0,0
STU0030,6,2022-23,EC602,0.953,94.6,96.33,99.0,87.43,87.17,87.63,73.88,8.0,0
STU0030,6,2022-23,EC603,1.121,96.84,97.1,95.16,66.55,67.0,63.64,61.18,7.0,0
STU0030,6,2022-23,EC604,0.903,95.9,99.0,99.0,91.72,91.4,92.04,97.0,10.0,0
STU0030,6,2022-23,EC605,1.099,98.63,97.7,97.68,73.75,71.02,60.39,61.58,7.0,0
STU0030,6,2022-23,EC606,1.115,95.1,93.01,91.85,60.56,59.06,54.04,59.14,6.0,0
STU0030,7,2023-24,EC701,0.726,89.72,89.07,86.22,98.0,98.0,93.57,98.47,10.0,0
STU0030,7,2023-24,EC702,1.282,83.51,85.85,87.39,56.53,52.11,51.56,48.15,5.0,0
STU0030,7,2023-24,EC703,1.131,86.12,82.2,81.89,72.02,68.76,59.79,60.17,7.0,0
STU0030,7,2023-24,EC704,0.854,83.93,85.58,83.52,91.58,98.0,96.42,99.5,10.0,0
STU0030,7,2023-24,EC705,1.089,83.38,81.72,77.3,75.57,81.53,79.92,74.33,8.0,0
STU0030,8,2023-24,EC801,0.915,92.08,96.39,98.98,93.31,92.6,86.66,87.71,9.0,0
STU0030,8,2023-24,EC802,1.086,88.45,87.17,91.05,74.81,73.6,73.2,75.2,8.0,0
STU0030,8,2023-24,EC803,1.035,91.71,97.02,95.59,75.8,80.4,81.44,79.67,8.0,0
STU0030,8,2023-24,EC804,0.957,85.73,86.54,81.43,90.56,88.21,81.94,85.23,9.0,0
STU0031,1,2020-21,AI101,0.966,95.16,96.08,98.3,83.52,87.55,94.37,90.59,10.0,0
STU0031,1,2020-21,AI102,1.035,91.39,88.54,91.06,77.65,70.4,75.12,73.49,8.0,0
STU0031,1,2020-21,MA101,1.102,99.0,96.08,99.0,74.75,75.54,73.43,70.13,8.0,0
STU0031,1,2020-21,PH101,0.95,97.24,99.0,93.23,92.25,98.0,95.12,99.32,10.0,0
STU0031,1,2020-21,EE101,0.879,99.0,96.13,99.0,84.51,89.38,95.18,90.77,10.0,0
STU0031,2,2020-21,AI201,0.76,97.04,99.0,99.0,98.0,98.0,94.07,94.21,10.0,0
STU0031,2,2020-21,AI202,0.899,99.0,99.0,99.0,88.63,93.08,97.98,99.5,10.0,0
STU0031,2,2020-21,MA201,1.14,99.0,99.0,99.0,67.57,71.48,74.88,75.76,8.0,0
STU0031,2,2020-21,CH101,0.977,98.0,96.57,99.0,86.41,91.52,86.78,85.71,9.0,0
STU0031,2,2020-21,ME101,0.969,96.58,99.0,99.0,82.78,80.69,84.57,91.14,10.0,0
STU0031,3,2021-22,AI301,0.989,96.78,96.77,94.63,68.29,68.19,68.56,67.74,7.0,0
STU0031,3,2021-22,AI302,1.175,99.0,99.0,99.0,61.75,62.73,58.86,60.83,7.0,0
STU0031,3,2021-22,AI303,0.96,95.51,99.0,94.34,83.52,90.9,89.9,99.5,10.0,0
STU0031,3,2021-22,MA301,0.893,99.0,99.0,99.0,77.32,81.74,79.8,75.81,8.0,0
STU0031,3,2021-22,CS301,0.907,96.67,99.0,98.85,78.33,72.71,76.25,74.29,8.0,0
STU0031,3,2021-22,AI304,0.988,99.0,99.0,93.3,63.96,63.67,58.21,60.15,7.0,0
STU0031,4,2021-22,AI401,0.915,99.0,99.0,98.02,80.19,80.63,79.46,76.96,8.0,0
STU0031,4,2021-22,AI402,0.87,94.46,95.88,94.06,69.63,71.63,71.46,75.5,8.0,0
STU0031,4,2021-22,AI403,1.045,93.09,85.28,82.76,65.57,69.82,69.78,73.18,8.0,0
STU0031,4,2021-22,AI404,0.841,99.0,99.0,91.94,91.96,92.38,94.14,91.55,10.0,0
STU0031,4,2021-22,MA401,1.153,94.26,97.17,99.0,57.38,66.3,67.34,60.31,7.0,0
STU0031,4,2021-22,AI405,0.817,97.8,99.0,99.0,90.19,98.0,92.91,95.04,10.0,0
STU0031,5,2022-23,AI501,1.022,96.19,92.57,92.57,66.38,64.71,68.3,64.62,7.0,0
STU0031,5,2022-23,AI502,0.977,99.0,97.22,99.0,65.76,73.95,74.03,70.04,8.0,0
STU0031,5,2022-23,AI503,1.1,99.0,99.0,93.62,59.82,63.28,74.75,67.48,7.0,0
STU0031,5,2022-23,AI504,1.088,92.19,94.06,98.14,63.79,60.19,52.04,45.52,5.0,0
STU0031,5,2022-23,AI505,1.087,91.1,87.1,88.09,66.51,67.97,68.0,66.93,7.0,0
STU0031,5,2022-23,AI506,0.863,96.46,95.45,88.84,79.25,77.58,74.48,73.45,8.0,0
STU0031,6,2022-23,AI601,1.181,92.97,91.5,95.79,54.15,48.86,46.08,43.22,5.0,0
STU0031,6,2022-23,AI602,0.883,99.0,96.45,98.3,76.32,74.87,67.84,64.35,7.0,0
STU0031,6,2022-23,AI603,0.889,99.0,98.66,99.0,89.22,94.42,96.69,97.51,10.0,0
STU0031,6,2022-23,AI604,1.143,89.48,87.3,82.54,55.58,52.12,46.96,50.54,6.0,0
STU0031,6,2022-23,AI605,1.011,90.96,92.06,88.52,73.78,75.56,72.18,72.83,8.0,0
STU0031,6,2022-23,AI606,1.048,98.34,95.82,95.84,70.16,71.59,70.4,66.83,7.0,0
STU0031,7,2023-24,AI701,1.022,98.56,96.85,94.97,67.22,72.06,67.79,68.07,7.0,0
STU0031,7,2023-24,AI702,0.849,99.0,97.12,94.23,84.62,73.54,67.7,68.78,7.0,0
STU0031,7,2023-24,AI703,1.122,99.0,99.0,99.0,65.69,60.99,65.6,63.68,7.0,0
STU0031,7,2023-24,AI704,0.915,93.48,92.04,87.73,80.3,79.74,73.62,73.37,8.0,0
STU0031,7,2023-24,AI705,1.119,99.0,92.74,90.01,56.92,58.52,52.18,55.35,6.0,0
STU0031,8,2023-24,AI801,0.914,96.38,94.78,98.65,75.13,76.86,72.66,71.41,8.0,0
STU0031,8,2023-24,AI802,1.088,92.94,91.97,91.52,70.03,69.57,72.07,70.72,8.0,0
STU0031,8,2023-24,AI803,1.044,99.0,99.0,99.0,74.62,74.22,68.51,72.58,8.0,0
STU0031,8,2023-24,AI804,1.203,97.56,99.0,97.08,59.9,60.15,72.79,77.57,8.0,0
STU0032,1,2020-21,DS101,0.89,81.59,71.64,73.01,89.79,90.47,97.93,93.66,10.0,0
STU0032,1,2020-21,DS102,1.192,76.81,81.89,85.46,70.5,74.89,78.0,82.1,9.0,0
STU0032,1,2020-21,MA101,1.007,79.85,79.83,77.43,77.15,78.04,83.7,83.12,9.0,0
STU0032,1,2020-21,PH101,0.909,82.41,82.63,79.86,89.5,93.67,98.0,96.98,10.0,0
STU0032,1,2020-21,EE101,0.942,73.09,71.11,69.76,83.02,78.84,75.86,80.95,9.0,0
STU0032,2,2020-21,DS201,0.845,74.06,79.04,79.3,81.33,84.15,80.42,82.09,9.0,0
STU0032,2,2020-21,DS202,1.136,79.37,78.62,72.7,49.03,56.53,52.95,51.71,6.0,0
STU0032,2,2020-21,MA201,1.119,79.76,75.18,74.8,58.42,58.54,64.98,69.44,7.0,0
STU0032,2,2020-21,CH101,0.889,76.1,78.41,73.02,63.6,66.06,63.26,65.02,7.0,0
STU0032,2,2020-21,ME101,0.928,74.84,77.44,82.23,58.42,52.97,52.8,54.2,6.0,0
STU0032,3,2021-22,DS301,0.982,79.09,85.85,90.28,63.9,68.71,65.75,68.06,7.0,0
STU0032,3,2021-22,DS302,1.213,77.17,75.29,73.48,56.01,58.14,57.74,52.7,6.0,0
STU0032,3,2021-22,DS303,0.852,78.47,80.43,75.55,73.28,68.18,69.72,73.11,8.0,0
STU0032,3,2021-22,MA301,1.018,89.98,90.52,90.19,61.22,62.14,58.42,55.48,6.0,0
STU0032,3,2021-22,CS301,0.879,81.11,79.36,88.65,76.52,77.39,74.91,84.1,9.0,0
STU0032,3,2021-22,DS304,0.889,80.11,83.61,84.32,68.26,68.38,71.44,72.98,8.0,0
STU0032,4,2021-22,DS401,1.033,87.29,78.8,85.33,69.93,66.03,65.15,67.14,7.0,0
STU0032,4,2021-22,DS402,1.124,83.72,85.83,84.91,66.4,67.33,68.68,67.75,7.0,0
STU0032,4,2021-22,DS403,1.048,80.8,81.48,79.26,63.59,60.41,59.48,57.89,6.0,0
STU0032,4,2021-22,DS404,1.048,84.42,87.98,87.68,69.52,77.92,75.94,75.08,8.0,0
STU0032,4,2021-22,MA401,1.144,80.28,84.88,84.05,58.64,62.71,61.58,67.06,7.0,0
STU0032,4,2021-22,DS405,1.01,84.4,82.35,81.84,69.82,75.81,77.12,79.23,8.0,0
STU0032,5,2022-23,DS501,1.045,80.08,76.41,77.88,74.14,70.48,74.63,77.39,8.0,0
STU0032,5,2022-23,DS502,0.845,78.16,76.08,77.34,87.55,92.95,86.04,91.41,10.0,0
STU0032,5,2022-23,DS503,1.17,77.93,79.19,77.67,54.09,46.78,49.68,52.83,6.0,0
STU0032,5,2022-23,DS504,0.99,71.88,72.12,69.88,70.45,67.31,70.06,73.8,8.0,0
STU0032,5,2022-23,DS505,1.061,73.4,76.86,76.93,70.41,67.55,65.27,62.3,7.0,0
STU0032,5,2022-23,DS506,0.944,77.64,74.59,66.53,71.67,66.39,64.12,61.44,7.0,0
STU0032,6,2022-23,DS601,0.73,73.21,72.67,71.88,86.87,87.85,88.15,88.07,9.0,0
STU0032,6,2022-23,DS602,1.05,72.25,70.55,75.38,65.38,69.1,74.61,76.19,8.0,0
STU0032,6,2022-23,DS603,1.111,67.65,68.37,67.73,67.48,71.66,68.82,69.94,7.0,0
STU0032,6,2022-23,DS604,1.02,75.79,72.22,73.48,63.24,64.51,61.25,59.5,6.0,0
STU0032,6,2022-23,DS605,1.141,69.76,66.34,66.16,53.71,49.73,50.2,45.68,5.0,0
STU0032,6,2022-23,DS606,0.879,82.19,83.8,81.18,76.81,79.36,83.83,83.45,9.0,0
STU0032,7,2023-24,DS701,0.873,67.86,69.02,65.83,85.05,82.25,81.0,91.27,10.0,0
STU0032,7,2023-24,DS702,1.109,72.07,74.67,72.7,60.74,61.79,57.77,59.16,6.0,0
STU0032,7,2023-24,DS703,1.15,67.97,63.4,61.61,67.92,70.05,72.54,77.85,8.0,0
STU0032,7,2023-24,DS704,1.042,68.48,71.48,67.37,67.97,64.65,67.6,64.84,7.0,0
STU0032,7,2023-24,DS705,1.068,66.34,65.1,68.29,61.85,59.65,72.83,78.38,8.0,0
STU0032,8,2023-24,DS801,1.008,67.69,74.75,74.85,60.58,62.3,63.94,61.38,7.0,0
STU0032,8,2023-24,DS802,1.158,73.98,78.56,76.55,44.55,51.02,54.35,57.85,6.0,0
STU0032,8,2023-24,DS803,1.148,73.41,72.13,71.8,56.76,58.01,49.78,49.42,5.0,0
STU0032,8,2023-24,DS804,1.17,73.33,81.11,77.75,54.73,50.29,46.44,43.91,5.0,0
STU0033,1,2020-21,CS101,0.916,66.69,60.53,54.19,86.65,79.05,74.79,73.33,8.0,0
STU0033,1,2020-21,CS102,0.909,63.5,53.54,49.53,91.03,83.08,76.56,73.07,8.0,0
STU0033,1,2020-21,MA101,0.853,71.25,64.93,61.57,94.61,88.73,84.7,85.18,9.0,0
STU0033,1,2020-21,PH101,1.043,66.35,62.05,54.07,76.37,67.84,64.28,66.48,7.0,0
STU0033,1,2020-21,EE101,0.988,64.91,59.09,55.91,78.24,74.06,66.3,61.0,7.0,0
STU0033,2,2020-21,CS201,0.901,65.49,60.87,53.5,76.76,71.86,68.51,66.94,7.0,0
STU0033,2,2020-21,CS202,0.99,70.97,66.05,62.02,73.76,66.91,62.13,62.89,7.0,0
STU0033,2,2020-21,MA201,1.181,72.61,66.27,60.86,60.61,53.28,46.24,50.63,6.0,0
STU0033,2,2020-21,CH101,1.112,69.08,63.9,56.82,55.39,50.29,47.28,46.73,5.0,0
STU0033,2,2020-21,ME101,1.049,68.04,62.06,56.21,65.01,60.66,57.4,54.3,6.0,0
STU0033,3,2021-22,CS301,0.886,58.7,51.42,44.64,68.25,59.46,54.58,57.34,6.0,0
STU0033,3,2021-22,CS302,1.035,56.63,50.37,46.55,59.74,55.65,48.9,48.42,5.0,0
STU0033,3,2021-22,CS303,1.126,57.59,52.15,47.98,52.04,43.83,39.98,37.63,0.0,1
STU0033,3,2021-22,MA301,1.014,61.28,51.86,46.47,63.69,55.64,48.37,46.72,5.0,0
STU0033,3,2021-22,EC301,1.033,62.18,54.83,48.68,57.98,52.72,48.95,47.61,5.0,0
STU0033,3,2021-22,CS304,0.843,57.26,49.07,43.12,76.97,68.54,64.38,61.66,7.0,0
STU0033,4,2021-22,CS401,0.748,55.76,50.45,43.66,86.88,80.97,75.56,75.55,8.0,0
STU0033,4,2021-22,CS402,1.151,64.28,55.46,48.63,60.54,56.21,51.5,54.92,6.0,0
STU0033,4,2021-22,CS403,1.035,51.88,47.4,42.23,66.36,61.45,53.64,56.58,6.0,0
STU0033,4,2021-22,CS404,1.101,55.23,49.63,45.08,57.26,50.83,45.52,45.01,5.0,0
STU0033,4,2021-22,MA401,0.66,53.57,46.78,42.57,97.68,90.89,86.57,85.59,9.0,0
STU0033,4,2021-22,CS405,0.89,48.48,40.13,33.55,67.59,62.11,58.86,56.82,6.0,0
STU0033,5,2022-23,CS501,1.107,55.74,47.83,42.35,60.66,53.82,48.11,44.81,5.0,0
STU0033,5,2022-23,CS502,1.032,51.58,47.49,40.74,66.2,61.62,54.77,54.08,6.0,0
STU0033,5,2022-23,CS503,1.251,54.21,49.06,43.97,44.68,37.09,33.0,35.67,0.0,1
STU0033,5,2022-23,CS504,0.899,52.55,48.44,41.12,70.86,63.77,57.3,59.33,6.0,0
STU0033,5,2022-23,CS505,0.876,47.91,41.28,34.88,80.43,73.97,67.76,68.26,7.0,0
STU0033,5,2022-23,CS506,0.842,47.65,40.83,32.54,69.45,61.36,55.21,54.92,6.0,0
STU0033,6,2022-23,CS601,0.95,45.8,39.59,31.65,72.45,67.88,60.7,56.52,6.0,0
STU0033,6,2022-23,CS602,1.148,45.89,40.28,36.96,55.93,48.96,45.23,42.92,5.0,0
STU0033,6,2022-23,CS603,1.084,47.17,38.84,33.84,62.95,56.03,52.84,49.28,5.0,0
STU0033,6,2022-23,CS604,0.998,44.81,38.18,34.52,65.7,60.6,54.62,54.49,6.0,0
STU0033,6,2022-23,CS605,1.049,51.03,44.04,40.65,70.44,65.72,58.31,63.55,7.0,0
STU0033,6,2022-23,CS606,0.835,40.22,33.89,27.56,80.47,75.76,70.83,71.76,8.0,0
STU0033,7,2023-24,CS701,0.839,56.49,50.59,44.56,69.3,64.62,58.09,52.86,6.0,0
STU0033,7,2023-24,CS702,1.044,58.02,49.51,42.03,51.59,42.8,37.37,40.3,5.0,0
STU0033,7,2023-24,CS703,1.063,45.8,39.89,32.2,43.05,35.62,30.36,28.16,0.0,1
STU0033,7,2023-24,CS704,0.983,55.0,48.49,40.72,56.42,49.71,42.02,44.93,5.0,0
STU0033,7,2023-24,CS705,0.835,45.93,41.1,37.29,67.19,59.63,54.74,54.49,6.0,0
STU0033,8,2023-24,CS801,0.922,45.71,40.9,36.68,63.41,57.85,51.9,55.47,6.0,0
STU0033,8,2023-24,CS802,0.903,49.26,42.25,37.27,61.71,52.73,47.95,51.89,6.0,0
STU0033,8,2023-24,CS803,0.964,44.63,40.12,36.28,53.8,49.77,46.73,50.31,6.0,0
STU0033,8,2023-24,CS804,0.944,52.65,45.53,37.61,62.6,54.2,46.95,45.49,5.0,0
STU0034,1,2020-21,EC101,1.213,81.58,91.04,91.92,73.33,69.3,64.96,60.64,7.0,0
STU0034,1,2020-21,EC102,1.204,86.25,85.93,84.88,64.81,63.91,64.31,68.06,7.0,0
STU0034,1,2020-21,MA101,0.873,86.67,88.6,88.75,96.79,92.42,95.92,99.5,10.0,0
STU0034,1,2020-21,PH101,1.159,88.23,79.19,80.01,73.18,68.6,64.91,61.92,7.0,0
STU0034,1,2020-21,EE101,1.033,85.71,86.29,94.61,80.59,75.37,68.83,69.82,7.0,0
STU0034,2,2020-21,EC201,0.741,88.47,97.28,99.0,98.0,98.0,98.0,99.5,10.0,0
STU0034,2,2020-21,EC202,1.034,77.83,78.81,78.46,81.85,83.09,80.91,81.11,9.0,0
STU0034,2,2020-21,MA201,1.055,84.04,82.42,84.0,87.59,91.97,93.34,95.16,10.0,0
STU0034,2,2020-21,CH101,0.949,91.95,91.73,95.65,91.07,92.76,94.28,95.86,10.0,0
STU0034,2,2020-21,ME101,0.898,83.2,81.51,84.38,94.45,95.82,95.7,99.5,10.0,0
STU0034,3,2021-22,EC301,0.907,86.93,86.92,90.92,96.79,93.42,90.24,93.82,10.0,0
STU0034,3,2021-22,EC302,1.049,88.68,88.57,91.7,76.83,77.06,77.57,73.83,8.0,0
STU0034,3,2021-22,EC303,0.975,97.61,94.69,95.13,77.94,77.31,72.48,71.42,8.0,0
STU0034,3,2021-22,MA301,1.051,83.96,84.81,82.08,75.26,79.68,75.35,74.08,8.0,0
STU0034,3,2021-22,CS301,0.932,89.33,89.45,88.87,88.91,87.72,89.04,89.4,9.0,0
STU0034,3,2021-22,EC304,1.135,91.52,95.39,99.0,76.84,80.68,82.19,86.17,9.0,0
STU0034,4,2021-22,EC401,1.049,85.68,85.62,79.8,72.98,76.66,75.24,75.51,8.0,0
STU0034,4,2021-22,EC402,1.23,82.65,82.1,82.78,64.2,64.81,66.58,63.01,7.0,0
STU0034,4,2021-22,EC403,0.985,78.49,78.68,80.8,77.96,73.7,71.76,77.16,8.0,0
STU0034,4,2021-22,EC404,1.174,81.23,79.32,78.94,72.22,64.34,61.84,63.08,7.0,0
STU0034,4,2021-22,MA401,1.036,81.69,80.81,81.97,72.8,68.01,67.18,67.75,7.0,0
STU0034,4,2021-22,EC405,0.745,84.97,88.38,87.13,98.0,94.68,93.99,92.32,10.0,0
STU0034,5,2022-23,EC501,0.742,87.0,93.02,94.8,98.0,98.0,98.0,99.5,10.0,0
STU0034,5,2022-23,EC502,1.114,85.99,79.99,76.17,72.81,61.45,59.49,63.74,7.0,0
STU0034,5,2022-23,EC503,0.828,87.63,89.49,90.29,98.0,97.81,98.0,97.4,10.0,0
STU0034,5,2022-23,EC504,1.041,84.16,80.92,76.21,86.54,92.61,93.7,95.25,10.0,0
STU0034,5,2022-23,EC505,0.813,86.26,78.98,74.8,98.0,98.0,98.0,99.5,10.0,0
STU0034,5,2022-23,EC506,1.096,83.64,84.66,84.42,71.84,70.24,72.1,61.95,7.0,0
STU0034,6,2022-23,EC601,1.116,73.85,73.14,69.51,78.15,80.77,79.16,81.23,9.0,0
STU0034,6,2022-23,EC602,0.821,79.29,75.6,79.19,98.0,98.0,95.51,97.74,10.0,0
STU0034,6,2022-23,EC603,0.866,75.72,75.11,71.83,97.83,95.7,90.84,87.2,9.0,0
STU0034,6,2022-23,EC604,1.084,69.44,65.9,70.81,73.62,76.84,78.76,78.19,8.0,0
STU0034,6,2022-23,EC605,0.801,74.31,69.61,71.3,98.0,94.05,93.69,93.72,10.0,0
STU0034,6,2022-23,EC606,1.009,76.56,82.3,84.67,81.25,78.92,75.16,83.56,9.0,0
STU0034,7,2023-24,EC701,1.115,80.3,86.41,83.0,81.11,76.82,76.56,75.99,8.0,0
STU0034,7,2023-24,EC702,0.836,87.7,90.33,92.5,96.07,92.91,97.86,98.5,10.0,0
STU0034,7,2023-24,EC703,0.909,85.77,79.91,80.28,92.75,91.94,95.14,97.58,10.0,0
STU0034,7,2023-24,EC704,1.033,91.98,96.72,98.92,80.52,79.37,76.46,78.85,8.0,0
STU0034,7,2023-24,EC705,0.976,80.85,78.05,75.7,92.11,95.92,96.08,97.32,10.0,0
STU0034,8,2023-24,EC801,0.86,85.95,81.22,81.16,94.5,95.49,94.35,95.96,10.0,0
STU0034,8,2023-24,EC802,0.723,86.23,88.8,92.34,98.0,98.0,95.11,96.43,10.0,0
STU0034,8,2023-24,EC803,1.035,85.25,87.42,87.75,83.69,86.04,90.94,96.15,10.0,0
STU0034,8,2023-24,EC804,1.072,83.85,83.07,81.87,75.09,60.69,56.92,56.4,6.0,0
STU0035,1,2020-21,AI101,0.904,87.26,79.86,81.51,71.85,68.63,71.17,68.52,7.0,0
STU0035,1,2020-21,AI102,1.046,85.48,85.4,83.27,64.59,71.39,64.02,68.28,7.0,0
STU0035,1,2020-21,MA101,0.89,93.78,97.51,99.0,71.38,72.61,84.12,84.16,9.0,0
STU0035,1,2020-21,PH101,0.988,89.51,91.32,91.01,71.2,69.88,65.22,72.19,8.0,0
STU0035,1,2020-21,EE101,0.988,99.0,99.0,99.0,68.19,65.52,64.23,61.74,7.0,0
STU0035,2,2020-21,AI201,1.096,99.0,99.0,96.9,53.5,51.43,51.85,55.28,6.0,0
STU0035,2,2020-21,AI202,0.993,99.0,97.49,99.0,64.52,66.35,65.79,65.04,7.0,0
STU0035,2,2020-21,MA201,0.926,94.88,97.8,94.39,72.21,74.43,77.5,83.09,9.0,0
STU0035,2,2020-21,CH101,1.069,92.69,90.7,88.67,59.54,60.51,62.4,64.88,7.0,0
STU0035,2,2020-21,ME101,1.08,99.0,96.66,99.0,58.97,60.54,59.66,59.59,6.0,0
STU0035,3,2021-22,AI301,0.9,87.61,87.61,86.71,74.22,73.1,76.16,74.47,8.0,0
STU0035,3,2021-22,AI302,1.164,88.92,87.7,85.62,47.93,43.09,37.97,33.67,0.0,1
STU0035,3,2021-22,AI303,0.996,85.87,92.22,92.45,62.01,58.64,61.39,61.15,7.0,0
STU0035,3,2021-22,MA301,1.103,82.56,86.59,87.46,66.52,67.2,63.75,63.58,7.0,0
STU0035,3,2021-22,CS301,1.035,79.01,79.29,83.55,71.59,77.74,79.58,76.88,8.0,0
STU0035,3,2021-22,AI304,1.095,80.05,79.32,78.36,62.25,72.95,72.62,78.05,8.0,0
STU0035,4,2021-22,AI401,0.951,86.32,85.12,84.16,77.41,79.06,82.16,86.74,9.0,0
STU0035,4,2021-22,AI402,0.943,90.93,95.8,99.0,66.33,74.42,71.56,66.03,7.0,0
STU0035,4,2021-22,AI403,1.213,88.52,90.46,89.3,59.35,58.73,55.92,55.99,6.0,0
STU0035,4,2021-22,AI404,1.014,81.18,81.38,75.12,79.53,79.07,74.25,75.79,8.0,0
STU0035,4,2021-22,MA401,0.91,86.35,87.95,84.39,87.6,96.81,94.44,91.07,10.0,0
STU0035,4,2021-22,AI405,0.936,84.56,88.45,86.66,69.89,70.34,63.63,66.84,7.0,0
STU0035,5,2022-23,AI501,0.941,88.13,84.27,81.51,75.01,69.07,67.03,63.81,7.0,0
STU0035,5,2022-23,AI502,1.171,85.52,82.2,84.57,58.04,53.08,57.07,56.1,6.0,0
STU0035,5,2022-23,AI503,1.101,87.07,87.52,89.5,61.91,58.26,63.67,65.41,7.0,0
STU0035,5,2022-23,AI504,0.992,90.32,92.21,95.51,66.52,66.23,71.32,76.35,8.0,0
STU0035,5,2022-23,AI505,0.936,87.77,87.84,83.48,75.14,68.03,67.28,64.16,7.0,0
STU0035,5,2022-23,AI506,1.02,85.89,84.75,90.19,70.57,79.02,81.03,83.48,9.0,0
STU0035,6,2022-23,AI601,1.002,91.7,90.43,85.42,69.09,69.38,66.9,65.78,7.0,0
STU0035,6,2022-23,AI602,0.895,90.55,90.63,91.47,72.11,78.12,79.11,72.69,8.0,0
STU0035,6,2022-23,AI603,1.055,85.79,85.22,88.7,64.17,71.87,72.35,70.95,8.0,0
STU0035,6,2022-23,AI604,0.782,83.98,82.85,87.98,83.64,91.03,85.86,83.54,9.0,0
STU0035,6,2022-23,AI605,1.135,84.47,88.32,85.43,55.6,58.49,54.83,54.01,6.0,0
STU0035,6,2022-23,AI606,1.047,85.84,83.87,79.65,71.45,78.81,80.29,79.59,8.0,0
STU0035,7,2023-24,AI701,1.124,89.27,93.03,95.18,66.97,59.76,57.87,57.35,6.0,0
STU0035,7,2023-24,AI702,0.944,99.0,97.57,99.0,74.22,72.91,69.72,75.89,8.0,0
STU0035,7,2023-24,AI703,0.973,94.93,94.9,93.29,71.76,73.14,71.03,68.73,7.0,0
STU0035,7,2023-24,AI704,1.057,91.89,89.61,86.33,67.32,58.69,57.51,57.92,6.0,0
STU0035,7,2023-24,AI705,1.209,91.47,90.42,91.41,53.77,52.79,52.92,54.81,6.0,0
STU0035,8,2023-24,AI801,0.785,90.98,90.18,96.77,88.16,84.25,79.33,81.32,9.0,0
STU0035,8,2023-24,AI802,1.216,94.88,90.63,91.34,61.44,55.4,60.07,57.96,6.0,0
STU0035,8,2023-24,AI803,0.974,90.02,93.76,99.0,68.02,65.86,63.4,65.74,7.0,0
STU0035,8,2023-24,AI804,1.119,92.49,93.44,94.73,59.44,58.82,62.67,63.46,7.0,0
STU0036,1,2020-21,DS101,0.927,59.9,55.56,52.25,57.55,54.42,53.39,57.03,6.0,0
STU0036,1,2020-21,DS102,0.985,62.92,60.19,62.11,49.07,47.95,50.6,50.64,6.0,0
STU0036,1,2020-21,MA101,1.113,61.99,60.91,65.45,50.03,48.94,49.59,49.87,5.0,0
STU0036,1,2020-21,PH101,1.024,58.75,60.06,62.82,54.13,55.89,55.44,52.78,6.0,0
STU0036,1,2020-21,EE101,0.864,56.49,55.03,60.88,67.87,65.2,67.23,67.02,7.0,0
STU0036,2,2020-21,DS201,1.269,56.89,55.87,53.78,49.39,43.95,47.76,48.13,5.0,0
STU0036,2,2020-21,DS202,0.828,48.83,46.53,47.1,68.91,62.84,61.34,63.06,7.0,0
STU0036,2,2020-21,MA201,1.09,47.98,49.58,50.52,51.87,53.96,49.8,49.8,5.0,0
STU0036,2,2020-21,CH101,0.808,49.22,54.2,53.09,76.97,75.61,70.73,72.72,8.0,0
STU0036,2,2020-21,ME101,1.056,58.71,55.28,56.53,55.77,60.54,62.92,62.06,7.0,0
STU0036,3,2021-22,DS301,1.045,57.33,56.32,57.29,40.39,35.76,39.97,40.51,5.0,0
STU0036,3,2021-22,DS302,1.057,52.41,49.87,48.39,48.75,51.83,50.71,45.73,5.0,0
STU0036,3,2021-22,DS303,1.048,55.87,57.55,60.55,51.85,57.98,58.1,56.81,6.0,0
STU0036,3,2021-22,MA301,1.125,58.44,57.62,61.49,45.06,50.81,58.59,66.51,7.0,0
STU0036,3,2021-22,CS301,1.007,60.47,63.46,66.77,52.02,56.3,50.12,50.03,6.0,0
STU0036,3,2021-22,DS304,0.922,51.86,46.83,44.99,53.68,54.51,54.45,57.61,6.0,0
STU0036,4,2021-22,DS401,1.064,40.88,40.64,38.15,52.63,50.74,46.77,51.79,6.0,0
STU0036,4,2021-22,DS402,1.083,40.9,32.36,31.53,47.12,53.71,45.83,50.51,6.0,0
STU0036,4,2021-22,DS403,1.052,36.23,39.46,38.61,40.29,38.29,39.44,39.62,0.0,1
STU0036,4,2021-22,DS404,1.077,45.45,41.61,41.54,44.43,38.81,38.58,39.87,0.0,1
STU0036,4,2021-22,MA401,1.059,39.48,35.96,33.7,38.92,33.57,28.61,31.14,0.0,1
STU0036,4,2021-22,DS405,1.101,49.58,50.42,48.73,46.5,45.74,42.9,43.86,5.0,0
STU0036,5,2022-23,DS501,0.965,54.76,52.82,51.41,61.04,65.59,69.74,68.96,7.0,0
STU0036,5,2022-23,DS502,0.848,51.07,51.33,47.43,65.18,70.61,71.27,60.65,7.0,0
STU0036,5,2022-23,DS503,1.003,52.67,49.02,53.09,55.66,55.8,49.03,52.08,6.0,0
STU0036,5,2022-23,DS504,1.075,54.46,51.61,48.9,53.75,50.63,52.58,46.1,5.0,0
STU0036,5,2022-23,DS505,0.941,59.42,60.96,61.54,70.04,59.53,55.86,54.65,6.0,0
STU0036,5,2022-23,DS506,1.103,55.73,52.7,56.19,49.29,54.75,50.1,49.73,5.0,0
STU0036,6,2022-23,DS601,0.937,58.89,60.67,62.57,61.17,62.12,60.24,59.19,6.0,0
STU0036,6,2022-23,DS602,1.003,60.06,59.54,59.61,45.43,48.43,49.25,52.25,6.0,0
STU0036,6,2022-23,DS603,1.0,52.11,50.85,50.15,56.89,47.58,47.76,49.3,5.0,0
STU0036,6,2022-23,DS604,0.921,59.36,57.17,54.61,55.72,52.52,55.6,53.39,6.0,0
STU0036,6,2022-23,DS605,0.892,66.13,69.5,62.98,55.82,56.91,58.36,44.89,5.0,0
STU0036,6,2022-23,DS606,1.139,56.75,52.95,55.09,49.8,54.71,54.06,52.67,6.0,0
STU0036,7,2023-24,DS701,0.973,57.64,60.27,59.08,46.95,43.05,43.46,40.24,5.0,0
STU0036,7,2023-24,DS702,0.99,57.09,53.78,52.07,52.22,53.66,57.82,55.47,6.0,0
STU0036,7,2023-24,DS703,1.167,71.43,69.96,63.78,34.9,32.67,29.54,29.56,0.0,1
STU0036,7,2023-24,DS704,1.061,55.4,54.8,53.03,58.15,51.93,48.51,48.61,5.0,0
STU0036,7,2023-24,DS705,0.91,65.08,61.51,58.3,62.04,56.68,60.44,59.08,6.0,0
STU0036,8,2023-24,DS801,0.866,53.31,53.78,56.9,66.58,69.02,62.48,59.57,6.0,0
STU0036,8,2023-24,DS802,1.102,49.9,52.18,51.87,45.52,48.45,40.68,39.72,0.0,1
STU0036,8,2023-24,DS803,1.008,50.51,45.98,41.6,50.16,49.87,56.87,54.24,6.0,0
STU0036,8,2023-24,DS804,0.941,56.04,59.77,55.87,59.22,62.96,63.85,60.33,7.0,0
STU0037,1,2020-21,CS101,1.063,89.56,88.63,86.53,79.61,91.28,93.1,99.5,10.0,0
STU0037,1,2020-21,CS102,0.866,87.45,88.13,80.45,98.0,98.0,97.92,96.93,10.0,0
STU0037,1,2020-21,MA101,0.998,96.41,95.55,95.81,98.0,96.97,89.61,93.71,10.0,0
STU0037,1,2020-21,PH101,1.122,82.41,81.96,81.88,89.69,89.63,90.37,90.97,10.0,0
STU0037,1,2020-21,EE101,0.944,96.47,93.69,92.0,98.0,91.98,98.0,98.0,10.0,0
STU0037,2,2020-21,CS201,1.085,93.48,96.77,99.0,86.77,85.93,82.12,81.83,9.0,0
STU0037,2,2020-21,CS202,1.08,92.73,98.47,99.0,90.03,85.12,89.02,88.55,9.0,0
STU0037,2,2020-21,MA201,1.107,88.59,92.79,94.15,92.8,94.53,90.37,89.27,9.0,0
STU0037,2,2020-21,CH101,0.846,91.03,85.91,86.94,96.76,98.0,93.03,90.17,10.0,0
STU0037,2,2020-21,ME101,1.165,91.57,94.53,91.01,88.28,87.66,88.19,92.66,10.0,0
STU0037,3,2021-22,CS301,1.046,95.05,91.22,90.43,83.12,88.46,88.87,86.84,9.0,0
STU0037,3,2021-22,CS302,0.827,94.05,98.38,98.77,98.0,98.0,96.13,93.71,10.0,0
STU0037,3,2021-22,CS303,1.048,97.58,95.53,92.73,94.26,92.31,85.78,86.36,9.0,0
STU0037,3,2021-22,MA301,1.107,95.14,97.02,93.35,85.54,81.24,82.61,84.92,9.0,0
STU0037,3,2021-22,EC301,1.012,90.96,86.79,92.36,86.34,89.78,90.31,87.3,9.0,0
STU0037,3,2021-22,CS304,0.936,99.0,99.0,97.89,95.54,88.17,80.75,78.18,8.0,0
STU0037,4,2021-22,CS401,1.083,93.97,96.44,94.29,85.9,84.26,78.56,72.64,8.0,0
STU0037,4,2021-22,CS402,0.92,83.16,79.2,81.11,98.0,98.0,98.0,95.81,10.0,0
STU0037,4,2021-22,CS403,1.082,89.86,90.83,91.37,87.37,85.63,87.07,88.26,9.0,0
STU0037,4,2021-22,CS404,0.828,96.48,92.15,89.08,98.0,98.0,98.0,98.98,10.0,0
STU0037,4,2021-22,MA401,0.864,90.99,83.81,80.6,98.0,98.0,98.0,99.5,10.0,0
STU0037,4,2021-22,CS405,0.731,87.02,82.47,76.33,98.0,98.0,92.18,91.51,10.0,0
STU0037,5,2022-23,CS501,1.019,96.58,96.45,92.9,89.66,83.71,90.45,86.05,9.0,0
STU0037,5,2022-23,CS502,1.114,89.42,92.11,95.51,91.37,86.69,87.42,85.62,9.0,0
STU0037,5,2022-23,CS503,0.894,95.43,98.28,96.2,98.0,93.92,89.22,88.25,9.0,0
STU0037,5,2022-23,CS504,0.968,97.93,93.55,99.0,89.56,90.59,89.3,87.36,9.0,0
STU0037,5,2022-23,CS505,0.979,97.95,99.0,98.24,98.0,92.01,91.18,92.37,10.0,0
STU0037,5,2022-23,CS506,0.726,95.58,94.99,99.0,98.0,98.0,96.78,98.67,10.0,0
STU0037,6,2022-23,CS601,1.037,93.97,97.41,97.51,94.56,98.0,92.88,94.3,10.0,0
STU0037,6,2022-23,CS602,0.763,92.69,91.35,91.04,98.0,97.82,98.0,99.5,10.0,0
STU0037,6,2022-23,CS603,1.156,89.44,83.62,88.19,76.05,74.15,71.95,71.98,8.0,0
STU0037,6,2022-23,CS604,0.848,83.99,83.92,81.13,98.0,95.52,90.89,95.91,10.0,0
STU0037,6,2022-23,CS605,1.056,99.0,92.27,93.0,93.7,93.83,92.2,95.93,10.0,0
STU0037,6,2022-23,CS606,1.056,82.49,79.44,75.37,90.7,94.97,93.27,92.51,10.0,0
STU0037,7,2023-24,CS701,1.148,95.32,99.0,97.1,72.98,76.6,76.17,74.43,8.0,0
STU0037,7,2023-24,CS702,1.009,89.11,82.99,83.31,93.13,98.0,98.0,99.5,10.0,0
STU0037,7,2023-24,CS703,1.152,97.41,96.2,99.0,84.03,84.0,78.6,73.24,8.0,0
STU0037,7,2023-24,CS704,1.101,97.36,99.0,99.0,78.87,70.43,72.75,76.34,8.0,0
STU0037,7,2023-24,CS705,1.042,89.5,90.34,86.41,80.36,80.33,81.06,80.77,9.0,0
STU0037,8,2023-24,CS801,1.01,88.85,87.97,88.91,98.0,98.0,98.0,98.03,10.0,0
STU0037,8,2023-24,CS802,1.059,94.93,99.0,99.0,90.46,95.61,98.0,96.18,10.0,0
STU0037,8,2023-24,CS803,1.068,86.28,88.25,94.38,94.08,98.0,96.3,97.74,10.0,0
STU0037,8,2023-24,CS804,1.084,89.57,91.96,93.55,92.1,87.46,93.2,94.56,10.0,0
STU0038,1,2020-21,EC101,0.995,68.2,72.36,75.73,98.0,98.0,98.0,93.03,10.0,0
STU0038,1,2020-21,EC102,1.075,73.88,79.32,83.1,87.03,86.38,90.9,82.93,9.0,0
STU0038,1,2020-21,MA101,1.029,75.29,74.87,73.53,91.74,97.81,98.0,95.97,10.0,0
STU0038,1,2020-21,PH101,1.146,77.16,74.33,84.13,81.04,85.31,88.58,86.49,9.0,0
STU0038,1,2020-21,EE101,0.946,71.78,65.24,68.11,88.72,88.79,85.76,87.5,9.0,0
STU0038,2,2020-21,EC201,0.928,68.88,69.66,73.33,93.84,93.76,88.94,88.27,9.0,0
STU0038,2,2020-21,EC202,0.998,58.59,55.47,57.09,87.72,86.58,83.85,78.62,8.0,0
STU0038,2,2020-21,MA201,0.739,65.58,70.79,70.92,98.0,92.7,93.98,91.87,10.0,0
STU0038,2,2020-21,CH101,0.911,69.79,69.36,64.51,95.58,92.36,85.86,82.87,9.0,0
STU0038,2,2020-21,ME101,1.246,71.66,64.61,63.95,68.97,67.77,64.78,67.02,7.0,0
STU0038,3,2021-22,EC301,1.04,77.38,76.17,70.65,84.39,80.55,79.65,66.8,7.0,0
STU0038,3,2021-22,EC302,0.864,77.5,80.45,83.84,98.0,96.68,95.14,96.01,10.0,0
STU0038,3,2021-22,EC303,0.864,76.45,73.36,72.32,98.0,98.0,98.0,93.82,10.0,0
STU0038,3,2021-22,MA301,1.04,76.54,69.19,70.42,87.0,80.34,75.29,68.8,7.0,0
STU0038,3,2021-22,CS301,0.951,70.92,74.91,73.65,97.4,90.23,88.31,92.37,10.0,0
STU0038,3,2021-22,EC304,1.186,73.48,73.24,75.7,75.89,77.55,88.2,90.5,10.0,0
STU0038,4,2021-22,EC401,1.108,74.81,70.68,70.22,81.25,79.98,76.06,74.89,8.0,0
STU0038,4,2021-22,EC402,0.822,73.05,74.47,76.77,98.0,96.31,96.87,99.5,10.0,0
STU0038,4,2021-22,EC403,0.914,82.24,77.19,71.21,98.0,97.83,92.74,91.76,10.0,0
STU0038,4,2021-22,EC404,1.048,71.93,75.48,79.42,97.26,93.17,89.67,89.15,9.0,0
STU0038,4,2021-22,MA401,0.967,74.52,77.17,79.31,94.28,89.15,83.57,80.93,9.0,0
STU0038,4,2021-22,EC405,1.102,76.4,79.64,73.69,88.0,89.18,94.58,93.35,10.0,0
STU0038,5,2022-23,EC501,0.979,77.02,78.69,72.85,93.92,88.32,87.92,87.04,9.0,0
STU0038,5,2022-23,EC502,0.939,78.82,79.16,75.45,92.26,96.04,95.87,91.6,10.0,0
STU0038,5,2022-23,EC503,0.95,75.68,71.36,69.14,98.0,98.0,98.0,93.94,10.0,0
STU0038,5,2022-23,EC504,0.974,76.8,79.55,82.39,98.0,97.99,98.0,92.34,10.0,0
STU0038,5,2022-23,EC505,0.878,70.86,67.92,63.89,98.0,98.0,89.34,88.75,9.0,0
STU0038,5,2022-23,EC506,1.104,75.11,79.75,77.65,91.92,84.86,90.84,88.16,9.0,0
STU0038,6,2022-23,EC601,1.133,75.48,73.46,77.04,86.01,79.43,81.71,78.66,8.0,0
STU0038,6,2022-23,EC602,0.922,66.82,68.14,64.69,98.0,93.3,90.11,91.6,10.0,0
STU0038,6,2022-23,EC603,1.109,73.97,73.85,73.63,87.05,89.05,94.09,93.64,10.0,0
STU0038,6,2022-23,EC604,1.064,65.43,68.41,69.17,86.54,91.35,85.77,78.94,8.0,0
STU0038,6,2022-23,EC605,1.102,71.93,67.69,68.94,94.42,95.59,98.0,95.45,10.0,0
STU0038,6,2022-23,EC606,0.732,64.75,56.72,64.2,98.0,98.0,96.4,93.69,10.0,0
STU0038,7,2023-24,EC701,1.101,69.7,64.11,66.4,84.14,81.75,78.81,73.68,8.0,0
STU0038,7,2023-24,EC702,1.075,68.75,59.38,54.18,84.68,83.14,78.03,78.2,8.0,0
STU0038,7,2023-24,EC703,0.899,68.03,67.09,72.99,98.0,89.13,88.84,84.48,9.0,0
STU0038,7,2023-24,EC704,0.872,63.17,60.13,55.95,98.0,94.21,85.46,85.45,9.0,0
STU0038,7,2023-24,EC705,0.979,69.55,71.68,76.0,88.56,89.76,88.62,90.14,10.0,0
STU0038,8,2023-24,EC801,1.034,69.81,77.54,72.78,87.55,83.25,85.85,91.85,10.0,0
STU0038,8,2023-24,EC802,1.093,73.18,76.43,74.37,83.71,84.1,78.63,83.75,9.0,0
STU0038,8,2023-24,EC803,1.149,70.22,73.81,69.69,79.6,79.82,87.37,88.36,9.0,0
STU0038,8,2023-24,EC804,0.815,77.72,76.18,74.47,98.0,95.41,98.0,99.5,10.0,0
STU0039,1,2020-21,AI101,0.843,81.75,81.51,78.09,79.45,81.73,82.56,82.98,9.0,0
STU0039,1,2020-21,AI102,0.837,80.11,78.65,81.69,75.29,75.01,74.42,79.4,8.0,0
STU0039,1,2020-21,MA101,0.84,75.58,79.56,84.76,71.19,68.04,64.98,60.68,7.0,0
STU0039,1,2020-21,PH101,1.24,77.28,78.91,80.57,56.08,54.19,52.62,55.11,6.0,0
STU0039,1,2020-21,EE101,0.785,83.84,89.92,90.78,72.22,76.06,75.2,75.63,8.0,0
STU0039,2,2020-21,AI201,1.042,72.3,64.61,65.89,68.38,66.07,63.51,65.45,7.0,0
STU0039,2,2020-21,AI202,0.998,75.89,76.96,76.98,59.71,59.22,60.04,58.44,6.0,0
STU0039,2,2020-21,MA201,1.111,80.08,79.11,79.58,57.33,56.32,55.48,41.17,5.0,0
STU0039,2,2020-21,CH101,1.003,77.0,76.28,75.79,61.4,66.68,62.1,63.06,7.0,0
STU0039,2,2020-21,ME101,1.05,74.36,74.61,71.43,69.64,64.51,61.57,57.9,6.0,0
STU0039,3,2021-22,AI301,1.065,87.71,85.41,88.59,51.73,55.3,51.38,49.44,5.0,0
STU0039,3,2021-22,AI302,1.091,90.6,92.7,89.02,52.29,53.0,49.18,60.49,7.0,0
STU0039,3,2021-22,AI303,0.712,82.97,85.59,83.83,85.44,93.46,91.1,91.92,10.0,0
STU0039,3,2021-22,MA301,0.877,88.81,93.36,97.73,68.03,65.7,66.76,66.91,7.0,0
STU0039,3,2021-22,CS301,1.055,84.61,83.21,82.45,59.7,63.3,61.36,57.9,6.0,0
STU0039,3,2021-22,AI304,1.044,90.08,89.61,87.11,54.62,62.0,62.99,66.03,7.0,0
STU0039,4,2021-22,AI401,1.107,85.22,87.35,91.88,50.18,47.82,50.18,50.24,6.0,0
STU0039,4,2021-22,AI402,1.049,88.38,90.12,89.24,57.89,64.88,65.27,69.34,7.0,0
STU0039,4,2021-22,AI403,1.171,82.5,85.08,81.3,60.78,61.63,62.26,59.67,6.0,0
STU0039,4,2021-22,AI404,0.927,86.53,86.85,85.5,70.95,70.93,66.39,68.55,7.0,0
STU0039,4,2021-22,MA401,0.861,77.93,78.27,74.66,72.57,76.24,80.67,82.17,9.0,0
STU0039,4,2021-22,AI405,0.841,82.74,82.76,82.82,68.68,66.59,70.24,71.75,8.0,0
STU0039,5,2022-23,AI501,0.841,88.19,90.59,93.2,77.22,74.29,76.95,75.7,8.0,0
STU0039,5,2022-23,AI502,1.025,81.99,80.78,80.28,64.15,66.71,74.34,74.78,8.0,0
STU0039,5,2022-23,AI503,0.886,88.1,89.28,88.62,69.86,67.07,64.14,60.48,7.0,0
STU0039,5,2022-23,AI504,1.116,86.64,86.97,84.8,62.52,56.13,55.54,58.48,6.0,0
STU0039,5,2022-23,AI505,0.761,85.61,83.3,83.72,81.83,84.5,90.05,97.59,10.0,0
STU0039,5,2022-23,AI506,0.986,87.85,89.05,90.51,71.94,68.86,67.25,66.73,7.0,0
STU0039,6,2022-23,AI601,1.079,84.09,83.45,87.45,46.15,56.61,59.17,57.87,6.0,0
STU0039,6,2022-23,AI602,1.055,80.17,72.86,73.02,62.33,66.67,67.8,70.68,8.0,0
STU0039,6,2022-23,AI603,1.052,81.67,79.26,78.04,56.67,57.95,61.57,59.73,6.0,0
STU0039,6,2022-23,AI604,0.833,86.54,83.15,84.86,74.47,72.92,75.66,72.03,8.0,0
STU0039,6,2022-23,AI605,1.196,91.32,95.63,92.79,39.37,41.52,35.7,34.46,0.0,1
STU0039,6,2022-23,AI606,1.183,87.27,93.33,93.68,56.04,47.08,40.33,39.47,0.0,1
STU0039,7,2023-24,AI701,1.096,74.46,74.82,76.75,66.07,64.04,64.17,59.55,6.0,0
STU0039,7,2023-24,AI702,0.987,83.41,82.49,79.87,73.06,83.35,93.13,93.91,10.0,0
STU0039,7,2023-24,AI703,1.092,85.63,86.48,88.09,60.89,71.55,74.78,73.98,8.0,0
STU0039,7,2023-24,AI704,0.931,71.65,66.12,63.58,77.99,79.46,73.81,71.03,8.0,0
STU0039,7,2023-24,AI705,1.034,85.77,81.92,83.52,63.83,61.95,56.67,58.55,6.0,0
STU0039,8,2023-24,AI801,1.118,83.52,80.97,82.01,60.85,60.03,63.04,62.09,7.0,0
STU0039,8,2023-24,AI802,0.958,75.65,81.64,79.95,61.7,56.99,57.37,54.32,6.0,0
STU0039,8,2023-24,AI803,0.914,82.57,84.14,79.44,72.49,72.63,77.75,82.01,9.0,0
STU0039,8,2023-24,AI804,0.807,82.44,88.16,88.89,81.48,82.49,86.9,88.05,9.0,0
STU0040,1,2020-21,DS101,0.978,91.49,95.61,94.81,77.12,78.5,75.01,73.19,8.0,0
STU0040,1,2020-21,DS102,1.286,85.92,80.44,82.56,66.83,70.79,74.57,75.0,8.0,0
STU0040,1,2020-21,MA101,1.019,92.39,98.02,93.61,76.85,79.68,80.83,75.45,8.0,0
STU0040,1,2020-21,PH101,0.931,89.84,89.89,88.63,98.0,97.89,98.0,98.4,10.0,0
STU0040,1,2020-21,EE101,1.025,88.78,81.49,78.03,77.8,81.46,80.11,77.62,8.0,0
STU0040,2,2020-21,DS201,0.816,93.44,84.09,83.0,98.0,98.0,91.79,87.72,9.0,0
STU0040,2,2020-21,DS202,0.888,90.36,83.74,84.89,98.0,96.42,98.0,96.71,10.0,0
STU0040,2,2020-21,MA201,1.144,87.5,88.55,90.12,75.35,76.1,72.86,71.92,8.0,0
STU0040,2,2020-21,CH101,0.966,87.43,89.26,91.33,91.6,92.69,88.55,84.79,9.0,0
STU0040,2,2020-21,ME101,0.952,95.81,95.55,94.01,96.52,92.4,86.88,85.82,9.0,0
STU0040,3,2021-22,DS301,1.108,94.24,88.8,87.34,77.47,69.73,68.73,68.28,7.0,0
STU0040,3,2021-22,DS302,1.058,82.34,80.36,83.76,82.38,85.66,77.76,75.76,8.0,0
STU0040,3,2021-22,DS303,1.182,85.09,84.65,84.36,79.69,76.33,79.35,80.14,9.0,0
STU0040,3,2021-22,MA301,0.836,84.23,81.31,76.86,98.0,92.51,95.88,93.3,10.0,0
STU0040,3,2021-22,CS301,1.163,83.75,84.92,82.94,62.18,54.68,46.13,46.9,5.0,0
STU0040,3,2021-22,DS304,0.997,87.81,85.43,77.83,91.71,96.17,97.85,99.5,10.0,0
STU0040,4,2021-22,DS401,0.916,85.51,79.99,77.35,98.0,91.16,86.94,87.28,9.0,0
STU0040,4,2021-22,DS402,1.288,85.59,83.39,85.74,70.76,67.63,63.88,65.22,7.0,0
STU0040,4,2021-22,DS403,0.964,90.94,90.35,91.58,92.73,83.96,81.88,82.88,9.0,0
STU0040,4,2021-22,DS404,1.097,88.46,82.01,86.38,83.71,84.18,82.09,83.89,9.0,0
STU0040,4,2021-22,MA401,0.945,93.29,99.0,97.29,96.09,93.14,97.76,97.02,10.0,0
STU0040,4,2021-22,DS405,1.174,88.68,85.54,84.37,73.14,74.2,72.72,73.46,8.0,0
STU0040,5,2022-23,DS501,1.039,85.37,92.37,93.41,87.96,87.08,83.84,86.35,9.0,0
STU0040,5,2022-23,DS502,1.04,77.26,84.0,86.58,82.98,85.71,87.6,89.09,9.0,0
STU0040,5,2022-23,DS503,0.896,88.0,89.05,93.37,98.0,98.0,93.9,94.11,10.0,0
STU0040,5,2022-23,DS504,1.104,84.98,83.62,80.24,73.15,69.28,71.81,71.07,8.0,0
STU0040,5,2022-23,DS505,0.897,96.43,93.97,96.16,98.0,98.0,89.76,93.57,10.0,0
STU0040,5,2022-23,DS506,1.038,91.39,95.37,99.0,80.0,76.76,74.14,78.75,8.0,0
STU0040,6,2022-23,DS601,0.928,91.08,95.55,99.0,98.0,92.55,86.23,89.65,9.0,0
STU0040,6,2022-23,DS602,0.88,91.62,92.09,96.71,98.0,97.86,98.0,91.47,10.0,0
STU0040,6,2022-23,DS603,1.067,85.79,91.52,97.13,86.08,88.17,85.45,85.36,9.0,0
STU0040,6,2022-23,DS604,0.907,86.05,88.19,86.07,98.0,97.34,98.0,99.5,10.0,0
STU0040,6,2022-23,DS605,1.029,83.44,81.72,81.55,89.09,92.08,93.0,89.9,9.0,0
STU0040,6,2022-23,DS606,1.071,87.31,85.05,81.19,83.6,81.09,86.32,85.52,9.0,0
STU0040,7,2023-24,DS701,1.089,86.15,81.06,78.01,78.44,77.52,74.35,73.62,8.0,0
STU0040,7,2023-24,DS702,1.078,81.35,82.39,83.01,67.79,64.16,68.59,65.91,7.0,0
STU0040,7,2023-24,DS703,0.872,87.73,88.27,93.37,98.0,98.0,94.0,86.29,9.0,0
STU0040,7,2023-24,DS704,1.081,85.88,88.24,87.51,89.73,93.63,97.34,97.7,10.0,0
STU0040,7,2023-24,DS705,0.838,83.86,85.12,92.23,98.0,93.29,95.4,99.17,10.0,0
STU0040,8,2023-24,DS801,0.976,83.03,80.92,82.43,87.24,96.45,94.85,95.21,10.0,0
STU0040,8,2023-24,DS802,1.041,93.19,94.12,90.39,91.04,96.11,92.09,94.49,10.0,0
STU0040,8,2023-24,DS803,1.031,89.06,86.82,86.04,92.04,90.13,85.72,82.66,9.0,0
STU0040,8,2023-24,DS804,1.034,90.63,90.39,96.75,81.06,82.77,74.49,74.18,8.0,0
STU0041,1,2020-21,CS101,0.766,80.9,80.91,84.05,98.0,98.0,86.67,82.78,9.0,0
STU0041,1,2020-21,CS102,1.021,82.52,87.82,88.49,89.85,91.85,81.31,78.29,8.0,0
STU0041,1,2020-21,MA101,0.859,85.09,89.64,96.17,98.0,98.0,98.0,96.5,10.0,0
STU0041,1,2020-21,PH101,0.87,76.6,71.81,74.36,98.0,94.74,85.62,82.88,9.0,0
STU0041,1,2020-21,EE101,0.966,75.14,84.45,79.75,98.0,97.46,94.91,94.16,10.0,0
STU0041,2,2020-21,CS201,0.882,84.73,83.75,79.09,98.0,98.0,98.0,98.01,10.0,0
STU0041,2,2020-21,CS202,0.952,81.21,81.98,81.06,98.0,98.0,92.63,94.22,10.0,0
STU0041,2,2020-21,MA201,0.885,78.51,78.42,79.32,98.0,88.3,91.85,93.09,10.0,0
STU0041,2,2020-21,CH101,0.913,81.55,82.24,70.02,94.04,98.0,95.29,95.03,10.0,0
STU0041,2,2020-21,ME101,0.986,85.35,83.93,82.8,93.81,97.62,98.0,97.04,10.0,0
STU0041,3,2021-22,CS301,1.16,84.49,82.81,77.16,83.14,88.63,83.63,82.3,9.0,0
STU0041,3,2021-22,CS302,1.105,82.92,75.94,71.99,84.38,85.5,88.5,90.84,10.0,0
STU0041,3,2021-22,CS303,1.029,83.05,81.06,81.46,89.07,96.75,93.04,95.21,10.0,0
STU0041,3,2021-22,MA301,0.986,84.35,83.93,88.05,87.6,88.24,90.21,88.17,9.0,0
STU0041,3,2021-22,EC301,1.037,85.4,85.16,87.79,83.5,78.56,81.69,80.01,9.0,0
STU0041,3,2021-22,CS304,0.799,78.33,83.05,86.76,98.0,91.42,89.58,92.7,10.0,0
STU0041,4,2021-22,CS401,0.926,80.16,83.13,83.43,97.15,98.0,98.0,99.5,10.0,0
STU0041,4,2021-22,CS402,0.918,82.34,85.44,90.88,93.54,92.76,86.84,83.93,9.0,0
STU0041,4,2021-22,CS403,1.002,73.14,74.61,76.56,90.35,86.56,85.47,91.82,10.0,0
STU0041,4,2021-22,CS404,0.938,78.1,70.0,73.66,90.78,91.18,98.0,99.11,10.0,0
STU0041,4,2021-22,MA401,1.043,79.95,81.04,81.31,89.88,79.01,80.72,82.02,9.0,0
STU0041,4,2021-22,CS405,1.306,81.23,82.01,83.39,71.76,66.21,69.9,67.14,7.0,0
STU0041,5,2022-23,CS501,0.973,77.35,76.48,76.19,97.14,96.71,98.0,96.4,10.0,0
STU0041,5,2022-23,CS502,1.052,75.9,82.14,83.66,84.7,92.51,94.84,92.76,10.0,0
STU0041,5,2022-23,CS503,0.984,74.68,70.7,74.93,89.73,83.71,86.57,91.55,10.0,0
STU0041,5,2022-23,CS504,1.139,88.4,96.87,93.72,79.87,72.8,67.57,70.79,8.0,0
STU0041,5,2022-23,CS505,1.033,85.06,82.03,80.11,92.72,97.48,90.12,80.4,9.0,0
STU0041,5,2022-23,CS506,1.048,76.75,73.45,78.62,93.55,98.0,93.72,89.15,9.0,0
STU0041,6,2022-23,CS601,1.044,88.73,82.66,85.67,82.58,86.43,84.29,81.85,9.0,0
STU0041,6,2022-23,CS602,0.927,77.03,77.18,74.47,98.0,98.0,98.0,99.1,10.0,0
STU0041,6,2022-23,CS603,1.062,88.42,86.22,81.01,87.51,81.11,92.15,96.52,10.0,0
STU0041,6,2022-23,CS604,1.26,83.07,84.99,83.38,77.38,71.91,60.47,58.1,6.0,0
STU0041,6,2022-23,CS605,0.825,88.73,95.08,90.17,98.0,98.0,90.94,89.77,9.0,0
STU0041,6,2022-23,CS606,0.93,85.81,81.51,81.16,95.36,97.49,96.52,94.91,10.0,0
STU0041,7,2023-24,CS701,0.95,83.76,85.8,85.29,88.59,98.0,96.41,95.28,10.0,0
STU0041,7,2023-24,CS702,1.019,94.84,88.96,89.93,98.0,98.0,92.44,90.59,10.0,0
STU0041,7,2023-24,CS703,1.025,93.24,92.05,94.95,81.5,75.0,72.83,77.14,8.0,0
STU0041,7,2023-24,CS704,1.008,89.08,90.05,93.93,87.08,90.18,86.44,92.39,10.0,0
STU0041,7,2023-24,CS705,0.904,84.39,86.31,86.59,98.0,98.0,93.09,97.93,10.0,0
STU0041,8,2023-24,CS801,0.937,87.55,88.24,92.19,98.0,98.0,91.17,96.51,10.0,0
STU0041,8,2023-24,CS802,1.067,83.45,84.88,79.59,93.58,86.96,85.97,86.7,9.0,0
STU0041,8,2023-24,CS803,1.125,86.31,88.54,88.44,83.59,83.98,83.13,69.07,7.0,0
STU0041,8,2023-24,CS804,0.908,86.56,93.07,91.35,98.0,98.0,98.0,99.0,10.0,0
STU0042,1,2020-21,EC101,1.06,58.84,67.71,76.17,43.46,48.27,53.1,53.65,6.0,0
STU0042,1,2020-21,EC102,0.921,56.11,61.32,66.03,47.06,53.11,59.91,64.33,7.0,0
STU0042,1,2020-21,MA101,0.941,54.64,59.13,66.28,42.72,51.39,57.5,53.31,6.0,0
STU0042,1,2020-21,PH101,0.855,54.04,60.32,67.75,48.07,54.34,59.86,62.32,7.0,0
STU0042,1,2020-21,EE101,1.199,59.75,64.58,72.54,31.41,35.71,44.3,41.62,5.0,0
STU0042,2,2020-21,EC201,1.26,71.63,76.5,85.44,34.86,42.85,51.52,54.85,6.0,0
STU0042,2,2020-21,EC202,0.987,66.85,72.49,77.84,50.31,58.73,64.76,64.32,7.0,0
STU0042,2,2020-21,MA201,1.222,69.72,74.51,84.45,50.81,55.68,64.18,62.83,7.0,0
STU0042,2,2020-21,CH101,1.044,66.8,73.24,81.01,52.8,57.51,66.02,72.75,8.0,0
STU0042,2,2020-21,ME101,0.883,68.43,75.94,83.23,62.92,67.38,73.49,73.4,8.0,0
STU0042,3,2021-22,EC301,0.923,79.36,83.41,91.08,63.49,71.39,77.56,79.6,8.0,0
STU0042,3,2021-22,EC302,0.869,78.27,83.95,91.47,59.63,66.23,72.14,74.68,8.0,0
STU0042,3,2021-22,EC303,1.118,77.46,83.08,88.81,51.74,55.98,60.88,59.25,6.0,0
STU0042,3,2021-22,MA301,1.014,79.12,87.05,96.53,54.06,60.5,69.33,72.14,8.0,0
STU0042,3,2021-22,CS301,1.079,74.06,79.09,86.09,51.66,60.51,68.01,68.96,7.0,0
STU0042,3,2021-22,EC304,1.247,73.72,79.69,83.89,43.03,50.58,60.32,56.8,6.0,0
STU0042,4,2021-22,EC401,0.975,81.71,88.46,93.41,60.73,65.83,74.58,71.28,8.0,0
STU0042,4,2021-22,EC402,0.856,78.64,87.15,95.28,68.44,72.74,76.98,79.89,8.0,0
STU0042,4,2021-22,EC403,1.02,79.54,84.78,93.27,66.93,71.67,76.73,82.76,9.0,0
STU0042,4,2021-22,EC404,0.892,75.01,79.1,86.86,67.98,74.57,80.51,81.5,9.0,0
STU0042,4,2021-22,MA401,1.09,74.82,79.66,84.19,56.15,62.24,71.41,69.42,7.0,0
STU0042,4,2021-22,EC405,1.055,78.57,85.8,91.39,58.84,63.62,72.83,73.58,8.0,0
STU0042,5,2022-23,EC501,1.029,80.63,86.04,93.49,60.27,64.7,71.27,70.32,8.0,0
STU0042,5,2022-23,EC502,1.104,85.5,92.69,98.53,56.4,62.56,71.8,63.19,7.0,0
STU0042,5,2022-23,EC503,1.037,78.85,87.14,95.54,59.1,67.6,73.55,75.19,8.0,0
STU0042,5,2022-23,EC504,1.11,85.53,91.34,95.45,59.54,68.52,73.25,77.58,8.0,0
STU0042,5,2022-23,EC505,1.026,84.25,90.68,98.32,62.35,67.84,73.11,71.44,8.0,0
STU0042,5,2022-23,EC506,0.75,79.22,87.62,94.52,88.16,93.96,98.0,98.98,10.0,0
STU0042,6,2022-23,EC601,1.117,79.3,85.67,90.09,52.63,59.11,64.91,70.6,8.0,0
STU0042,6,2022-23,EC602,0.962,74.46,82.11,86.73,64.11,72.26,80.36,84.63,9.0,0
STU0042,6,2022-23,EC603,1.143,75.4,83.0,90.96,52.47,57.77,67.25,71.69,8.0,0
STU0042,6,2022-23,EC604,0.999,75.52,81.66,85.81,57.99,62.32,70.21,70.38,8.0,0
STU0042,6,2022-23,EC605,1.062,77.08,82.67,88.21,49.15,53.58,61.89,61.19,7.0,0
STU0042,6,2022-23,EC606,0.935,75.44,79.99,88.01,62.62,70.52,78.88,75.62,8.0,0
STU0042,7,2023-24,EC701,1.074,80.69,88.82,92.83,59.17,67.6,75.75,68.94,7.0,0
STU0042,7,2023-24,EC702,1.156,80.25,85.83,90.4,54.26,58.97,68.27,68.79,7.0,0
STU0042,7,2023-24,EC703,1.062,80.89,89.75,94.63,65.15,70.19,78.04,84.51,9.0,0
STU0042,7,2023-24,EC704,1.149,75.47,82.02,88.96,59.19,66.3,74.68,74.89,8.0,0
STU0042,7,2023-24,EC705,0.732,77.5,86.44,93.97,91.62,98.0,98.0,93.77,10.0,0
STU0042,8,2023-24,EC801,1.012,77.49,82.81,89.04,54.65,62.8,71.42,72.51,8.0,0
STU0042,8,2023-24,EC802,0.972,82.29,89.84,95.16,66.73,72.04,80.08,86.92,9.0,0
STU0042,8,2023-24,EC803,1.173,81.46,87.83,97.01,60.67,65.54,69.66,68.28,7.0,0
STU0042,8,2023-24,EC804,1.019,76.09,83.14,89.96,69.91,74.36,83.94,78.7,8.0,0
STU0043,1,2020-21,AI101,0.871,94.36,94.39,94.25,91.17,98.0,98.0,94.36,10.0,0
STU0043,1,2020-21,AI102,1.017,91.29,98.26,99.0,75.74,78.67,78.49,82.25,9.0,0
STU0043,1,2020-21,MA101,0.931,97.46,99.0,96.15,82.21,84.08,79.25,75.14,8.0,0
STU0043,1,2020-21,PH101,0.89,93.42,94.88,93.59,93.92,98.0,98.0,96.71,10.0,0
STU0043,1,2020-21,EE101,1.008,98.03,99.0,99.0,72.86,70.51,64.08,65.67,7.0,0
STU0043,2,2020-21,AI201,0.95,93.09,97.17,99.0,81.35,77.91,77.81,75.18,8.0,0
STU0043,2,2020-21,AI202,0.921,94.13,90.72,89.13,74.86,77.82,76.2,69.55,7.0,0
STU0043,2,2020-21,MA201,1.196,96.25,89.2,91.77,69.41,68.57,69.24,68.28,7.0,0
STU0043,2,2020-21,CH101,1.062,96.33,92.17,89.69,70.08,71.47,73.31,72.73,8.0,0
STU0043,2,2020-21,ME101,0.894,96.14,91.87,90.14,82.75,84.93,83.62,85.88,9.0,0
STU0043,3,2021-22,AI301,1.047,91.36,90.17,83.5,80.3,82.39,87.28,86.27,9.0,0
STU0043,3,2021-22,AI302,0.92,86.72,76.23,74.81,98.0,98.0,93.54,91.99,10.0,0
STU0043,3,2021-22,AI303,0.937,95.97,99.0,99.0,89.02,91.36,91.29,92.13,10.0,0
STU0043,3,2021-22,MA301,1.006,92.29,85.29,83.61,75.83,78.93,75.4,70.7,8.0,0
STU0043,3,2021-22,CS301,0.785,92.18,88.93,88.44,98.0,98.0,95.7,92.18,10.0,0
STU0043,3,2021-22,AI304,1.052,89.86,91.89,83.55,83.82,76.12,73.94,78.11,8.0,0
STU0043,4,2021-22,AI401,0.967,91.87,93.12,93.17,67.51,67.95,67.87,67.68,7.0,0
STU0043,4,2021-22,AI402,1.25,97.34,99.0,99.0,66.32,62.47,60.85,59.11,6.0,0
STU0043,4,2021-22,AI403,0.94,92.15,92.87,94.38,85.03,78.17,72.74,65.42,7.0,0
STU0043,4,2021-22,AI404,0.899,90.21,87.77,83.78,80.27,78.53,74.55,75.01,8.0,0
STU0043,4,2021-22,MA401,0.931,96.61,96.04,94.82,78.37,69.35,74.81,77.16,8.0,0
STU0043,4,2021-22,AI405,0.905,87.46,83.93,79.0,70.83,64.34,52.42,51.33,6.0,0
STU0043,5,2022-23,AI501,1.118,93.16,92.29,96.15,67.55,68.31,65.59,65.7,7.0,0
STU0043,5,2022-23,AI502,1.01,94.7,98.43,95.4,77.85,85.88,87.28,84.89,9.0,0
STU0043,5,2022-23,AI503,1.042,99.0,99.0,99.0,74.96,76.19,75.84,72.79,8.0,0
STU0043,5,2022-23,AI504,1.045,91.2,90.11,96.8,74.34,70.19,71.27,69.61,7.0,0
STU0043,5,2022-23,AI505,1.013,91.39,94.11,94.55,72.04,73.66,82.37,79.98,8.0,0
STU0043,5,2022-23,AI506,1.091,97.76,99.0,99.0,70.16,70.85,71.29,68.72,7.0,0
STU0043,6,2022-23,AI601,1.22,89.13,84.51,88.43,61.74,56.28,58.03,62.02,7.0,0
STU0043,6,2022-23,AI602,1.088,88.87,89.32,88.32,81.65,79.69,80.13,80.64,9.0,0
STU0043,6,2022-23,AI603,0.861,90.39,89.77,94.59,93.73,92.03,91.37,91.17,10.0,0
STU0043,6,2022-23,AI604,0.995,94.87,98.3,94.83,85.55,88.94,88.7,84.28,9.0,0
STU0043,6,2022-23,AI605,1.026,89.74,91.69,93.95,84.45,79.67,89.3,91.98,10.0,0
STU0043,6,2022-23,AI606,1.086,98.83,99.0,99.0,74.39,78.17,83.4,86.57,9.0,0
STU0043,7,2023-24,AI701,1.141,93.0,92.83,94.6,59.3,62.83,64.51,64.76,7.0,0
STU0043,7,2023-24,AI702,0.979,91.93,90.97,89.84,84.49,77.35,70.31,72.65,8.0,0
STU0043,7,2023-24,AI703,0.854,82.99,86.54,90.95,80.06,71.98,66.5,64.4,7.0,0
STU0043,7,2023-24,AI704,1.23,89.29,92.2,94.73,66.73,63.92,63.87,63.21,7.0,0
STU0043,7,2023-24,AI705,1.065,95.87,99.0,97.63,70.15,74.05,76.8,81.95,9.0,0
STU0043,8,2023-24,AI801,1.165,92.27,94.16,93.9,71.7,67.81,65.74,57.8,6.0,0
STU0043,8,2023-24,AI802,0.925,94.78,94.94,91.71,91.65,92.27,98.0,99.5,10.0,0
STU0043,8,2023-24,AI803,1.023,98.4,97.08,93.25,84.41,87.13,93.4,99.5,10.0,0
STU0043,8,2023-24,AI804,1.04,89.23,87.43,91.57,74.35,83.95,87.26,84.97,9.0,0
STU0044,1,2020-21,DS101,1.073,66.64,58.71,52.93,58.55,60.07,59.7,62.52,7.0,0
STU0044,1,2020-21,DS102,0.891,68.77,74.88,73.69,78.25,75.3,74.28,75.71,8.0,0
STU0044,1,2020-21,MA101,1.079,70.54,69.63,70.08,60.03,59.06,60.55,63.51,7.0,0
STU0044,1,2020-21,PH101,0.891,69.35,65.84,64.28,82.18,79.76,79.33,75.62,8.0,0
STU0044,1,2020-21,EE101,0.933,63.87,64.85,66.13,75.38,77.18,78.71,74.13,8.0,0
STU0044,2,2020-21,DS201,0.944,62.57,62.43,71.04,76.89,83.77,87.47,87.17,9.0,0
STU0044,2,2020-21,DS202,0.999,69.51,70.38,69.37,76.13,78.13,71.72,62.18,7.0,0
STU0044,2,2020-21,MA201,0.984,66.39,57.57,57.63,60.89,55.4,49.39,46.26,5.0,0
STU0044,2,2020-21,CH101,0.934,64.11,66.43,67.21,64.27,64.65,66.08,65.09,7.0,0
STU0044,2,2020-21,ME101,0.993,66.81,69.49,63.98,68.2,74.99,81.37,83.92,9.0,0
STU0044,3,2021-22,DS301,1.23,81.13,77.74,76.79,75.82,68.75,66.64,62.4,7.0,0
STU0044,3,2021-22,DS302,1.015,76.83,76.45,69.63,76.21,81.71,79.98,79.58,8.0,0
STU0044,3,2021-22,DS303,0.98,82.37,82.23,84.92,81.87,78.2,76.81,79.52,8.0,0
STU0044,3,2021-22,MA301,0.829,73.76,74.55,76.29,85.87,83.27,79.85,84.45,9.0,0
STU0044,3,2021-22,CS301,0.914,78.93,73.59,67.62,86.52,85.77,84.68,84.85,9.0,0
STU0044,3,2021-22,DS304,1.192,82.11,81.72,79.49,65.27,64.98,72.41,71.93,8.0,0
STU0044,4,2021-22,DS401,0.913,64.87,67.66,67.52,86.5,94.14,90.33,87.33,9.0,0
STU0044,4,2021-22,DS402,0.906,63.77,63.09,66.19,84.28,77.21,75.61,75.98,8.0,0
STU0044,4,2021-22,DS403,1.116,75.37,74.16,72.94,71.19,68.52,72.37,70.39,8.0,0
STU0044,4,2021-22,DS404,1.186,73.12,66.26,68.51,65.43,67.62,77.75,76.97,8.0,0
STU0044,4,2021-22,MA401,0.814,77.25,71.02,68.41,93.73,89.69,89.4,88.99,9.0,0
STU0044,4,2021-22,DS405,1.184,62.49,62.8,59.58,61.44,64.51,66.84,67.86,7.0,0
STU0044,5,2022-23,DS501,0.895,85.32,83.04,86.65,75.42,67.89,66.29,62.39,7.0,0
STU0044,5,2022-23,DS502,1.158,79.49,80.69,81.95,61.47,63.48,59.44,58.65,6.0,0
STU0044,5,2022-23,DS503,0.999,84.69,86.39,84.09,62.49,65.44,63.3,65.56,7.0,0
STU0044,5,2022-23,DS504,0.993,85.61,83.03,88.07,72.41,70.43,66.47,72.26,8.0,0
STU0044,5,2022-23,DS505,0.892,81.0,82.21,82.24,79.09,74.9,83.6,81.13,9.0,0
STU0044,5,2022-23,DS506,0.983,74.02,77.68,84.29,78.26,83.36,81.69,81.7,9.0,0
STU0044,6,2022-23,DS601,0.965,73.81,70.77,62.79,67.11,70.8,63.06,61.65,7.0,0
STU0044,6,2022-23,DS602,0.954,71.21,72.03,73.43,73.45,69.2,73.26,75.16,8.0,0
STU0044,6,2022-23,DS603,1.059,67.02,66.91,64.11,57.05,56.31,55.54,56.56,6.0,0
STU0044,6,2022-23,DS604,0.883,67.07,65.76,62.32,85.82,89.64,87.32,88.92,9.0,0
STU0044,6,2022-23,DS605,0.851,68.33,73.45,75.71,84.58,82.96,82.77,78.37,8.0,0
STU0044,6,2022-23,DS606,0.961,71.68,71.59,71.49,70.36,66.28,61.78,61.03,7.0,0
STU0044,7,2023-24,DS701,1.005,71.65,74.91,74.96,67.2,76.76,81.14,73.59,8.0,0
STU0044,7,2023-24,DS702,1.075,82.56,80.06,80.94,77.55,84.24,75.46,75.45,8.0,0
STU0044,7,2023-24,DS703,1.178,83.15,85.62,84.33,58.62,68.6,71.88,69.34,7.0,0
STU0044,7,2023-24,DS704,0.976,72.83,74.74,71.59,73.81,66.37,71.05,70.03,8.0,0
STU0044,7,2023-24,DS705,1.056,77.28,78.05,77.66,72.0,72.29,77.89,78.83,8.0,0
STU0044,8,2023-24,DS801,1.148,73.86,79.23,80.51,62.32,66.85,64.29,67.16,7.0,0
STU0044,8,2023-24,DS802,0.955,73.32,69.83,71.81,68.47,75.72,81.07,92.27,10.0,0
STU0044,8,2023-24,DS803,0.923,82.55,84.74,83.9,79.46,84.98,88.81,85.65,9.0,0
STU0044,8,2023-24,DS804,0.967,80.82,78.0,83.46,73.87,71.83,69.51,67.42,7.0,0
STU0045,1,2020-21,CS101,0.92,93.39,92.04,89.25,98.0,92.6,86.46,83.6,9.0,0
STU0045,1,2020-21,CS102,0.906,90.51,85.98,87.27,98.0,98.0,95.79,94.55,10.0,0
STU0045,1,2020-21,MA101,1.244,92.93,91.97,95.98,75.0,75.07,86.24,89.47,9.0,0
STU0045,1,2020-21,PH101,1.226,83.27,89.56,89.01,73.99,75.75,78.05,81.22,9.0,0
STU0045,1,2020-21,EE101,1.106,84.9,81.42,80.75,82.92,83.32,89.47,90.02,10.0,0
STU0045,2,2020-21,CS201,0.964,82.28,90.64,89.65,98.0,95.0,98.0,99.5,10.0,0
STU0045,2,2020-21,CS202,0.87,81.56,82.22,83.96,98.0,94.5,91.6,85.93,9.0,0
STU0045,2,2020-21,MA201,0.934,82.85,80.36,81.51,98.0,94.97,96.19,99.5,10.0,0
STU0045,2,2020-21,CH101,0.967,84.26,87.01,90.84,97.46,94.36,85.44,84.06,9.0,0
STU0045,2,2020-21,ME101,0.889,83.29,82.01,81.99,98.0,96.54,98.0,98.92,10.0,0
STU0045,3,2021-22,CS301,1.118,89.38,82.89,81.59,89.19,93.6,91.95,91.71,10.0,0
STU0045,3,2021-22,CS302,1.015,88.01,86.06,83.79,92.7,87.94,94.43,94.41,10.0,0
STU0045,3,2021-22,CS303,0.867,94.58,99.0,99.0,98.0,94.06,95.01,99.5,10.0,0
STU0045,3,2021-22,MA301,0.907,85.39,84.03,80.48,98.0,95.02,98.0,94.11,10.0,0
STU0045,3,2021-22,EC301,1.016,87.41,89.34,91.65,94.66,98.0,95.21,95.19,10.0,0
STU0045,3,2021-22,CS304,1.176,92.24,95.35,91.09,82.65,74.16,67.28,64.58,7.0,0
STU0045,4,2021-22,CS401,0.902,79.13,82.47,84.53,98.0,98.0,98.0,95.02,10.0,0
STU0045,4,2021-22,CS402,1.159,85.2,84.83,82.96,74.27,72.38,79.22,76.02,8.0,0
STU0045,4,2021-22,CS403,1.128,79.44,85.04,91.01,75.48,75.84,78.73,76.92,8.0,0
STU0045,4,2021-22,CS404,1.226,86.92,85.1,85.37,70.5,70.6,68.57,66.23,7.0,0
STU0045,4,2021-22,MA401,1.096,80.06,86.23,87.04,92.24,96.56,90.52,90.73,10.0,0
STU0045,4,2021-22,CS405,0.785,83.22,82.74,80.27,98.0,95.0,98.0,98.36,10.0,0
STU0045,5,2022-23,CS501,1.04,76.67,82.51,79.99,93.7,98.0,89.91,90.08,10.0,0
STU0045,5,2022-23,CS502,1.049,85.33,85.32,83.8,83.72,88.48,90.27,90.83,10.0,0
STU0045,5,2022-23,CS503,0.808,83.86,83.66,86.61,98.0,93.07,98.0,95.61,10.0,0
STU0045,5,2022-23,CS504,0.778,82.09,79.32,81.59,98.0,93.64,91.93,93.54,10.0,0
STU0045,5,2022-23,CS505,1.068,80.75,77.51,84.92,84.37,91.09,92.12,95.41,10.0,0
STU0045,5,2022-23,CS506,1.075,85.57,86.13,81.79,84.31,81.96,80.49,79.38,8.0,0
STU0045,6,2022-23,CS601,0.983,90.78,89.32,89.62,98.0,92.59,90.7,85.25,9.0,0
STU0045,6,2022-23,CS602,1.027,87.02,87.46,84.27,83.94,84.18,77.87,80.51,9.0,0
STU0045,6,2022-23,CS603,0.833,86.35,84.83,83.08,98.0,97.8,92.36,92.79,10.0,0
STU0045,6,2022-23,CS604,0.909,86.75,80.42,83.61,98.0,95.52,98.0,99.5,10.0,0
STU0045,6,2022-23,CS605,0.969,84.99,82.26,80.19,92.49,92.29,85.97,90.04,10.0,0
STU0045,6,2022-23,CS606,1.094,94.34,95.63,99.0,76.12,78.83,70.77,67.86,7.0,0
STU0045,7,2023-24,CS701,0.998,86.8,86.66,83.09,92.43,96.03,97.37,99.5,10.0,0
STU0045,7,2023-24,CS702,1.07,84.23,84.28,84.62,88.97,87.38,89.64,93.96,10.0,0
STU0045,7,2023-24,CS703,0.799,93.54,95.97,97.49,98.0,94.8,97.55,98.3,10.0,0
STU0045,7,2023-24,CS704,0.845,80.54,77.96,75.07,98.0,93.39,96.9,92.44,10.0,0
STU0045,7,2023-24,CS705,1.117,96.23,98.96,97.05,84.49,79.44,84.29,84.78,9.0,0
STU0045,8,2023-24,CS801,0.789,83.73,80.23,83.14,98.0,98.0,96.84,99.5,10.0,0
STU0045,8,2023-24,CS802,0.905,77.74,76.15,79.07,87.68,85.08,83.96,85.15,9.0,0
STU0045,8,2023-24,CS803,0.952,82.99,80.38,83.84,92.23,89.65,92.89,80.62,9.0,0
STU0045,8,2023-24,CS804,1.189,83.49,86.84,83.26,74.78,78.84,75.91,78.25,8.0,0
STU0046,1,2020-21,EC101,0.976,86.04,84.98,82.21,67.89,70.41,71.07,66.21,7.0,0
STU0046,1,2020-21,EC102,0.93,81.99,88.05,88.46,67.83,65.31,64.75,67.0,7.0,0
STU0046,1,2020-21,MA101,0.78,86.28,84.52,86.02,86.48,83.35,77.19,76.27,8.0,0
STU0046,1,2020-21,PH101,1.154,88.71,87.38,85.16,52.96,47.12,50.65,53.56,6.0,0
STU0046,1,2020-21,EE101,0.954,83.36,80.92,79.34,63.83,63.13,66.67,68.72,7.0,0
STU0046,2,2020-21,EC201,1.078,84.68,85.18,89.42,55.91,46.83,35.51,36.44,0.0,1
STU0046,2,2020-21,EC202,1.013,89.19,90.9,85.73,56.76,58.66,61.97,61.2,7.0,0
STU0046,2,2020-21,MA201,0.828,89.8,89.98,86.28,64.43,67.0,64.22,64.78,7.0,0
STU0046,2,2020-21,CH101,1.018,83.85,85.31,82.31,53.01,45.7,45.69,50.47,6.0,0
STU0046,2,2020-21,ME101,1.005,95.57,99.0,99.0,69.14,75.72,81.02,75.37,8.0,0
STU0046,3,2021-22,EC301,1.141,83.83,89.96,90.32,55.95,54.25,53.42,61.43,7.0,0
STU0046,3,2021-22,EC302,1.009,81.46,73.84,73.75,65.07,63.6,64.1,67.25,7.0,0
STU0046,3,2021-22,EC303,0.957,84.15,84.08,82.98,65.28,72.97,73.53,72.64,8.0,0
STU0046,3,2021-22,MA301,1.166,89.4,91.58,89.45,68.52,61.48,53.46,54.61,6.0,0
STU0046,3,2021-22,CS301,0.957,75.15,74.66,74.93,66.0,67.36,65.24,64.83,7.0,0
STU0046,3,2021-22,EC304,1.157,88.89,88.16,90.08,59.66,55.45,56.93,57.4,6.0,0
STU0046,4,2021-22,EC401,0.996,81.04,82.2,79.31,65.11,65.66,61.43,56.58,6.0,0
STU0046,4,2021-22,EC402,1.125,81.48,76.58,72.7,59.57,66.66,66.03,74.98,8.0,0
STU0046,4,2021-22,EC403,1.077,87.63,90.48,91.37,64.82,59.91,56.53,59.22,6.0,0
STU0046,4,2021-22,EC404,1.1,86.95,85.15,88.34,55.58,60.43,59.25,64.31,7.0,0
STU0046,4,2021-22,MA401,0.817,91.11,89.85,88.52,83.62,80.48,80.15,77.94,8.0,0
STU0046,4,2021-22,EC405,0.916,86.0,82.85,80.16,66.9,64.63,70.53,67.99,7.0,0
STU0046,5,2022-23,EC501,0.956,97.52,96.95,98.13,69.6,73.76,74.81,74.33,8.0,0
STU0046,5,2022-23,EC502,1.243,88.21,86.66,84.4,41.25,44.94,34.38,34.36,0.0,1
STU0046,5,2022-23,EC503,0.975,97.57,91.16,88.0,62.88,61.99,59.52,59.27,6.0,0
STU0046,5,2022-23,EC504,0.849,90.04,81.91,81.82,70.03,74.61,82.51,81.51,9.0,0
STU0046,5,2022-23,EC505,1.167,87.34,83.96,90.07,55.73,55.75,58.85,59.67,6.0,0
STU0046,5,2022-23,EC506,0.992,83.3,82.36,84.54,61.9,65.96,67.69,65.05,7.0,0
STU0046,6,2022-23,EC601,0.937,88.55,86.04,83.88,68.92,69.58,66.42,66.47,7.0,0
STU0046,6,2022-23,EC602,1.165,88.38,90.45,87.82,56.31,66.74,63.18,59.63,6.0,0
STU0046,6,2022-23,EC603,1.021,90.71,90.39,86.7,57.87,60.56,58.73,60.55,7.0,0
STU0046,6,2022-23,EC604,1.14,88.17,88.07,90.97,48.05,43.76,42.56,41.08,5.0,0
STU0046,6,2022-23,EC605,0.904,94.53,99.0,97.76,66.47,65.62,70.61,74.52,8.0,0
STU0046,6,2022-23,EC606,0.787,89.11,84.53,90.69,78.02,74.31,73.23,72.36,8.0,0
STU0046,7,2023-24,EC701,0.862,99.0,99.0,95.94,78.1,85.8,91.35,90.34,10.0,0
STU0046,7,2023-24,EC702,1.098,99.0,99.0,96.79,61.92,63.03,60.67,61.99,7.0,0
STU0046,7,2023-24,EC703,0.849,89.34,91.99,85.85,83.42,74.36,66.57,65.07,7.0,0
STU0046,7,2023-24,EC704,1.034,97.3,97.5,96.64,67.69,63.77,64.4,60.8,7.0,0
STU0046,7,2023-24,EC705,1.01,91.48,88.67,89.24,67.16,72.45,65.22,64.99,7.0,0
STU0046,8,2023-24,EC801,1.09,93.34,90.88,93.98,49.1,41.29,35.55,35.45,0.0,1
STU0046,8,2023-24,EC802,1.081,79.41,84.04,84.5,49.41,49.86,54.78,56.57,6.0,0
STU0046,8,2023-24,EC803,1.132,85.85,84.4,81.16,63.26,66.14,78.95,77.55,8.0,0
STU0046,8,2023-24,EC804,0.913,90.74,95.56,94.28,68.4,68.83,69.01,67.05,7.0,0
STU0047,1,2020-21,AI101,0.999,82.27,88.43,85.49,67.82,64.11,64.95,63.34,7.0,0
STU0047,1,2020-21,AI102,1.029,82.91,74.07,75.79,65.47,67.54,63.51,67.1,7.0,0
STU0047,1,2020-21,MA101,1.11,80.77,83.55,80.94,59.74,63.12,59.67,64.0,7.0,0
STU0047,1,2020-21,PH101,0.961,80.51,87.85,85.38,72.88,77.62,81.91,80.92,9.0,0
STU0047,1,2020-21,EE101,0.938,77.57,82.63,81.66,74.72,72.8,75.97,67.44,7.0,0
STU0047,2,2020-21,AI201,1.121,84.98,82.18,81.78,61.04,61.68,55.21,50.44,6.0,0
STU0047,2,2020-21,AI202,1.286,89.04,93.12,94.82,59.33,62.83,70.28,68.8,7.0,0
STU0047,2,2020-21,MA201,0.909,81.24,83.32,82.43,75.7,82.17,78.4,82.81,9.0,0
STU0047,2,2020-21,CH101,1.116,88.95,96.59,97.89,74.33,76.61,78.39,78.97,8.0,0
STU0047,2,2020-21,ME101,0.948,84.34,88.37,83.47,88.05,95.36,92.74,94.43,10.0,0
STU0047,3,2021-22,AI301,0.984,82.64,78.9,86.57,66.29,68.78,65.72,65.26,7.0,0
STU0047,3,2021-22,AI302,1.055,80.94,81.39,80.11,62.96,65.95,62.1,60.15,7.0,0
STU0047,3,2021-22,AI303,0.923,79.22,74.25,69.34,78.62,81.12,82.52,86.64,9.0,0
STU0047,3,2021-22,MA301,0.894,73.65,76.4,70.28,77.71,78.96,88.24,86.6,9.0,0
STU0047,3,2021-22,CS301,0.943,83.19,85.3,84.1,75.24,71.92,73.93,69.15,7.0,0
STU0047,3,2021-22,AI304,1.349,83.43,79.58,78.64,46.7,43.01,43.97,48.14,5.0,0
STU0047,4,2021-22,AI401,0.926,69.46,69.78,69.28,64.42,60.26,55.28,57.97,6.0,0
STU0047,4,2021-22,AI402,0.966,63.66,60.62,64.73,69.34,66.29,65.52,66.2,7.0,0
STU0047,4,2021-22,AI403,0.983,75.75,75.25,77.61,72.07,66.25,74.28,77.75,8.0,0
STU0047,4,2021-22,AI404,0.932,71.21,73.37,74.0,75.5,77.77,79.36,80.44,9.0,0
STU0047,4,2021-22,MA401,1.011,74.21,74.95,75.77,75.98,77.93,79.42,76.75,8.0,0
STU0047,4,2021-22,AI405,0.899,76.22,78.22,81.43,78.67,80.46,79.8,79.72,8.0,0
STU0047,5,2022-23,AI501,0.915,85.78,85.24,88.57,76.15,78.22,79.16,76.18,8.0,0
STU0047,5,2022-23,AI502,1.066,84.16,81.49,76.55,60.27,63.7,71.63,79.19,8.0,0
STU0047,5,2022-23,AI503,1.129,84.29,80.35,77.95,57.28,57.11,53.36,57.63,6.0,0
STU0047,5,2022-23,AI504,1.025,78.97,84.35,84.19,69.46,70.84,72.72,71.69,8.0,0
STU0047,5,2022-23,AI505,1.04,83.96,85.22,84.57,64.53,57.95,57.93,58.6,6.0,0
STU0047,5,2022-23,AI506,1.222,86.47,83.94,80.38,57.48,54.13,51.57,49.33,5.0,0
STU0047,6,2022-23,AI601,0.761,87.34,86.63,84.41,95.02,94.1,89.38,84.82,9.0,0
STU0047,6,2022-23,AI602,1.083,85.2,83.76,88.38,63.82,69.8,65.49,62.25,7.0,0
STU0047,6,2022-23,AI603,0.938,80.57,84.59,85.62,69.69,69.74,67.81,65.4,7.0,0
STU0047,6,2022-23,AI604,0.99,81.4,78.72,76.0,73.69,75.6,79.85,78.99,8.0,0
STU0047,6,2022-23,AI605,0.869,79.87,83.46,77.86,86.53,81.53,85.04,81.98,9.0,0
STU0047,6,2022-23,AI606,0.929,73.93,80.42,82.43,77.43,75.21,71.02,73.35,8.0,0
STU0047,7,2023-24,AI701,0.85,79.05,72.34,67.16,72.72,75.48,73.09,76.04,8.0,0
STU0047,7,2023-24,AI702,1.18,77.32,72.14,75.52,47.76,43.7,36.04,38.93,0.0,1
STU0047,7,2023-24,AI703,1.069,85.02,83.48,80.6,58.63,52.63,59.06,69.19,7.0,0
STU0047,7,2023-24,AI704,0.913,80.92,80.38,81.92,76.98,71.84,69.68,73.29,8.0,0
STU0047,7,2023-24,AI705,1.061,79.86,81.64,83.77,67.48,70.87,70.64,71.7,8.0,0
STU0047,8,2023-24,AI801,0.994,75.78,69.84,72.55,75.16,77.61,81.59,81.06,9.0,0
STU0047,8,2023-24,AI802,0.938,80.03,76.32,72.5,76.84,78.74,82.92,77.79,8.0,0
STU0047,8,2023-24,AI803,0.988,71.71,74.71,79.37,73.35,70.84,67.47,66.24,7.0,0
STU0047,8,2023-24,AI804,0.899,75.6,72.97,68.13,79.76,81.82,89.47,88.17,9.0,0
STU0048,1,2020-21,DS101,1.111,99.0,99.0,99.0,61.39,68.35,66.88,69.27,7.0,0
STU0048,1,2020-21,DS102,1.031,92.35,96.41,94.81,80.72,77.28,72.76,70.78,8.0,0
STU0048,1,2020-21,MA101,1.179,89.97,93.16,99.0,61.6,59.83,60.19,56.82,6.0,0
STU0048,1,2020-21,PH101,1.318,98.92,94.64,91.82,56.78,50.96,44.19,45.07,5.0,0
STU0048,1,2020-21,EE101,1.121,99.0,98.79,97.83,65.97,70.44,64.78,62.45,7.0,0
STU0048,2,2020-21,DS201,0.993,92.96,95.32,89.15,70.69,67.7,71.59,69.63,7.0,0
STU0048,2,2020-21,DS202,0.995,93.58,94.68,99.0,82.05,86.54,85.96,90.39,10.0,0
STU0048,2,2020-21,MA201,1.009,85.24,93.85,94.01,80.17,75.36,85.25,82.87,9.0,0
STU0048,2,2020-21,CH101,0.954,86.95,88.22,87.24,74.26,73.95,74.38,73.64,8.0,0
STU0048,2,2020-21,ME101,0.781,94.23,89.79,92.9,97.27,98.0,98.0,98.2,10.0,0
STU0048,3,2021-22,DS301,0.869,93.57,88.97,86.17,87.84,93.02,88.51,86.55,9.0,0
STU0048,3,2021-22,DS302,0.845,89.8,89.3,92.19,91.77,89.06,95.47,98.59,10.0,0
STU0048,3,2021-22,DS303,0.919,91.15,98.03,93.86,80.9,78.49,78.12,75.71,8.0,0
STU0048,3,2021-22,MA301,1.117,92.19,90.07,88.19,70.69,74.43,72.3,68.72,7.0,0
STU0048,3,2021-22,CS301,1.115,90.24,85.48,91.47,77.6,77.8,76.85,76.01,8.0,0
STU0048,3,2021-22,DS304,0.964,90.25,88.19,87.82,83.21,84.22,84.11,82.01,9.0,0
STU0048,4,2021-22,DS401,0.729,97.73,93.44,91.83,94.27,96.81,93.48,82.98,9.0,0
STU0048,4,2021-22,DS402,1.007,99.0,95.95,93.57,82.5,80.39,73.75,71.27,8.0,0
STU0048,4,2021-22,DS403,1.119,96.42,90.95,88.82,79.78,79.46,78.37,78.39,8.0,0
STU0048,4,2021-22,DS404,1.025,93.86,98.55,96.9,82.13,90.33,92.03,88.89,9.0,0
STU0048,4,2021-22,MA401,1.023,93.16,96.31,97.03,76.72,72.18,63.81,61.37,7.0,0
STU0048,4,2021-22,DS405,1.078,99.0,97.91,94.61,74.28,77.38,80.87,81.46,9.0,0
STU0048,5,2022-23,DS501,0.853,91.73,87.77,91.86,91.69,93.75,92.99,89.25,9.0,0
STU0048,5,2022-23,DS502,1.03,96.89,99.0,93.31,78.58,74.65,77.63,76.92,8.0,0
STU0048,5,2022-23,DS503,1.142,96.0,96.77,99.0,66.05,66.18,66.04,63.68,7.0,0
STU0048,5,2022-23,DS504,0.98,98.85,96.23,96.43,82.15,81.23,85.41,95.53,10.0,0
STU0048,5,2022-23,DS505,1.096,98.32,93.05,92.14,76.38,71.28,64.59,66.07,7.0,0
STU0048,5,2022-23,DS506,1.039,92.93,90.32,94.38,77.94,78.7,77.85,79.37,8.0,0
STU0048,6,2022-23,DS601,1.02,94.98,95.26,96.46,86.19,97.71,94.84,87.88,9.0,0
STU0048,6,2022-23,DS602,1.071,94.81,98.52,99.0,71.93,77.01,82.71,78.56,8.0,0
STU0048,6,2022-23,DS603,0.902,93.64,93.98,93.19,87.26,91.74,98.0,99.5,10.0,0
STU0048,6,2022-23,DS604,0.898,93.47,93.21,95.01,87.44,96.66,94.59,95.74,10.0,0
STU0048,6,2022-23,DS605,1.283,91.72,92.23,88.92,60.25,56.74,61.45,61.89,7.0,0
STU0048,6,2022-23,DS606,0.888,97.42,98.05,99.0,80.72,82.38,85.86,84.59,9.0,0
STU0048,7,2023-24,DS701,1.147,98.17,96.67,92.18,63.68,61.58,63.58,63.27,7.0,0
STU0048,7,2023-24,DS702,0.91,98.08,98.57,99.0,74.42,63.52,57.05,55.6,6.0,0
STU0048,7,2023-24,DS703,1.069,84.3,89.87,90.47,77.46,73.47,75.74,75.99,8.0,0
STU0048,7,2023-24,DS704,1.098,92.73,94.39,98.24,65.54,66.63,58.13,60.24,7.0,0
STU0048,7,2023-24,DS705,1.235,88.69,88.37,91.45,61.35,62.09,60.33,59.05,6.0,0
STU0048,8,2023-24,DS801,0.858,93.65,99.0,97.53,85.93,85.25,82.04,78.02,8.0,0
STU0048,8,2023-24,DS802,1.017,91.07,88.89,89.42,70.09,62.26,65.28,59.48,6.0,0
STU0048,8,2023-24,DS803,0.883,86.72,85.01,86.51,90.12,98.0,98.0,95.21,10.0,0
STU0048,8,2023-24,DS804,0.856,99.0,99.0,99.0,92.7,93.93,87.26,87.73,9.0,0
STU0049,1,2020-21,CS101,0.935,78.38,77.94,85.19,64.87,62.52,55.55,51.93,6.0,0
STU0049,1,2020-21,CS102,0.901,73.58,74.52,72.14,65.27,71.92,70.63,67.29,7.0,0
STU0049,1,2020-21,MA101,1.033,73.14,72.01,72.53,60.84,64.26,59.78,57.96,6.0,0
STU0049,1,2020-21,PH101,1.078,77.14,82.69,86.38,62.22,55.29,61.61,65.72,7.0,0
STU0049,1,2020-21,EE101,0.919,76.01,74.84,80.1,72.28,81.18,84.72,90.11,10.0,0
STU0049,2,2020-21,CS201,0.884,80.93,84.08,92.47,77.86,81.12,79.0,80.63,9.0,0
STU0049,2,2020-21,CS202,0.954,78.02,78.63,77.4,70.17,68.49,66.78,70.01,8.0,0
STU0049,2,2020-21,MA201,1.021,78.95,73.84,75.33,67.95,66.16,75.54,68.68,7.0,0
STU0049,2,2020-21,CH101,1.094,80.41,82.3,82.92,63.69,67.6,64.33,65.23,7.0,0
STU0049,2,2020-21,ME101,0.978,73.18,75.69,73.72,60.69,58.26,54.66,57.75,6.0,0
STU0049,3,2021-22,CS301,0.92,84.96,94.9,96.15,79.46,82.58,76.18,77.94,8.0,0
STU0049,3,2021-22,CS302,1.037,80.43,77.33,79.76,61.83,71.43,71.94,68.27,7.0,0
STU0049,3,2021-22,CS303,0.938,80.35,88.8,85.7,73.11,70.69,72.93,71.37,8.0,0
STU0049,3,2021-22,MA301,0.863,80.69,79.64,77.56,77.4,82.73,81.29,77.89,8.0,0
STU0049,3,2021-22,EC301,0.945,81.68,77.01,82.7,77.54,83.98,85.74,79.46,8.0,0
STU0049,3,2021-22,CS304,1.184,78.01,75.27,75.82,65.28,70.02,74.1,73.16,8.0,0
STU0049,4,2021-22,CS401,0.984,80.88,83.78,85.85,55.66,56.23,55.74,56.25,6.0,0
STU0049,4,2021-22,CS402,0.909,72.02,73.64,72.4,76.78,73.76,80.14,83.14,9.0,0
STU0049,4,2021-22,CS403,1.036,76.47,79.45,80.82,66.1,70.79,77.21,73.46,8.0,0
STU0049,4,2021-22,CS404,0.874,74.2,68.94,68.72,79.92,79.82,77.42,80.8,9.0,0
STU0049,4,2021-22,MA401,1.017,78.69,82.73,82.3,76.41,74.39,83.38,80.46,9.0,0
STU0049,4,2021-22,CS405,1.062,74.75,78.67,77.0,64.74,61.82,66.03,64.07,7.0,0
STU0049,5,2022-23,CS501,0.839,75.76,73.69,73.66,88.15,82.24,81.89,85.69,9.0,0
STU0049,5,2022-23,CS502,1.12,72.88,76.77,73.06,65.55,67.33,66.74,66.0,7.0,0
STU0049,5,2022-23,CS503,0.856,63.63,66.49,67.34,92.44,90.48,87.27,87.29,9.0,0
STU0049,5,2022-23,CS504,1.103,71.03,73.83,70.31,67.46,67.14,72.66,73.29,8.0,0
STU0049,5,2022-23,CS505,1.21,66.56,67.02,67.64,65.33,61.67,69.25,69.29,7.0,0
STU0049,5,2022-23,CS506,0.87,71.89,70.79,80.53,91.8,92.03,91.52,94.38,10.0,0
STU0049,6,2022-23,CS601,1.077,64.4,59.81,62.89,78.56,81.07,86.02,91.43,10.0,0
STU0049,6,2022-23,CS602,0.9,56.86,59.16,58.29,73.68,73.33,76.6,76.16,8.0,0
STU0049,6,2022-23,CS603,0.906,63.4,63.33,56.58,79.37,73.32,76.29,71.61,8.0,0
STU0049,6,2022-23,CS604,1.122,62.65,60.75,61.78,60.34,61.59,58.3,56.63,6.0,0
STU0049,6,2022-23,CS605,1.049,59.74,55.31,56.18,69.03,69.79,71.26,71.43,8.0,0
STU0049,6,2022-23,CS606,1.073,64.68,57.66,51.54,77.23,77.23,81.51,80.47,9.0,0
STU0049,7,2023-24,CS701,1.296,75.14,73.26,67.48,62.57,61.84,65.19,67.75,7.0,0
STU0049,7,2023-24,CS702,0.944,76.81,74.7,71.23,78.14,77.43,79.76,80.99,9.0,0
STU0049,7,2023-24,CS703,1.077,67.9,65.85,64.71,59.28,61.22,66.56,70.59,8.0,0
STU0049,7,2023-24,CS704,0.959,75.29,76.85,79.03,66.81,75.0,79.17,82.03,9.0,0
STU0049,7,2023-24,CS705,1.144,76.26,72.66,72.18,51.42,53.29,52.53,52.41,6.0,0
STU0049,8,2023-24,CS801,0.97,74.2,67.76,66.83,63.21,60.57,64.42,65.76,7.0,0
STU0049,8,2023-24,CS802,0.929,74.27,70.51,70.5,93.64,98.0,98.0,98.48,10.0,0
STU0049,8,2023-24,CS803,0.882,70.9,72.17,70.33,87.64,94.7,96.2,96.5,10.0,0
STU0049,8,2023-24,CS804,0.798,77.1,73.1,71.63,96.68,98.0,95.9,94.67,10.0,0
STU0050,1,2020-21,EC101,0.924,49.17,57.52,62.62,50.66,58.1,64.21,64.23,7.0,0
STU0050,1,2020-21,EC102,0.972,53.11,57.34,65.53,53.15,60.53,67.76,72.89,8.0,0
STU0050,1,2020-21,MA101,1.152,49.51,54.51,60.12,52.61,58.8,65.48,63.64,7.0,0
STU0050,1,2020-21,PH101,1.152,53.03,58.29,63.58,44.92,52.46,58.96,64.15,7.0,0
STU0050,1,2020-21,EE101,1.102,50.61,59.29,68.28,49.47,58.43,66.17,66.86,7.0,0
STU0050,2,2020-21,EC201,0.844,64.2,68.48,76.03,78.42,86.84,95.96,91.31,10.0,0
STU0050,2,2020-21,EC202,0.816,67.13,73.17,79.29,89.54,94.06,98.0,99.5,10.0,0
STU0050,2,2020-21,MA201,0.847,68.23,74.38,78.7,83.64,87.76,95.01,95.74,10.0,0
STU0050,2,2020-21,CH101,1.041,65.55,70.25,78.2,69.91,77.74,85.17,84.23,9.0,0
STU0050,2,2020-21,ME101,1.067,68.76,77.11,84.87,77.57,83.23,88.69,91.63,10.0,0
STU0050,3,2021-22,EC301,1.006,71.97,79.69,85.1,72.42,77.89,85.31,84.36,9.0,0
STU0050,3,2021-22,EC302,0.983,73.42,82.32,86.95,77.51,85.08,90.26,81.31,9.0,0
STU0050,3,2021-22,EC303,0.954,70.26,76.45,84.25,82.38,86.76,94.26,92.64,10.0,0
STU0050,3,2021-22,MA301,0.966,69.66,76.68,82.13,72.0,79.5,87.14,84.04,9.0,0
STU0050,3,2021-22,CS301,0.674,72.4,79.97,88.07,95.0,98.0,98.0,98.39,10.0,0
STU0050,3,2021-22,EC304,0.92,69.37,76.11,82.84,84.45,90.31,98.0,97.07,10.0,0
STU0050,4,2021-22,EC401,0.954,75.99,83.19,87.8,73.54,81.04,85.11,87.76,9.0,0
STU0050,4,2021-22,EC402,1.056,74.31,82.45,91.14,63.9,69.26,78.42,84.2,9.0,0
STU0050,4,2021-22,EC403,1.137,73.73,78.59,88.46,63.92,68.83,78.3,76.7,8.0,0
STU0050,4,2021-22,EC404,0.852,74.51,83.12,92.45,80.54,84.57,92.66,96.06,10.0,0
STU0050,4,2021-22,MA401,1.177,72.03,78.22,86.71,57.5,65.7,75.27,79.52,8.0,0
STU0050,4,2021-22,EC405,1.05,74.13,78.34,83.27,66.25,70.3,79.46,79.05,8.0,0
STU0050,5,2022-23,EC501,0.884,84.82,90.19,99.0,68.19,75.91,83.29,78.19,8.0,0
STU0050,5,2022-23,EC502,0.984,82.04,89.02,97.3,71.47,77.2,84.22,82.91,9.0,0
STU0050,5,2022-23,EC503,0.967,81.33,85.89,92.48,80.83,86.24,90.75,91.99,10.0,0
STU0050,5,2022-23,EC504,0.85,83.96,88.86,96.18,81.13,89.65,97.15,97.52,10.0,0
STU0050,5,2022-23,EC505,1.188,83.5,87.89,93.96,55.38,60.88,68.93,65.6,7.0,0
STU0050,5,2022-23,EC506,1.019,78.97,85.94,92.69,65.16,72.63,82.22,85.85,9.0,0
STU0050,6,2022-23,EC601,0.915,79.87,87.79,92.49,84.23,92.46,98.0,97.8,10.0,0
STU0050,6,2022-23,EC602,1.073,80.41,87.02,95.11,73.18,78.44,83.12,80.33,9.0,0
STU0050,6,2022-23,EC603,0.859,75.62,79.63,88.16,86.28,91.68,98.0,98.45,10.0,0
STU0050,6,2022-23,EC604,0.975,78.59,84.74,90.42,73.85,81.46,88.13,89.52,9.0,0
STU0050,6,2022-23,EC605,0.978,81.74,87.17,93.23,71.62,79.89,88.92,88.97,9.0,0
STU0050,6,2022-23,EC606,0.965,80.64,86.24,90.37,73.64,78.67,88.25,84.79,9.0,0
STU0050,7,2023-24,EC701,0.974,77.63,81.89,90.77,78.01,83.38,93.31,93.87,10.0,0
STU0050,7,2023-24,EC702,1.04,78.29,86.12,90.9,76.54,85.27,93.39,95.0,10.0,0
STU0050,7,2023-24,EC703,1.061,75.21,81.67,86.32,71.82,78.15,85.49,84.93,9.0,0
STU0050,7,2023-24,EC704,1.09,80.97,86.04,91.09,72.19,78.38,85.79,84.79,9.0,0
STU0050,7,2023-24,EC705,0.996,75.65,83.52,88.0,69.87,78.18,83.83,81.13,9.0,0
STU0050,8,2023-24,EC801,1.008,77.46,84.69,90.15,74.53,82.1,90.01,92.58,10.0,0
STU0050,8,2023-24,EC802,0.939,77.95,86.18,95.91,77.34,81.45,87.56,88.57,9.0,0
STU0050,8,2023-24,EC803,1.246,75.06,79.14,85.77,56.67,64.3,68.79,70.78,8.0,0
STU0050,8,2023-24,EC804,1.232,79.79,84.16,93.9,59.65,68.22,77.78,78.64,8.0,0
STU0051,1,2020-21,AI101,1.024,69.94,70.67,69.91,57.3,53.06,46.28,44.58,5.0,0
STU0051,1,2020-21,AI102,1.065,73.81,80.05,79.82,56.95,57.03,52.24,52.18,6.0,0
STU0051,1,2020-21,MA101,0.872,73.81,67.65,67.41,69.15,70.14,63.69,65.13,7.0,0
STU0051,1,2020-21,PH101,1.079,70.25,73.7,74.36,54.97,57.52,64.82,71.6,8.0,0
STU0051,1,2020-21,EE101,0.941,79.12,81.66,81.25,53.27,57.56,54.9,55.94,6.0,0
STU0051,2,2020-21,AI201,0.985,77.65,83.17,80.87,63.1,62.2,57.69,57.69,6.0,0
STU0051,2,2020-21,AI202,1.083,83.12,88.29,87.25,48.74,47.31,41.99,41.34,5.0,0
STU0051,2,2020-21,MA201,0.959,80.62,72.9,70.33,56.99,62.34,57.32,58.0,6.0,0
STU0051,2,2020-21,CH101,0.985,81.88,83.97,84.39,56.27,47.94,49.05,50.64,6.0,0
STU0051,2,2020-21,ME101,0.811,72.77,73.66,74.84,66.73,64.15,55.88,60.02,7.0,0
STU0051,3,2021-22,AI301,0.996,78.88,76.11,76.32,44.39,35.67,38.35,33.0,0.0,1
STU0051,3,2021-22,AI302,0.973,77.77,80.38,78.06,46.2,48.5,54.54,52.55,6.0,0
STU0051,3,2021-22,AI303,0.904,71.62,73.63,77.93,52.08,45.34,55.87,55.34,6.0,0
STU0051,3,2021-22,MA301,1.03,70.96,72.67,76.03,52.61,60.45,58.98,58.19,6.0,0
STU0051,3,2021-22,CS301,1.028,75.58,76.38,71.89,52.8,51.12,48.51,39.6,0.0,1
STU0051,3,2021-22,AI304,0.885,72.14,71.51,71.78,55.32,57.04,57.58,57.17,6.0,0
STU0051,4,2021-22,AI401,1.079,66.4,69.34,71.45,67.81,75.01,79.23,77.61,8.0,0
STU0051,4,2021-22,AI402,0.894,68.25,70.03,74.56,62.77,58.97,59.13,55.72,6.0,0
STU0051,4,2021-22,AI403,0.949,76.13,78.66,81.56,59.88,52.02,50.09,43.11,5.0,0
STU0051,4,2021-22,AI404,1.054,74.14,71.39,73.43,61.23,56.18,54.38,52.98,6.0,0
STU0051,4,2021-22,MA401,1.112,74.08,76.08,74.12,62.15,62.96,65.2,70.39,8.0,0
STU0051,4,2021-22,AI405,1.079,70.67,68.93,62.86,49.15,53.0,44.11,47.15,5.0,0
STU0051,5,2022-23,AI501,1.022,70.4,70.72,75.03,52.81,55.08,52.34,47.13,5.0,0
STU0051,5,2022-23,AI502,0.861,66.0,66.08,62.92,68.43,66.64,62.69,60.99,7.0,0
STU0051,5,2022-23,AI503,1.069,74.69,75.42,75.88,56.75,54.99,57.58,60.53,7.0,0
STU0051,5,2022-23,AI504,0.861,72.25,77.94,74.41,75.57,82.93,86.15,85.63,9.0,0
STU0051,5,2022-23,AI505,1.093,64.85,63.75,61.19,49.12,49.31,50.68,52.66,6.0,0
STU0051,5,2022-23,AI506,0.463,68.83,69.1,65.28,98.0,98.0,98.0,97.95,10.0,0
STU0051,6,2022-23,AI601,0.971,81.8,78.68,86.19,60.58,52.44,55.24,50.41,6.0,0
STU0051,6,2022-23,AI602,1.155,83.17,79.57,81.92,51.5,53.42,47.66,43.63,5.0,0
STU0051,6,2022-23,AI603,1.038,88.35,86.09,83.57,57.48,51.53,54.02,56.72,6.0,0
STU0051,6,2022-23,AI604,1.058,80.14,76.55,83.77,53.79,49.82,41.76,37.49,0.0,1
STU0051,6,2022-23,AI605,1.042,79.11,76.08,73.29,56.39,53.4,59.71,65.8,7.0,0
STU0051,6,2022-23,AI606,1.017,85.2,79.53,76.22,63.58,55.75,62.14,62.49,7.0,0
STU0051,7,2023-24,AI701,0.921,72.71,71.67,67.33,71.75,64.59,71.08,78.83,8.0,0
STU0051,7,2023-24,AI702,0.893,63.02,67.24,67.6,68.44,61.15,55.42,55.09,6.0,0
STU0051,7,2023-24,AI703,0.839,71.11,69.78,64.32,72.35,67.56,62.06,55.41,6.0,0
STU0051,7,2023-24,AI704,1.012,64.76,71.33,74.8,70.92,74.14,71.51,72.48,8.0,0
STU0051,7,2023-24,AI705,0.964,69.94,73.06,75.15,65.95,66.25,67.24,61.55,7.0,0
STU0051,8,2023-24,AI801,0.987,72.17,69.45,72.06,57.94,56.41,53.21,52.65,6.0,0
STU0051,8,2023-24,AI802,0.902,71.01,71.31,72.23,70.81,70.22,74.74,75.43,8.0,0
STU0051,8,2023-24,AI803,0.971,70.3,70.1,71.08,52.75,46.16,49.1,51.8,6.0,0
STU0051,8,2023-24,AI804,1.089,71.4,74.09,76.58,55.25,51.38,46.45,45.28,5.0,0
STU0052,1,2020-21,DS101,0.775,85.89,84.93,85.54,91.17,80.61,78.31,77.15,8.0,0
STU0052,1,2020-21,DS102,0.96,78.31,83.38,85.73,73.37,73.58,67.29,61.05,7.0,0
STU0052,1,2020-21,MA101,0.816,80.44,80.56,79.82,78.77,87.82,84.11,86.9,9.0,0
STU0052,1,2020-21,PH101,1.0,78.76,82.88,88.0,64.6,68.2,69.84,69.86,7.0,0
STU0052,1,2020-21,EE101,1.025,76.25,75.18,73.15,68.75,68.32,62.48,60.31,7.0,0
STU0052,2,2020-21,DS201,1.005,77.45,84.38,86.39,55.5,48.11,46.46,45.0,5.0,0
STU0052,2,2020-21,DS202,0.906,74.8,68.47,64.0,62.99,62.34,60.06,60.05,7.0,0
STU0052,2,2020-21,MA201,1.14,78.01,79.9,76.94,43.47,45.06,53.58,57.87,6.0,0
STU0052,2,2020-21,CH101,1.07,78.6,83.5,86.29,38.15,33.41,34.93,29.57,0.0,1
STU0052,2,2020-21,ME101,0.892,75.2,74.3,73.29,58.05,61.76,60.57,59.42,6.0,0
STU0052,3,2021-22,DS301,0.919,79.72,80.47,77.78,63.16,64.32,62.85,69.79,7.0,0
STU0052,3,2021-22,DS302,0.991,86.54,79.75,76.73,55.6,51.31,53.18,56.28,6.0,0
STU0052,3,2021-22,DS303,1.041,83.16,80.96,84.85,68.44,69.05,73.28,74.31,8.0,0
STU0052,3,2021-22,MA301,1.091,79.41,77.7,79.09,61.52,57.84,48.69,47.2,5.0,0
STU0052,3,2021-22,CS301,1.121,77.73,73.62,74.16,53.37,56.04,50.51,49.54,5.0,0
STU0052,3,2021-22,DS304,1.143,79.3,84.47,80.73,57.15,55.47,50.32,48.83,5.0,0
STU0052,4,2021-22,DS401,1.134,85.69,81.55,77.15,53.49,49.44,54.41,56.09,6.0,0
STU0052,4,2021-22,DS402,0.935,79.9,84.82,91.49,74.12,62.16,63.49,66.3,7.0,0
STU0052,4,2021-22,DS403,1.027,82.85,84.1,79.78,61.85,60.4,65.19,62.9,7.0,0
STU0052,4,2021-22,DS404,1.055,81.16,86.71,86.57,55.76,58.67,68.29,70.43,8.0,0
STU0052,4,2021-22,MA401,0.905,75.62,72.28,79.29,73.53,70.55,69.84,68.89,7.0,0
STU0052,4,2021-22,DS405,1.188,75.89,80.02,80.45,63.32,70.44,70.83,69.88,7.0,0
STU0052,5,2022-23,DS501,0.801,85.8,86.66,82.59,72.23,61.75,65.22,63.36,7.0,0
STU0052,5,2022-23,DS502,0.945,81.55,79.74,81.65,70.44,70.07,62.99,60.53,7.0,0
STU0052,5,2022-23,DS503,1.072,76.87,81.08,89.3,64.97,71.69,74.93,73.33,8.0,0
STU0052,5,2022-23,DS504,1.024,87.65,85.81,82.18,58.93,57.95,53.43,58.45,6.0,0
STU0052,5,2022-23,DS505,1.026,83.48,82.44,78.44,57.93,53.84,55.41,56.97,6.0,0
STU0052,5,2022-23,DS506,1.072,73.64,73.64,70.05,63.69,65.85,60.57,63.48,7.0,0
STU0052,6,2022-23,DS601,0.98,82.05,81.31,78.65,78.0,72.88,64.37,65.03,7.0,0
STU0052,6,2022-23,DS602,1.003,81.03,76.54,77.55,70.1,69.47,77.41,79.37,8.0,0
STU0052,6,2022-23,DS603,0.836,78.21,78.74,73.93,80.02,82.42,83.86,85.21,9.0,0
STU0052,6,2022-23,DS604,1.032,83.05,80.73,82.54,80.59,78.33,73.74,70.33,8.0,0
STU0052,6,2022-23,DS605,0.896,84.12,76.63,78.17,87.19,79.1,74.69,74.93,8.0,0
STU0052,6,2022-23,DS606,0.983,85.39,84.9,89.32,74.95,70.53,65.74,75.15,8.0,0
STU0052,7,2023-24,DS701,1.013,79.9,74.84,77.17,67.37,63.58,73.7,70.85,8.0,0
STU0052,7,2023-24,DS702,1.088,78.91,77.47,77.78,63.32,76.17,69.65,61.52,7.0,0
STU0052,7,2023-24,DS703,0.879,77.68,80.01,80.35,74.35,81.26,77.7,82.69,9.0,0
STU0052,7,2023-24,DS704,1.074,83.8,80.5,79.27,54.12,55.47,56.92,62.94,7.0,0
STU0052,7,2023-24,DS705,1.01,71.73,75.04,71.84,59.02,62.18,58.72,56.93,6.0,0
STU0052,8,2023-24,DS801,1.072,76.52,78.99,78.02,64.49,66.33,66.37,61.98,7.0,0
STU0052,8,2023-24,DS802,1.114,86.22,84.16,86.29,68.73,60.32,58.0,51.47,6.0,0
STU0052,8,2023-24,DS803,1.076,83.81,81.52,80.99,64.6,55.42,61.27,62.03,7.0,0
STU0052,8,2023-24,DS804,0.983,81.48,83.95,78.4,68.38,69.33,74.35,67.12,7.0,0
STU0053,1,2020-21,CS101,0.966,80.26,76.39,72.05,69.59,78.12,73.86,71.0,8.0,0
STU0053,1,2020-21,CS102,0.853,79.22,75.78,72.42,78.64,72.14,79.44,75.91,8.0,0
STU0053,1,2020-21,MA101,1.136,88.02,92.21,95.97,62.26,63.22,68.53,67.75,7.0,0
STU0053,1,2020-21,PH101,1.104,84.56,86.33,85.39,62.41,60.75,58.3,60.66,7.0,0
STU0053,1,2020-21,EE101,1.018,83.23,83.76,85.54,72.04,71.31,69.5,70.79,8.0,0
STU0053,2,2020-21,CS201,0.897,92.5,95.26,98.47,62.58,60.51,59.34,54.27,6.0,0
STU0053,2,2020-21,CS202,1.179,80.64,80.59,84.87,51.67,50.55,42.87,43.56,5.0,0
STU0053,2,2020-21,MA201,1.04,87.49,86.42,85.93,46.43,47.14,50.75,51.54,6.0,0
STU0053,2,2020-21,CH101,0.995,90.29,91.18,91.29,52.56,47.11,42.21,41.83,5.0,0
STU0053,2,2020-21,ME101,0.912,85.61,88.61,91.08,58.89,62.7,67.33,70.32,8.0,0
STU0053,3,2021-22,CS301,0.773,75.04,73.44,76.69,85.01,82.85,83.58,85.19,9.0,0
STU0053,3,2021-22,CS302,1.093,76.51,73.16,70.43,61.06,56.32,60.59,57.46,6.0,0
STU0053,3,2021-22,CS303,0.813,78.78,77.82,79.47,78.78,80.6,85.13,83.26,9.0,0
STU0053,3,2021-22,MA301,1.062,85.34,88.04,85.27,63.93,58.07,52.87,57.34,6.0,0
STU0053,3,2021-22,EC301,1.049,84.31,85.81,83.9,63.22,64.43,74.39,76.5,8.0,0
STU0053,3,2021-22,CS304,0.911,77.39,79.04,75.23,72.47,71.55,73.74,73.44,8.0,0
STU0053,4,2021-22,CS401,1.092,88.56,91.92,86.34,45.16,40.4,47.17,48.66,5.0,0
STU0053,4,2021-22,CS402,1.317,87.91,88.25,86.65,44.87,48.65,54.1,53.24,6.0,0
STU0053,4,2021-22,CS403,1.263,82.6,86.74,87.92,43.05,34.22,28.64,32.17,0.0,1
STU0053,4,2021-22,CS404,1.09,85.14,90.58,87.16,49.57,47.75,41.72,39.33,0.0,1
STU0053,4,2021-22,MA401,0.871,76.49,73.36,73.13,73.92,69.33,74.16,74.82,8.0,0
STU0053,4,2021-22,CS405,1.052,83.35,76.87,73.19,56.66,56.87,49.47,48.81,5.0,0
STU0053,5,2022-23,CS501,0.952,84.01,86.08,91.63,65.92,70.79,66.15,68.64,7.0,0
STU0053,5,2022-23,CS502,0.914,79.77,81.55,83.96,65.6,67.02,67.14,70.9,8.0,0
STU0053,5,2022-23,CS503,0.923,72.72,66.96,65.96,67.82,66.47,65.13,69.32,7.0,0
STU0053,5,2022-23,CS504,0.982,82.47,83.81,80.62,65.78,72.74,77.3,80.91,9.0,0
STU0053,5,2022-23,CS505,1.061,76.03,81.77,83.73,65.54,66.03,61.38,62.57,7.0,0
STU0053,5,2022-23,CS506,1.203,81.17,83.11,80.1,61.28,67.35,59.33,62.11,7.0,0
STU0053,6,2022-23,CS601,0.902,84.61,80.75,77.94,70.46,67.05,68.98,69.31,7.0,0
STU0053,6,2022-23,CS602,1.286,81.54,80.36,77.85,54.75,55.23,54.51,56.82,6.0,0
STU0053,6,2022-23,CS603,0.896,78.75,79.75,80.32,64.67,66.27,74.59,75.93,8.0,0
STU0053,6,2022-23,CS604,0.762,89.79,96.75,98.61,81.17,74.21,70.31,69.39,7.0,0
STU0053,6,2022-23,CS605,0.912,82.09,82.52,80.12,74.73,75.06,77.33,78.86,8.0,0
STU0053,6,2022-23,CS606,1.046,84.31,87.81,92.04,48.21,41.74,39.3,35.95,0.0,1
STU0053,7,2023-24,CS701,0.969,75.18,73.73,78.71,59.9,62.56,62.26,62.6,7.0,0
STU0053,7,2023-24,CS702,0.986,84.12,81.24,81.84,57.22,60.23,55.25,57.2,6.0,0
STU0053,7,2023-24,CS703,1.025,76.09,82.2,84.15,52.39,53.1,45.72,40.58,5.0,0
STU0053,7,2023-24,CS704,1.144,76.34,79.1,83.19,46.91,56.27,56.69,56.83,6.0,0
STU0053,7,2023-24,CS705,0.88,77.22,69.55,66.83,73.17,68.58,64.39,67.73,7.0,0
STU0053,8,2023-24,CS801,1.05,86.61,82.3,82.28,58.14,55.26,56.64,58.27,6.0,0
STU0053,8,2023-24,CS802,0.825,79.88,71.88,72.68,78.25,75.13,74.26,77.3,8.0,0
STU0053,8,2023-24,CS803,1.032,80.12,85.46,86.15,53.85,53.18,55.83,53.99,6.0,0
STU0053,8,2023-24,CS804,1.189,89.05,89.07,89.29,43.53,40.66,35.55,34.94,0.0,1
STU0054,1,2020-21,EC101,1.083,76.06,77.5,80.32,70.02,74.96,82.42,84.86,9.0,0
STU0054,1,2020-21,EC102,1.02,77.65,77.23,82.94,66.39,66.37,73.01,72.31,8.0,0
STU0054,1,2020-21,MA101,0.905,84.07,81.18,82.59,77.13,78.55,67.66,70.0,8.0,0
STU0054,1,2020-21,PH101,0.993,82.01,83.76,84.86,67.25,65.51,65.26,65.78,7.0,0
STU0054,1,2020-21,EE101,0.949,83.31,82.17,78.74,75.4,83.86,78.61,78.23,8.0,0
STU0054,2,2020-21,EC201,1.075,88.3,79.0,79.9,69.56,74.63,71.25,67.3,7.0,0
STU0054,2,2020-21,EC202,0.963,88.84,94.53,97.38,66.73,72.98,78.4,83.03,9.0,0
STU0054,2,2020-21,MA201,1.133,86.08,79.58,83.68,68.08,59.21,54.87,52.06,6.0,0
STU0054,2,2020-21,CH101,1.087,88.12,87.2,85.73,61.27,65.62,62.35,73.03,8.0,0
STU0054,2,2020-21,ME101,0.833,83.87,84.78,87.93,79.97,91.28,96.64,96.65,10.0,0
STU0054,3,2021-22,EC301,1.01,86.96,92.22,90.55,67.34,61.52,59.66,60.79,7.0,0
STU0054,3,2021-22,EC302,1.083,82.19,80.64,85.76,65.99,66.93,56.86,64.4,7.0,0
STU0054,3,2021-22,EC303,0.998,83.95,82.12,83.44,67.26,71.54,67.37,66.44,7.0,0
STU0054,3,2021-22,MA301,1.244,86.1,85.5,82.2,54.93,59.57,63.51,62.73,7.0,0
STU0054,3,2021-22,CS301,1.043,91.89,95.64,92.89,49.74,51.07,54.67,51.4,6.0,0
STU0054,3,2021-22,EC304,0.999,84.15,84.51,82.6,71.7,72.36,68.41,71.16,8.0,0
STU0054,4,2021-22,EC401,1.119,96.6,96.04,94.31,57.11,56.73,53.79,52.13,6.0,0
STU0054,4,2021-22,EC402,0.956,86.36,88.73,88.55,64.81,59.81,54.59,60.4,7.0,0
STU0054,4,2021-22,EC403,0.925,93.48,94.05,84.34,77.56,80.63,77.18,77.09,8.0,0
STU0054,4,2021-22,EC404,0.862,98.34,95.17,93.34,69.93,70.29,76.46,81.83,9.0,0
STU0054,4,2021-22,MA401,0.952,92.55,92.84,89.4,78.73,84.87,85.72,90.46,10.0,0
STU0054,4,2021-22,EC405,1.145,91.37,92.51,97.8,50.65,58.18,57.16,61.74,7.0,0
STU0054,5,2022-23,EC501,0.996,85.12,84.18,89.01,57.18,51.6,48.34,45.1,5.0,0
STU0054,5,2022-23,EC502,1.181,92.28,94.35,92.12,64.64,57.49,67.13,65.08,7.0,0
STU0054,5,2022-23,EC503,0.969,85.53,81.78,88.52,74.63,80.1,74.6,75.14,8.0,0
STU0054,5,2022-23,EC504,1.063,88.33,84.27,88.04,65.05,60.75,52.4,54.22,6.0,0
STU0054,5,2022-23,EC505,1.294,83.19,83.79,87.67,46.56,44.4,40.53,43.48,5.0,0
STU0054,5,2022-23,EC506,1.159,87.89,84.94,83.39,55.92,51.52,51.06,52.79,6.0,0
STU0054,6,2022-23,EC601,1.007,85.54,81.0,81.56,67.05,60.99,62.66,60.82,7.0,0
STU0054,6,2022-23,EC602,1.027,89.26,85.93,86.26,59.52,66.42,60.3,58.76,6.0,0
STU0054,6,2022-23,EC603,1.161,84.93,80.74,83.23,64.15,61.3,58.94,57.63,6.0,0
STU0054,6,2022-23,EC604,0.975,78.3,77.66,83.9,67.76,65.14,59.81,61.65,7.0,0
STU0054,6,2022-23,EC605,1.144,90.59,86.22,87.97,68.73,71.02,73.18,71.76,8.0,0
STU0054,6,2022-23,EC606,1.026,90.81,91.96,87.59,66.36,71.8,73.26,73.62,8.0,0
STU0054,7,2023-24,EC701,1.199,95.71,99.0,97.74,52.75,52.05,52.22,56.51,6.0,0
STU0054,7,2023-24,EC702,1.14,92.81,87.8,81.89,59.34,63.3,62.94,68.69,7.0,0
STU0054,7,2023-24,EC703,0.87,85.82,83.5,81.04,78.8,76.9,69.93,72.61,8.0,0
STU0054,7,2023-24,EC704,0.789,86.37,80.69,81.42,84.95,93.57,97.68,99.5,10.0,0
STU0054,7,2023-24,EC705,1.035,86.75,87.2,89.27,67.57,65.45,67.65,64.85,7.0,0
STU0054,8,2023-24,EC801,1.003,76.73,75.24,78.4,58.98,56.71,57.03,57.77,6.0,0
STU0054,8,2023-24,EC802,0.94,84.59,86.65,90.64,68.01,65.7,62.63,63.55,7.0,0
STU0054,8,2023-24,EC803,0.955,79.16,77.59,75.2,68.36,62.0,63.37,65.39,7.0,0
STU0054,8,2023-24,EC804,0.93,89.13,89.19,83.72,67.73,68.01,70.03,76.46,8.0,0
STU0055,1,2020-21,AI101,0.865,63.21,66.39,75.38,55.24,59.36,63.39,63.76,7.0,0
STU0055,1,2020-21,AI102,0.82,73.59,79.12,81.2,54.93,57.17,57.24,68.62,7.0,0
STU0055,1,2020-21,MA101,1.036,72.03,75.11,72.51,51.17,50.08,40.86,39.69,0.0,1
STU0055,1,2020-21,PH101,1.069,70.79,63.99,64.74,43.34,38.96,41.5,41.1,5.0,0
STU0055,1,2020-21,EE101,0.766,73.24,73.85,79.15,55.29,54.24,59.04,56.29,6.0,0
STU0055,2,2020-21,AI201,1.038,73.48,71.22,68.69,55.4,42.45,39.94,37.86,0.0,1
STU0055,2,2020-21,AI202,0.881,74.89,69.74,73.95,67.95,74.07,71.7,72.32,8.0,0
STU0055,2,2020-21,MA201,1.099,73.62,71.64,72.06,49.82,45.0,34.29,31.52,0.0,1
STU0055,2,2020-21,CH101,0.717,70.66,75.63,69.16,80.18,85.68,78.61,83.99,9.0,0
STU0055,2,2020-21,ME101,0.991,79.58,80.53,78.91,41.85,36.83,39.89,44.5,5.0,0
STU0055,3,2021-22,AI301,0.946,69.12,69.43,68.13,49.36,46.25,46.3,48.61,5.0,0
STU0055,3,2021-22,AI302,0.913,66.01,64.06,65.64,49.61,47.28,48.81,40.38,5.0,0
STU0055,3,2021-22,AI303,1.1,71.03,69.26,66.79,39.42,35.33,31.93,32.86,0.0,1
STU0055,3,2021-22,MA301,1.097,68.72,78.82,83.19,43.5,46.65,47.04,48.55,5.0,0
STU0055,3,2021-22,CS301,1.024,71.65,70.67,69.51,48.57,46.5,42.25,40.0,5.0,0
STU0055,3,2021-22,AI304,1.09,78.13,75.03,77.28,40.86,45.94,48.8,52.37,6.0,0
STU0055,4,2021-22,AI401,0.918,63.64,65.28,63.93,66.89,71.12,61.74,61.38,7.0,0
STU0055,4,2021-22,AI402,0.876,70.42,62.65,64.12,60.15,63.81,65.26,71.47,8.0,0
STU0055,4,2021-22,AI403,1.11,55.44,60.36,61.07,54.03,52.6,47.82,44.07,5.0,0
STU0055,4,2021-22,AI404,1.127,65.98,63.91,54.57,51.78,42.61,52.39,48.06,5.0,0
STU0055,4,2021-22,MA401,1.002,63.72,64.99,66.13,52.74,50.79,49.78,47.83,5.0,0
STU0055,4,2021-22,AI405,1.014,55.78,56.88,56.54,55.67,54.3,57.01,58.67,6.0,0
STU0055,5,2022-23,AI501,0.839,75.29,73.38,72.75,54.36,50.91,58.3,58.72,6.0,0
STU0055,5,2022-23,AI502,0.964,68.71,68.72,71.25,52.84,53.8,49.65,48.77,5.0,0
STU0055,5,2022-23,AI503,1.019,69.8,68.34,66.56,51.28,53.35,57.8,58.39,6.0,0
STU0055,5,2022-23,AI504,0.751,79.35,79.32,77.89,66.33,64.54,60.86,62.7,7.0,0
STU0055,5,2022-23,AI505,0.982,69.56,60.8,60.01,45.54,43.19,44.26,33.42,0.0,1
STU0055,5,2022-23,AI506,0.943,72.31,64.12,60.75,39.91,36.22,33.82,33.47,0.0,1
STU0055,6,2022-23,AI601,0.938,67.07,69.73,70.48,52.17,53.03,58.37,63.97,7.0,0
STU0055,6,2022-23,AI602,0.706,70.22,65.71,66.36,66.39,69.13,68.9,68.88,7.0,0
STU0055,6,2022-23,AI603,1.041,64.3,57.66,57.65,40.41,36.66,32.47,26.55,0.0,1
STU0055,6,2022-23,AI604,0.952,65.69,68.38,66.31,56.18,58.81,53.76,52.3,6.0,0
STU0055,6,2022-23,AI605,1.243,68.73,66.88,70.01,30.69,28.21,17.72,19.53,0.0,1
STU0055,6,2022-23,AI606,0.86,65.37,59.95,60.66,53.08,46.45,44.3,44.7,5.0,0
STU0055,7,2023-24,AI701,1.146,74.52,72.05,67.04,41.14,45.01,37.86,37.4,0.0,1
STU0055,7,2023-24,AI702,0.964,74.27,69.71,63.08,48.46,48.09,50.78,55.61,6.0,0
STU0055,7,2023-24,AI703,1.04,79.67,85.3,86.49,55.81,54.11,57.35,57.98,6.0,0
STU0055,7,2023-24,AI704,0.971,83.49,79.28,76.27,60.41,64.78,64.84,65.86,7.0,0
STU0055,7,2023-24,AI705,1.062,78.76,79.61,76.67,56.04,55.12,50.66,51.06,6.0,0
STU0055,8,2023-24,AI801,1.117,68.66,68.43,65.47,48.12,44.25,41.6,44.55,5.0,0
STU0055,8,2023-24,AI802,1.016,75.87,79.99,80.75,53.35,52.28,56.98,58.07,6.0,0
STU0055,8,2023-24,AI803,1.109,67.59,62.82,64.58,50.79,51.12,53.73,51.17,6.0,0
STU0055,8,2023-24,AI804,1.113,74.86,78.44,78.87,53.05,47.91,50.49,52.64,6.0,0
STU0056,1,2020-21,DS101,1.028,77.38,70.53,66.41,86.15,84.36,89.11,99.5,10.0,0
STU0056,1,2020-21,DS102,1.066,77.72,76.11,77.63,80.23,84.24,85.81,86.32,9.0,0
STU0056,1,2020-21,MA101,1.222,72.31,78.24,77.23,70.39,68.92,65.76,67.21,7.0,0
STU0056,1,2020-21,PH101,1.125,80.3,78.4,91.04,79.37,83.57,81.99,80.11,9.0,0
STU0056,1,2020-21,EE101,0.966,82.73,79.26,75.52,88.12,89.56,86.09,82.82,9.0,0
STU0056,2,2020-21,DS201,0.836,77.12,75.86,78.42,98.0,98.0,91.29,91.96,10.0,0
STU0056,2,2020-21,DS202,1.171,87.63,88.88,97.1,75.94,80.63,80.83,78.49,8.0,0
STU0056,2,2020-21,MA201,0.895,83.02,82.28,76.09,90.26,88.82,92.1,92.05,10.0,0
STU0056,2,2020-21,CH101,0.991,78.35,78.43,83.05,86.89,80.11,74.48,76.24,8.0,0
STU0056,2,2020-21,ME101,0.973,82.0,79.85,81.61,86.22,85.38,81.55,84.32,9.0,0
STU0056,3,2021-22,DS301,0.857,89.98,94.45,87.77,89.82,91.97,86.03,85.64,9.0,0
STU0056,3,2021-22,DS302,1.051,82.31,84.2,81.77,65.25,69.67,74.06,81.58,9.0,0
STU0056,3,2021-22,DS303,0.735,86.05,79.16,85.31,98.0,93.72,97.23,95.57,10.0,0
STU0056,3,2021-22,MA301,1.036,83.87,89.98,96.33,74.61,79.37,80.96,76.73,8.0,0
STU0056,3,2021-22,CS301,0.916,92.39,93.65,97.14,86.66,84.23,84.35,83.55,9.0,0
STU0056,3,2021-22,DS304,0.821,79.04,81.51,80.18,98.0,98.0,98.0,99.5,10.0,0
STU0056,4,2021-22,DS401,1.091,86.88,81.93,82.83,79.88,79.43,81.61,83.95,9.0,0
STU0056,4,2021-22,DS402,0.877,90.27,92.02,93.84,80.36,83.93,86.21,91.09,10.0,0
STU0056,4,2021-22,DS403,0.963,78.98,76.6,74.83,75.18,80.99,86.96,86.37,9.0,0
STU0056,4,2021-22,DS404,0.953,75.67,78.11,83.9,78.42,77.89,79.85,85.02,9.0,0
STU0056,4,2021-22,MA401,1.024,83.72,84.34,79.36,68.7,65.07,69.63,68.62,7.0,0
STU0056,4,2021-22,DS405,0.936,80.75,80.26,86.22,82.28,78.74,78.85,84.12,9.0,0
STU0056,5,2022-23,DS501,0.94,78.2,80.61,84.13,79.4,75.13,73.67,75.72,8.0,0
STU0056,5,2022-23,DS502,0.849,75.25,73.18,76.47,96.36,98.0,98.0,97.08,10.0,0
STU0056,5,2022-23,DS503,0.858,72.96,66.52,64.92,90.84,94.39,94.46,92.99,10.0,0
STU0056,5,2022-23,DS504,0.986,73.53,77.11,74.36,74.97,78.65,81.23,76.06,8.0,0
STU0056,5,2022-23,DS505,1.103,74.72,73.41,74.06,75.08,77.08,76.86,75.58,8.0,0
STU0056,5,2022-23,DS506,1.049,77.21,83.53,85.58,71.18,69.03,69.25,80.34,9.0,0
STU0056,6,2022-23,DS601,1.059,90.05,86.68,91.07,82.29,88.85,86.5,90.68,10.0,0
STU0056,6,2022-23,DS602,0.791,82.34,83.29,85.59,97.37,91.76,86.88,84.08,9.0,0
STU0056,6,2022-23,DS603,0.91,84.5,89.67,88.35,98.0,98.0,97.04,99.5,10.0,0
STU0056,6,2022-23,DS604,0.981,80.71,85.35,85.22,95.87,94.27,88.28,85.97,9.0,0
STU0056,6,2022-23,DS605,0.92,83.46,80.68,76.29,91.14,91.55,93.4,93.35,10.0,0
STU0056,6,2022-23,DS606,1.164,84.09,76.44,77.32,73.31,76.62,71.58,74.77,8.0,0
STU0056,7,2023-24,DS701,1.113,86.27,89.99,81.78,66.46,64.48,59.13,57.04,6.0,0
STU0056,7,2023-24,DS702,0.994,79.75,79.67,84.43,91.26,92.94,98.0,96.8,10.0,0
STU0056,7,2023-24,DS703,0.925,81.33,80.24,82.6,88.56,95.35,95.89,93.77,10.0,0
STU0056,7,2023-24,DS704,0.943,79.26,81.81,81.45,87.37,89.25,91.68,94.85,10.0,0
STU0056,7,2023-24,DS705,1.04,77.79,76.09,74.39,75.04,79.71,79.05,79.58,8.0,0
STU0056,8,2023-24,DS801,1.037,91.48,93.85,90.63,80.7,81.17,74.92,67.77,7.0,0
STU0056,8,2023-24,DS802,1.017,80.73,76.71,74.82,79.39,76.76,77.99,78.51,8.0,0
STU0056,8,2023-24,DS803,1.096,86.48,88.74,86.35,75.72,68.5,66.36,58.74,6.0,0
STU0056,8,2023-24,DS804,0.958,79.71,82.13,78.74,86.54,84.83,82.92,80.61,9.0,0
STU0057,1,2020-21,CS101,0.885,90.9,91.97,97.32,98.0,96.26,90.45,89.1,9.0,0
STU0057,1,2020-21,CS102,0.873,94.79,96.59,92.82,98.0,95.52,98.0,96.17,10.0,0
STU0057,1,2020-21,MA101,0.979,96.51,97.96,92.89,87.02,87.45,97.8,99.5,10.0,0
STU0057,1,2020-21,PH101,1.045,93.51,96.53,90.8,91.12,97.03,98.0,99.5,10.0,0
STU0057,1,2020-21,EE101,0.837,92.66,94.6,97.64,98.0,98.0,98.0,98.18,10.0,0
STU0057,2,2020-21,CS201,1.034,91.64,94.38,87.12,88.79,91.12,92.39,88.56,9.0,0
STU0057,2,2020-21,CS202,1.064,91.35,94.02,96.04,88.56,88.58,89.87,90.73,10.0,0
STU0057,2,2020-21,MA201,1.159,99.0,95.24,85.96,77.13,72.89,76.68,81.15,9.0,0
STU0057,2,2020-21,CH101,1.098,89.89,92.46,96.71,87.56,90.04,89.52,85.86,9.0,0
STU0057,2,2020-21,ME101,1.132,97.93,93.11,95.79,77.71,79.81,73.51,75.85,8.0,0
STU0057,3,2021-22,CS301,1.078,94.08,96.84,95.28,90.6,88.12,90.93,90.35,10.0,0
STU0057,3,2021-22,CS302,1.059,92.19,91.25,90.47,82.64,86.54,86.75,82.88,9.0,0
STU0057,3,2021-22,CS303,0.935,90.94,92.34,91.61,98.0,92.62,94.57,95.64,10.0,0
STU0057,3,2021-22,MA301,0.95,94.36,94.23,98.46,98.0,98.0,98.0,94.26,10.0,0
STU0057,3,2021-22,EC301,0.99,96.67,97.52,97.81,96.21,98.0,96.26,95.4,10.0,0
STU0057,3,2021-22,CS304,1.101,94.17,93.55,93.68,88.45,88.37,89.09,83.95,9.0,0
STU0057,4,2021-22,CS401,1.11,90.27,95.46,97.6,80.92,75.37,74.99,75.08,8.0,0
STU0057,4,2021-22,CS402,0.796,90.26,89.11,89.81,98.0,90.49,94.74,96.19,10.0,0
STU0057,4,2021-22,CS403,0.94,90.56,93.76,94.15,90.27,91.91,95.16,93.92,10.0,0
STU0057,4,2021-22,CS404,1.104,94.24,98.81,99.0,97.89,98.0,98.0,99.5,10.0,0
STU0057,4,2021-22,MA401,1.016,89.47,85.83,85.41,97.01,93.4,95.28,94.28,10.0,0
STU0057,4,2021-22,CS405,1.006,90.45,91.32,99.0,91.09,91.19,90.49,86.16,9.0,0
STU0057,5,2022-23,CS501,1.172,85.64,87.19,93.46,84.5,82.12,78.36,71.95,8.0,0
STU0057,5,2022-23,CS502,0.962,83.08,83.17,81.87,98.0,93.06,90.92,92.64,10.0,0
STU0057,5,2022-23,CS503,1.041,81.39,84.26,80.65,84.62,83.68,94.61,93.64,10.0,0
STU0057,5,2022-23,CS504,1.013,91.32,88.31,89.41,90.7,93.22,95.05,95.99,10.0,0
STU0057,5,2022-23,CS505,1.021,96.6,97.43,99.0,95.89,91.38,87.93,84.67,9.0,0
STU0057,5,2022-23,CS506,0.906,86.51,85.8,85.06,98.0,98.0,98.0,98.83,10.0,0
STU0057,6,2022-23,CS601,0.934,95.74,96.73,93.01,94.56,96.87,96.18,99.5,10.0,0
STU0057,6,2022-23,CS602,0.947,89.97,90.23,89.1,87.31,91.07,95.53,98.09,10.0,0
STU0057,6,2022-23,CS603,1.038,93.46,94.07,93.64,84.24,91.17,96.86,98.84,10.0,0
STU0057,6,2022-23,CS604,0.949,96.34,95.51,94.54,95.58,97.57,95.76,99.5,10.0,0
STU0057,6,2022-23,CS605,1.158,95.14,93.74,97.05,76.67,75.79,72.81,74.63,8.0,0
STU0057,6,2022-23,CS606,1.265,92.87,91.83,91.74,73.05,71.7,69.93,70.18,8.0,0
STU0057,7,2023-24,CS701,0.76,87.24,83.92,86.12,98.0,96.36,86.69,89.76,9.0,0
STU0057,7,2023-24,CS702,0.87,87.28,90.01,92.74,95.64,98.0,92.83,93.53,10.0,0
STU0057,7,2023-24,CS703,0.906,85.15,85.28,82.75,98.0,95.22,89.86,87.16,9.0,0
STU0057,7,2023-24,CS704,0.998,89.66,90.75,93.94,79.83,84.14,80.03,81.23,9.0,0
STU0057,7,2023-24,CS705,1.207,86.02,83.08,79.5,71.25,76.94,71.93,70.45,8.0,0
STU0057,8,2023-24,CS801,0.94,91.88,95.09,99.0,98.0,98.0,94.98,99.5,10.0,0
STU0057,8,2023-24,CS802,0.911,86.12,86.52,91.68,98.0,97.67,98.0,99.5,10.0,0
STU0057,8,2023-24,CS803,1.018,91.55,88.95,89.35,93.9,93.91,98.0,97.26,10.0,0
STU0057,8,2023-24,CS804,0.975,93.49,99.0,95.18,98.0,96.65,96.38,92.44,10.0,0
STU0058,1,2020-21,EC101,1.079,52.84,58.16,67.59,46.12,52.78,58.0,59.42,6.0,0
STU0058,1,2020-21,EC102,0.946,53.89,58.85,63.8,53.88,62.65,70.26,71.57,8.0,0
STU0058,1,2020-21,MA101,1.016,54.02,58.05,65.64,35.1,39.41,46.14,49.61,5.0,0
STU0058,1,2020-21,PH101,0.879,54.08,59.74,65.86,52.0,57.54,67.42,67.78,7.0,0
STU0058,1,2020-21,EE101,1.085,48.76,57.72,63.86,47.42,54.47,59.74,59.54,6.0,0
STU0058,2,2020-21,EC201,0.86,68.82,72.84,82.12,57.59,63.07,67.59,67.93,7.0,0
STU0058,2,2020-21,EC202,0.899,63.58,68.31,72.9,65.3,70.77,76.59,71.08,8.0,0
STU0058,2,2020-21,MA201,0.788,64.12,68.33,73.74,63.02,71.06,80.07,76.78,8.0,0
STU0058,2,2020-21,CH101,1.112,67.34,72.83,77.73,49.25,57.38,63.56,58.54,6.0,0
STU0058,2,2020-21,ME101,0.947,66.02,73.78,79.74,46.36,53.29,59.63,57.24,6.0,0
STU0058,3,2021-22,EC301,0.811,64.78,71.65,81.44,73.54,79.64,87.24,75.4,8.0,0
STU0058,3,2021-22,EC302,0.876,64.44,69.99,76.07,71.58,78.55,86.08,91.13,10.0,0
STU0058,3,2021-22,EC303,1.218,68.82,74.99,82.55,44.53,52.04,61.58,64.02,7.0,0
STU0058,3,2021-22,MA301,0.97,67.72,73.9,79.92,62.43,68.89,75.53,73.68,8.0,0
STU0058,3,2021-22,CS301,0.86,69.78,74.12,79.3,71.17,77.38,86.64,87.93,9.0,0
STU0058,3,2021-22,EC304,1.055,70.01,78.17,82.96,51.03,55.19,60.83,57.16,6.0,0
STU0058,4,2021-22,EC401,1.16,70.97,76.99,84.3,49.79,58.06,66.21,64.45,7.0,0
STU0058,4,2021-22,EC402,1.232,69.82,75.17,79.53,45.37,51.4,56.27,56.47,6.0,0
STU0058,4,2021-22,EC403,0.996,69.32,76.29,82.69,60.71,67.38,76.06,71.23,8.0,0
STU0058,4,2021-22,EC404,0.975,73.81,79.82,86.45,62.17,66.37,75.54,76.36,8.0,0
STU0058,4,2021-22,MA401,1.071,74.09,78.87,83.16,59.74,66.2,72.39,71.3,8.0,0
STU0058,4,2021-22,EC405,0.898,74.53,80.51,87.52,64.31,69.25,77.35,74.83,8.0,0
STU0058,5,2022-23,EC501,1.16,73.41,82.15,89.57,58.82,67.51,72.83,72.62,8.0,0
STU0058,5,2022-23,EC502,1.055,73.39,80.95,85.33,61.36,68.33,76.34,78.97,8.0,0
STU0058,5,2022-23,EC503,0.963,68.17,76.8,82.69,64.58,72.67,77.97,73.42,8.0,0
STU0058,5,2022-23,EC504,0.929,71.87,78.18,82.23,60.4,65.46,74.46,79.84,8.0,0
STU0058,5,2022-23,EC505,0.863,72.15,79.4,89.4,79.72,84.28,90.7,94.52,10.0,0
STU0058,5,2022-23,EC506,1.021,70.12,78.63,83.49,62.37,69.66,75.15,73.09,8.0,0
STU0058,6,2022-23,EC601,0.859,74.25,79.29,83.85,71.05,77.87,84.42,83.31,9.0,0
STU0058,6,2022-23,EC602,1.266,72.69,80.65,88.43,42.89,48.71,52.88,53.91,6.0,0
STU0058,6,2022-23,EC603,0.932,76.98,82.65,91.98,72.63,81.06,85.54,85.43,9.0,0
STU0058,6,2022-23,EC604,0.994,74.24,81.77,88.88,66.67,73.77,83.47,84.1,9.0,0
STU0058,6,2022-23,EC605,1.07,74.96,80.19,89.16,64.34,71.63,77.43,69.76,7.0,0
STU0058,6,2022-23,EC606,1.164,76.57,84.77,91.95,52.26,60.09,64.56,68.23,7.0,0
STU0058,7,2023-24,EC701,1.105,76.2,84.12,89.44,63.06,70.17,79.47,79.64,8.0,0
STU0058,7,2023-24,EC702,1.002,80.46,86.49,96.3,75.58,80.59,88.07,85.74,9.0,0
STU0058,7,2023-24,EC703,1.124,75.72,82.23,89.33,62.87,68.85,75.34,71.47,8.0,0
STU0058,7,2023-24,EC704,1.165,81.54,88.04,96.78,64.95,71.17,76.16,73.07,8.0,0
STU0058,7,2023-24,EC705,0.92,81.74,87.63,94.88,76.78,85.74,95.53,93.44,10.0,0
STU0058,8,2023-24,EC801,0.844,74.37,82.25,90.79,73.97,82.05,87.37,84.85,9.0,0
STU0058,8,2023-24,EC802,1.159,75.54,80.15,88.38,46.46,54.5,61.34,59.63,6.0,0
STU0058,8,2023-24,EC803,1.218,77.67,83.44,91.98,50.21,58.11,62.2,61.07,7.0,0
STU0058,8,2023-24,EC804,0.944,77.74,83.2,91.21,63.68,70.49,76.7,78.12,8.0,0
STU0059,1,2020-21,AI101,0.996,79.98,80.77,78.21,80.92,79.34,80.03,77.03,8.0,0
STU0059,1,2020-21,AI102,0.838,78.04,73.38,75.73,85.59,80.33,86.69,86.03,9.0,0
STU0059,1,2020-21,MA101,1.022,79.29,77.09,80.93,81.47,77.74,80.69,74.9,8.0,0
STU0059,1,2020-21,PH101,0.966,77.73,76.66,74.95,91.12,96.07,98.0,96.99,10.0,0
STU0059,1,2020-21,EE101,1.076,82.8,84.06,87.73,68.38,68.5,69.88,65.44,7.0,0
STU0059,2,2020-21,AI201,0.973,85.63,89.21,93.91,85.5,91.64,89.4,88.23,9.0,0
STU0059,2,2020-21,AI202,0.703,78.75,83.01,80.89,98.0,98.0,98.0,91.94,10.0,0
STU0059,2,2020-21,MA201,1.042,84.35,81.35,84.71,67.4,72.19,62.49,59.78,6.0,0
STU0059,2,2020-21,CH101,0.983,83.88,77.34,80.99,82.64,91.2,94.36,92.15,10.0,0
STU0059,2,2020-21,ME101,0.871,81.33,88.96,89.13,89.44,95.65,90.41,92.02,10.0,0
STU0059,3,2021-22,AI301,1.102,82.94,78.1,76.12,75.64,83.98,78.48,74.61,8.0,0
STU0059,3,2021-22,AI302,0.811,80.11,83.43,88.03,86.67,81.25,74.98,72.38,8.0,0
STU0059,3,2021-22,AI303,0.973,81.59,83.39,76.64,78.29,84.43,90.75,95.75,10.0,0
STU0059,3,2021-22,MA301,1.047,80.56,81.17,90.02,72.53,80.78,69.81,71.53,8.0,0
STU0059,3,2021-22,CS301,1.078,84.67,86.21,88.04,75.91,74.42,73.2,69.12,7.0,0
STU0059,3,2021-22,AI304,1.088,88.39,94.49,91.62,63.75,65.44,60.24,61.96,7.0,0
STU0059,4,2021-22,AI401,1.018,76.01,77.08,77.41,69.23,72.84,61.97,60.55,7.0,0
STU0059,4,2021-22,AI402,0.989,82.52,81.29,84.98,59.92,58.61,57.65,57.32,6.0,0
STU0059,4,2021-22,AI403,0.883,92.26,95.69,99.0,80.06,83.49,83.47,88.16,9.0,0
STU0059,4,2021-22,AI404,1.068,82.93,89.4,84.84,59.87,72.52,75.54,67.64,7.0,0
STU0059,4,2021-22,MA401,1.122,79.6,77.59,86.52,68.73,77.72,74.99,74.11,8.0,0
STU0059,4,2021-22,AI405,1.026,87.17,85.97,92.55,68.56,75.27,71.76,70.51,8.0,0
STU0059,5,2022-23,AI501,1.126,81.78,80.95,83.25,79.18,83.89,86.82,90.71,10.0,0
STU0059,5,2022-23,AI502,1.202,83.58,83.33,86.49,63.12,62.88,65.04,60.69,7.0,0
STU0059,5,2022-23,AI503,1.044,74.75,70.59,73.38,73.05,74.04,72.98,71.13,8.0,0
STU0059,5,2022-23,AI504,1.014,72.06,71.73,78.66,70.57,76.99,86.38,84.02,9.0,0
STU0059,5,2022-23,AI505,1.039,72.31,67.24,67.83,76.76,74.21,69.12,66.76,7.0,0
STU0059,5,2022-23,AI506,1.107,81.1,83.35,82.0,64.77,70.68,78.06,76.49,8.0,0
STU0059,6,2022-23,AI601,1.064,81.78,85.09,92.83,69.5,63.61,70.38,70.9,8.0,0
STU0059,6,2022-23,AI602,0.893,80.97,78.85,74.93,88.16,82.31,86.91,83.45,9.0,0
STU0059,6,2022-23,AI603,1.03,74.75,75.67,71.17,72.83,79.01,78.1,74.65,8.0,0
STU0059,6,2022-23,AI604,0.947,68.45,60.81,60.19,80.82,83.96,86.07,87.91,9.0,0
STU0059,6,2022-23,AI605,0.995,81.99,79.04,77.93,84.7,82.94,82.45,83.66,9.0,0
STU0059,6,2022-23,AI606,1.14,74.05,70.95,69.52,69.39,68.06,65.96,63.16,7.0,0
STU0059,7,2023-24,AI701,0.986,81.58,76.81,76.96,90.11,89.82,90.81,91.4,10.0,0
STU0059,7,2023-24,AI702,1.127,79.67,88.31,89.12,70.06,76.86,75.92,65.12,7.0,0
STU0059,7,2023-24,AI703,1.063,74.94,78.8,77.06,66.38,66.89,61.59,57.99,6.0,0
STU0059,7,2023-24,AI704,1.082,82.6,82.22,75.17,77.92,76.48,82.68,88.59,9.0,0
STU0059,7,2023-24,AI705,0.819,88.75,83.3,81.41,98.0,94.75,91.09,85.97,9.0,0
STU0059,8,2023-24,AI801,1.093,82.8,80.15,78.75,60.29,53.41,46.55,42.72,5.0,0
STU0059,8,2023-24,AI802,0.994,73.58,72.26,73.65,71.29,66.05,70.36,64.29,7.0,0
STU0059,8,2023-24,AI803,0.907,82.98,84.17,77.88,70.71,69.18,66.99,69.12,7.0,0
STU0059,8,2023-24,AI804,1.136,74.03,73.66,70.05,62.01,57.4,57.51,55.63,6.0,0
STU0060,1,2020-21,DS101,1.155,92.85,94.98,93.23,76.27,70.12,71.73,65.58,7.0,0
STU0060,1,2020-21,DS102,1.105,91.28,90.25,92.61,74.99,73.99,81.09,80.24,9.0,0
STU0060,1,2020-21,MA101,0.841,91.32,95.91,93.23,98.0,95.9,89.58,90.01,10.0,0
STU0060,1,2020-21,PH101,0.995,89.97,83.78,80.09,98.0,98.0,98.0,97.15,10.0,0
STU0060,1,2020-21,EE101,0.994,90.99,92.84,93.19,87.7,88.84,77.77,79.02,8.0,0
STU0060,2,2020-21,DS201,0.857,89.29,91.31,96.57,93.7,98.0,98.0,96.65,10.0,0
STU0060,2,2020-21,DS202,1.091,88.33,90.84,87.37,76.45,80.69,87.38,87.27,9.0,0
STU0060,2,2020-21,MA201,0.666,88.48,88.59,87.78,98.0,95.85,98.0,94.5,10.0,0
STU0060,2,2020-21,CH101,1.148,95.47,92.28,89.08,77.7,72.35,70.14,73.44,8.0,0
STU0060,2,2020-21,ME101,1.089,97.19,97.79,95.65,80.06,79.38,78.77,78.7,8.0,0
STU0060,3,2021-22,DS301,0.831,87.54,87.13,79.22,98.0,88.76,91.77,87.9,9.0,0
STU0060,3,2021-22,DS302,0.951,92.49,99.0,99.0,82.9,87.19,86.15,86.36,9.0,0
STU0060,3,2021-22,DS303,1.067,81.51,81.53,80.1,88.87,92.14,84.82,88.61,9.0,0
STU0060,3,2021-22,MA301,1.054,84.22,84.42,88.04,77.71,83.91,77.1,74.73,8.0,0
STU0060,3,2021-22,CS301,0.887,95.92,94.2,90.13,98.0,98.0,98.0,97.19,10.0,0
STU0060,3,2021-22,DS304,1.031,87.81,93.67,97.67,91.1,94.67,97.01,93.28,10.0,0
STU0060,4,2021-22,DS401,1.152,93.13,95.06,89.17,80.31,77.8,78.93,77.69,8.0,0
STU0060,4,2021-22,DS402,0.967,91.74,90.23,90.65,88.59,84.84,87.79,84.1,9.0,0
STU0060,4,2021-22,DS403,1.149,93.8,92.86,99.0,87.12,82.85,86.2,77.4,8.0,0
STU0060,4,2021-22,DS404,1.136,95.15,91.49,96.01,87.16,84.13,84.55,88.62,9.0,0
STU0060,4,2021-22,MA401,0.993,93.44,91.79,87.96,87.65,86.39,88.36,83.09,9.0,0
STU0060,4,2021-22,DS405,1.231,94.18,95.97,98.83,72.3,65.66,67.5,70.63,8.0,0
STU0060,5,2022-23,DS501,0.935,88.65,90.76,97.1,98.0,94.25,92.91,89.77,9.0,0
STU0060,5,2022-23,DS502,1.133,82.27,80.29,81.97,87.09,98.0,91.97,93.88,10.0,0
STU0060,5,2022-23,DS503,0.997,85.73,84.74,80.42,98.0,88.64,87.97,92.46,10.0,0
STU0060,5,2022-23,DS504,1.027,84.05,81.84,84.92,85.71,85.57,88.37,91.16,10.0,0
STU0060,5,2022-23,DS505,0.933,81.27,77.76,82.59,96.39,90.77,86.57,90.06,10.0,0
STU0060,5,2022-23,DS506,1.01,80.03,76.17,80.21,85.85,95.28,98.0,99.5,10.0,0
STU0060,6,2022-23,DS601,0.993,92.54,88.34,88.19,86.87,86.9,81.45,78.85,8.0,0
STU0060,6,2022-23,DS602,0.693,89.53,87.01,85.93,98.0,97.76,98.0,99.5,10.0,0
STU0060,6,2022-23,DS603,1.169,89.04,84.9,84.49,73.98,72.95,68.67,65.02,7.0,0
STU0060,6,2022-23,DS604,1.043,99.0,98.12,99.0,89.13,88.97,95.4,94.57,10.0,0
STU0060,6,2022-23,DS605,0.611,89.15,89.53,89.15,98.0,95.7,96.09,99.5,10.0,0
STU0060,6,2022-23,DS606,0.961,99.0,99.0,96.65,98.0,87.04,86.98,88.53,9.0,0
STU0060,7,2023-24,DS701,1.087,92.66,95.19,93.23,91.16,89.09,94.29,94.23,10.0,0
STU0060,7,2023-24,DS702,1.026,95.0,99.0,99.0,91.41,79.78,75.87,71.34,8.0,0
STU0060,7,2023-24,DS703,0.951,88.8,86.03,82.42,98.0,89.94,85.03,85.13,9.0,0
STU0060,7,2023-24,DS704,1.116,87.75,91.43,81.87,83.04,84.42,79.97,76.04,8.0,0
STU0060,7,2023-24,DS705,1.015,91.33,88.49,87.48,88.29,93.92,96.98,97.56,10.0,0
STU0060,8,2023-24,DS801,1.149,98.99,98.45,94.18,75.27,78.6,74.25,84.23,9.0,0
STU0060,8,2023-24,DS802,0.899,88.61,91.33,94.12,98.0,96.88,98.0,97.51,10.0,0
STU0060,8,2023-24,DS803,1.066,91.81,98.51,99.0,84.86,90.61,86.42,89.91,9.0,0
STU0060,8,2023-24,DS804,1.197,88.82,84.54,82.81,86.69,88.83,87.71,89.87,9.0,0
STU0061,1,2021-22,CS101,1.065,88.8,94.72,90.51,70.84,66.61,64.79,64.31,7.0,0
STU0061,1,2021-22,CS102,0.949,81.51,79.93,80.89,73.53,80.16,79.67,79.72,8.0,0
STU0061,1,2021-22,MA101,1.022,86.36,88.03,86.22,63.09,62.77,64.5,64.99,7.0,0
STU0061,1,2021-22,PH101,0.893,87.53,89.91,90.62,75.29,75.64,83.3,80.18,9.0,0
STU0061,1,2021-22,EE101,1.132,77.92,76.01,74.5,67.65,75.63,80.64,82.17,9.0,0
STU0061,2,2021-22,CS201,1.107,76.54,73.96,75.34,62.33,67.84,67.85,63.94,7.0,0
STU0061,2,2021-22,CS202,1.181,79.9,79.33,78.56,49.63,55.29,55.42,55.88,6.0,0
STU0061,2,2021-22,MA201,1.082,79.78,75.85,72.6,74.49,74.43,78.96,82.51,9.0,0
STU0061,2,2021-22,CH101,1.106,85.98,83.49,85.59,66.22,61.29,63.37,65.63,7.0,0
STU0061,2,2021-22,ME101,0.959,81.14,83.6,81.46,83.17,79.09,80.93,77.3,8.0,0
STU0061,3,2022-23,CS301,1.241,85.36,87.69,87.63,54.69,55.19,57.75,63.66,7.0,0
STU0061,3,2022-23,CS302,0.939,91.0,92.07,91.46,81.44,84.8,84.35,83.65,9.0,0
STU0061,3,2022-23,CS303,0.939,83.1,86.36,84.55,88.13,93.81,98.0,99.33,10.0,0
STU0061,3,2022-23,MA301,1.067,91.55,92.46,96.59,71.72,74.21,73.72,69.78,7.0,0
STU0061,3,2022-23,EC301,1.089,78.1,80.03,83.83,73.61,70.06,77.02,82.46,9.0,0
STU0061,3,2022-23,CS304,1.08,96.52,99.0,96.75,66.74,70.08,55.95,55.28,6.0,0
STU0061,4,2022-23,CS401,0.853,85.0,87.12,93.16,83.22,75.23,75.53,79.78,8.0,0
STU0061,4,2022-23,CS402,0.975,88.35,92.59,93.2,72.52,75.17,73.3,72.69,8.0,0
STU0061,4,2022-23,CS403,0.895,83.67,86.5,88.39,71.42,67.14,64.52,60.29,7.0,0
STU0061,4,2022-23,CS404,1.031,83.11,84.91,88.47,58.54,55.73,48.78,43.26,5.0,0
STU0061,4,2022-23,MA401,1.065,86.45,84.47,81.14,59.33,60.12,59.08,56.39,6.0,0
STU0061,4,2022-23,CS405,1.05,86.74,83.34,81.68,69.98,73.35,70.39,75.38,8.0,0
STU0061,5,2023-24,CS501,0.874,88.91,85.7,79.92,80.92,79.45,84.27,82.54,9.0,0
STU0061,5,2023-24,CS502,1.032,87.89,84.49,87.31,65.61,63.66,58.32,44.25,5.0,0
STU0061,5,2023-24,CS503,0.923,94.41,91.4,89.54,84.01,83.47,86.56,85.76,9.0,0
STU0061,5,2023-24,CS504,0.784,98.87,98.11,98.65,86.81,90.32,93.5,88.83,9.0,0
STU0061,5,2023-24,CS505,1.021,93.03,97.23,99.0,73.15,70.71,65.18,64.25,7.0,0
STU0061,5,2023-24,CS506,0.85,86.56,83.92,80.63,86.09,81.54,89.8,92.76,10.0,0
STU0061,6,2023-24,CS601,1.024,79.43,80.2,74.01,79.88,76.98,78.34,79.8,8.0,0
STU0061,6,2023-24,CS602,0.934,80.41,79.99,82.8,81.06,83.77,87.35,86.77,9.0,0
STU0061,6,2023-24,CS603,0.986,84.16,88.16,86.96,83.09,84.24,80.93,80.8,9.0,0
STU0061,6,2023-24,CS604,0.866,78.22,80.35,83.14,88.06,88.27,85.68,86.19,9.0,0
STU0061,6,2023-24,CS605,1.238,87.64,87.38,86.81,59.81,53.46,51.29,53.31,6.0,0
STU0061,6,2023-24,CS606,0.888,82.49,78.57,81.32,79.61,82.28,86.9,85.93,9.0,0
STU0061,7,2024-25,CS701,1.192,93.63,93.37,90.28,56.59,48.98,46.48,47.83,5.0,0
STU0061,7,2024-25,CS702,0.956,85.86,85.67,84.72,75.81,69.84,72.21,72.07,8.0,0
STU0061,7,2024-25,CS703,1.052,82.71,85.8,87.7,73.81,70.06,67.43,62.08,7.0,0
STU0061,7,2024-25,CS704,0.901,94.0,95.03,92.49,77.07,76.79,68.2,63.02,7.0,0
STU0061,7,2024-25,CS705,1.133,91.21,86.01,85.57,57.2,62.1,64.12,60.8,7.0,0
STU0061,8,2024-25,CS801,0.995,84.16,84.24,81.27,66.48,60.87,56.15,64.61,7.0,0
STU0061,8,2024-25,CS802,1.093,90.69,94.61,89.51,50.2,52.7,52.71,53.55,6.0,0
STU0061,8,2024-25,CS803,1.011,84.84,86.85,88.03,70.77,70.9,73.68,71.9,8.0,0
STU0061,8,2024-25,CS804,0.867,81.69,79.91,85.11,83.84,80.79,81.7,78.56,8.0,0
STU0062,1,2021-22,EC101,0.841,92.04,90.72,90.59,84.39,85.98,86.32,85.61,9.0,0
STU0062,1,2021-22,EC102,1.087,87.64,88.14,92.04,68.44,69.65,70.12,72.09,8.0,0
STU0062,1,2021-22,MA101,0.97,86.67,86.45,82.89,81.99,80.19,82.3,82.25,9.0,0
STU0062,1,2021-22,PH101,1.083,86.13,86.89,83.91,68.94,71.92,65.54,72.79,8.0,0
STU0062,1,2021-22,EE101,0.947,82.67,78.02,73.9,70.81,71.36,72.57,73.49,8.0,0
STU0062,2,2021-22,EC201,0.947,95.34,94.77,96.08,68.38,70.16,70.12,72.56,8.0,0
STU0062,2,2021-22,EC202,0.902,86.46,83.05,86.8,72.16,72.58,67.84,68.03,7.0,0
STU0062,2,2021-22,MA201,0.877,90.04,88.63,90.19,77.73,80.34,73.19,73.17,8.0,0
STU0062,2,2021-22,CH101,0.976,87.41,87.47,86.59,69.92,70.28,67.81,70.59,8.0,0
STU0062,2,2021-22,ME101,0.733,93.28,87.11,83.92,92.3,86.56,80.16,87.3,9.0,0
STU0062,3,2022-23,EC301,0.979,93.81,95.79,99.0,58.97,56.68,60.49,61.35,7.0,0
STU0062,3,2022-23,EC302,1.132,97.97,99.0,99.0,57.08,58.52,57.88,60.43,7.0,0
STU0062,3,2022-23,EC303,1.028,99.0,99.0,99.0,64.12,59.58,57.1,59.63,6.0,0
STU0062,3,2022-23,MA301,1.171,88.15,86.16,86.24,49.72,46.02,48.16,52.9,6.0,0
STU0062,3,2022-23,CS301,0.756,95.23,96.85,99.0,85.39,93.32,93.45,97.39,10.0,0
STU0062,3,2022-23,EC304,0.922,96.14,91.9,95.05,68.09,69.7,68.29,70.05,8.0,0
STU0062,4,2022-23,EC401,0.888,85.22,87.53,94.05,80.82,85.36,78.1,84.14,9.0,0
STU0062,4,2022-23,EC402,1.073,85.13,84.55,80.68,61.52,70.11,65.66,62.64,7.0,0
STU0062,4,2022-23,EC403,0.916,80.54,80.59,84.4,73.82,67.64,68.95,68.79,7.0,0
STU0062,4,2022-23,EC404,1.12,83.51,82.6,82.08,63.28,61.51,59.02,53.46,6.0,0
STU0062,4,2022-23,MA401,0.932,88.19,91.17,89.52,82.01,81.89,75.87,70.91,8.0,0
STU0062,4,2022-23,EC405,1.146,83.84,79.59,71.68,59.44,61.26,58.12,54.96,6.0,0
STU0062,5,2023-24,EC501,0.833,91.71,95.95,97.68,80.87,77.95,78.09,76.48,8.0,0
STU0062,5,2023-24,EC502,0.897,89.96,92.7,92.49,75.84,76.52,78.5,77.74,8.0,0
STU0062,5,2023-24,EC503,0.942,91.02,86.07,82.14,68.87,61.65,55.43,58.56,6.0,0
STU0062,5,2023-24,EC504,1.027,92.47,99.0,93.23,69.74,69.24,72.77,73.1,8.0,0
STU0062,5,2023-24,EC505,0.775,94.66,95.84,88.16,95.63,97.03,98.0,99.5,10.0,0
STU0062,5,2023-24,EC506,1.279,97.08,93.52,93.36,50.62,41.29,41.55,39.53,0.0,1
STU0062,6,2023-24,EC601,1.186,89.48,90.23,97.11,62.03,69.43,64.34,58.29,6.0,0
STU0062,6,2023-24,EC602,1.027,92.88,88.86,87.33,61.5,61.36,61.3,63.13,7.0,0
STU0062,6,2023-24,EC603,0.94,87.01,89.21,89.97,78.38,82.22,85.52,91.85,10.0,0
STU0062,6,2023-24,EC604,1.053,89.87,88.8,89.02,61.71,58.92,64.0,59.35,6.0,0
STU0062,6,2023-24,EC605,1.168,86.87,83.69,82.73,64.42,64.81,73.41,74.72,8.0,0
STU0062,6,2023-24,EC606,1.061,90.23,90.72,89.86,68.13,69.16,68.92,72.69,8.0,0
STU0062,7,2024-25,EC701,1.116,84.5,83.43,85.91,67.19,63.16,66.79,66.53,7.0,0
STU0062,7,2024-25,EC702,1.095,84.51,87.33,90.64,73.04,70.29,78.51,78.09,8.0,0
STU0062,7,2024-25,EC703,0.856,85.3,84.67,82.63,85.99,89.38,90.88,94.89,10.0,0
STU0062,7,2024-25,EC704,0.985,86.27,87.15,93.66,69.43,66.88,76.25,75.58,8.0,0
STU0062,7,2024-25,EC705,0.811,92.51,89.11,89.46,95.88,98.0,94.06,99.5,10.0,0
STU0062,8,2024-25,EC801,0.88,91.07,96.32,95.32,71.81,68.64,67.14,62.57,7.0,0
STU0062,8,2024-25,EC802,1.063,92.08,89.57,92.53,62.14,56.15,51.4,48.92,5.0,0
STU0062,8,2024-25,EC803,1.095,91.37,88.16,85.81,73.63,77.31,70.96,74.94,8.0,0
STU0062,8,2024-25,EC804,1.271,89.04,87.98,86.48,54.25,57.71,54.86,57.16,6.0,0
STU0063,1,2021-22,AI101,1.043,92.81,90.58,90.48,84.14,81.99,78.32,78.59,8.0,0
STU0063,1,2021-22,AI102,1.025,95.28,96.56,99.0,80.27,87.4,81.38,85.13,9.0,0
STU0063,1,2021-22,MA101,1.06,91.61,83.14,77.91,79.68,81.68,79.28,79.16,8.0,0
STU0063,1,2021-22,PH101,0.948,94.35,89.51,88.58,95.32,98.0,98.0,97.44,10.0,0
STU0063,1,2021-22,EE101,0.923,95.51,92.57,93.08,96.71,95.82,98.0,97.72,10.0,0
STU0063,2,2021-22,AI201,0.845,88.23,90.33,95.5,98.0,98.0,98.0,98.92,10.0,0
STU0063,2,2021-22,AI202,1.157,92.44,98.74,98.6,76.03,76.14,81.2,81.17,9.0,0
STU0063,2,2021-22,MA201,1.049,89.04,88.36,92.03,78.25,78.13,77.95,76.19,8.0,0
STU0063,2,2021-22,CH101,1.122,95.89,99.0,99.0,77.22,84.3,78.83,78.38,8.0,0
STU0063,2,2021-22,ME101,1.018,86.96,91.91,88.87,85.3,88.7,98.0,93.01,10.0,0
STU0063,3,2022-23,AI301,1.078,98.37,99.0,99.0,77.87,73.43,77.06,74.48,8.0,0
STU0063,3,2022-23,AI302,1.051,99.0,94.46,99.0,91.62,93.17,90.4,91.99,10.0,0
STU0063,3,2022-23,AI303,0.979,91.79,92.27,89.2,85.66,83.22,75.47,86.27,9.0,0
STU0063,3,2022-23,MA301,1.077,90.75,92.51,95.75,80.44,77.21,73.6,70.36,8.0,0
STU0063,3,2022-23,CS301,0.95,94.89,90.05,87.8,95.17,95.32,83.32,85.22,9.0,0
STU0063,3,2022-23,AI304,1.149,92.33,86.25,83.58,74.05,79.45,74.53,73.46,8.0,0
STU0063,4,2022-23,AI401,1.023,95.52,98.95,99.0,98.0,98.0,98.0,97.89,10.0,0
STU0063,4,2022-23,AI402,1.02,93.66,94.13,89.08,87.52,91.05,93.48,93.09,10.0,0
STU0063,4,2022-23,AI403,1.05,99.0,97.65,92.63,91.56,93.97,97.39,93.8,10.0,0
STU0063,4,2022-23,AI404,0.82,96.99,97.67,96.42,98.0,97.96,98.0,99.5,10.0,0
STU0063,4,2022-23,MA401,0.869,92.38,87.89,89.4,98.0,98.0,98.0,94.11,10.0,0
STU0063,4,2022-23,AI405,0.945,87.49,88.51,98.28,98.0,98.0,97.92,98.99,10.0,0
STU0063,5,2023-24,AI501,0.907,94.37,89.85,89.74,90.76,97.29,95.35,89.45,9.0,0
STU0063,5,2023-24,AI502,0.864,97.84,99.0,99.0,97.03,94.46,91.36,93.06,10.0,0
STU0063,5,2023-24,AI503,1.014,95.51,93.2,91.37,86.2,92.23,93.07,92.06,10.0,0
STU0063,5,2023-24,AI504,0.95,99.0,99.0,99.0,95.67,95.45,98.0,93.6,10.0,0
STU0063,5,2023-24,AI505,1.186,99.0,99.0,96.35,78.31,83.46,80.29,78.27,8.0,0
STU0063,5,2023-24,AI506,0.876,99.0,98.66,99.0,92.06,88.14,88.2,90.19,10.0,0
STU0063,6,2023-24,AI601,1.042,96.17,99.0,97.05,83.83,86.94,94.01,92.11,10.0,0
STU0063,6,2023-24,AI602,1.029,94.19,96.13,90.38,85.44,82.85,81.31,73.7,8.0,0
STU0063,6,2023-24,AI603,1.243,85.72,87.39,82.86,65.94,66.56,69.67,66.44,7.0,0
STU0063,6,2023-24,AI604,0.867,90.52,91.27,87.61,98.0,92.81,95.25,99.5,10.0,0
STU0063,6,2023-24,AI605,1.008,88.54,89.94,89.08,88.75,95.88,96.12,97.66,10.0,0
STU0063,6,2023-24,AI606,0.921,94.58,98.51,98.98,98.0,98.0,98.0,94.53,10.0,0
STU0063,7,2024-25,AI701,1.239,97.95,98.9,99.0,70.86,71.98,78.12,72.72,8.0,0
STU0063,7,2024-25,AI702,0.921,99.0,97.26,98.27,98.0,98.0,98.0,99.5,10.0,0
STU0063,7,2024-25,AI703,1.017,97.79,92.38,88.87,84.93,85.05,86.08,91.59,10.0,0
STU0063,7,2024-25,AI704,1.09,99.0,99.0,97.75,76.67,82.17,84.36,84.22,9.0,0
STU0063,7,2024-25,AI705,0.993,98.31,97.96,97.95,85.5,88.0,91.36,89.66,9.0,0
STU0063,8,2024-25,AI801,1.06,93.85,93.55,93.75,84.21,81.92,81.93,80.29,9.0,0
STU0063,8,2024-25,AI802,1.137,83.22,82.75,76.1,74.33,71.73,77.76,81.22,9.0,0
STU0063,8,2024-25,AI803,1.009,91.89,95.52,99.0,86.88,89.91,85.6,84.44,9.0,0
STU0063,8,2024-25,AI804,1.071,89.0,87.76,81.95,86.77,82.79,79.1,83.16,9.0,0
STU0064,1,2021-22,DS101,1.132,64.78,69.95,74.51,28.49,33.8,40.0,38.52,0.0,1
STU0064,1,2021-22,DS102,0.882,68.67,77.19,82.36,34.93,41.12,48.19,50.22,6.0,0
STU0064,1,2021-22,MA101,0.979,71.27,79.08,86.52,31.22,39.29,43.75,39.63,0.0,1
STU0064,1,2021-22,PH101,1.079,65.24,69.79,78.85,25.0,32.13,40.0,36.53,0.0,1
STU0064,1,2021-22,EE101,0.833,65.58,69.8,75.94,32.53,39.68,49.16,49.86,5.0,0
STU0064,2,2021-22,DS201,0.969,81.3,88.47,95.02,49.25,55.03,63.79,48.1,5.0,0
STU0064,2,2021-22,DS202,0.841,77.3,83.02,92.56,49.09,57.63,63.82,66.3,7.0,0
STU0064,2,2021-22,MA201,0.91,82.52,89.12,93.79,43.48,48.89,56.89,56.31,6.0,0
STU0064,2,2021-22,CH101,0.687,82.83,89.88,98.23,55.96,60.7,69.24,66.41,7.0,0
STU0064,2,2021-22,ME101,1.075,79.58,85.55,93.63,36.65,44.59,51.92,51.9,6.0,0
STU0064,3,2022-23,DS301,0.925,81.8,88.8,94.93,53.21,58.21,67.11,67.91,7.0,0
STU0064,3,2022-23,DS302,1.004,84.78,92.21,99.0,48.45,53.15,60.44,62.78,7.0,0
STU0064,3,2022-23,DS303,0.743,84.34,90.94,96.86,58.74,64.21,72.64,72.06,8.0,0
STU0064,3,2022-23,MA301,0.947,82.82,87.86,95.3,49.03,54.78,60.15,58.71,6.0,0
STU0064,3,2022-23,CS301,0.866,81.81,89.21,97.84,50.31,56.3,65.31,62.56,7.0,0
STU0064,3,2022-23,DS304,0.998,85.83,93.38,99.0,41.11,48.56,53.68,57.15,6.0,0
STU0064,4,2022-23,DS401,1.13,92.32,99.0,99.0,43.74,51.51,58.95,56.71,6.0,0
STU0064,4,2022-23,DS402,1.201,87.25,92.81,98.46,45.89,52.37,59.59,57.39,6.0,0
STU0064,4,2022-23,DS403,1.042,92.17,98.92,99.0,49.62,57.96,66.99,68.38,7.0,0
STU0064,4,2022-23,DS404,1.095,90.03,96.05,99.0,48.91,57.31,66.28,66.02,7.0,0
STU0064,4,2022-23,MA401,0.894,91.03,98.05,99.0,56.97,61.18,69.25,72.51,8.0,0
STU0064,4,2022-23,DS405,1.118,91.17,98.75,99.0,38.04,46.1,55.72,59.16,6.0,0
STU0064,5,2023-24,DS501,0.762,88.39,96.55,99.0,61.62,70.35,78.42,76.69,8.0,0
STU0064,5,2023-24,DS502,0.849,92.61,99.0,99.0,62.12,68.52,73.08,75.74,8.0,0
STU0064,5,2023-24,DS503,0.811,86.7,93.27,97.7,65.91,73.09,81.77,81.22,9.0,0
STU0064,5,2023-24,DS504,0.854,88.14,92.25,96.42,62.1,70.33,76.72,86.69,9.0,0
STU0064,5,2023-24,DS505,0.795,91.54,97.24,99.0,58.25,64.27,73.7,75.83,8.0,0
STU0064,5,2023-24,DS506,0.872,92.35,98.12,99.0,55.78,63.23,70.85,63.91,7.0,0
STU0064,6,2023-24,DS601,1.157,83.5,88.14,92.88,46.54,55.02,63.94,60.67,7.0,0
STU0064,6,2023-24,DS602,0.989,82.28,87.43,91.65,62.22,70.02,76.84,78.02,8.0,0
STU0064,6,2023-24,DS603,0.975,83.94,91.62,99.0,52.36,56.91,66.22,63.52,7.0,0
STU0064,6,2023-24,DS604,0.918,84.27,89.33,96.38,52.16,57.62,64.19,62.71,7.0,0
STU0064,6,2023-24,DS605,0.858,83.42,88.26,96.03,55.78,63.17,71.99,71.3,8.0,0
STU0064,6,2023-24,DS606,1.028,87.6,94.68,99.0,52.49,60.35,68.95,63.69,7.0,0
STU0064,7,2024-25,DS701,0.984,92.25,99.0,99.0,46.93,51.08,56.07,58.21,6.0,0
STU0064,7,2024-25,DS702,1.262,87.82,96.29,99.0,41.4,47.28,54.12,51.88,6.0,0
STU0064,7,2024-25,DS703,0.871,92.0,99.0,99.0,58.09,65.83,71.04,69.85,7.0,0
STU0064,7,2024-25,DS704,1.126,90.32,96.77,99.0,42.51,48.57,57.85,59.42,6.0,0
STU0064,7,2024-25,DS705,1.133,92.24,98.68,99.0,41.74,47.0,52.6,54.55,6.0,0
STU0064,8,2024-25,DS801,1.144,88.3,93.17,99.0,40.66,48.46,57.23,58.96,6.0,0
STU0064,8,2024-25,DS802,0.971,90.49,98.95,99.0,51.64,56.22,66.01,63.56,7.0,0
STU0064,8,2024-25,DS803,0.846,92.96,98.85,99.0,65.19,72.4,77.98,78.05,8.0,0
STU0064,8,2024-25,DS804,0.915,89.93,95.88,99.0,55.86,61.4,70.79,73.36,8.0,0
STU0065,1,2021-22,CS101,0.993,92.28,86.45,82.82,64.99,56.82,50.01,48.33,5.0,0
STU0065,1,2021-22,CS102,1.108,83.22,79.15,70.95,63.83,57.21,49.29,50.71,6.0,0
STU0065,1,2021-22,MA101,0.986,88.16,82.34,74.39,77.9,69.75,64.67,63.48,7.0,0
STU0065,1,2021-22,PH101,1.204,90.2,83.92,77.63,50.83,42.46,37.72,32.12,0.0,1
STU0065,1,2021-22,EE101,1.244,91.01,84.54,78.12,50.62,46.21,42.59,39.57,0.0,1
STU0065,2,2021-22,CS201,0.96,75.74,71.67,64.74,61.43,54.0,46.19,42.65,5.0,0
STU0065,2,2021-22,CS202,0.94,63.97,55.22,46.79,66.37,61.94,54.71,57.04,6.0,0
STU0065,2,2021-22,MA201,1.102,73.53,67.05,59.65,52.74,46.53,39.74,34.01,0.0,1
STU0065,2,2021-22,CH101,1.011,73.54,69.32,63.79,52.44,48.1,40.71,46.33,5.0,0
STU0065,2,2021-22,ME101,1.116,71.13,62.88,55.85,49.6,44.98,40.79,40.41,5.0,0
STU0065,3,2022-23,CS301,1.093,78.55,71.56,66.57,56.13,50.26,45.96,49.27,5.0,0
STU0065,3,2022-23,CS302,1.047,84.17,74.39,69.76,60.05,54.11,47.35,47.84,5.0,0
STU0065,3,2022-23,CS303,1.013,81.38,75.11,69.6,70.51,62.26,54.36,54.68,6.0,0
STU0065,3,2022-23,MA301,0.928,73.49,64.38,57.92,69.0,63.43,58.21,55.39,6.0,0
STU0065,3,2022-23,EC301,0.769,88.76,80.94,73.36,84.99,76.27,68.97,64.76,7.0,0
STU0065,3,2022-23,CS304,0.952,85.94,76.81,69.6,59.05,52.34,46.33,54.95,6.0,0
STU0065,4,2022-23,CS401,1.036,83.15,76.71,72.53,50.68,43.6,35.63,38.06,0.0,1
STU0065,4,2022-23,CS402,0.751,85.69,76.5,72.43,76.75,68.25,64.5,65.3,7.0,0
STU0065,4,2022-23,CS403,0.915,85.04,77.12,73.8,55.28,49.81,44.51,46.78,5.0,0
STU0065,4,2022-23,CS404,0.85,82.27,73.14,67.1,69.9,61.12,57.43,57.27,6.0,0
STU0065,4,2022-23,MA401,1.051,82.31,75.13,67.3,58.87,51.25,45.16,56.43,6.0,0
STU0065,4,2022-23,CS405,0.954,74.99,69.42,61.74,62.7,54.25,48.73,46.86,5.0,0
STU0065,5,2023-24,CS501,1.088,78.16,69.76,61.73,54.11,46.93,43.09,42.45,5.0,0
STU0065,5,2023-24,CS502,0.945,84.5,75.16,71.5,69.16,61.59,57.86,57.61,6.0,0
STU0065,5,2023-24,CS503,1.073,82.72,77.52,74.48,52.64,44.85,41.07,41.46,5.0,0
STU0065,5,2023-24,CS504,1.075,75.9,68.71,60.91,59.25,51.29,44.8,44.26,5.0,0
STU0065,5,2023-24,CS505,1.028,84.23,78.31,72.23,55.19,47.47,42.49,43.65,5.0,0
STU0065,5,2023-24,CS506,0.904,77.35,71.8,67.83,74.92,69.98,63.35,64.48,7.0,0
STU0065,6,2023-24,CS601,1.006,67.48,58.5,51.01,49.67,42.39,38.53,39.22,0.0,1
STU0065,6,2023-24,CS602,0.959,65.14,56.37,52.18,58.03,52.78,48.66,44.81,5.0,0
STU0065,6,2023-24,CS603,0.794,66.78,60.52,51.69,59.96,51.92,44.27,49.93,5.0,0
STU0065,6,2023-24,CS604,1.073,68.22,62.81,58.93,47.97,43.76,38.4,40.11,5.0,0
STU0065,6,2023-24,CS605,0.953,70.64,62.68,56.31,53.48,47.39,41.04,44.5,5.0,0
STU0065,6,2023-24,CS606,0.733,59.95,53.92,50.81,75.58,67.32,60.54,59.08,6.0,0
STU0065,7,2024-25,CS701,0.897,63.24,54.64,46.21,55.77,48.8,42.73,45.56,5.0,0
STU0065,7,2024-25,CS702,1.139,62.04,57.31,48.74,43.55,36.13,32.49,30.56,0.0,1
STU0065,7,2024-25,CS703,1.149,63.14,54.5,47.47,39.57,33.65,30.1,27.18,0.0,1
STU0065,7,2024-25,CS704,0.995,65.98,55.99,51.8,47.35,42.31,35.25,37.8,0.0,1
STU0065,7,2024-25,CS705,0.992,63.69,59.08,55.86,50.95,45.36,41.28,40.04,5.0,0
STU0065,8,2024-25,CS801,1.012,81.26,72.21,66.62,50.31,45.89,40.28,41.48,5.0,0
STU0065,8,2024-25,CS802,1.321,66.96,60.74,56.74,40.09,32.76,26.69,22.89,0.0,1
STU0065,8,2024-25,CS803,1.073,73.4,65.26,57.0,49.77,43.76,38.02,38.89,0.0,1
STU0065,8,2024-25,CS804,1.098,74.49,66.53,61.34,54.6,48.04,40.37,40.47,5.0,0
STU0066,1,2021-22,EC101,1.019,88.75,87.96,84.98,76.9,77.91,70.01,68.13,7.0,0
STU0066,1,2021-22,EC102,0.963,86.31,89.88,89.48,79.13,82.91,90.87,91.41,10.0,0
STU0066,1,2021-22,MA101,1.074,93.45,95.44,93.56,77.49,72.75,73.29,75.22,8.0,0
STU0066,1,2021-22,PH101,1.076,90.47,89.8,89.1,78.58,69.91,69.03,68.13,7.0,0
STU0066,1,2021-22,EE101,0.994,90.02,91.04,99.0,91.67,89.53,88.53,88.19,9.0,0
STU0066,2,2021-22,EC201,0.946,87.98,90.24,89.32,89.89,88.91,80.79,77.62,8.0,0
STU0066,2,2021-22,EC202,0.808,90.83,84.88,83.13,98.0,96.89,98.0,99.5,10.0,0
STU0066,2,2021-22,MA201,0.911,89.92,88.45,89.93,89.95,91.99,86.89,87.57,9.0,0
STU0066,2,2021-22,CH101,0.832,86.88,87.23,80.4,88.04,82.83,78.6,76.1,8.0,0
STU0066,2,2021-22,ME101,0.937,91.23,98.09,95.89,89.74,95.35,98.0,95.64,10.0,0
STU0066,3,2022-23,EC301,1.184,99.0,95.15,95.99,68.0,62.12,64.28,64.88,7.0,0
STU0066,3,2022-23,EC302,1.021,91.99,99.0,99.0,80.79,80.68,82.91,76.99,8.0,0
STU0066,3,2022-23,EC303,1.058,94.3,95.12,92.1,83.47,85.29,85.09,93.36,10.0,0
STU0066,3,2022-23,MA301,1.039,93.46,91.67,91.09,79.47,81.36,76.25,76.47,8.0,0
STU0066,3,2022-23,CS301,1.182,92.13,93.66,85.53,63.66,63.06,62.72,62.84,7.0,0
STU0066,3,2022-23,EC304,1.263,91.56,91.85,89.34,70.66,65.48,62.34,59.63,6.0,0
STU0066,4,2022-23,EC401,1.034,89.62,93.85,93.31,91.48,97.2,90.55,92.47,10.0,0
STU0066,4,2022-23,EC402,1.152,88.76,90.2,85.03,68.3,67.17,61.08,61.24,7.0,0
STU0066,4,2022-23,EC403,1.078,86.73,82.04,76.51,84.38,76.54,77.88,81.79,9.0,0
STU0066,4,2022-23,EC404,0.883,87.02,87.63,88.47,93.17,91.83,92.24,91.03,10.0,0
STU0066,4,2022-23,MA401,0.956,98.16,99.0,99.0,86.66,78.92,90.06,88.21,9.0,0
STU0066,4,2022-23,EC405,1.037,93.53,91.5,94.65,81.46,80.27,77.66,74.67,8.0,0
STU0066,5,2023-24,EC501,1.175,98.87,99.0,99.0,67.99,66.44,71.27,81.2,9.0,0
STU0066,5,2023-24,EC502,1.095,95.16,99.0,94.49,73.66,67.34,65.92,66.2,7.0,0
STU0066,5,2023-24,EC503,0.942,97.73,92.88,89.42,83.6,83.74,80.63,84.6,9.0,0
STU0066,5,2023-24,EC504,0.854,97.01,95.24,97.39,89.71,89.23,80.93,83.52,9.0,0
STU0066,5,2023-24,EC505,0.974,98.92,96.3,93.13,85.92,77.94,73.2,77.64,8.0,0
STU0066,5,2023-24,EC506,1.077,97.16,99.0,99.0,72.08,73.1,75.19,76.71,8.0,0
STU0066,6,2023-24,EC601,0.98,84.48,84.3,90.82,95.25,92.8,92.94,89.05,9.0,0
STU0066,6,2023-24,EC602,0.884,90.03,88.3,84.64,98.0,97.63,90.58,84.35,9.0,0
STU0066,6,2023-24,EC603,0.932,83.08,76.54,80.49,94.56,93.37,92.52,89.11,9.0,0
STU0066,6,2023-24,EC604,1.049,88.91,86.26,84.13,78.25,76.42,75.35,74.05,8.0,0
STU0066,6,2023-24,EC605,1.007,89.12,89.92,93.23,90.93,95.23,91.41,89.89,9.0,0
STU0066,6,2023-24,EC606,1.078,92.12,89.74,91.88,77.39,79.56,79.44,75.29,8.0,0
STU0066,7,2024-25,EC701,1.024,99.0,93.95,96.57,66.07,66.07,68.91,71.43,8.0,0
STU0066,7,2024-25,EC702,0.904,99.0,97.13,96.56,87.05,81.94,89.0,89.15,9.0,0
STU0066,7,2024-25,EC703,1.13,99.0,95.61,99.0,73.87,69.18,71.2,68.13,7.0,0
STU0066,7,2024-25,EC704,1.193,99.0,98.75,99.0,59.71,56.34,55.21,61.91,7.0,0
STU0066,7,2024-25,EC705,0.872,89.73,84.68,87.85,89.58,88.86,92.3,91.82,10.0,0
STU0066,8,2024-25,EC801,0.948,90.96,91.8,94.84,83.11,69.52,72.58,75.36,8.0,0
STU0066,8,2024-25,EC802,1.024,92.69,90.72,92.47,84.91,85.16,96.37,91.68,10.0,0
STU0066,8,2024-25,EC803,1.02,86.92,90.0,84.47,74.32,71.47,72.67,70.88,8.0,0
STU0066,8,2024-25,EC804,0.93,90.9,90.05,95.26,92.24,90.78,98.0,99.47,10.0,0
STU0067,1,2021-22,AI101,1.064,62.51,58.83,59.13,28.81,35.46,38.8,36.88,0.0,1
STU0067,1,2021-22,AI102,1.051,70.33,65.46,61.88,30.94,31.1,30.86,29.93,0.0,1
STU0067,1,2021-22,MA101,0.961,66.8,70.77,69.09,46.09,54.92,60.9,62.77,7.0,0
STU0067,1,2021-22,PH101,1.241,64.1,61.19,59.35,21.24,21.78,23.13,23.74,0.0,1
STU0067,1,2021-22,EE101,0.999,65.8,71.88,74.05,37.24,38.1,30.83,25.38,0.0,1
STU0067,2,2021-22,AI201,0.926,61.52,63.44,65.81,60.53,67.28,63.63,66.54,7.0,0
STU0067,2,2021-22,AI202,0.954,59.99,56.16,50.23,49.99,45.69,49.86,49.02,5.0,0
STU0067,2,2021-22,MA201,1.037,66.01,60.81,58.27,47.03,48.44,53.4,56.0,6.0,0
STU0067,2,2021-22,CH101,1.012,61.75,62.91,57.76,46.5,47.62,49.68,46.91,5.0,0
STU0067,2,2021-22,ME101,0.848,59.6,66.48,63.62,62.3,69.43,69.63,67.59,7.0,0
STU0067,3,2022-23,AI301,0.897,62.26,63.85,67.12,42.97,42.66,45.66,45.15,5.0,0
STU0067,3,2022-23,AI302,0.964,61.87,59.17,68.51,40.49,46.64,54.21,53.66,6.0,0
STU0067,3,2022-23,AI303,1.044,65.31,59.66,54.23,38.54,36.62,45.14,44.43,5.0,0
STU0067,3,2022-23,MA301,1.234,62.99,69.68,71.46,35.22,32.91,35.51,40.59,5.0,0
STU0067,3,2022-23,CS301,0.983,63.54,62.67,68.35,44.97,51.48,52.89,44.01,5.0,0
STU0067,3,2022-23,AI304,1.051,66.84,66.98,66.2,35.14,41.63,38.29,36.66,0.0,1
STU0067,4,2022-23,AI401,1.124,70.43,67.74,61.77,30.49,34.54,32.24,32.47,0.0,1
STU0067,4,2022-23,AI402,0.811,65.7,67.06,66.69,39.33,44.45,38.86,39.48,0.0,1
STU0067,4,2022-23,AI403,0.918,68.16,69.18,64.75,30.65,28.78,30.57,33.87,0.0,1
STU0067,4,2022-23,AI404,0.799,66.19,65.68,65.15,41.03,35.45,34.54,33.3,0.0,1
STU0067,4,2022-23,MA401,1.087,69.16,67.6,71.87,26.01,22.41,25.06,23.64,0.0,1
STU0067,4,2022-23,AI405,1.008,75.79,74.08,70.7,29.82,28.44,31.89,27.79,0.0,1
STU0067,5,2023-24,AI501,1.063,63.14,63.81,65.98,48.2,51.04,49.13,47.17,5.0,0
STU0067,5,2023-24,AI502,0.786,61.15,59.95,61.25,63.09,68.67,67.93,66.07,7.0,0
STU0067,5,2023-24,AI503,0.952,61.41,71.63,76.43,47.37,48.44,44.91,43.73,5.0,0
STU0067,5,2023-24,AI504,0.963,59.06,62.13,61.22,53.64,53.6,50.46,48.83,5.0,0
STU0067,5,2023-24,AI505,0.927,62.06,60.76,66.95,50.96,47.42,42.62,42.3,5.0,0
STU0067,5,2023-24,AI506,0.935,58.0,61.58,61.0,52.5,53.79,54.63,56.89,6.0,0
STU0067,6,2023-24,AI601,1.113,63.73,63.31,63.74,37.83,51.69,56.63,59.82,6.0,0
STU0067,6,2023-24,AI602,0.966,66.18,68.85,74.11,38.82,36.69,35.8,36.58,0.0,1
STU0067,6,2023-24,AI603,1.093,69.31,70.9,68.24,37.22,31.2,35.6,35.71,0.0,1
STU0067,6,2023-24,AI604,0.86,75.86,66.94,66.72,54.93,52.75,53.49,62.13,7.0,0
STU0067,6,2023-24,AI605,0.726,66.48,62.51,60.32,54.39,51.23,52.88,56.93,6.0,0
STU0067,6,2023-24,AI606,0.993,62.22,62.95,63.68,40.96,49.33,50.43,52.15,6.0,0
STU0067,7,2024-25,AI701,1.062,59.08,57.76,59.35,29.32,27.2,24.39,23.62,0.0,1
STU0067,7,2024-25,AI702,1.06,55.66,58.64,56.96,21.93,32.49,26.94,29.28,0.0,1
STU0067,7,2024-25,AI703,0.783,60.58,70.0,73.7,40.15,39.72,43.96,44.71,5.0,0
STU0067,7,2024-25,AI704,1.243,53.52,57.68,59.18,20.0,18.76,15.0,10.0,0.0,1
STU0067,7,2024-25,AI705,0.856,56.4,56.68,52.1,29.03,30.1,27.5,24.26,0.0,1
STU0067,8,2024-25,AI801,0.793,76.36,81.14,79.9,44.89,41.38,42.58,49.26,5.0,0
STU0067,8,2024-25,AI802,1.153,69.73,65.11,64.09,30.66,33.91,33.42,38.78,0.0,1
STU0067,8,2024-25,AI803,1.004,69.84,71.68,74.13,29.82,25.59,18.21,17.34,0.0,1
STU0067,8,2024-25,AI804,1.146,74.41,78.34,76.05,28.65,20.07,24.6,28.63,0.0,1
STU0068,1,2021-22,DS101,0.972,78.82,77.71,79.91,59.44,56.83,59.5,61.55,7.0,0
STU0068,1,2021-22,DS102,0.979,81.72,79.81,81.49,51.24,47.81,47.08,44.72,5.0,0
STU0068,1,2021-22,MA101,1.03,83.8,92.48,89.82,56.25,51.95,60.68,65.78,7.0,0
STU0068,1,2021-22,PH101,0.812,82.49,82.62,81.43,69.05,72.52,80.57,82.99,9.0,0
STU0068,1,2021-22,EE101,1.104,81.73,85.29,88.84,50.2,49.15,42.06,38.01,0.0,1
STU0068,2,2021-22,DS201,1.097,71.73,73.59,69.32,61.72,63.92,65.74,68.58,7.0,0
STU0068,2,2021-22,DS202,1.038,68.31,70.51,67.75,59.38,55.9,63.38,65.39,7.0,0
STU0068,2,2021-22,MA201,1.121,69.33,70.38,71.04,54.58,45.86,54.7,54.58,6.0,0
STU0068,2,2021-22,CH101,1.06,67.11,72.23,77.06,61.39,62.62,73.13,76.08,8.0,0
STU0068,2,2021-22,ME101,0.836,73.26,75.31,75.68,75.3,81.78,80.93,79.79,8.0,0
STU0068,3,2022-23,DS301,0.963,66.47,65.75,63.7,54.83,52.36,54.66,53.06,6.0,0
STU0068,3,2022-23,DS302,0.977,77.56,81.32,82.12,60.6,57.4,55.51,54.68,6.0,0
STU0068,3,2022-23,DS303,1.013,69.01,65.06,67.14,54.36,63.01,68.63,63.65,7.0,0
STU0068,3,2022-23,MA301,0.97,75.62,77.93,78.25,48.14,47.16,48.11,41.94,5.0,0
STU0068,3,2022-23,CS301,1.074,66.37,67.43,67.89,52.7,56.26,57.53,65.67,7.0,0
STU0068,3,2022-23,DS304,1.213,65.13,69.29,66.71,41.89,35.25,33.63,36.65,0.0,1
STU0068,4,2022-23,DS401,0.613,77.76,74.08,68.55,96.67,96.99,98.0,95.27,10.0,0
STU0068,4,2022-23,DS402,1.071,81.95,83.1,80.1,56.28,57.76,54.54,56.48,6.0,0
STU0068,4,2022-23,DS403,0.867,80.2,83.38,84.05,67.62,60.29,55.3,47.76,5.0,0
STU0068,4,2022-23,DS404,0.975,77.85,81.72,88.3,60.83,59.98,54.49,54.44,6.0,0
STU0068,4,2022-23,MA401,0.962,79.54,82.61,78.38,64.33,63.09,63.8,68.0,7.0,0
STU0068,4,2022-23,DS405,0.922,81.12,86.97,84.01,68.99,69.61,63.78,65.52,7.0,0
STU0068,5,2023-24,DS501,0.965,66.99,70.67,73.7,64.41,60.62,58.83,62.7,7.0,0
STU0068,5,2023-24,DS502,0.991,74.58,75.11,79.92,65.5,64.89,70.17,73.66,8.0,0
STU0068,5,2023-24,DS503,0.875,66.19,66.16,68.43,77.93,75.17,83.56,80.35,9.0,0
STU0068,5,2023-24,DS504,0.836,78.59,77.12,83.07,78.6,76.86,79.09,88.86,9.0,0
STU0068,5,2023-24,DS505,1.259,78.38,87.44,83.34,49.01,61.1,63.02,63.59,7.0,0
STU0068,5,2023-24,DS506,0.986,78.81,87.95,85.62,67.24,65.66,68.96,72.62,8.0,0
STU0068,6,2023-24,DS601,1.302,77.41,74.49,79.64,53.42,47.23,45.81,46.58,5.0,0
STU0068,6,2023-24,DS602,0.922,75.65,74.93,71.2,77.73,68.99,69.39,70.95,8.0,0
STU0068,6,2023-24,DS603,0.989,84.09,79.29,76.83,67.88,71.09,72.07,78.5,8.0,0
STU0068,6,2023-24,DS604,0.903,74.13,80.39,75.39,79.55,75.15,65.84,64.71,7.0,0
STU0068,6,2023-24,DS605,1.108,74.83,76.84,79.51,55.72,54.69,61.79,63.74,7.0,0
STU0068,6,2023-24,DS606,0.969,81.37,78.98,82.87,76.57,77.11,78.15,75.16,8.0,0
STU0068,7,2024-25,DS701,0.99,79.39,82.62,83.27,63.44,59.19,64.04,61.67,7.0,0
STU0068,7,2024-25,DS702,1.149,75.09,68.09,70.65,53.56,51.51,49.84,49.36,5.0,0
STU0068,7,2024-25,DS703,0.769,65.68,70.24,67.35,83.25,89.42,96.47,94.52,10.0,0
STU0068,7,2024-25,DS704,0.807,70.79,69.23,60.92,68.11,67.2,61.38,58.26,6.0,0
STU0068,7,2024-25,DS705,0.974,76.56,73.45,74.47,59.11,59.33,56.39,43.39,5.0,0
STU0068,8,2024-25,DS801,0.958,65.63,63.97,69.47,71.24,75.04,76.06,77.33,8.0,0
STU0068,8,2024-25,DS802,1.239,72.76,71.31,75.11,55.34,54.11,58.4,59.18,6.0,0
STU0068,8,2024-25,DS803,0.982,73.03,70.08,64.66,75.91,74.0,66.34,71.69,8.0,0
STU0068,8,2024-25,DS804,1.01,74.49,68.93,70.96,65.71,63.33,65.19,72.76,8.0,0
STU0069,1,2021-22,CS101,1.104,89.6,82.31,75.72,52.17,48.16,43.87,34.33,0.0,1
STU0069,1,2021-22,CS102,1.045,88.46,80.79,72.54,56.86,49.89,44.11,44.96,5.0,0
STU0069,1,2021-22,MA101,1.164,91.07,81.98,73.97,53.81,46.79,38.82,37.51,0.0,1
STU0069,1,2021-22,PH101,0.949,90.49,86.13,81.34,62.81,55.7,50.07,49.5,5.0,0
STU0069,1,2021-22,EE101,0.827,86.01,81.43,74.61,71.13,66.36,60.62,59.82,6.0,0
STU0069,2,2021-22,CS201,0.913,86.83,77.3,69.95,66.03,58.18,52.05,54.85,6.0,0
STU0069,2,2021-22,CS202,1.183,80.36,72.91,65.59,45.5,39.47,35.75,37.36,0.0,1
STU0069,2,2021-22,MA201,0.994,87.06,77.17,71.91,55.44,47.0,39.68,37.56,0.0,1
STU0069,2,2021-22,CH101,0.966,82.76,73.01,68.36,57.41,48.77,44.87,43.01,5.0,0
STU0069,2,2021-22,ME101,1.023,80.72,76.7,72.76,55.82,48.85,43.9,46.68,5.0,0
STU0069,3,2022-23,CS301,1.035,77.2,71.35,65.34,69.11,62.44,57.87,54.99,6.0,0
STU0069,3,2022-23,CS302,1.012,81.08,75.98,72.15,62.04,56.61,51.75,48.47,5.0,0
STU0069,3,2022-23,CS303,0.821,77.34,71.92,66.51,79.33,73.65,66.7,74.4,8.0,0
STU0069,3,2022-23,MA301,1.104,69.8,59.91,56.69,65.01,59.93,55.51,54.69,6.0,0
STU0069,3,2022-23,EC301,1.136,80.14,71.61,66.94,59.15,51.57,47.09,48.09,5.0,0
STU0069,3,2022-23,CS304,0.929,86.55,82.24,79.22,74.68,66.27,62.7,64.37,7.0,0
STU0069,4,2022-23,CS401,1.005,75.44,66.87,60.23,53.43,49.26,45.54,49.87,5.0,0
STU0069,4,2022-23,CS402,0.892,66.85,58.07,51.44,66.52,58.09,53.0,45.31,5.0,0
STU0069,4,2022-23,CS403,0.968,72.81,64.47,59.72,64.42,57.24,52.54,51.93,6.0,0
STU0069,4,2022-23,CS404,0.946,67.83,63.41,59.77,63.99,57.19,51.19,47.75,5.0,0
STU0069,4,2022-23,MA401,0.875,61.4,51.8,46.5,68.6,63.5,59.77,55.41,6.0,0
STU0069,4,2022-23,CS405,1.132,66.62,60.77,54.02,49.17,44.29,37.63,37.28,0.0,1
STU0069,5,2023-24,CS501,1.246,67.86,58.08,52.33,43.97,38.36,33.88,34.14,0.0,1
STU0069,5,2023-24,CS502,0.974,73.51,65.1,56.87,43.93,39.15,31.22,34.54,0.0,1
STU0069,5,2023-24,CS503,1.038,81.93,74.56,65.58,54.87,50.35,43.32,40.83,5.0,0
STU0069,5,2023-24,CS504,0.837,72.0,62.06,56.67,55.01,47.66,44.06,39.33,0.0,1
STU0069,5,2023-24,CS505,0.858,65.03,59.48,50.53,50.83,42.78,38.44,44.24,5.0,0
STU0069,5,2023-24,CS506,0.793,76.42,66.78,60.03,56.86,50.05,44.36,47.49,5.0,0
STU0069,6,2023-24,CS601,1.028,64.03,58.22,50.06,45.91,39.19,35.49,32.78,0.0,1
STU0069,6,2023-24,CS602,0.861,62.6,53.62,50.31,61.58,54.69,46.69,45.59,5.0,0
STU0069,6,2023-24,CS603,1.033,66.01,58.93,55.46,53.62,49.45,41.76,39.66,0.0,1
STU0069,6,2023-24,CS604,0.832,64.02,54.21,50.65,65.97,58.43,55.02,59.66,6.0,0
STU0069,6,2023-24,CS605,1.123,59.1,51.3,47.78,46.1,41.39,35.83,34.46,0.0,1
STU0069,6,2023-24,CS606,0.752,57.29,47.93,41.58,69.97,65.85,59.71,65.29,7.0,0
STU0069,7,2024-25,CS701,1.006,59.95,54.24,50.39,50.67,45.98,42.61,40.37,5.0,0
STU0069,7,2024-25,CS702,0.787,53.4,46.25,38.1,57.23,50.07,46.98,52.74,6.0,0
STU0069,7,2024-25,CS703,0.875,57.04,52.98,44.25,52.4,47.7,43.26,43.18,5.0,0
STU0069,7,2024-25,CS704,0.869,61.51,52.88,46.04,56.97,49.47,44.11,43.56,5.0,0
STU0069,7,2024-25,CS705,1.099,70.79,63.66,59.53,46.15,40.56,37.1,43.05,5.0,0
STU0069,8,2024-25,CS801,0.895,61.57,56.24,47.88,51.8,44.34,40.82,45.94,5.0,0
STU0069,8,2024-25,CS802,0.892,70.45,63.05,55.26,53.77,48.17,41.63,39.62,0.0,1
STU0069,8,2024-25,CS803,1.092,63.99,59.83,55.53,39.77,33.36,28.35,24.83,0.0,1
STU0069,8,2024-25,CS804,1.059,62.04,54.89,48.52,39.04,32.03,26.28,28.69,0.0,1
STU0070,1,2021-22,EC101,1.116,70.96,70.69,63.09,68.97,72.81,74.07,67.88,7.0,0
STU0070,1,2021-22,EC102,1.236,80.65,77.71,73.48,65.32,68.67,64.95,64.39,7.0,0
STU0070,1,2021-22,MA101,1.062,74.79,71.72,74.58,67.49,67.8,68.24,64.65,7.0,0
STU0070,1,2021-22,PH101,1.118,72.96,73.94,72.33,68.86,67.81,62.72,61.82,7.0,0
STU0070,1,2021-22,EE101,1.057,78.23,76.56,69.62,67.82,64.48,68.25,67.09,7.0,0
STU0070,2,2021-22,EC201,0.752,83.46,80.76,84.03,98.0,98.0,98.0,99.33,10.0,0
STU0070,2,2021-22,EC202,0.836,81.73,83.04,78.72,92.66,90.68,92.27,89.52,9.0,0
STU0070,2,2021-22,MA201,0.875,74.84,68.28,70.48,92.08,95.63,92.41,90.18,10.0,0
STU0070,2,2021-22,CH101,1.041,83.09,86.53,82.63,81.8,88.57,90.47,93.94,10.0,0
STU0070,2,2021-22,ME101,1.063,75.04,78.31,79.67,70.39,67.84,69.69,76.89,8.0,0
STU0070,3,2022-23,EC301,1.0,81.82,80.4,78.63,81.41,85.22,86.95,88.54,9.0,0
STU0070,3,2022-23,EC302,0.976,82.86,81.76,84.84,75.77,75.6,73.48,73.79,8.0,0
STU0070,3,2022-23,EC303,0.805,82.4,82.99,90.86,98.0,98.0,98.0,99.5,10.0,0
STU0070,3,2022-23,MA301,1.091,77.88,85.8,89.85,73.94,70.37,72.36,72.92,8.0,0
STU0070,3,2022-23,CS301,1.033,69.37,72.49,71.18,92.53,93.58,93.09,94.56,10.0,0
STU0070,3,2022-23,EC304,0.921,82.56,90.88,93.44,94.65,92.0,91.96,93.6,10.0,0
STU0070,4,2022-23,EC401,0.816,78.32,84.42,87.14,87.54,88.24,89.31,89.62,9.0,0
STU0070,4,2022-23,EC402,0.876,87.86,91.93,85.89,83.5,78.28,74.85,75.98,8.0,0
STU0070,4,2022-23,EC403,0.844,93.54,93.78,92.43,79.65,80.29,80.54,76.57,8.0,0
STU0070,4,2022-23,EC404,0.881,93.48,92.11,92.27,88.21,87.51,93.6,91.41,10.0,0
STU0070,4,2022-23,MA401,0.949,84.95,82.17,79.1,79.47,85.54,80.24,79.68,8.0,0
STU0070,4,2022-23,EC405,1.092,94.51,97.8,97.08,66.15,71.23,75.21,75.25,8.0,0
STU0070,5,2023-24,EC501,1.224,89.48,90.2,86.18,64.04,69.48,60.79,62.6,7.0,0
STU0070,5,2023-24,EC502,1.083,90.67,88.39,87.26,69.03,77.98,84.99,86.11,9.0,0
STU0070,5,2023-24,EC503,1.004,87.88,86.78,80.21,77.98,87.11,88.43,86.57,9.0,0
STU0070,5,2023-24,EC504,1.031,87.03,83.54,79.63,75.92,69.34,69.42,69.16,7.0,0
STU0070,5,2023-24,EC505,1.086,87.27,83.59,84.13,77.1,74.73,81.95,82.3,9.0,0
STU0070,5,2023-24,EC506,0.957,85.41,86.09,85.77,75.16,82.33,80.81,76.56,8.0,0
STU0070,6,2023-24,EC601,0.896,80.72,82.89,79.08,82.34,83.65,80.15,80.03,9.0,0
STU0070,6,2023-24,EC602,1.035,81.89,82.43,83.68,69.52,62.91,58.25,54.66,6.0,0
STU0070,6,2023-24,EC603,1.148,75.41,77.6,75.21,70.9,69.0,69.14,70.69,8.0,0
STU0070,6,2023-24,EC604,1.151,80.07,77.91,79.7,57.64,49.91,51.56,53.57,6.0,0
STU0070,6,2023-24,EC605,1.04,81.96,80.08,85.63,81.12,81.61,78.53,75.5,8.0,0
STU0070,6,2023-24,EC606,1.052,77.44,73.22,71.52,74.27,80.88,82.0,83.49,9.0,0
STU0070,7,2024-25,EC701,0.934,88.01,91.62,92.71,88.14,90.84,93.06,87.48,9.0,0
STU0070,7,2024-25,EC702,1.051,89.24,92.7,94.02,78.41,76.62,76.11,78.29,8.0,0
STU0070,7,2024-25,EC703,1.046,88.14,86.33,90.12,74.97,75.88,73.35,73.06,8.0,0
STU0070,7,2024-25,EC704,1.244,86.57,87.35,92.3,52.82,52.11,49.86,47.28,5.0,0
STU0070,7,2024-25,EC705,0.817,83.65,86.08,85.56,98.0,98.0,98.0,96.49,10.0,0
STU0070,8,2024-25,EC801,0.94,73.6,71.53,75.52,70.24,77.02,73.4,69.66,7.0,0
STU0070,8,2024-25,EC802,0.983,83.11,80.62,78.52,71.66,76.84,74.83,76.17,8.0,0
STU0070,8,2024-25,EC803,1.014,76.68,74.93,81.82,86.02,82.04,77.22,77.34,8.0,0
STU0070,8,2024-25,EC804,0.727,77.31,84.34,82.24,98.0,98.0,94.12,94.66,10.0,0
STU0071,1,2021-22,AI101,1.096,92.51,89.78,90.39,69.15,76.3,77.32,75.72,8.0,0
STU0071,1,2021-22,AI102,1.124,90.17,91.97,94.69,55.44,59.25,59.95,63.37,7.0,0
STU0071,1,2021-22,MA101,1.002,90.36,91.96,90.05,63.0,66.63,62.77,61.76,7.0,0
STU0071,1,2021-22,PH101,0.956,89.49,91.86,86.41,67.16,63.68,62.66,56.68,6.0,0
STU0071,1,2021-22,EE101,1.136,88.27,87.8,90.44,62.16,64.44,64.37,64.68,7.0,0
STU0071,2,2021-22,AI201,1.207,87.8,90.07,89.64,59.29,60.98,58.99,57.05,6.0,0
STU0071,2,2021-22,AI202,1.077,89.05,94.19,94.21,59.69,59.74,63.2,56.84,6.0,0
STU0071,2,2021-22,MA201,0.999,89.9,90.72,89.47,63.67,63.62,58.11,60.13,7.0,0
STU0071,2,2021-22,CH101,1.007,93.22,86.38,85.19,72.79,77.93,81.42,78.56,8.0,0
STU0071,2,2021-22,ME101,0.942,78.29,78.45,82.52,73.94,76.53,79.01,78.06,8.0,0
STU0071,3,2022-23,AI301,1.052,85.47,86.77,87.47,60.3,62.42,64.56,65.16,7.0,0
STU0071,3,2022-23,AI302,0.908,93.16,93.07,89.74,58.99,53.87,58.64,64.58,7.0,0
STU0071,3,2022-23,AI303,1.139,91.98,91.75,90.73,44.72,53.48,48.82,46.27,5.0,0
STU0071,3,2022-23,MA301,0.977,90.02,92.13,89.77,47.94,46.9,46.16,45.43,5.0,0
STU0071,3,2022-23,CS301,0.969,89.07,84.43,89.55,65.37,71.65,66.31,67.52,7.0,0
STU0071,3,2022-23,AI304,0.949,88.56,85.31,94.29,58.31,54.16,54.78,57.07,6.0,0
STU0071,4,2022-23,AI401,1.12,82.27,82.89,80.65,54.77,62.65,62.25,59.07,6.0,0
STU0071,4,2022-23,AI402,0.987,81.25,80.49,78.11,69.14,77.85,77.07,75.14,8.0,0
STU0071,4,2022-23,AI403,1.011,92.05,93.86,93.36,54.65,54.41,57.91,60.78,7.0,0
STU0071,4,2022-23,AI404,1.157,83.39,81.98,81.56,60.31,59.13,61.49,60.34,7.0,0
STU0071,4,2022-23,MA401,0.915,90.52,91.62,94.23,70.74,74.36,69.58,66.87,7.0,0
STU0071,4,2022-23,AI405,1.113,85.8,84.94,81.72,63.04,71.44,74.17,72.82,8.0,0
STU0071,5,2023-24,AI501,0.948,91.65,91.02,85.97,74.15,76.55,73.32,67.7,7.0,0
STU0071,5,2023-24,AI502,1.176,98.52,96.86,94.65,54.3,50.61,43.73,39.82,0.0,1
STU0071,5,2023-24,AI503,1.0,80.23,75.09,75.81,68.7,70.3,68.76,68.21,7.0,0
STU0071,5,2023-24,AI504,1.094,84.35,86.84,85.37,61.55,56.72,49.27,45.54,5.0,0
STU0071,5,2023-24,AI505,0.787,82.57,85.44,85.41,89.28,86.17,85.8,85.89,9.0,0
STU0071,5,2023-24,AI506,0.866,88.4,87.26,88.3,82.74,76.35,82.21,82.17,9.0,0
STU0071,6,2023-24,AI601,0.861,81.14,83.09,87.1,76.67,80.29,74.59,73.52,8.0,0
STU0071,6,2023-24,AI602,0.921,91.55,93.28,96.89,67.25,62.16,68.14,68.22,7.0,0
STU0071,6,2023-24,AI603,1.128,87.18,94.89,99.0,56.64,56.74,56.85,53.44,6.0,0
STU0071,6,2023-24,AI604,0.942,85.21,86.02,83.17,68.01,66.36,66.71,71.11,8.0,0
STU0071,6,2023-24,AI605,1.131,82.2,82.02,80.96,54.03,63.71,61.34,59.97,6.0,0
STU0071,6,2023-24,AI606,1.211,91.31,89.76,92.43,52.32,51.54,47.92,40.62,5.0,0
STU0071,7,2024-25,AI701,1.05,81.3,85.11,80.89,66.59,74.22,74.38,72.32,8.0,0
STU0071,7,2024-25,AI702,0.924,81.48,88.07,87.74,57.64,66.17,64.37,68.73,7.0,0
STU0071,7,2024-25,AI703,1.075,80.1,83.48,80.91,54.87,52.48,51.58,53.22,6.0,0
STU0071,7,2024-25,AI704,1.065,74.47,72.59,71.32,59.8,53.5,56.68,53.3,6.0,0
STU0071,7,2024-25,AI705,1.03,85.15,80.85,81.7,57.88,53.48,47.97,45.84,5.0,0
STU0071,8,2024-25,AI801,0.949,85.98,88.81,83.46,65.16,60.89,56.0,51.3,6.0,0
STU0071,8,2024-25,AI802,0.803,82.21,83.58,84.95,73.22,68.03,69.11,67.81,7.0,0
STU0071,8,2024-25,AI803,1.107,79.84,73.34,75.48,47.49,40.98,37.97,37.11,0.0,1
STU0071,8,2024-25,AI804,1.072,80.23,84.84,79.53,56.91,60.65,64.62,55.76,6.0,0
STU0072,1,2021-22,DS101,1.033,35.0,41.38,50.0,62.56,69.34,78.38,77.16,8.0,0
STU0072,1,2021-22,DS102,1.091,35.0,41.04,50.0,60.35,67.5,76.74,77.06,8.0,0
STU0072,1,2021-22,MA101,0.907,35.25,40.0,50.0,74.54,82.84,87.33,92.24,10.0,0
STU0072,1,2021-22,PH101,0.787,35.0,43.47,51.61,81.85,89.81,95.51,97.66,10.0,0
STU0072,1,2021-22,EE101,0.95,35.0,40.17,50.0,63.51,70.78,75.03,77.11,8.0,0
STU0072,2,2021-22,DS201,0.95,41.44,48.81,55.8,72.5,77.56,83.61,87.34,9.0,0
STU0072,2,2021-22,DS202,1.03,41.42,50.38,59.97,66.27,73.36,77.94,78.37,8.0,0
STU0072,2,2021-22,MA201,0.965,45.04,52.0,58.01,72.1,78.36,82.65,87.24,9.0,0
STU0072,2,2021-22,CH101,1.14,46.89,54.82,62.7,73.89,80.4,84.73,83.02,9.0,0
STU0072,2,2021-22,ME101,1.01,46.38,53.78,61.95,77.09,82.15,90.93,86.99,9.0,0
STU0072,3,2022-23,DS301,1.204,56.98,65.34,74.47,57.32,65.44,74.51,77.93,8.0,0
STU0072,3,2022-23,DS302,0.852,56.13,62.6,71.44,80.97,88.59,97.31,93.19,10.0,0
STU0072,3,2022-23,DS303,0.922,58.01,65.14,73.91,76.41,85.05,90.27,93.25,10.0,0
STU0072,3,2022-23,MA301,0.821,56.86,65.63,74.53,86.34,90.4,96.01,94.68,10.0,0
STU0072,3,2022-23,CS301,0.955,53.29,60.13,66.85,71.53,77.31,86.02,83.49,9.0,0
STU0072,3,2022-23,DS304,0.848,57.87,62.96,72.37,79.69,87.91,92.91,88.62,9.0,0
STU0072,4,2022-23,DS401,0.877,56.06,62.2,71.33,76.04,81.91,86.81,88.92,9.0,0
STU0072,4,2022-23,DS402,1.194,53.87,62.15,71.17,66.83,73.58,81.49,80.88,9.0,0
STU0072,4,2022-23,DS403,1.016,57.86,62.7,69.77,68.59,76.24,82.68,84.47,9.0,0
STU0072,4,2022-23,DS404,1.03,53.13,58.35,67.9,72.73,78.51,86.24,87.84,9.0,0
STU0072,4,2022-23,MA401,0.92,53.11,61.05,68.75,69.87,75.97,81.94,79.92,8.0,0
STU0072,4,2022-23,DS405,0.987,56.14,63.02,70.93,74.95,78.96,88.01,87.39,9.0,0
STU0072,5,2023-24,DS501,0.917,49.8,55.12,64.78,79.35,88.16,93.47,94.71,10.0,0
STU0072,5,2023-24,DS502,1.017,54.25,61.28,68.57,76.75,82.21,87.82,78.84,8.0,0
STU0072,5,2023-24,DS503,0.814,54.44,59.76,69.48,88.21,93.28,98.0,98.88,10.0,0
STU0072,5,2023-24,DS504,0.94,53.03,58.13,64.4,77.52,85.79,95.14,92.92,10.0,0
STU0072,5,2023-24,DS505,1.223,56.15,63.19,68.45,58.71,66.38,74.42,77.92,8.0,0
STU0072,5,2023-24,DS506,1.147,50.65,58.37,67.03,58.97,64.77,74.44,77.16,8.0,0
STU0072,6,2023-24,DS601,1.06,57.99,62.09,71.67,75.82,82.52,89.71,90.99,10.0,0
STU0072,6,2023-24,DS602,1.002,61.23,68.27,75.38,79.34,85.57,90.65,86.02,9.0,0
STU0072,6,2023-24,DS603,0.913,61.73,68.69,76.35,82.0,89.72,96.89,96.46,10.0,0
STU0072,6,2023-24,DS604,0.873,61.63,69.72,77.21,86.04,90.5,96.49,96.6,10.0,0
STU0072,6,2023-24,DS605,1.046,62.53,71.09,77.11,69.57,74.35,81.72,83.08,9.0,0
STU0072,6,2023-24,DS606,0.887,58.0,66.93,72.94,90.26,97.22,98.0,99.12,10.0,0
STU0072,7,2024-25,DS701,1.096,51.58,57.08,62.65,64.33,70.37,76.02,78.21,8.0,0
STU0072,7,2024-25,DS702,1.077,54.56,62.51,69.79,63.55,71.69,76.97,75.06,8.0,0
STU0072,7,2024-25,DS703,1.201,54.34,62.11,70.68,63.34,71.16,77.0,76.34,8.0,0
STU0072,7,2024-25,DS704,0.958,52.83,57.92,64.31,71.29,75.42,81.83,79.65,8.0,0
STU0072,7,2024-25,DS705,0.897,54.3,61.25,68.08,81.25,88.66,94.09,92.3,10.0,0
STU0072,8,2024-25,DS801,0.996,50.46,56.92,62.54,72.77,77.3,86.45,87.05,9.0,0
STU0072,8,2024-25,DS802,0.925,53.5,59.2,68.21,76.19,83.25,87.77,92.43,10.0,0
STU0072,8,2024-25,DS803,1.012,51.21,58.54,65.54,76.21,82.82,89.82,94.81,10.0,0
STU0072,8,2024-25,DS804,0.997,52.22,56.23,63.91,70.06,77.27,86.62,90.6,10.0,0
STU0073,1,2021-22,CS101,1.137,88.94,87.61,89.04,68.48,67.54,77.38,79.52,8.0,0
STU0073,1,2021-22,CS102,0.933,92.34,89.05,85.04,86.24,82.38,82.56,79.44,8.0,0
STU0073,1,2021-22,MA101,0.965,88.22,87.88,95.96,85.9,85.39,84.46,82.34,9.0,0
STU0073,1,2021-22,PH101,0.876,89.35,94.01,82.96,92.74,97.9,88.3,88.41,9.0,0
STU0073,1,2021-22,EE101,0.948,89.28,90.03,91.14,74.11,81.43,79.29,87.18,9.0,0
STU0073,2,2021-22,CS201,1.039,89.51,93.97,90.51,68.3,76.69,75.03,77.71,8.0,0
STU0073,2,2021-22,CS202,0.773,79.47,82.85,82.33,97.84,95.02,87.57,87.84,9.0,0
STU0073,2,2021-22,MA201,0.832,86.42,83.04,85.32,85.97,84.61,86.15,88.94,9.0,0
STU0073,2,2021-22,CH101,1.022,93.05,99.0,96.54,65.54,60.04,68.15,64.5,7.0,0
STU0073,2,2021-22,ME101,0.953,85.96,92.16,87.57,81.67,81.74,81.16,81.08,9.0,0
STU0073,3,2022-23,CS301,0.913,82.6,78.48,82.62,78.63,81.65,80.85,80.27,9.0,0
STU0073,3,2022-23,CS302,0.991,90.77,88.36,87.83,78.6,83.47,90.16,87.27,9.0,0
STU0073,3,2022-23,CS303,0.923,87.05,82.45,85.5,80.94,80.25,84.88,82.62,9.0,0
STU0073,3,2022-23,MA301,1.135,94.81,95.89,95.86,65.49,59.23,58.35,64.52,7.0,0
STU0073,3,2022-23,EC301,1.255,88.21,86.3,89.9,58.31,62.57,59.22,60.14,7.0,0
STU0073,3,2022-23,CS304,0.957,87.82,85.82,85.34,78.24,81.37,80.65,85.0,9.0,0
STU0073,4,2022-23,CS401,0.929,84.65,90.33,89.68,72.41,69.52,69.89,57.66,6.0,0
STU0073,4,2022-23,CS402,0.904,85.9,78.22,76.93,80.8,80.16,80.67,78.33,8.0,0
STU0073,4,2022-23,CS403,1.151,82.96,78.66,78.52,66.85,69.35,67.02,72.34,8.0,0
STU0073,4,2022-23,CS404,0.991,77.75,79.83,79.35,71.93,75.93,74.75,73.88,8.0,0
STU0073,4,2022-23,MA401,0.85,82.48,83.34,81.28,75.99,78.92,82.04,84.14,9.0,0
STU0073,4,2022-23,CS405,0.889,84.52,85.36,87.44,83.69,77.33,85.08,81.45,9.0,0
STU0073,5,2023-24,CS501,1.084,86.09,83.87,77.68,69.53,63.69,66.47,63.7,7.0,0
STU0073,5,2023-24,CS502,0.947,81.57,82.71,83.08,81.9,89.61,97.68,97.15,10.0,0
STU0073,5,2023-24,CS503,1.013,85.8,83.52,82.02,69.83,69.75,68.46,65.65,7.0,0
STU0073,5,2023-24,CS504,1.103,78.74,79.29,79.26,67.43,69.48,68.33,67.09,7.0,0
STU0073,5,2023-24,CS505,0.987,75.85,73.04,74.89,73.07,68.72,68.18,63.49,7.0,0
STU0073,5,2023-24,CS506,1.016,78.95,86.28,88.33,64.72,60.37,63.24,65.88,7.0,0
STU0073,6,2023-24,CS601,1.057,98.25,98.51,98.62,70.63,77.42,78.02,77.72,8.0,0
STU0073,6,2023-24,CS602,0.905,97.46,99.0,95.84,92.18,95.76,90.15,92.08,10.0,0
STU0073,6,2023-24,CS603,1.053,95.05,99.0,99.0,83.19,84.36,87.24,88.54,9.0,0
STU0073,6,2023-24,CS604,1.282,93.11,91.66,93.58,73.68,69.32,66.3,64.11,7.0,0
STU0073,6,2023-24,CS605,0.856,88.76,92.05,92.82,88.22,91.3,92.86,95.71,10.0,0
STU0073,6,2023-24,CS606,0.928,87.65,90.03,92.92,81.9,82.97,80.2,83.11,9.0,0
STU0073,7,2024-25,CS701,0.899,89.99,88.69,86.84,88.04,83.19,90.04,95.27,10.0,0
STU0073,7,2024-25,CS702,1.133,94.75,94.32,94.98,64.61,65.32,66.83,64.35,7.0,0
STU0073,7,2024-25,CS703,1.195,92.41,88.81,88.09,61.86,58.08,65.15,65.18,7.0,0
STU0073,7,2024-25,CS704,1.124,94.39,96.06,96.01,66.81,72.66,75.61,75.07,8.0,0
STU0073,7,2024-25,CS705,1.119,98.79,99.0,99.0,66.85,62.8,61.26,61.38,7.0,0
STU0073,8,2024-25,CS801,1.046,92.35,93.99,92.26,70.25,75.73,71.0,69.86,7.0,0
STU0073,8,2024-25,CS802,1.004,93.0,96.49,97.01,85.92,92.36,90.22,89.04,9.0,0
STU0073,8,2024-25,CS803,1.09,94.74,92.3,85.86,76.81,82.95,83.53,91.44,10.0,0
STU0073,8,2024-25,CS804,0.9,84.98,82.33,82.64,89.68,86.22,91.27,92.08,10.0,0
STU0074,1,2021-22,EC101,0.95,88.95,92.05,95.55,89.34,89.56,85.18,84.22,9.0,0
STU0074,1,2021-22,EC102,1.003,94.73,92.89,93.59,74.09,75.63,75.42,75.03,8.0,0
STU0074,1,2021-22,MA101,1.102,85.8,90.7,88.04,79.89,72.71,74.08,75.91,8.0,0
STU0074,1,2021-22,PH101,0.957,89.65,88.38,89.95,85.36,95.34,89.14,80.74,9.0,0
STU0074,1,2021-22,EE101,1.144,86.75,89.23,93.88,73.37,78.15,80.28,74.57,8.0,0
STU0074,2,2021-22,EC201,0.963,86.95,87.38,83.18,97.98,97.3,93.26,95.25,10.0,0
STU0074,2,2021-22,EC202,1.057,92.56,88.07,90.65,93.95,93.76,93.28,96.31,10.0,0
STU0074,2,2021-22,MA201,0.828,95.43,85.84,93.37,98.0,97.15,96.88,98.03,10.0,0
STU0074,2,2021-22,CH101,1.0,88.76,93.34,95.32,85.07,88.41,90.76,89.13,9.0,0
STU0074,2,2021-22,ME101,1.095,88.67,87.89,87.02,69.92,67.55,70.76,70.69,8.0,0
STU0074,3,2022-23,EC301,0.964,85.06,92.78,89.09,86.83,83.37,83.98,81.27,9.0,0
STU0074,3,2022-23,EC302,0.851,92.03,93.45,97.46,93.19,98.0,98.0,99.5,10.0,0
STU0074,3,2022-23,EC303,0.837,87.49,89.31,89.01,95.9,92.22,92.77,93.13,10.0,0
STU0074,3,2022-23,MA301,0.858,92.52,86.57,87.21,98.0,98.0,98.0,95.31,10.0,0
STU0074,3,2022-23,CS301,1.212,95.45,92.5,90.84,71.83,79.92,74.23,71.22,8.0,0
STU0074,3,2022-23,EC304,0.983,81.26,81.33,85.48,73.68,74.25,71.64,76.56,8.0,0
STU0074,4,2022-23,EC401,0.928,95.25,96.13,95.65,84.75,86.2,84.22,82.15,9.0,0
STU0074,4,2022-23,EC402,1.177,94.35,96.61,95.24,69.04,67.93,69.44,71.37,8.0,0
STU0074,4,2022-23,EC403,0.996,88.99,91.65,91.77,75.44,65.83,67.17,64.68,7.0,0
STU0074,4,2022-23,EC404,1.052,89.06,89.53,88.2,87.05,91.33,97.39,97.46,10.0,0
STU0074,4,2022-23,MA401,1.099,92.53,97.67,97.42,67.96,58.96,66.47,67.91,7.0,0
STU0074,4,2022-23,EC405,1.065,98.12,92.34,91.09,76.11,79.45,76.34,72.73,8.0,0
STU0074,5,2023-24,EC501,0.911,88.48,90.7,88.25,79.06,71.94,71.68,73.18,8.0,0
STU0074,5,2023-24,EC502,0.976,92.41,86.76,81.35,93.03,98.0,98.0,96.02,10.0,0
STU0074,5,2023-24,EC503,0.971,90.68,95.28,96.69,84.75,84.0,87.57,88.47,9.0,0
STU0074,5,2023-24,EC504,1.005,87.71,87.32,83.54,79.16,79.56,68.74,68.05,7.0,0
STU0074,5,2023-24,EC505,0.859,92.68,94.91,93.42,95.63,98.0,96.97,99.5,10.0,0
STU0074,5,2023-24,EC506,0.913,96.57,95.78,92.83,85.62,80.68,84.21,79.4,8.0,0
STU0074,6,2023-24,EC601,1.1,82.44,83.39,81.32,83.72,84.32,77.76,74.87,8.0,0
STU0074,6,2023-24,EC602,0.935,79.32,83.71,83.73,92.55,90.34,88.07,87.2,9.0,0
STU0074,6,2023-24,EC603,0.871,79.09,81.77,82.42,98.0,98.0,97.79,88.17,9.0,0
STU0074,6,2023-24,EC604,1.065,82.78,80.6,81.56,81.28,87.48,86.51,94.98,10.0,0
STU0074,6,2023-24,EC605,1.226,82.01,84.32,88.29,80.98,86.08,82.72,78.37,8.0,0
STU0074,6,2023-24,EC606,0.925,83.02,80.42,74.73,91.46,98.0,97.01,99.5,10.0,0
STU0074,7,2024-25,EC701,0.983,89.29,92.01,90.6,79.17,75.55,71.9,72.15,8.0,0
STU0074,7,2024-25,EC702,0.772,90.48,94.91,93.13,98.0,98.0,98.0,99.28,10.0,0
STU0074,7,2024-25,EC703,0.91,91.59,88.06,83.43,94.19,92.04,82.93,84.69,9.0,0
STU0074,7,2024-25,EC704,1.175,91.9,90.15,82.66,71.94,68.98,64.92,59.08,6.0,0
STU0074,7,2024-25,EC705,1.225,84.87,78.49,84.42,68.45,67.9,69.29,70.59,8.0,0
STU0074,8,2024-25,EC801,0.81,77.14,75.36,74.1,98.0,96.74,93.68,94.86,10.0,0
STU0074,8,2024-25,EC802,1.086,76.83,72.04,72.67,76.63,80.39,75.95,72.34,8.0,0
STU0074,8,2024-25,EC803,0.924,82.14,80.91,80.6,90.03,94.6,96.77,92.2,10.0,0
STU0074,8,2024-25,EC804,1.108,82.42,86.22,84.37,72.44,72.06,72.8,76.35,8.0,0
STU0075,1,2021-22,AI101,0.985,78.94,77.56,79.94,69.53,69.57,74.26,70.86,8.0,0
STU0075,1,2021-22,AI102,1.233,74.57,72.8,76.39,68.57,70.18,71.67,77.03,8.0,0
STU0075,1,2021-22,MA101,0.836,71.98,65.24,62.26,86.88,88.6,93.13,95.86,10.0,0
STU0075,1,2021-22,PH101,1.106,75.05,76.39,73.82,71.4,71.59,75.57,82.7,9.0,0
STU0075,1,2021-22,EE101,0.996,74.47,68.76,65.62,81.25,83.43,84.46,85.61,9.0,0
STU0075,2,2021-22,AI201,1.118,75.32,70.27,71.45,61.32,63.62,64.16,61.13,7.0,0
STU0075,2,2021-22,AI202,1.05,77.0,74.99,77.73,70.88,74.82,74.38,77.9,8.0,0
STU0075,2,2021-22,MA201,0.89,70.22,67.46,67.91,84.44,85.73,80.49,78.34,8.0,0
STU0075,2,2021-22,CH101,1.152,75.25,77.43,76.54,67.3,65.16,56.84,59.94,6.0,0
STU0075,2,2021-22,ME101,1.022,70.83,70.84,69.2,81.73,84.75,79.59,75.74,8.0,0
STU0075,3,2022-23,AI301,1.062,78.26,76.0,77.78,73.07,78.73,82.03,79.52,8.0,0
STU0075,3,2022-23,AI302,1.031,77.69,74.38,68.12,83.47,80.96,80.39,81.05,9.0,0
STU0075,3,2022-23,AI303,1.013,68.75,68.17,74.37,72.41,79.77,79.91,78.86,8.0,0
STU0075,3,2022-23,MA301,1.017,78.98,79.04,77.0,66.37,68.89,69.32,74.31,8.0,0
STU0075,3,2022-23,CS301,0.996,72.78,73.91,74.17,72.6,75.38,77.62,74.03,8.0,0
STU0075,3,2022-23,AI304,0.944,83.21,79.78,79.18,80.02,74.83,74.38,73.99,8.0,0
STU0075,4,2022-23,AI401,1.0,71.37,75.1,76.55,68.85,67.07,67.63,66.44,7.0,0
STU0075,4,2022-23,AI402,0.818,75.01,76.85,79.44,93.59,89.86,93.39,89.97,9.0,0
STU0075,4,2022-23,AI403,1.043,71.0,72.47,67.19,72.46,68.92,71.09,72.21,8.0,0
STU0075,4,2022-23,AI404,1.046,74.03,69.94,75.16,68.87,68.27,74.5,71.84,8.0,0
STU0075,4,2022-23,MA401,0.994,74.52,73.71,74.66,70.24,69.94,70.53,74.63,8.0,0
STU0075,4,2022-23,AI405,1.199,74.52,78.71,76.18,71.93,70.83,70.68,72.28,8.0,0
STU0075,5,2023-24,AI501,0.759,80.54,77.35,80.06,98.0,98.0,98.0,96.53,10.0,0
STU0075,5,2023-24,AI502,1.165,78.57,77.92,81.91,62.14,52.66,47.05,51.35,6.0,0
STU0075,5,2023-24,AI503,1.03,78.6,81.78,82.82,72.66,70.69,65.4,69.4,7.0,0
STU0075,5,2023-24,AI504,1.01,79.21,82.77,82.93,83.44,74.6,73.21,76.31,8.0,0
STU0075,5,2023-24,AI505,0.91,81.25,81.59,88.24,83.01,82.38,90.49,89.4,9.0,0
STU0075,5,2023-24,AI506,1.127,79.15,82.95,81.73,67.15,65.5,56.61,55.82,6.0,0
STU0075,6,2023-24,AI601,1.018,81.0,82.82,82.55,77.4,83.89,88.88,93.14,10.0,0
STU0075,6,2023-24,AI602,1.158,70.52,69.29,70.38,67.17,64.34,67.22,69.02,7.0,0
STU0075,6,2023-24,AI603,1.211,73.35,70.09,77.44,67.55,59.0,60.8,57.57,6.0,0
STU0075,6,2023-24,AI604,0.954,70.56,74.45,75.88,80.91,81.8,84.82,84.19,9.0,0
STU0075,6,2023-24,AI605,1.199,80.4,78.71,77.92,63.32,55.68,51.77,49.66,5.0,0
STU0075,6,2023-24,AI606,1.159,70.74,71.08,71.83,68.33,72.92,71.51,69.74,7.0,0
STU0075,7,2024-25,AI701,1.093,73.63,69.38,68.22,83.69,77.19,74.04,77.73,8.0,0
STU0075,7,2024-25,AI702,0.887,73.5,73.97,73.18,91.17,89.99,90.01,89.62,9.0,0
STU0075,7,2024-25,AI703,0.902,68.5,75.23,72.33,83.34,84.23,79.58,82.33,9.0,0
STU0075,7,2024-25,AI704,1.031,74.82,73.07,68.87,77.87,78.48,75.57,77.14,8.0,0
STU0075,7,2024-25,AI705,1.19,75.96,75.1,71.74,65.3,63.41,58.7,67.26,7.0,0
STU0075,8,2024-25,AI801,0.959,87.99,94.71,95.54,79.94,84.72,87.17,88.48,9.0,0
STU0075,8,2024-25,AI802,0.937,74.48,69.62,77.96,80.69,79.59,85.27,83.02,9.0,0
STU0075,8,2024-25,AI803,1.07,81.54,83.15,81.97,64.44,60.73,57.21,57.2,6.0,0
STU0075,8,2024-25,AI804,0.813,76.24,76.72,76.27,92.07,91.87,98.0,98.38,10.0,0
STU0076,1,2021-22,DS101,1.122,76.45,78.85,80.23,54.92,55.42,62.62,63.35,7.0,0
STU0076,1,2021-22,DS102,0.882,75.37,67.97,68.45,78.33,72.29,72.97,75.92,8.0,0
STU0076,1,2021-22,MA101,1.131,81.77,75.23,77.0,48.42,43.93,47.63,48.1,5.0,0
STU0076,1,2021-22,PH101,1.087,72.93,78.09,80.5,62.65,57.79,63.06,62.11,7.0,0
STU0076,1,2021-22,EE101,0.927,79.15,81.19,78.23,78.57,86.73,89.45,90.75,10.0,0
STU0076,2,2021-22,DS201,1.014,70.44,68.43,67.34,53.32,48.39,52.53,57.73,6.0,0
STU0076,2,2021-22,DS202,0.887,70.78,74.62,72.8,77.93,77.78,83.14,79.29,8.0,0
STU0076,2,2021-22,MA201,0.867,71.16,71.5,71.3,79.09,74.91,68.74,67.24,7.0,0
STU0076,2,2021-22,CH101,0.953,68.91,73.35,76.05,72.01,73.01,71.05,68.49,7.0,0
STU0076,2,2021-22,ME101,0.856,67.27,67.12,63.07,78.05,77.18,75.39,78.87,8.0,0
STU0076,3,2022-23,DS301,0.718,75.66,78.33,73.6,70.45,62.81,63.09,62.07,7.0,0
STU0076,3,2022-23,DS302,0.967,73.24,69.83,73.79,58.21,52.88,49.73,47.11,5.0,0
STU0076,3,2022-23,DS303,1.169,77.55,77.11,83.09,54.28,53.24,51.39,50.31,6.0,0
STU0076,3,2022-23,MA301,0.886,81.65,78.12,81.16,65.5,64.13,72.27,67.59,7.0,0
STU0076,3,2022-23,CS301,0.99,72.75,76.12,77.35,46.84,52.42,54.61,51.5,6.0,0
STU0076,3,2022-23,DS304,0.958,69.51,68.91,69.44,55.68,53.66,46.4,47.41,5.0,0
STU0076,4,2022-23,DS401,0.784,76.57,76.55,77.96,77.13,81.84,74.6,74.42,8.0,0
STU0076,4,2022-23,DS402,1.241,76.84,73.94,73.66,44.08,38.78,42.69,44.45,5.0,0
STU0076,4,2022-23,DS403,0.84,76.0,74.01,68.41,60.91,55.21,54.95,53.57,6.0,0
STU0076,4,2022-23,DS404,0.885,74.8,77.42,78.67,69.53,68.5,75.72,76.76,8.0,0
STU0076,4,2022-23,MA401,0.941,76.74,72.37,71.3,62.8,65.56,63.71,71.91,8.0,0
STU0076,4,2022-23,DS405,0.979,69.65,73.9,76.03,59.46,57.37,59.14,63.99,7.0,0
STU0076,5,2023-24,DS501,0.586,71.9,68.45,68.1,98.0,94.04,90.59,88.57,9.0,0
STU0076,5,2023-24,DS502,1.093,72.66,68.43,64.68,61.91,66.64,71.31,68.3,7.0,0
STU0076,5,2023-24,DS503,1.119,63.26,62.55,64.25,48.24,57.66,63.63,65.57,7.0,0
STU0076,5,2023-24,DS504,0.884,70.09,72.86,68.93,73.29,77.39,70.66,71.66,8.0,0
STU0076,5,2023-24,DS505,0.789,66.59,64.82,66.62,79.59,80.16,77.07,75.47,8.0,0
STU0076,5,2023-24,DS506,1.15,65.76,68.42,68.42,54.16,48.68,43.52,41.31,5.0,0
STU0076,6,2023-24,DS601,0.964,77.72,77.43,79.1,69.82,63.57,62.31,65.99,7.0,0
STU0076,6,2023-24,DS602,0.842,78.96,78.36,76.37,84.19,84.35,91.15,91.17,10.0,0
STU0076,6,2023-24,DS603,1.055,76.35,74.37,75.8,62.97,65.66,67.36,63.35,7.0,0
STU0076,6,2023-24,DS604,0.903,82.06,75.2,76.23,70.51,74.33,76.21,74.22,8.0,0
STU0076,6,2023-24,DS605,0.915,76.57,78.6,70.54,70.95,66.98,67.84,68.87,7.0,0
STU0076,6,2023-24,DS606,0.801,77.75,78.3,78.6,79.58,74.08,69.28,65.14,7.0,0
STU0076,7,2024-25,DS701,0.994,68.96,68.84,71.06,58.22,55.81,48.74,47.48,5.0,0
STU0076,7,2024-25,DS702,0.892,77.31,77.9,82.42,74.86,76.39,73.88,70.57,8.0,0
STU0076,7,2024-25,DS703,1.1,80.75,83.22,83.68,56.04,61.18,63.78,69.86,7.0,0
STU0076,7,2024-25,DS704,0.861,79.23,81.15,79.96,84.6,86.41,82.2,72.84,8.0,0
STU0076,7,2024-25,DS705,1.202,77.6,81.25,77.31,46.86,55.24,50.78,54.24,6.0,0
STU0076,8,2024-25,DS801,1.093,78.59,77.38,79.84,58.07,62.77,63.21,66.4,7.0,0
STU0076,8,2024-25,DS802,1.135,84.53,84.06,82.18,52.81,60.55,60.91,60.17,7.0,0
STU0076,8,2024-25,DS803,0.972,83.07,81.36,79.36,61.56,61.77,67.65,65.48,7.0,0
STU0076,8,2024-25,DS804,1.066,85.59,86.99,93.55,65.35,65.65,67.16,69.7,7.0,0
STU0077,1,2021-22,CS101,1.022,93.63,93.46,93.14,63.49,63.86,63.53,64.71,7.0,0
STU0077,1,2021-22,CS102,1.032,73.49,68.92,68.35,64.84,60.19,51.91,56.78,6.0,0
STU0077,1,2021-22,MA101,1.193,84.41,82.36,87.51,54.37,56.33,52.77,52.84,6.0,0
STU0077,1,2021-22,PH101,1.058,75.4,73.92,74.8,59.06,54.81,55.94,54.34,6.0,0
STU0077,1,2021-22,EE101,0.852,81.5,83.03,90.88,81.53,81.58,80.3,83.75,9.0,0
STU0077,2,2021-22,CS201,1.027,89.34,90.66,85.74,60.4,59.24,61.23,61.69,7.0,0
STU0077,2,2021-22,CS202,1.16,87.28,88.93,85.38,55.5,54.53,45.24,41.3,5.0,0
STU0077,2,2021-22,MA201,1.087,88.3,86.23,84.28,52.75,57.21,53.56,51.85,6.0,0
STU0077,2,2021-22,CH101,1.122,89.67,89.04,89.08,58.95,57.1,56.65,56.06,6.0,0
STU0077,2,2021-22,ME101,1.082,91.35,95.36,98.92,53.18,58.99,55.95,50.6,6.0,0
STU0077,3,2022-23,CS301,0.756,84.82,87.73,86.4,71.98,76.13,71.98,67.12,7.0,0
STU0077,3,2022-23,CS302,0.992,82.08,83.18,85.87,63.69,58.0,48.83,50.21,6.0,0
STU0077,3,2022-23,CS303,1.006,80.14,79.64,76.71,67.07,58.02,59.93,56.07,6.0,0
STU0077,3,2022-23,MA301,0.921,80.22,76.78,75.99,50.71,43.81,35.46,31.8,0.0,1
STU0077,3,2022-23,EC301,0.905,81.95,79.7,76.65,62.37,59.23,57.56,56.56,6.0,0
STU0077,3,2022-23,CS304,0.906,75.67,75.51,78.43,59.55,59.06,57.06,58.8,6.0,0
STU0077,4,2022-23,CS401,0.985,82.5,78.64,79.71,56.94,59.25,57.46,61.22,7.0,0
STU0077,4,2022-23,CS402,0.807,83.65,84.75,86.36,78.03,69.94,79.69,81.25,9.0,0
STU0077,4,2022-23,CS403,1.232,88.94,90.44,91.34,51.42,41.16,40.76,43.67,5.0,0
STU0077,4,2022-23,CS404,1.183,80.22,81.48,83.49,49.21,45.0,42.02,38.89,0.0,1
STU0077,4,2022-23,MA401,0.819,80.8,88.56,89.42,70.3,71.98,68.26,63.28,7.0,0
STU0077,4,2022-23,CS405,0.917,76.96,70.49,68.56,66.45,68.22,69.45,74.45,8.0,0
STU0077,5,2023-24,CS501,0.953,89.76,86.93,89.53,64.15,69.64,69.68,68.97,7.0,0
STU0077,5,2023-24,CS502,0.957,83.46,76.93,75.11,59.75,54.62,52.09,49.4,5.0,0
STU0077,5,2023-24,CS503,0.938,86.57,88.77,94.29,65.45,58.61,57.13,55.21,6.0,0
STU0077,5,2023-24,CS504,0.882,88.36,89.96,90.2,60.57,60.2,70.67,68.16,7.0,0
STU0077,5,2023-24,CS505,0.974,89.63,88.09,86.48,60.44,62.0,57.79,60.56,7.0,0
STU0077,5,2023-24,CS506,0.953,84.9,83.44,78.77,51.97,53.0,44.83,47.13,5.0,0
STU0077,6,2023-24,CS601,0.93,97.38,96.36,99.0,70.14,61.89,76.26,81.12,9.0,0
STU0077,6,2023-24,CS602,1.048,95.75,96.71,99.0,60.62,55.93,55.48,53.91,6.0,0
STU0077,6,2023-24,CS603,1.076,86.22,86.74,81.81,62.12,56.64,59.36,59.71,6.0,0
STU0077,6,2023-24,CS604,1.125,89.83,92.68,93.2,57.86,49.8,46.9,46.41,5.0,0
STU0077,6,2023-24,CS605,1.164,91.82,85.81,87.34,49.45,45.9,45.63,46.46,5.0,0
STU0077,6,2023-24,CS606,0.907,83.45,82.83,82.05,76.31,76.5,81.81,79.16,8.0,0
STU0077,7,2024-25,CS701,0.971,89.21,85.14,81.17,70.2,67.77,68.85,69.34,7.0,0
STU0077,7,2024-25,CS702,1.078,90.09,93.31,94.11,63.32,63.31,68.03,73.55,8.0,0
STU0077,7,2024-25,CS703,1.09,89.96,89.2,90.05,59.14,56.37,55.49,60.86,7.0,0
STU0077,7,2024-25,CS704,0.99,94.47,91.06,91.55,70.91,74.38,69.51,65.86,7.0,0
STU0077,7,2024-25,CS705,1.074,85.76,87.98,93.0,58.73,56.38,47.26,49.66,5.0,0
STU0077,8,2024-25,CS801,1.149,82.7,85.44,83.32,60.3,62.79,65.14,64.39,7.0,0
STU0077,8,2024-25,CS802,1.055,75.91,75.52,74.81,72.48,66.05,68.97,70.05,8.0,0
STU0077,8,2024-25,CS803,0.728,80.84,84.32,82.91,98.0,98.0,98.0,99.5,10.0,0
STU0077,8,2024-25,CS804,1.013,81.73,87.36,94.61,66.83,68.77,65.97,72.93,8.0,0
STU0078,1,2021-22,EC101,0.98,93.91,87.58,91.23,93.55,90.89,82.74,87.19,9.0,0
STU0078,1,2021-22,EC102,1.163,95.07,94.42,93.44,80.04,78.6,79.31,79.29,8.0,0
STU0078,1,2021-22,MA101,1.039,91.48,91.51,97.78,84.71,86.43,90.13,86.77,9.0,0
STU0078,1,2021-22,PH101,1.122,93.12,90.96,90.62,78.69,79.08,83.97,81.71,9.0,0
STU0078,1,2021-22,EE101,0.865,88.86,87.43,87.9,96.97,91.63,85.54,81.7,9.0,0
STU0078,2,2021-22,EC201,0.954,91.91,87.82,88.87,82.45,76.44,78.11,80.14,9.0,0
STU0078,2,2021-22,EC202,1.095,91.05,90.43,91.39,75.09,80.9,76.8,78.31,8.0,0
STU0078,2,2021-22,MA201,0.872,87.04,81.42,82.21,98.0,95.49,94.4,97.0,10.0,0
STU0078,2,2021-22,CH101,1.005,91.49,92.87,95.93,73.97,74.38,69.4,68.21,7.0,0
STU0078,2,2021-22,ME101,1.052,85.69,82.94,87.33,85.19,79.01,82.44,82.95,9.0,0
STU0078,3,2022-23,EC301,1.019,96.56,97.31,98.08,79.68,90.73,76.89,74.71,8.0,0
STU0078,3,2022-23,EC302,0.941,97.34,92.4,91.78,95.16,89.68,89.07,88.56,9.0,0
STU0078,3,2022-23,EC303,0.928,93.85,92.36,95.75,95.16,94.33,94.63,93.46,10.0,0
STU0078,3,2022-23,MA301,1.16,95.51,95.02,96.56,83.45,80.37,84.35,85.59,9.0,0
STU0078,3,2022-23,CS301,0.974,90.79,93.79,94.81,95.38,98.0,98.0,95.83,10.0,0
STU0078,3,2022-23,EC304,1.247,91.23,94.13,87.93,76.75,67.59,66.18,63.0,7.0,0
STU0078,4,2022-23,EC401,1.063,87.88,82.82,86.42,83.94,90.73,93.49,91.21,10.0,0
STU0078,4,2022-23,EC402,0.976,85.89,88.62,91.22,88.2,92.46,94.29,96.3,10.0,0
STU0078,4,2022-23,EC403,1.062,90.13,86.86,87.53,89.17,94.19,98.0,95.34,10.0,0
STU0078,4,2022-23,EC404,1.249,93.87,90.84,89.8,74.95,71.7,74.32,74.95,8.0,0
STU0078,4,2022-23,MA401,1.155,88.53,81.42,84.44,83.54,83.25,83.92,84.37,9.0,0
STU0078,4,2022-23,EC405,0.93,96.69,93.95,97.2,98.0,95.94,91.73,91.41,10.0,0
STU0078,5,2023-24,EC501,1.218,87.61,85.64,88.72,63.31,60.77,60.19,60.14,7.0,0
STU0078,5,2023-24,EC502,0.939,82.66,87.61,92.38,84.6,87.63,87.02,88.7,9.0,0
STU0078,5,2023-24,EC503,1.034,84.13,86.94,85.0,71.44,72.33,65.3,68.73,7.0,0
STU0078,5,2023-24,EC504,0.965,90.27,92.09,92.46,87.46,92.55,92.06,88.69,9.0,0
STU0078,5,2023-24,EC505,1.043,89.64,89.56,90.0,83.98,90.54,86.93,80.69,9.0,0
STU0078,5,2023-24,EC506,1.0,93.29,87.81,89.09,80.22,84.02,84.07,81.43,9.0,0
STU0078,6,2023-24,EC601,1.277,91.26,87.41,87.68,61.02,59.55,60.83,66.58,7.0,0
STU0078,6,2023-24,EC602,1.163,94.3,96.83,90.36,69.75,68.68,73.02,74.89,8.0,0
STU0078,6,2023-24,EC603,1.037,97.42,95.9,99.0,79.79,79.06,79.5,82.03,9.0,0
STU0078,6,2023-24,EC604,1.113,94.21,91.08,89.49,70.2,70.76,76.15,74.73,8.0,0
STU0078,6,2023-24,EC605,1.047,94.84,94.91,95.97,82.79,83.91,72.29,71.69,8.0,0
STU0078,6,2023-24,EC606,1.188,99.0,99.0,99.0,71.75,76.97,71.94,71.76,8.0,0
STU0078,7,2024-25,EC701,0.931,89.78,83.83,85.42,88.61,78.82,78.9,83.54,9.0,0
STU0078,7,2024-25,EC702,0.772,88.23,82.55,83.45,98.0,94.36,92.45,83.01,9.0,0
STU0078,7,2024-25,EC703,1.11,89.0,95.77,98.14,76.93,83.37,83.75,80.98,9.0,0
STU0078,7,2024-25,EC704,1.097,95.25,89.88,88.26,75.47,69.73,68.46,66.12,7.0,0
STU0078,7,2024-25,EC705,1.051,91.18,91.66,92.4,89.02,98.0,98.0,96.48,10.0,0
STU0078,8,2024-25,EC801,1.082,85.59,88.2,88.49,79.07,78.87,84.94,93.14,10.0,0
STU0078,8,2024-25,EC802,1.014,86.2,86.16,87.24,85.61,86.38,85.58,89.63,9.0,0
STU0078,8,2024-25,EC803,0.968,92.35,87.06,85.08,90.35,90.21,95.69,96.49,10.0,0
STU0078,8,2024-25,EC804,1.159,91.08,88.22,87.55,73.56,79.31,78.2,84.99,9.0,0
STU0079,1,2021-22,AI101,1.013,82.39,81.01,82.11,82.83,81.33,70.12,71.52,8.0,0
STU0079,1,2021-22,AI102,1.256,80.8,75.66,78.03,72.39,74.77,82.53,84.92,9.0,0
STU0079,1,2021-22,MA101,1.085,80.24,81.24,81.13,73.4,72.26,73.27,69.38,7.0,0
STU0079,1,2021-22,PH101,1.097,78.8,77.92,79.08,68.24,59.39,57.66,53.37,6.0,0
STU0079,1,2021-22,EE101,1.085,77.7,82.89,82.87,73.97,65.06,65.71,65.47,7.0,0
STU0079,2,2021-22,AI201,0.952,81.16,81.25,79.6,71.38,70.99,73.12,71.53,8.0,0
STU0079,2,2021-22,AI202,0.872,79.19,84.24,87.59,82.65,88.42,86.33,87.21,9.0,0
STU0079,2,2021-22,MA201,1.009,84.67,83.65,83.98,66.56,68.95,71.9,72.18,8.0,0
STU0079,2,2021-22,CH101,1.015,82.93,88.69,82.64,60.97,64.0,65.22,66.0,7.0,0
STU0079,2,2021-22,ME101,1.08,82.88,80.93,83.13,61.95,59.93,63.04,64.99,7.0,0
STU0079,3,2022-23,AI301,1.159,92.55,99.0,98.49,60.52,64.39,63.26,63.29,7.0,0
STU0079,3,2022-23,AI302,0.882,90.97,85.83,85.49,82.55,80.59,72.68,67.39,7.0,0
STU0079,3,2022-23,AI303,0.91,90.7,91.71,91.66,75.6,77.13,69.03,61.85,7.0,0
STU0079,3,2022-23,MA301,0.971,86.36,89.91,90.46,83.3,80.83,83.02,82.26,9.0,0
STU0079,3,2022-23,CS301,1.166,87.73,90.72,86.95,60.42,60.04,65.72,59.13,6.0,0
STU0079,3,2022-23,AI304,0.96,87.08,79.81,78.19,68.18,57.69,56.51,55.62,6.0,0
STU0079,4,2022-23,AI401,0.894,89.85,89.74,94.24,70.99,67.24,70.33,69.65,7.0,0
STU0079,4,2022-23,AI402,0.871,75.34,77.9,80.18,82.73,80.5,75.49,75.33,8.0,0
STU0079,4,2022-23,AI403,0.842,79.68,84.1,77.62,87.71,94.44,98.0,99.19,10.0,0
STU0079,4,2022-23,AI404,0.944,80.11,72.24,72.37,73.19,70.05,69.95,70.14,8.0,0
STU0079,4,2022-23,MA401,0.924,89.14,91.7,94.84,76.36,78.66,74.63,76.63,8.0,0
STU0079,4,2022-23,AI405,0.975,78.6,78.52,77.5,84.42,86.37,93.48,96.88,10.0,0
STU0079,5,2023-24,AI501,0.791,76.42,78.74,77.68,93.07,83.93,85.97,89.26,9.0,0
STU0079,5,2023-24,AI502,0.787,81.39,86.09,91.97,89.16,92.67,98.0,99.2,10.0,0
STU0079,5,2023-24,AI503,1.154,79.76,81.14,78.96,61.68,63.63,60.5,59.83,6.0,0
STU0079,5,2023-24,AI504,1.091,88.11,80.94,87.86,64.81,69.15,74.38,79.07,8.0,0
STU0079,5,2023-24,AI505,0.913,79.0,78.81,77.56,85.64,85.3,78.02,76.12,8.0,0
STU0079,5,2023-24,AI506,0.811,78.99,81.34,79.05,86.99,85.75,86.38,95.13,10.0,0
STU0079,6,2023-24,AI601,1.01,84.01,78.68,84.53,74.92,69.53,67.12,67.19,7.0,0
STU0079,6,2023-24,AI602,1.136,82.64,81.51,80.45,62.04,59.66,57.01,57.76,6.0,0
STU0079,6,2023-24,AI603,0.793,81.17,85.75,87.22,98.0,96.23,98.0,99.5,10.0,0
STU0079,6,2023-24,AI604,0.975,86.68,91.67,91.19,90.22,82.4,78.34,76.91,8.0,0
STU0079,6,2023-24,AI605,1.127,83.86,81.5,77.56,61.88,64.21,62.45,65.5,7.0,0
STU0079,6,2023-24,AI606,0.828,84.65,84.5,82.35,91.67,92.14,91.99,89.32,9.0,0
STU0079,7,2024-25,AI701,0.971,88.83,88.27,96.7,76.36,79.52,84.77,82.85,9.0,0
STU0079,7,2024-25,AI702,1.085,89.95,91.45,94.12,65.03,74.69,63.9,61.38,7.0,0
STU0079,7,2024-25,AI703,0.839,93.39,92.93,89.63,85.19,78.33,81.15,83.34,9.0,0
STU0079,7,2024-25,AI704,1.036,83.64,88.98,91.71,62.73,61.86,56.65,61.07,7.0,0
STU0079,7,2024-25,AI705,0.946,80.98,80.47,86.03,82.59,80.24,79.46,82.45,9.0,0
STU0079,8,2024-25,AI801,1.018,74.06,72.35,77.05,69.39,73.02,62.75,60.57,7.0,0
STU0079,8,2024-25,AI802,1.004,70.23,77.94,75.43,73.27,70.15,72.78,75.5,8.0,0
STU0079,8,2024-25,AI803,0.947,76.74,78.12,73.08,81.28,78.45,71.44,72.08,8.0,0
STU0079,8,2024-25,AI804,1.122,75.65,66.65,65.05,64.68,72.69,71.17,66.32,7.0,0
STU0080,1,2021-22,DS101,1.012,88.03,86.43,89.11,74.65,83.77,84.21,79.62,8.0,0
STU0080,1,2021-22,DS102,0.976,88.99,83.56,84.02,74.78,75.45,83.69,74.3,8.0,0
STU0080,1,2021-22,MA101,1.051,86.21,86.16,91.88,76.28,73.58,66.67,65.17,7.0,0
STU0080,1,2021-22,PH101,1.0,89.6,86.16,88.21,63.11,68.15,71.55,72.83,8.0,0
STU0080,1,2021-22,EE101,1.071,90.11,90.01,95.16,69.26,70.99,73.36,73.68,8.0,0
STU0080,2,2021-22,DS201,1.098,88.41,88.66,93.02,69.78,60.95,56.21,54.74,6.0,0
STU0080,2,2021-22,DS202,0.927,84.4,81.18,87.15,69.65,69.28,65.91,62.0,7.0,0
STU0080,2,2021-22,MA201,1.071,80.05,80.19,76.87,60.08,59.07,60.45,58.66,6.0,0
STU0080,2,2021-22,CH101,1.158,85.28,87.82,85.52,61.2,59.67,58.08,56.7,6.0,0
STU0080,2,2021-22,ME101,0.867,87.26,82.13,84.32,90.12,88.83,98.0,98.03,10.0,0
STU0080,3,2022-23,DS301,1.13,87.54,89.76,85.03,66.46,70.9,70.71,68.44,7.0,0
STU0080,3,2022-23,DS302,0.966,82.9,86.09,90.37,76.28,83.09,86.43,86.48,9.0,0
STU0080,3,2022-23,DS303,1.161,91.45,95.61,99.0,62.77,65.87,57.17,53.69,6.0,0
STU0080,3,2022-23,MA301,1.061,90.05,86.73,85.4,71.83,71.81,70.78,66.55,7.0,0
STU0080,3,2022-23,CS301,1.042,87.84,95.44,99.0,71.96,63.23,74.14,76.59,8.0,0
STU0080,3,2022-23,DS304,0.934,92.14,94.93,92.63,74.89,78.23,83.07,84.03,9.0,0
STU0080,4,2022-23,DS401,0.982,81.85,83.72,87.75,79.7,73.95,71.06,70.64,8.0,0
STU0080,4,2022-23,DS402,0.841,91.09,95.98,92.5,88.77,92.0,84.75,88.82,9.0,0
STU0080,4,2022-23,DS403,0.926,89.19,94.05,97.1,76.89,75.17,76.45,75.47,8.0,0
STU0080,4,2022-23,DS404,1.154,96.85,86.35,83.45,63.09,60.98,62.98,66.39,7.0,0
STU0080,4,2022-23,MA401,0.923,88.89,87.76,80.18,85.74,85.18,83.31,83.97,9.0,0
STU0080,4,2022-23,DS405,0.89,92.0,89.63,83.0,85.3,96.63,96.75,94.43,10.0,0
STU0080,5,2023-24,DS501,0.928,84.35,82.41,81.38,84.6,82.77,81.44,75.69,8.0,0
STU0080,5,2023-24,DS502,0.841,86.38,90.38,89.72,89.18,82.8,79.1,79.82,8.0,0
STU0080,5,2023-24,DS503,1.144,86.86,86.4,87.3,60.78,56.59,55.55,52.08,6.0,0
STU0080,5,2023-24,DS504,1.084,89.81,88.86,91.5,76.93,78.75,82.78,82.56,9.0,0
STU0080,5,2023-24,DS505,1.108,85.55,83.12,85.54,69.09,72.6,69.26,70.22,8.0,0
STU0080,5,2023-24,DS506,1.113,84.27,87.07,92.58,64.74,65.93,73.83,69.52,7.0,0
STU0080,6,2023-24,DS601,1.002,99.0,99.0,99.0,80.36,87.08,87.88,83.96,9.0,0
STU0080,6,2023-24,DS602,1.066,84.67,83.51,81.87,69.74,75.43,75.31,81.48,9.0,0
STU0080,6,2023-24,DS603,0.992,82.87,80.79,83.77,70.24,68.64,72.31,71.36,8.0,0
STU0080,6,2023-24,DS604,0.933,96.43,95.64,91.99,85.99,91.11,91.92,90.18,10.0,0
STU0080,6,2023-24,DS605,0.894,89.2,84.79,83.07,88.23,91.54,91.66,92.81,10.0,0
STU0080,6,2023-24,DS606,0.972,88.5,87.3,91.23,67.21,62.06,59.93,56.59,6.0,0
STU0080,7,2024-25,DS701,1.144,92.56,93.43,91.27,71.46,70.19,66.34,66.5,7.0,0
STU0080,7,2024-25,DS702,0.811,81.78,79.1,78.77,86.38,82.21,79.9,81.32,9.0,0
STU0080,7,2024-25,DS703,1.0,91.28,88.11,91.2,80.87,81.68,82.32,83.11,9.0,0
STU0080,7,2024-25,DS704,0.887,88.58,88.84,84.63,92.15,91.66,91.9,84.37,9.0,0
STU0080,7,2024-25,DS705,0.99,89.82,87.62,83.11,79.52,71.68,74.39,64.78,7.0,0
STU0080,8,2024-25,DS801,0.948,86.93,79.98,82.65,76.57,84.93,83.63,87.56,9.0,0
STU0080,8,2024-25,DS802,0.783,91.83,95.29,99.0,91.15,87.99,90.58,91.02,10.0,0
STU0080,8,2024-25,DS803,1.035,87.47,92.89,99.0,75.23,77.27,77.53,72.38,8.0,0
STU0080,8,2024-25,DS804,0.89,83.56,80.17,81.72,98.0,98.0,98.0,99.5,10.0,0
STU0081,1,2021-22,CS101,0.993,72.85,69.48,68.75,59.16,57.71,57.27,56.75,6.0,0
STU0081,1,2021-22,CS102,1.202,74.72,80.89,76.09,59.68,60.64,60.2,56.23,6.0,0
STU0081,1,2021-22,MA101,1.041,83.01,84.56,84.39,64.6,67.26,74.29,73.18,8.0,0
STU0081,1,2021-22,PH101,1.022,73.94,72.34,73.03,72.68,69.74,71.4,72.61,8.0,0
STU0081,1,2021-22,EE101,0.999,75.64,76.99,73.79,66.24,66.17,61.45,61.63,7.0,0
STU0081,2,2021-22,CS201,0.901,88.48,90.14,93.75,68.35,59.88,59.4,61.71,7.0,0
STU0081,2,2021-22,CS202,0.961,83.89,90.81,88.26,72.44,68.03,73.2,63.99,7.0,0
STU0081,2,2021-22,MA201,0.979,82.8,83.06,80.04,66.42,65.07,63.01,59.66,6.0,0
STU0081,2,2021-22,CH101,0.863,89.85,90.25,96.6,84.87,90.4,84.64,88.87,9.0,0
STU0081,2,2021-22,ME101,0.985,83.37,81.9,80.67,68.2,78.55,71.17,68.0,7.0,0
STU0081,3,2022-23,CS301,0.75,78.68,78.61,80.74,98.0,94.76,98.0,98.61,10.0,0
STU0081,3,2022-23,CS302,1.039,84.84,79.02,80.89,84.63,79.87,79.88,81.91,9.0,0
STU0081,3,2022-23,CS303,0.765,81.41,80.49,85.4,98.0,97.81,94.19,93.83,10.0,0
STU0081,3,2022-23,MA301,0.914,78.52,74.51,72.07,83.11,81.04,80.52,71.8,8.0,0
STU0081,3,2022-23,EC301,1.017,85.02,87.66,84.62,83.16,79.52,80.83,73.58,8.0,0
STU0081,3,2022-23,CS304,1.073,80.08,80.57,80.63,83.31,87.24,90.46,83.13,9.0,0
STU0081,4,2022-23,CS401,1.1,81.35,82.63,77.56,65.26,64.78,67.23,67.02,7.0,0
STU0081,4,2022-23,CS402,1.092,83.22,73.03,71.51,54.69,55.77,54.41,58.48,6.0,0
STU0081,4,2022-23,CS403,1.025,77.52,80.8,79.69,65.65,67.42,74.68,77.24,8.0,0
STU0081,4,2022-23,CS404,1.068,90.46,87.9,85.26,66.12,72.93,68.7,73.96,8.0,0
STU0081,4,2022-23,MA401,0.827,78.98,79.58,76.49,81.31,84.89,91.38,76.04,8.0,0
STU0081,4,2022-23,CS405,0.873,86.38,82.94,87.35,89.32,88.85,88.37,87.52,9.0,0
STU0081,5,2023-24,CS501,1.109,79.08,80.86,78.29,50.69,58.65,52.64,52.18,6.0,0
STU0081,5,2023-24,CS502,1.09,82.81,82.89,83.85,54.67,62.46,68.63,65.63,7.0,0
STU0081,5,2023-24,CS503,1.079,76.26,77.36,74.55,47.87,42.88,40.38,38.88,0.0,1
STU0081,5,2023-24,CS504,0.719,77.97,73.04,72.9,80.59,72.54,72.31,71.71,8.0,0
STU0081,5,2023-24,CS505,1.011,83.11,85.6,92.49,59.95,56.7,58.76,64.34,7.0,0
STU0081,5,2023-24,CS506,0.866,82.33,83.99,82.45,79.34,73.94,76.95,76.39,8.0,0
STU0081,6,2023-24,CS601,1.132,77.92,76.4,76.12,62.58,64.16,67.23,67.28,7.0,0
STU0081,6,2023-24,CS602,1.082,86.6,84.07,87.59,61.11,56.87,63.33,60.62,7.0,0
STU0081,6,2023-24,CS603,0.997,74.53,82.99,82.89,64.49,60.58,70.13,69.49,7.0,0
STU0081,6,2023-24,CS604,0.99,83.67,88.12,85.05,66.49,64.0,62.53,65.03,7.0,0
STU0081,6,2023-24,CS605,0.99,76.5,76.52,74.54,78.29,75.16,75.28,84.33,9.0,0
STU0081,6,2023-24,CS606,1.048,81.37,79.85,82.29,73.49,77.48,82.85,81.51,9.0,0
STU0081,7,2024-25,CS701,0.87,87.28,83.37,87.76,68.3,65.74,76.12,74.64,8.0,0
STU0081,7,2024-25,CS702,0.993,90.57,90.09,82.97,63.2,69.13,75.75,69.73,7.0,0
STU0081,7,2024-25,CS703,0.886,82.9,81.57,78.31,77.33,74.75,72.82,69.42,7.0,0
STU0081,7,2024-25,CS704,1.094,80.04,81.37,84.89,72.15,74.41,75.42,70.35,8.0,0
STU0081,7,2024-25,CS705,1.177,86.16,87.24,88.63,58.4,58.44,56.8,58.98,6.0,0
STU0081,8,2024-25,CS801,0.898,75.3,76.85,74.63,62.02,61.66,63.46,67.54,7.0,0
STU0081,8,2024-25,CS802,1.246,69.8,77.51,77.78,49.1,53.5,58.56,63.28,7.0,0
STU0081,8,2024-25,CS803,0.846,70.79,75.18,71.45,60.77,54.08,53.53,59.6,6.0,0
STU0081,8,2024-25,CS804,0.819,65.64,63.88,60.4,66.54,57.37,54.99,60.87,7.0,0
STU0082,1,2021-22,EC101,0.927,52.89,61.62,70.94,30.6,35.02,42.47,37.6,0.0,1
STU0082,1,2021-22,EC102,0.994,51.49,59.17,67.86,27.52,36.19,45.26,45.5,5.0,0
STU0082,1,2021-22,MA101,0.785,51.46,55.9,65.62,41.33,49.48,54.17,55.27,6.0,0
STU0082,1,2021-22,PH101,1.091,51.17,59.52,67.11,28.46,34.96,40.71,35.28,0.0,1
STU0082,1,2021-22,EE101,1.106,51.43,56.81,61.15,25.68,30.28,40.0,43.83,5.0,0
STU0082,2,2021-22,EC201,0.936,60.67,66.46,72.58,39.69,47.51,55.65,52.52,6.0,0
STU0082,2,2021-22,EC202,0.889,58.44,67.04,71.78,45.87,53.64,61.23,63.27,7.0,0
STU0082,2,2021-22,MA201,1.017,55.38,60.6,69.45,36.31,43.64,53.38,58.61,6.0,0
STU0082,2,2021-22,CH101,1.085,57.57,63.98,71.85,39.05,46.06,52.59,57.9,6.0,0
STU0082,2,2021-22,ME101,1.065,56.2,61.72,65.81,37.22,41.49,49.29,58.11,6.0,0
STU0082,3,2022-23,EC301,1.054,64.68,73.27,78.41,40.06,44.68,50.13,49.63,5.0,0
STU0082,3,2022-23,EC302,0.95,66.32,72.4,79.18,48.11,53.23,57.96,54.91,6.0,0
STU0082,3,2022-23,EC303,0.882,62.12,70.24,74.6,48.93,55.68,61.45,59.66,6.0,0
STU0082,3,2022-23,MA301,0.883,62.59,66.88,74.77,49.89,58.39,67.83,70.38,8.0,0
STU0082,3,2022-23,CS301,0.892,63.13,71.72,79.8,58.7,63.75,72.67,72.33,8.0,0
STU0082,3,2022-23,EC304,1.068,63.41,70.01,74.68,37.57,44.94,52.43,51.08,6.0,0
STU0082,4,2022-23,EC401,0.967,61.35,68.09,75.81,51.33,57.61,63.41,65.0,7.0,0
STU0082,4,2022-23,EC402,0.821,64.41,70.43,78.59,60.29,68.49,74.4,74.11,8.0,0
STU0082,4,2022-23,EC403,1.059,62.88,71.15,78.82,48.96,57.6,64.71,65.78,7.0,0
STU0082,4,2022-23,EC404,1.024,64.75,68.88,73.56,52.04,56.97,61.64,61.58,7.0,0
STU0082,4,2022-23,MA401,0.803,65.33,73.0,77.9,69.09,76.99,83.14,79.46,8.0,0
STU0082,4,2022-23,EC405,1.08,61.01,65.18,70.52,46.7,52.54,58.25,60.38,7.0,0
STU0082,5,2023-24,EC501,0.901,65.14,70.57,74.65,55.43,64.09,69.97,69.41,7.0,0
STU0082,5,2023-24,EC502,1.189,69.08,76.39,81.78,44.22,48.51,53.77,52.68,6.0,0
STU0082,5,2023-24,EC503,1.123,63.83,68.06,73.18,43.03,48.97,55.14,52.18,6.0,0
STU0082,5,2023-24,EC504,0.903,68.14,72.81,77.79,51.97,57.97,64.44,66.84,7.0,0
STU0082,5,2023-24,EC505,1.124,69.46,77.99,82.72,42.32,49.98,55.73,53.19,6.0,0
STU0082,5,2023-24,EC506,0.95,65.5,73.47,83.17,59.69,65.76,73.11,68.54,7.0,0
STU0082,6,2023-24,EC601,0.809,62.56,71.55,77.82,62.26,70.88,80.78,85.41,9.0,0
STU0082,6,2023-24,EC602,0.911,64.34,71.96,76.88,53.37,60.44,70.0,69.48,7.0,0
STU0082,6,2023-24,EC603,0.91,61.9,66.56,75.86,56.1,63.67,71.49,68.41,7.0,0
STU0082,6,2023-24,EC604,1.029,64.91,69.89,77.32,56.88,65.79,71.95,70.28,8.0,0
STU0082,6,2023-24,EC605,1.118,67.76,75.76,81.2,46.6,53.3,63.25,64.0,7.0,0
STU0082,6,2023-24,EC606,1.102,68.19,75.94,80.91,45.6,52.68,58.36,60.33,7.0,0
STU0082,7,2024-25,EC701,1.145,66.47,70.86,78.5,47.69,54.75,61.04,59.7,6.0,0
STU0082,7,2024-25,EC702,0.978,68.34,74.02,83.73,54.13,61.9,70.58,76.51,8.0,0
STU0082,7,2024-25,EC703,0.903,66.0,70.45,79.53,60.45,66.12,73.95,78.29,8.0,0
STU0082,7,2024-25,EC704,0.807,65.52,73.11,82.49,64.81,71.22,78.84,83.53,9.0,0
STU0082,7,2024-25,EC705,0.995,66.04,71.02,76.14,53.46,59.01,63.91,60.82,7.0,0
STU0082,8,2024-25,EC801,0.826,66.36,74.93,84.12,55.13,62.66,68.99,69.85,7.0,0
STU0082,8,2024-25,EC802,0.752,71.39,78.7,86.65,70.26,74.45,84.14,86.18,9.0,0
STU0082,8,2024-25,EC803,0.973,69.05,76.31,86.08,52.01,56.04,61.89,62.63,7.0,0
STU0082,8,2024-25,EC804,1.21,68.51,74.07,81.32,42.37,49.63,56.71,56.25,6.0,0
STU0083,1,2021-22,AI101,1.006,95.12,92.99,88.66,80.39,81.32,83.33,81.28,9.0,0
STU0083,1,2021-22,AI102,1.146,89.86,92.76,90.38,74.95,67.0,65.74,66.41,7.0,0
STU0083,1,2021-22,MA101,0.933,89.26,90.1,88.23,91.91,88.62,84.38,88.07,9.0,0
STU0083,1,2021-22,PH101,0.828,92.92,88.15,93.44,98.0,96.32,98.0,99.5,10.0,0
STU0083,1,2021-22,EE101,1.069,91.4,92.19,97.14,81.18,81.72,85.61,84.65,9.0,0
STU0083,2,2021-22,AI201,1.342,89.58,91.68,93.31,66.94,66.62,68.71,69.15,7.0,0
STU0083,2,2021-22,AI202,1.103,82.39,81.56,88.98,84.18,85.54,88.21,89.77,9.0,0
STU0083,2,2021-22,MA201,1.076,86.57,84.24,81.96,76.21,83.29,78.04,83.93,9.0,0
STU0083,2,2021-22,CH101,1.049,85.41,83.41,84.95,73.99,72.43,67.31,69.22,7.0,0
STU0083,2,2021-22,ME101,0.865,84.04,89.17,88.1,95.52,97.64,97.51,95.05,10.0,0
STU0083,3,2022-23,AI301,0.884,89.41,95.25,94.21,95.76,91.22,92.05,95.79,10.0,0
STU0083,3,2022-23,AI302,0.932,97.23,97.04,92.97,90.08,97.21,91.6,92.92,10.0,0
STU0083,3,2022-23,AI303,0.919,85.47,82.38,83.12,92.66,92.39,94.28,92.61,10.0,0
STU0083,3,2022-23,MA301,0.985,86.08,79.75,77.96,86.1,74.87,79.83,80.82,9.0,0
STU0083,3,2022-23,CS301,0.983,87.45,89.13,94.03,81.86,80.92,93.06,93.32,10.0,0
STU0083,3,2022-23,AI304,0.803,90.87,88.81,87.57,98.0,98.0,90.07,84.88,9.0,0
STU0083,4,2022-23,AI401,0.73,94.24,99.0,99.0,98.0,98.0,98.0,99.5,10.0,0
STU0083,4,2022-23,AI402,1.136,86.72,88.78,85.91,76.91,75.77,75.59,76.1,8.0,0
STU0083,4,2022-23,AI403,0.934,90.74,92.35,91.37,88.36,85.01,79.47,86.57,9.0,0
STU0083,4,2022-23,AI404,1.122,91.11,83.86,88.89,78.56,73.95,67.47,70.98,8.0,0
STU0083,4,2022-23,MA401,0.98,90.56,90.64,86.04,87.07,89.09,89.18,73.37,8.0,0
STU0083,4,2022-23,AI405,1.06,89.17,93.46,92.54,82.73,89.73,88.53,88.26,9.0,0
STU0083,5,2023-24,AI501,1.171,96.54,93.98,99.0,73.1,70.76,65.61,63.21,7.0,0
STU0083,5,2023-24,AI502,1.044,88.5,89.77,85.83,75.34,74.94,74.16,70.33,8.0,0
STU0083,5,2023-24,AI503,0.925,83.49,83.72,89.07,85.48,81.19,85.61,82.1,9.0,0
STU0083,5,2023-24,AI504,1.121,85.66,84.42,83.57,77.2,85.63,84.07,84.01,9.0,0
STU0083,5,2023-24,AI505,0.795,90.31,94.35,99.0,98.0,98.0,98.0,93.68,10.0,0
STU0083,5,2023-24,AI506,1.17,87.24,88.17,83.75,68.73,61.13,62.33,66.93,7.0,0
STU0083,6,2023-24,AI601,0.959,83.93,83.42,85.79,94.68,94.41,93.83,91.66,10.0,0
STU0083,6,2023-24,AI602,1.124,90.72,90.05,90.94,73.05,69.59,72.89,72.77,8.0,0
STU0083,6,2023-24,AI603,1.027,86.94,85.79,86.12,75.38,70.47,71.02,71.64,8.0,0
STU0083,6,2023-24,AI604,1.111,80.02,76.35,82.57,73.73,67.53,67.28,65.31,7.0,0
STU0083,6,2023-24,AI605,1.043,81.41,85.73,81.18,84.21,87.55,89.01,92.11,10.0,0
STU0083,6,2023-24,AI606,1.146,83.08,88.78,90.95,68.09,62.03,66.87,57.87,6.0,0
STU0083,7,2024-25,AI701,1.121,87.16,88.7,87.47,71.96,70.55,67.94,67.82,7.0,0
STU0083,7,2024-25,AI702,0.839,88.89,90.16,93.21,91.46,85.01,91.1,95.41,10.0,0
STU0083,7,2024-25,AI703,1.014,86.44,84.58,83.87,76.08,74.71,70.84,73.91,8.0,0
STU0083,7,2024-25,AI704,1.031,85.24,86.26,86.83,69.83,75.21,75.82,75.17,8.0,0
STU0083,7,2024-25,AI705,0.99,91.22,90.97,90.69,81.79,75.4,69.77,72.1,8.0,0
STU0083,8,2024-25,AI801,1.224,88.29,86.06,87.66,76.94,71.04,70.08,69.99,7.0,0
STU0083,8,2024-25,AI802,0.919,87.78,90.73,92.38,98.0,98.0,94.07,95.34,10.0,0
STU0083,8,2024-25,AI803,0.886,88.78,85.16,83.02,98.0,95.94,91.97,95.38,10.0,0
STU0083,8,2024-25,AI804,0.986,87.92,84.13,77.58,88.49,82.29,85.49,85.58,9.0,0
STU0084,1,2021-22,DS101,0.913,79.58,82.4,77.86,83.45,90.99,93.73,85.9,9.0,0
STU0084,1,2021-22,DS102,1.113,90.31,87.7,82.94,77.94,75.81,71.74,69.68,7.0,0
STU0084,1,2021-22,MA101,1.169,96.27,93.51,92.83,68.35,59.97,57.67,63.34,7.0,0
STU0084,1,2021-22,PH101,0.961,92.16,91.92,84.47,86.17,84.6,91.04,91.65,10.0,0
STU0084,1,2021-22,EE101,1.001,88.99,90.32,84.25,83.28,83.13,83.26,84.51,9.0,0
STU0084,2,2021-22,DS201,1.08,83.45,83.2,79.92,70.74,69.84,79.0,74.91,8.0,0
STU0084,2,2021-22,DS202,1.001,90.88,89.25,89.17,86.04,87.67,94.47,93.06,10.0,0
STU0084,2,2021-22,MA201,1.093,87.19,84.13,77.9,63.69,63.95,70.9,77.75,8.0,0
STU0084,2,2021-22,CH101,1.028,85.29,84.2,79.41,70.97,69.23,66.8,69.54,7.0,0
STU0084,2,2021-22,ME101,1.049,87.87,89.0,93.57,67.78,61.87,56.99,58.12,6.0,0
STU0084,3,2022-23,DS301,1.154,80.8,77.89,73.97,70.17,69.27,55.77,58.05,6.0,0
STU0084,3,2022-23,DS302,1.14,97.64,98.22,99.0,62.5,55.11,60.71,62.35,7.0,0
STU0084,3,2022-23,DS303,1.15,88.58,96.87,97.97,63.86,62.43,55.21,52.39,6.0,0
STU0084,3,2022-23,MA301,0.954,95.8,95.57,99.0,81.05,76.44,78.89,76.36,8.0,0
STU0084,3,2022-23,CS301,0.952,97.73,99.0,96.13,85.31,81.09,73.2,76.48,8.0,0
STU0084,3,2022-23,DS304,1.035,88.81,82.98,81.88,76.07,70.82,71.01,75.66,8.0,0
STU0084,4,2022-23,DS401,0.947,84.34,82.38,86.07,76.28,75.37,73.09,69.28,7.0,0
STU0084,4,2022-23,DS402,1.164,87.71,85.85,86.13,59.81,61.22,58.14,58.51,6.0,0
STU0084,4,2022-23,DS403,0.994,95.97,99.0,99.0,72.73,76.34,79.82,78.4,8.0,0
STU0084,4,2022-23,DS404,0.802,80.93,80.52,78.75,87.94,84.32,80.5,82.46,9.0,0
STU0084,4,2022-23,MA401,0.637,90.9,89.93,94.98,98.0,90.2,81.78,78.35,8.0,0
STU0084,4,2022-23,DS405,1.032,81.7,82.08,84.54,67.83,63.84,54.16,58.69,6.0,0
STU0084,5,2023-24,DS501,0.967,90.87,93.27,93.79,66.25,70.38,75.86,79.08,8.0,0
STU0084,5,2023-24,DS502,1.054,94.92,89.98,89.65,71.7,78.23,79.05,78.58,8.0,0
STU0084,5,2023-24,DS503,0.878,86.85,82.9,85.51,93.11,94.23,97.79,95.38,10.0,0
STU0084,5,2023-24,DS504,0.779,93.82,93.63,96.54,98.0,97.67,98.0,99.5,10.0,0
STU0084,5,2023-24,DS505,0.965,94.04,95.12,89.26,75.39,75.22,72.98,70.13,8.0,0
STU0084,5,2023-24,DS506,1.128,85.11,84.41,81.35,77.52,88.85,87.45,89.99,9.0,0
STU0084,6,2023-24,DS601,1.095,82.71,86.83,88.09,69.07,68.72,69.88,69.12,7.0,0
STU0084,6,2023-24,DS602,0.957,85.89,87.68,87.11,76.34,76.78,76.97,78.49,8.0,0
STU0084,6,2023-24,DS603,0.996,92.27,91.32,90.61,78.55,80.29,85.74,88.89,9.0,0
STU0084,6,2023-24,DS604,0.995,84.16,86.56,88.41,78.37,81.85,80.19,75.41,8.0,0
STU0084,6,2023-24,DS605,0.895,78.22,79.77,79.54,90.2,93.59,91.39,88.91,9.0,0
STU0084,6,2023-24,DS606,0.905,97.46,96.94,95.98,86.37,79.23,77.44,74.87,8.0,0
STU0084,7,2024-25,DS701,1.006,80.14,78.86,79.14,69.42,68.19,69.67,68.62,7.0,0
STU0084,7,2024-25,DS702,1.154,87.34,84.99,83.25,60.5,58.14,49.45,50.34,6.0,0
STU0084,7,2024-25,DS703,0.954,87.88,88.02,90.28,83.39,89.16,87.58,88.85,9.0,0
STU0084,7,2024-25,DS704,1.014,86.23,80.75,84.44,55.07,55.0,47.09,44.98,5.0,0
STU0084,7,2024-25,DS705,1.025,88.64,92.21,91.54,70.83,70.55,67.35,68.47,7.0,0
STU0084,8,2024-25,DS801,0.943,79.48,80.63,81.13,78.04,69.63,66.42,69.81,7.0,0
STU0084,8,2024-25,DS802,1.064,88.57,93.66,90.98,59.74,63.59,66.45,66.07,7.0,0
STU0084,8,2024-25,DS803,0.982,81.79,87.32,94.41,75.0,77.94,80.59,81.59,9.0,0
STU0084,8,2024-25,DS804,0.788,83.77,86.64,83.68,87.19,92.39,97.67,99.5,10.0,0
STU0085,1,2021-22,CS101,0.971,93.82,88.26,88.49,80.45,83.52,81.99,89.24,9.0,0
STU0085,1,2021-22,CS102,1.11,83.02,73.69,69.7,75.25,74.06,71.48,69.31,7.0,0
STU0085,1,2021-22,MA101,1.1,85.69,84.16,87.64,80.93,75.92,81.22,80.89,9.0,0
STU0085,1,2021-22,PH101,1.11,89.63,89.7,89.92,75.76,70.83,65.69,71.93,8.0,0
STU0085,1,2021-22,EE101,1.14,90.98,90.43,84.7,67.87,69.72,74.89,76.18,8.0,0
STU0085,2,2021-22,CS201,1.078,80.47,80.9,80.1,82.29,69.44,68.76,69.51,7.0,0
STU0085,2,2021-22,CS202,0.778,87.07,86.61,83.27,98.0,94.65,98.0,98.56,10.0,0
STU0085,2,2021-22,MA201,0.951,80.07,77.57,80.65,90.87,94.0,93.87,95.95,10.0,0
STU0085,2,2021-22,CH101,1.038,81.7,78.49,77.39,74.79,75.37,82.6,83.44,9.0,0
STU0085,2,2021-22,ME101,1.176,84.11,83.52,78.22,71.99,69.04,65.17,62.13,7.0,0
STU0085,3,2022-23,CS301,1.198,87.36,85.49,77.18,67.9,66.51,70.51,70.55,8.0,0
STU0085,3,2022-23,CS302,1.138,84.86,80.39,77.77,68.56,67.8,66.59,68.74,7.0,0
STU0085,3,2022-23,CS303,1.06,81.2,83.52,79.42,79.52,83.43,84.67,86.25,9.0,0
STU0085,3,2022-23,MA301,1.079,87.08,89.67,93.9,66.86,67.45,67.25,67.7,7.0,0
STU0085,3,2022-23,EC301,1.108,83.4,83.71,85.34,65.22,72.22,71.75,76.18,8.0,0
STU0085,3,2022-23,CS304,0.897,79.23,78.44,78.56,87.29,83.67,85.33,89.68,9.0,0
STU0085,4,2022-23,CS401,0.87,82.69,88.68,92.28,98.0,95.9,98.0,99.5,10.0,0
STU0085,4,2022-23,CS402,0.983,75.86,72.27,72.48,85.22,91.35,88.68,79.16,8.0,0
STU0085,4,2022-23,CS403,0.922,82.45,75.86,75.08,87.8,91.74,90.99,90.21,10.0,0
STU0085,4,2022-23,CS404,1.037,90.44,91.86,89.1,73.72,79.71,68.68,68.61,7.0,0
STU0085,4,2022-23,MA401,1.282,76.63,72.72,73.41,61.91,61.39,63.3,65.01,7.0,0
STU0085,4,2022-23,CS405,1.133,77.41,81.84,86.56,78.84,73.75,68.42,69.31,7.0,0
STU0085,5,2023-24,CS501,0.942,90.65,92.65,90.36,84.27,77.08,72.3,70.41,8.0,0
STU0085,5,2023-24,CS502,1.063,97.19,98.89,94.54,74.29,79.02,75.41,79.9,8.0,0
STU0085,5,2023-24,CS503,1.082,87.14,80.44,83.97,78.52,80.64,92.68,89.87,9.0,0
STU0085,5,2023-24,CS504,1.183,87.4,88.29,89.38,73.08,69.86,80.63,77.32,8.0,0
STU0085,5,2023-24,CS505,0.957,95.52,99.0,97.75,88.53,83.68,80.03,78.94,8.0,0
STU0085,5,2023-24,CS506,1.171,79.72,82.8,81.42,72.68,75.31,75.19,72.92,8.0,0
STU0085,6,2023-24,CS601,0.805,84.03,81.56,79.94,95.32,98.0,98.0,93.12,10.0,0
STU0085,6,2023-24,CS602,1.049,77.93,85.59,80.85,82.4,78.6,82.15,83.55,9.0,0
STU0085,6,2023-24,CS603,1.08,86.61,80.96,78.6,64.98,65.83,59.87,53.93,6.0,0
STU0085,6,2023-24,CS604,0.972,74.84,75.75,71.34,75.62,65.36,72.79,75.6,8.0,0
STU0085,6,2023-24,CS605,0.956,81.84,71.02,67.12,81.41,78.44,83.81,80.74,9.0,0
STU0085,6,2023-24,CS606,1.069,86.91,87.53,88.96,71.86,73.1,70.91,71.59,8.0,0
STU0085,7,2024-25,CS701,0.92,82.89,88.17,87.32,90.21,92.57,93.68,94.54,10.0,0
STU0085,7,2024-25,CS702,1.003,81.43,87.44,91.14,78.71,79.02,81.56,78.39,8.0,0
STU0085,7,2024-25,CS703,0.906,76.25,75.51,79.68,85.44,95.29,93.33,99.5,10.0,0
STU0085,7,2024-25,CS704,0.967,80.53,75.29,74.5,84.93,79.33,79.72,80.98,9.0,0
STU0085,7,2024-25,CS705,1.197,86.29,86.0,87.09,69.54,70.08,73.62,72.63,8.0,0
STU0085,8,2024-25,CS801,0.918,81.22,77.82,80.46,82.75,80.8,82.26,82.29,9.0,0
STU0085,8,2024-25,CS802,0.995,82.52,83.09,79.58,81.18,80.02,82.07,84.9,9.0,0
STU0085,8,2024-25,CS803,0.984,86.03,86.34,86.09,88.41,81.9,83.89,81.83,9.0,0
STU0085,8,2024-25,CS804,1.125,80.46,79.37,73.89,75.77,73.9,71.48,71.56,8.0,0
STU0086,1,2021-22,EC101,0.978,88.02,88.67,90.05,61.32,76.66,80.71,74.61,8.0,0
STU0086,1,2021-22,EC102,1.027,86.53,81.45,81.82,55.41,51.56,57.57,55.58,6.0,0
STU0086,1,2021-22,MA101,0.922,78.56,74.75,72.84,61.74,56.4,56.28,48.69,5.0,0
STU0086,1,2021-22,PH101,1.012,86.07,84.21,85.45,57.66,68.25,72.63,70.03,8.0,0
STU0086,1,2021-22,EE101,1.155,91.81,91.05,92.76,56.71,51.67,43.42,43.89,5.0,0
STU0086,2,2021-22,EC201,1.123,86.33,88.28,87.83,52.91,49.72,57.57,64.34,7.0,0
STU0086,2,2021-22,EC202,1.129,82.94,79.05,88.57,58.08,60.02,57.33,59.4,6.0,0
STU0086,2,2021-22,MA201,0.975,79.84,78.66,80.07,72.32,65.23,59.65,58.37,6.0,0
STU0086,2,2021-22,CH101,0.888,84.08,82.35,82.79,71.85,65.76,64.82,62.42,7.0,0
STU0086,2,2021-22,ME101,1.137,81.35,79.61,76.44,55.31,54.63,61.3,61.2,7.0,0
STU0086,3,2022-23,EC301,0.958,90.39,88.38,84.09,86.68,84.12,80.06,76.88,8.0,0
STU0086,3,2022-23,EC302,0.925,89.88,94.23,99.0,67.12,74.26,81.81,79.95,8.0,0
STU0086,3,2022-23,EC303,0.891,93.18,90.95,96.19,82.96,79.57,80.88,81.09,9.0,0
STU0086,3,2022-23,MA301,0.77,87.14,84.84,86.17,96.01,98.0,94.83,90.38,10.0,0
STU0086,3,2022-23,CS301,0.898,88.27,85.46,85.39,83.31,81.46,83.71,86.62,9.0,0
STU0086,3,2022-23,EC304,0.999,86.54,85.57,89.14,74.95,70.15,75.44,74.45,8.0,0
STU0086,4,2022-23,EC401,0.817,87.41,91.42,87.91,75.09,79.01,73.02,69.36,7.0,0
STU0086,4,2022-23,EC402,0.972,83.7,83.87,83.5,57.2,49.93,44.0,45.51,5.0,0
STU0086,4,2022-23,EC403,1.114,84.46,86.94,84.81,53.84,58.0,60.1,60.63,7.0,0
STU0086,4,2022-23,EC404,0.982,80.18,80.48,81.56,74.19,73.84,72.17,73.02,8.0,0
STU0086,4,2022-23,MA401,1.174,86.22,85.59,82.85,48.69,52.2,50.91,56.93,6.0,0
STU0086,4,2022-23,EC405,1.01,86.76,84.82,81.95,65.23,70.62,66.14,63.94,7.0,0
STU0086,5,2023-24,EC501,1.043,87.25,84.52,90.15,65.93,56.95,60.8,59.94,6.0,0
STU0086,5,2023-24,EC502,0.928,90.71,91.94,92.25,64.15,68.71,63.15,65.47,7.0,0
STU0086,5,2023-24,EC503,1.011,87.5,85.57,86.15,56.13,61.69,59.88,57.81,6.0,0
STU0086,5,2023-24,EC504,0.976,86.15,90.5,84.44,64.86,71.98,72.29,72.85,8.0,0
STU0086,5,2023-24,EC505,0.997,85.05,86.94,86.27,64.61,67.08,69.07,69.36,7.0,0
STU0086,5,2023-24,EC506,1.108,91.69,94.44,98.13,64.27,58.84,71.25,71.72,8.0,0
STU0086,6,2023-24,EC601,0.823,86.55,83.77,84.03,80.14,77.47,69.36,70.18,8.0,0
STU0086,6,2023-24,EC602,1.0,86.38,84.91,82.61,64.29,64.91,67.94,65.51,7.0,0
STU0086,6,2023-24,EC603,1.095,88.23,90.05,96.46,50.89,59.67,56.73,57.45,6.0,0
STU0086,6,2023-24,EC604,1.005,80.26,82.11,85.13,67.12,60.47,54.89,52.8,6.0,0
STU0086,6,2023-24,EC605,1.153,86.0,79.0,86.22,64.2,59.31,57.46,56.6,6.0,0
STU0086,6,2023-24,EC606,1.063,86.41,84.02,88.61,70.21,69.99,67.41,72.19,8.0,0
STU0086,7,2024-25,EC701,1.118,86.93,85.81,93.79,39.27,44.2,44.59,43.13,5.0,0
STU0086,7,2024-25,EC702,1.105,79.8,76.0,76.4,51.79,48.28,45.7,35.46,0.0,1
STU0086,7,2024-25,EC703,0.805,84.0,80.28,77.49,72.72,69.93,78.75,72.24,8.0,0
STU0086,7,2024-25,EC704,1.061,77.45,78.28,79.76,51.72,55.89,50.78,42.0,5.0,0
STU0086,7,2024-25,EC705,1.034,86.52,91.07,86.52,52.94,56.19,53.37,53.69,6.0,0
STU0086,8,2024-25,EC801,0.892,84.4,84.45,88.9,73.71,80.94,84.62,86.9,9.0,0
STU0086,8,2024-25,EC802,0.986,92.62,93.01,86.11,65.73,61.31,65.89,68.06,7.0,0
STU0086,8,2024-25,EC803,0.977,77.03,77.54,75.3,68.89,71.39,84.61,83.27,9.0,0
STU0086,8,2024-25,EC804,0.964,79.96,79.57,83.17,64.48,73.35,75.97,74.51,8.0,0
STU0087,1,2021-22,AI101,1.003,86.77,82.46,76.72,69.55,62.41,55.68,55.16,6.0,0
STU0087,1,2021-22,AI102,0.977,87.1,80.96,75.4,73.8,67.63,64.23,69.22,7.0,0
STU0087,1,2021-22,MA101,1.098,83.09,78.87,73.31,67.32,62.52,56.78,53.67,6.0,0
STU0087,1,2021-22,PH101,0.985,88.26,81.1,76.41,70.41,65.5,59.29,58.12,6.0,0
STU0087,1,2021-22,EE101,1.109,82.09,77.38,69.19,65.15,58.0,52.69,49.01,5.0,0
STU0087,2,2021-22,AI201,0.961,77.87,70.87,63.18,65.96,60.11,53.85,57.11,6.0,0
STU0087,2,2021-22,AI202,0.884,86.9,79.02,75.08,78.26,69.82,63.9,60.5,7.0,0
STU0087,2,2021-22,MA201,0.951,82.18,77.3,68.77,74.62,70.09,64.47,72.63,8.0,0
STU0087,2,2021-22,CH101,0.878,80.2,74.42,69.36,78.18,71.43,68.16,66.73,7.0,0
STU0087,2,2021-22,ME101,1.044,80.85,73.39,68.68,61.28,55.44,47.78,48.23,5.0,0
STU0087,3,2022-23,AI301,1.027,75.43,68.35,60.38,76.58,67.93,61.29,58.97,6.0,0
STU0087,3,2022-23,AI302,1.134,84.81,76.1,68.99,62.28,57.95,54.76,46.44,5.0,0
STU0087,3,2022-23,AI303,0.876,85.91,78.09,73.63,78.57,69.91,65.61,66.63,7.0,0
STU0087,3,2022-23,MA301,1.109,85.1,78.13,70.01,65.52,58.77,50.85,47.33,5.0,0
STU0087,3,2022-23,CS301,1.179,81.01,72.18,64.17,66.71,59.63,52.27,50.43,6.0,0
STU0087,3,2022-23,AI304,0.984,85.48,81.04,73.41,74.75,67.56,63.98,61.05,7.0,0
STU0087,4,2022-23,AI401,0.928,77.27,69.63,60.99,69.43,61.74,58.04,57.97,6.0,0
STU0087,4,2022-23,AI402,1.06,73.95,64.35,57.83,63.0,54.06,50.19,47.26,5.0,0
STU0087,4,2022-23,AI403,1.014,81.61,76.96,72.34,67.4,59.99,56.61,50.65,6.0,0
STU0087,4,2022-23,AI404,0.934,79.32,73.53,69.35,75.67,66.92,61.15,60.04,7.0,0
STU0087,4,2022-23,MA401,0.985,79.0,71.92,64.38,64.45,56.27,51.29,51.67,6.0,0
STU0087,4,2022-23,AI405,0.979,79.13,70.36,65.38,69.63,63.48,59.3,64.87,7.0,0
STU0087,5,2023-24,AI501,1.136,63.09,54.87,47.71,53.75,47.91,41.43,41.01,5.0,0
STU0087,5,2023-24,AI502,0.965,60.49,55.22,51.69,70.18,64.35,57.23,57.7,6.0,0
STU0087,5,2023-24,AI503,1.017,68.56,59.13,53.04,64.52,60.27,54.28,51.0,6.0,0
STU0087,5,2023-24,AI504,0.926,65.19,60.57,52.64,65.47,60.34,54.59,51.6,6.0,0
STU0087,5,2023-24,AI505,1.078,62.44,53.81,47.87,61.88,57.28,51.53,53.35,6.0,0
STU0087,5,2023-24,AI506,0.874,68.19,58.82,51.89,77.94,71.48,64.21,64.72,7.0,0
STU0087,6,2023-24,AI601,0.931,64.87,60.33,53.06,68.17,59.92,51.94,47.52,5.0,0
STU0087,6,2023-24,AI602,1.176,59.06,50.47,46.89,57.63,52.34,45.09,40.99,5.0,0
STU0087,6,2023-24,AI603,1.12,67.31,59.4,51.11,57.31,53.19,48.34,41.89,5.0,0
STU0087,6,2023-24,AI604,1.032,60.57,52.65,43.7,63.46,58.11,52.8,52.61,6.0,0
STU0087,6,2023-24,AI605,0.946,70.15,64.61,59.63,59.12,52.07,44.53,46.77,5.0,0
STU0087,6,2023-24,AI606,0.866,60.78,53.39,46.14,73.37,66.38,62.85,64.64,7.0,0
STU0087,7,2024-25,AI701,0.978,70.73,64.26,57.07,56.26,47.96,40.17,41.81,5.0,0
STU0087,7,2024-25,AI702,0.834,66.01,56.67,51.73,63.69,56.46,49.02,61.65,7.0,0
STU0087,7,2024-25,AI703,1.008,67.59,62.53,55.52,58.13,52.74,48.43,49.14,5.0,0
STU0087,7,2024-25,AI704,0.757,63.52,57.73,49.43,77.28,73.01,66.02,63.93,7.0,0
STU0087,7,2024-25,AI705,1.097,64.77,57.42,54.14,49.08,40.62,35.88,39.6,0.0,1
STU0087,8,2024-25,AI801,1.162,57.33,49.57,41.41,40.67,34.24,28.02,31.34,0.0,1
STU0087,8,2024-25,AI802,0.826,62.25,52.72,44.85,66.52,59.47,53.18,52.88,6.0,0
STU0087,8,2024-25,AI803,0.859,54.25,46.28,42.39,53.34,49.25,44.27,41.89,5.0,0
STU0087,8,2024-25,AI804,0.787,57.39,51.43,47.35,67.25,60.16,53.87,49.42,5.0,0
STU0088,1,2021-22,DS101,0.974,87.2,91.03,94.48,81.88,80.7,83.68,88.17,9.0,0
STU0088,1,2021-22,DS102,0.994,86.67,90.97,98.13,86.23,84.54,83.31,71.22,8.0,0
STU0088,1,2021-22,MA101,1.014,88.81,91.74,90.75,79.4,76.88,86.68,82.68,9.0,0
STU0088,1,2021-22,PH101,0.914,93.68,92.78,96.1,75.62,71.34,74.03,69.71,7.0,0
STU0088,1,2021-22,EE101,0.854,87.83,92.45,93.73,86.97,87.71,79.88,78.14,8.0,0
STU0088,2,2021-22,DS201,1.073,87.43,88.23,79.43,73.21,71.02,69.28,68.16,7.0,0
STU0088,2,2021-22,DS202,1.035,78.75,72.74,68.41,78.77,76.81,79.08,80.52,9.0,0
STU0088,2,2021-22,MA201,1.048,86.73,84.91,87.25,75.19,68.06,68.32,67.88,7.0,0
STU0088,2,2021-22,CH101,1.056,84.73,83.89,89.34,75.77,75.96,70.92,71.28,8.0,0
STU0088,2,2021-22,ME101,0.898,78.01,76.59,75.38,90.68,95.06,98.0,97.74,10.0,0
STU0088,3,2022-23,DS301,1.077,87.01,88.79,88.55,68.43,58.44,56.91,54.74,6.0,0
STU0088,3,2022-23,DS302,1.012,82.88,83.36,76.83,69.54,66.32,61.6,70.95,8.0,0
STU0088,3,2022-23,DS303,0.756,88.28,91.77,90.22,98.0,98.0,98.0,99.5,10.0,0
STU0088,3,2022-23,MA301,1.049,90.41,92.05,90.79,68.78,69.79,69.41,68.68,7.0,0
STU0088,3,2022-23,CS301,1.001,84.5,79.02,78.82,75.07,75.67,71.15,68.75,7.0,0
STU0088,3,2022-23,DS304,1.197,82.62,84.4,81.61,53.41,52.94,55.7,54.7,6.0,0
STU0088,4,2022-23,DS401,1.138,77.16,79.28,80.09,55.26,54.11,46.48,49.31,5.0,0
STU0088,4,2022-23,DS402,1.038,80.18,84.7,83.45,63.19,62.72,68.42,63.72,7.0,0
STU0088,4,2022-23,DS403,1.002,80.44,81.51,85.27,61.62,66.51,63.7,57.41,6.0,0
STU0088,4,2022-23,DS404,0.961,73.86,73.29,67.97,71.68,69.1,78.04,78.56,8.0,0
STU0088,4,2022-23,MA401,1.027,76.3,80.67,82.37,75.18,79.92,78.19,80.38,9.0,0
STU0088,4,2022-23,DS405,1.098,80.99,82.4,77.7,63.13,63.63,63.95,67.4,7.0,0
STU0088,5,2023-24,DS501,0.992,87.06,93.39,95.57,76.92,72.33,65.39,66.15,7.0,0
STU0088,5,2023-24,DS502,0.978,86.16,84.02,88.93,69.22,68.34,66.58,69.87,7.0,0
STU0088,5,2023-24,DS503,0.972,82.01,82.29,79.53,75.51,74.92,87.93,86.54,9.0,0
STU0088,5,2023-24,DS504,0.989,85.2,86.15,89.8,83.93,80.32,82.29,81.8,9.0,0
STU0088,5,2023-24,DS505,1.04,88.76,94.46,97.52,72.3,76.91,73.13,70.95,8.0,0
STU0088,5,2023-24,DS506,1.02,88.98,87.94,87.28,62.15,72.9,71.87,63.64,7.0,0
STU0088,6,2023-24,DS601,0.972,81.69,84.84,87.58,80.74,77.3,74.56,73.51,8.0,0
STU0088,6,2023-24,DS602,0.95,87.84,86.45,83.13,82.04,92.74,89.2,87.07,9.0,0
STU0088,6,2023-24,DS603,0.985,88.36,90.34,89.93,74.9,84.35,89.5,94.7,10.0,0
STU0088,6,2023-24,DS604,1.084,84.96,86.36,92.68,72.61,64.88,71.19,75.68,8.0,0
STU0088,6,2023-24,DS605,1.148,79.96,81.32,84.91,66.21,67.93,70.45,67.97,7.0,0
STU0088,6,2023-24,DS606,1.056,81.39,81.03,79.01,76.27,79.28,81.84,73.68,8.0,0
STU0088,7,2024-25,DS701,0.95,82.42,85.76,81.99,91.55,97.4,95.12,99.5,10.0,0
STU0088,7,2024-25,DS702,1.071,80.17,76.89,72.99,76.34,76.78,78.69,75.28,8.0,0
STU0088,7,2024-25,DS703,1.065,80.73,76.93,71.96,72.25,75.33,80.1,80.8,9.0,0
STU0088,7,2024-25,DS704,0.903,80.52,81.76,79.09,82.63,82.76,83.75,79.98,8.0,0
STU0088,7,2024-25,DS705,0.934,81.0,82.74,83.22,83.66,84.82,81.12,85.25,9.0,0
STU0088,8,2024-25,DS801,0.825,79.58,77.15,75.83,91.65,97.0,98.0,91.96,10.0,0
STU0088,8,2024-25,DS802,1.121,83.73,90.04,87.81,61.24,65.13,68.52,66.49,7.0,0
STU0088,8,2024-25,DS803,0.97,83.57,84.79,84.66,77.1,73.41,72.51,68.35,7.0,0
STU0088,8,2024-25,DS804,0.999,76.17,72.31,83.46,64.85,69.24,70.46,71.36,8.0,0
STU0089,1,2021-22,CS101,0.782,88.67,88.73,94.55,80.22,78.28,77.02,78.75,8.0,0
STU0089,1,2021-22,CS102,0.855,95.08,94.75,91.69,63.43,52.19,60.07,54.41,6.0,0
STU0089,1,2021-22,MA101,1.058,92.38,90.71,90.31,54.88,55.89,54.14,44.27,5.0,0
STU0089,1,2021-22,PH101,0.99,92.05,93.69,93.29,63.92,60.96,63.89,66.46,7.0,0
STU0089,1,2021-22,EE101,1.084,93.65,95.27,99.0,44.15,47.99,56.88,55.01,6.0,0
STU0089,2,2021-22,CS201,0.889,90.2,90.8,88.0,73.56,70.01,71.63,72.48,8.0,0
STU0089,2,2021-22,CS202,1.2,97.53,95.67,91.25,55.45,52.51,51.0,47.82,5.0,0
STU0089,2,2021-22,MA201,1.081,90.28,90.16,90.09,57.78,60.76,59.66,57.44,6.0,0
STU0089,2,2021-22,CH101,0.777,93.28,92.73,90.24,79.47,83.32,88.33,83.72,9.0,0
STU0089,2,2021-22,ME101,0.957,96.71,99.0,96.14,71.17,65.09,70.26,69.42,7.0,0
STU0089,3,2022-23,CS301,0.963,85.33,79.95,73.78,75.96,80.41,83.14,79.38,8.0,0
STU0089,3,2022-23,CS302,1.058,81.9,83.33,87.29,68.67,75.28,74.6,73.95,8.0,0
STU0089,3,2022-23,CS303,1.008,80.5,79.08,77.98,68.69,69.9,63.24,59.8,6.0,0
STU0089,3,2022-23,MA301,1.136,77.84,79.99,78.69,63.03,70.04,69.45,71.33,8.0,0
STU0089,3,2022-23,EC301,1.007,85.43,84.61,87.07,66.53,61.44,61.77,62.35,7.0,0
STU0089,3,2022-23,CS304,0.781,85.82,81.53,83.72,81.47,90.13,88.61,86.02,9.0,0
STU0089,4,2022-23,CS401,1.107,88.85,83.81,79.57,58.62,63.06,68.09,68.6,7.0,0
STU0089,4,2022-23,CS402,1.116,97.6,99.0,99.0,52.68,57.01,59.09,61.04,7.0,0
STU0089,4,2022-23,CS403,1.151,91.38,91.02,87.28,53.5,54.45,55.7,56.43,6.0,0
STU0089,4,2022-23,CS404,1.115,93.41,93.19,90.23,58.68,68.79,70.23,69.35,7.0,0
STU0089,4,2022-23,MA401,1.064,92.33,94.38,99.0,61.4,67.37,68.4,72.94,8.0,0
STU0089,4,2022-23,CS405,1.145,93.63,96.4,99.0,60.67,56.85,57.96,57.16,6.0,0
STU0089,5,2023-24,CS501,1.244,89.69,93.54,88.77,50.48,48.69,55.5,52.52,6.0,0
STU0089,5,2023-24,CS502,0.998,97.48,99.0,99.0,72.85,70.86,65.94,64.84,7.0,0
STU0089,5,2023-24,CS503,0.868,85.54,92.41,92.58,96.74,92.96,91.03,88.71,9.0,0
STU0089,5,2023-24,CS504,0.923,96.22,98.2,99.0,85.45,90.44,85.9,84.33,9.0,0
STU0089,5,2023-24,CS505,1.015,99.0,99.0,99.0,75.01,72.3,73.48,76.34,8.0,0
STU0089,5,2023-24,CS506,0.997,89.7,89.43,88.31,66.16,63.58,57.32,53.61,6.0,0
STU0089,6,2023-24,CS601,1.179,85.39,90.92,86.98,54.52,55.69,58.55,55.05,6.0,0
STU0089,6,2023-24,CS602,0.783,88.32,89.82,96.67,71.36,70.91,67.54,67.49,7.0,0
STU0089,6,2023-24,CS603,0.768,97.53,97.61,99.0,76.76,77.62,82.7,83.09,9.0,0
STU0089,6,2023-24,CS604,1.02,88.36,86.49,82.94,54.99,60.63,68.76,65.02,7.0,0
STU0089,6,2023-24,CS605,1.047,90.26,95.15,95.63,57.12,53.77,46.87,49.16,5.0,0
STU0089,6,2023-24,CS606,1.042,93.05,90.95,90.44,61.39,65.81,60.51,58.61,6.0,0
STU0089,7,2024-25,CS701,1.106,87.41,85.09,83.92,64.75,70.12,73.41,74.37,8.0,0
STU0089,7,2024-25,CS702,0.998,84.9,81.18,79.2,54.19,51.46,51.0,50.92,6.0,0
STU0089,7,2024-25,CS703,0.926,90.51,89.85,90.6,59.88,63.0,60.59,65.42,7.0,0
STU0089,7,2024-25,CS704,0.973,88.15,90.23,93.07,65.1,73.09,76.07,75.87,8.0,0
STU0089,7,2024-25,CS705,0.936,87.99,93.19,88.33,58.77,57.79,54.04,52.81,6.0,0
STU0089,8,2024-25,CS801,1.049,79.9,76.04,79.3,76.62,77.62,76.24,77.73,8.0,0
STU0089,8,2024-25,CS802,0.688,87.45,83.78,86.56,93.14,90.31,90.13,87.84,9.0,0
STU0089,8,2024-25,CS803,0.955,90.15,90.06,86.8,79.74,80.87,82.18,79.51,8.0,0
STU0089,8,2024-25,CS804,0.694,82.9,79.38,77.23,98.0,98.0,98.0,99.5,10.0,0
STU0090,1,2021-22,EC101,1.007,88.72,83.18,87.89,75.5,76.82,78.68,79.25,8.0,0
STU0090,1,2021-22,EC102,1.267,81.26,75.52,76.77,63.1,65.6,69.56,69.46,7.0,0
STU0090,1,2021-22,MA101,1.052,83.04,89.31,88.01,73.58,77.55,73.36,74.54,8.0,0
STU0090,1,2021-22,PH101,0.98,82.06,90.59,94.91,87.84,90.23,87.12,87.9,9.0,0
STU0090,1,2021-22,EE101,1.07,83.26,83.59,82.2,77.12,74.75,77.92,62.87,7.0,0
STU0090,2,2021-22,EC201,1.131,83.87,79.43,76.56,70.54,76.47,80.37,81.02,9.0,0
STU0090,2,2021-22,EC202,0.81,83.02,83.61,82.41,98.0,97.1,98.0,96.9,10.0,0
STU0090,2,2021-22,MA201,0.897,76.21,75.93,76.09,87.87,83.78,89.07,91.3,10.0,0
STU0090,2,2021-22,CH101,1.22,74.73,80.71,77.95,61.59,62.71,54.34,57.59,6.0,0
STU0090,2,2021-22,ME101,1.021,78.38,81.89,81.42,81.63,84.45,81.62,78.45,8.0,0
STU0090,3,2022-23,EC301,0.948,76.64,75.55,72.41,79.68,84.3,80.96,82.11,9.0,0
STU0090,3,2022-23,EC302,0.783,79.33,76.44,76.64,95.81,98.0,96.41,99.5,10.0,0
STU0090,3,2022-23,EC303,0.749,80.81,81.28,78.0,98.0,98.0,98.0,97.14,10.0,0
STU0090,3,2022-23,MA301,0.947,78.24,78.41,75.14,85.23,77.92,77.63,73.49,8.0,0
STU0090,3,2022-23,CS301,0.994,83.88,84.53,82.42,81.21,68.9,68.6,66.1,7.0,0
STU0090,3,2022-23,EC304,1.059,70.52,68.89,66.64,77.38,73.81,72.82,73.03,8.0,0
STU0090,4,2022-23,EC401,1.007,85.87,94.19,87.92,73.08,72.87,77.88,80.74,9.0,0
STU0090,4,2022-23,EC402,1.125,85.74,90.08,87.98,73.59,74.45,75.38,71.41,8.0,0
STU0090,4,2022-23,EC403,0.788,84.71,84.39,80.46,98.0,94.29,96.88,96.0,10.0,0
STU0090,4,2022-23,EC404,1.094,81.09,75.47,77.36,75.22,76.63,72.66,74.69,8.0,0
STU0090,4,2022-23,MA401,1.068,81.31,82.88,83.38,73.18,66.95,70.65,69.03,7.0,0
STU0090,4,2022-23,EC405,0.922,87.7,86.93,81.91,91.8,92.82,92.73,92.64,10.0,0
STU0090,5,2023-24,EC501,1.137,92.76,91.75,94.11,71.53,74.64,80.36,82.91,9.0,0
STU0090,5,2023-24,EC502,1.05,83.9,84.96,81.3,76.36,77.8,71.36,69.95,7.0,0
STU0090,5,2023-24,EC503,0.911,89.25,88.22,83.24,87.59,88.52,89.08,85.77,9.0,0
STU0090,5,2023-24,EC504,1.071,85.99,85.38,80.98,66.53,84.98,79.79,73.47,8.0,0
STU0090,5,2023-24,EC505,0.954,85.68,82.47,79.59,80.94,82.58,76.28,75.09,8.0,0
STU0090,5,2023-24,EC506,1.0,85.48,83.08,79.49,86.43,75.91,80.53,77.1,8.0,0
STU0090,6,2023-24,EC601,0.875,85.6,84.21,84.3,96.28,98.0,94.55,95.58,10.0,0
STU0090,6,2023-24,EC602,1.122,84.63,86.73,95.06,64.39,66.55,62.01,60.14,7.0,0
STU0090,6,2023-24,EC603,0.943,88.14,95.23,93.14,88.47,84.41,82.43,86.37,9.0,0
STU0090,6,2023-24,EC604,1.115,84.72,82.6,84.24,67.29,65.13,63.32,62.79,7.0,0
STU0090,6,2023-24,EC605,0.93,79.83,85.26,88.13,84.15,80.82,86.24,87.64,9.0,0
STU0090,6,2023-24,EC606,0.922,88.39,88.68,89.15,89.61,91.87,95.71,99.5,10.0,0
STU0090,7,2024-25,EC701,1.143,94.47,89.18,93.39,63.54,64.24,67.49,64.28,7.0,0
STU0090,7,2024-25,EC702,0.924,91.2,98.43,99.0,82.96,76.03,72.11,70.22,8.0,0
STU0090,7,2024-25,EC703,0.933,98.62,93.69,97.49,76.71,76.38,73.24,76.23,8.0,0
STU0090,7,2024-25,EC704,1.173,98.69,99.0,98.06,74.95,70.44,72.46,75.71,8.0,0
STU0090,7,2024-25,EC705,1.11,97.57,99.0,99.0,71.44,77.86,87.12,81.58,9.0,0
STU0090,8,2024-25,EC801,0.922,82.08,83.73,83.15,85.77,82.46,80.63,82.57,9.0,0
STU0090,8,2024-25,EC802,0.96,76.43,84.24,87.53,80.09,84.1,85.98,81.22,9.0,0
STU0090,8,2024-25,EC803,1.018,78.7,79.09,80.51,79.51,75.08,70.8,69.38,7.0,0
STU0090,8,2024-25,EC804,1.176,80.13,82.01,81.81,62.77,63.38,66.94,68.96,7.0,0
STU0091,1,2021-22,AI101,1.196,83.64,87.6,93.69,62.41,62.13,64.06,67.92,7.0,0
STU0091,1,2021-22,AI102,0.981,77.84,79.1,82.34,77.07,79.04,78.87,78.17,8.0,0
STU0091,1,2021-22,MA101,1.152,75.29,75.61,72.17,63.73,64.92,67.19,67.62,7.0,0
STU0091,1,2021-22,PH101,1.167,82.85,79.13,82.75,64.79,60.47,63.76,62.09,7.0,0
STU0091,1,2021-22,EE101,1.112,77.38,76.94,78.45,60.87,63.23,67.88,67.26,7.0,0
STU0091,2,2021-22,AI201,1.343,77.93,79.09,78.15,56.28,60.62,49.79,44.32,5.0,0
STU0091,2,2021-22,AI202,1.038,76.43,79.39,77.58,68.72,68.43,67.22,63.97,7.0,0
STU0091,2,2021-22,MA201,1.094,79.33,75.88,70.51,74.92,70.62,66.3,65.97,7.0,0
STU0091,2,2021-22,CH101,1.006,79.91,83.61,81.99,82.53,81.74,87.04,84.5,9.0,0
STU0091,2,2021-22,ME101,1.063,74.59,71.42,69.82,64.8,69.24,65.31,63.92,7.0,0
STU0091,3,2022-23,AI301,1.032,87.09,87.68,88.27,73.95,78.22,73.06,71.34,8.0,0
STU0091,3,2022-23,AI302,0.874,87.28,88.83,91.34,72.62,70.68,59.96,65.82,7.0,0
STU0091,3,2022-23,AI303,1.015,81.61,81.18,81.12,83.37,82.5,83.34,81.56,9.0,0
STU0091,3,2022-23,MA301,1.253,91.17,84.33,87.31,61.77,58.28,53.81,47.72,5.0,0
STU0091,3,2022-23,CS301,1.077,79.45,80.53,76.72,63.29,63.51,69.14,66.84,7.0,0
STU0091,3,2022-23,AI304,0.993,85.29,85.02,86.1,75.22,67.38,73.25,74.44,8.0,0
STU0091,4,2022-23,AI401,0.956,80.58,75.92,72.99,80.75,73.52,69.15,68.32,7.0,0
STU0091,4,2022-23,AI402,0.706,76.12,71.52,75.66,98.0,98.0,98.0,95.63,10.0,0
STU0091,4,2022-23,AI403,1.042,83.89,84.06,82.82,76.38,78.56,76.89,68.18,7.0,0
STU0091,4,2022-23,AI404,0.893,71.87,71.79,75.9,89.35,87.11,88.29,95.43,10.0,0
STU0091,4,2022-23,MA401,1.062,70.17,70.57,63.79,73.59,70.41,69.75,66.33,7.0,0
STU0091,4,2022-23,AI405,1.181,78.53,76.12,75.49,73.75,69.48,64.48,61.01,7.0,0
STU0091,5,2023-24,AI501,0.933,85.4,86.1,85.99,86.05,89.75,91.22,90.53,10.0,0
STU0091,5,2023-24,AI502,1.115,83.91,80.94,79.51,73.73,69.97,67.26,67.79,7.0,0
STU0091,5,2023-24,AI503,0.993,85.55,87.18,85.52,81.55,82.61,87.19,84.82,9.0,0
STU0091,5,2023-24,AI504,0.982,79.47,84.15,92.18,75.68,77.36,77.87,73.99,8.0,0
STU0091,5,2023-24,AI505,1.15,85.97,78.8,76.29,58.91,59.46,59.99,63.54,7.0,0
STU0091,5,2023-24,AI506,1.22,94.71,91.12,93.29,66.09,63.74,65.03,66.23,7.0,0
STU0091,6,2023-24,AI601,1.028,85.52,81.24,85.27,74.81,75.16,71.35,74.03,8.0,0
STU0091,6,2023-24,AI602,0.864,77.38,74.9,76.11,90.29,90.92,90.15,90.62,10.0,0
STU0091,6,2023-24,AI603,1.343,87.21,85.73,85.37,55.94,56.25,52.15,54.55,6.0,0
STU0091,6,2023-24,AI604,1.036,83.05,86.62,79.96,84.66,93.15,98.0,96.51,10.0,0
STU0091,6,2023-24,AI605,1.029,83.72,85.23,85.3,72.08,69.96,70.33,79.14,8.0,0
STU0091,6,2023-24,AI606,1.157,86.55,85.92,88.1,63.1,62.08,53.29,53.57,6.0,0
STU0091,7,2024-25,AI701,1.054,79.41,77.54,80.43,73.98,69.27,61.34,65.65,7.0,0
STU0091,7,2024-25,AI702,1.015,79.24,79.09,83.35,78.48,85.44,86.1,78.07,8.0,0
STU0091,7,2024-25,AI703,1.152,80.17,78.39,77.5,66.98,61.39,65.34,64.0,7.0,0
STU0091,7,2024-25,AI704,0.896,96.1,92.07,91.76,76.61,82.26,80.99,83.44,9.0,0
STU0091,7,2024-25,AI705,0.887,72.45,69.83,74.54,91.9,84.62,73.74,72.77,8.0,0
STU0091,8,2024-25,AI801,1.129,78.56,84.69,82.32,73.07,70.12,74.55,76.32,8.0,0
STU0091,8,2024-25,AI802,0.796,80.82,75.61,72.42,98.0,92.35,90.68,92.96,10.0,0
STU0091,8,2024-25,AI803,1.05,79.48,82.25,86.82,72.71,74.21,78.55,80.85,9.0,0
STU0091,8,2024-25,AI804,0.981,77.18,80.07,80.81,89.93,90.42,88.74,83.45,9.0,0
STU0092,1,2021-22,DS101,0.78,83.8,86.26,85.41,98.0,98.0,97.84,95.77,10.0,0
STU0092,1,2021-22,DS102,0.946,90.35,90.26,81.35,95.44,97.83,98.0,94.94,10.0,0
STU0092,1,2021-22,MA101,0.91,79.46,81.39,83.56,98.0,96.42,91.56,99.5,10.0,0
STU0092,1,2021-22,PH101,0.803,82.83,81.3,85.5,98.0,97.7,98.0,94.44,10.0,0
STU0092,1,2021-22,EE101,0.967,91.65,92.73,98.8,88.18,81.71,78.63,76.72,8.0,0
STU0092,2,2021-22,DS201,0.859,91.31,88.62,84.79,98.0,98.0,98.0,95.5,10.0,0
STU0092,2,2021-22,DS202,0.929,91.89,94.49,93.69,98.0,88.79,86.22,92.86,10.0,0
STU0092,2,2021-22,MA201,0.998,87.81,89.47,86.12,84.07,97.58,93.72,94.38,10.0,0
STU0092,2,2021-22,CH101,1.021,91.7,88.92,79.89,90.33,90.47,90.93,95.62,10.0,0
STU0092,2,2021-22,ME101,0.966,90.55,87.78,85.69,98.0,94.79,93.08,96.34,10.0,0
STU0092,3,2022-23,DS301,1.098,88.37,90.18,89.1,91.65,90.39,87.82,83.45,9.0,0
STU0092,3,2022-23,DS302,0.99,94.07,86.76,84.62,97.67,98.0,95.35,97.23,10.0,0
STU0092,3,2022-23,DS303,1.034,96.86,95.0,94.02,97.66,93.07,92.77,95.74,10.0,0
STU0092,3,2022-23,MA301,0.92,94.69,94.69,99.0,98.0,98.0,97.25,95.69,10.0,0
STU0092,3,2022-23,CS301,1.027,91.11,94.73,98.85,95.77,93.78,94.8,90.98,10.0,0
STU0092,3,2022-23,DS304,0.909,89.02,86.42,84.27,98.0,96.8,95.93,97.65,10.0,0
STU0092,4,2022-23,DS401,1.071,99.0,94.98,98.47,79.03,83.8,85.52,84.85,9.0,0
STU0092,4,2022-23,DS402,1.025,93.22,91.18,92.71,82.62,84.1,83.54,82.56,9.0,0
STU0092,4,2022-23,DS403,0.941,96.13,99.0,99.0,98.0,98.0,94.45,92.66,10.0,0
STU0092,4,2022-23,DS404,0.999,96.96,95.38,99.0,89.7,84.03,88.7,89.41,9.0,0
STU0092,4,2022-23,MA401,0.966,89.7,93.15,99.0,98.0,95.14,96.21,97.9,10.0,0
STU0092,4,2022-23,DS405,1.06,91.94,90.17,87.55,89.61,89.32,94.51,95.25,10.0,0
STU0092,5,2023-24,DS501,0.783,95.53,95.97,97.42,98.0,98.0,89.65,88.59,9.0,0
STU0092,5,2023-24,DS502,0.942,88.35,87.63,87.82,98.0,98.0,98.0,96.6,10.0,0
STU0092,5,2023-24,DS503,1.178,90.68,90.63,84.37,84.01,88.2,92.26,88.05,9.0,0
STU0092,5,2023-24,DS504,1.113,88.9,84.5,92.05,92.79,95.72,98.0,99.5,10.0,0
STU0092,5,2023-24,DS505,0.942,99.0,99.0,99.0,98.0,93.47,93.56,98.02,10.0,0
STU0092,5,2023-24,DS506,0.907,95.58,97.91,93.32,98.0,97.78,93.19,94.09,10.0,0
STU0092,6,2023-24,DS601,0.893,92.33,92.32,97.63,92.87,90.61,91.3,91.11,10.0,0
STU0092,6,2023-24,DS602,1.013,92.77,93.74,86.88,94.55,94.23,98.0,96.99,10.0,0
STU0092,6,2023-24,DS603,1.124,90.6,90.75,87.24,77.24,73.94,76.18,81.14,9.0,0
STU0092,6,2023-24,DS604,1.054,99.0,99.0,95.73,96.2,98.0,91.73,91.67,10.0,0
STU0092,6,2023-24,DS605,1.096,95.84,98.64,99.0,77.82,80.1,81.06,80.3,9.0,0
STU0092,6,2023-24,DS606,1.1,94.37,98.29,99.0,78.93,79.65,82.72,82.84,9.0,0
STU0092,7,2024-25,DS701,1.171,94.1,95.38,94.72,79.09,74.81,74.01,75.6,8.0,0
STU0092,7,2024-25,DS702,1.013,89.95,85.67,85.24,86.48,86.36,87.62,91.95,10.0,0
STU0092,7,2024-25,DS703,1.112,92.39,99.0,99.0,78.62,77.65,89.25,87.1,9.0,0
STU0092,7,2024-25,DS704,0.964,95.43,92.34,95.95,98.0,98.0,98.0,97.5,10.0,0
STU0092,7,2024-25,DS705,1.113,81.98,84.34,89.07,86.14,84.45,77.74,81.22,9.0,0
STU0092,8,2024-25,DS801,0.969,91.55,95.81,99.0,93.97,95.46,97.67,96.36,10.0,0
STU0092,8,2024-25,DS802,1.089,86.7,90.77,87.52,87.48,91.77,85.04,86.23,9.0,0
STU0092,8,2024-25,DS803,1.195,90.04,90.53,89.03,78.41,77.17,79.66,82.15,9.0,0
STU0092,8,2024-25,DS804,1.043,93.65,95.33,94.33,77.85,76.12,75.74,77.67,8.0,0
STU0093,1,2021-22,CS101,0.781,83.77,79.42,81.25,98.0,91.31,96.3,96.47,10.0,0
STU0093,1,2021-22,CS102,1.138,84.26,89.95,92.45,67.98,65.96,63.39,56.86,6.0,0
STU0093,1,2021-22,MA101,1.117,85.89,91.26,85.88,70.56,66.54,73.64,78.17,8.0,0
STU0093,1,2021-22,PH101,0.854,85.64,88.17,88.01,98.0,87.25,78.82,79.39,8.0,0
STU0093,1,2021-22,EE101,0.864,87.71,82.36,84.83,98.0,98.0,94.62,99.5,10.0,0
STU0093,2,2021-22,CS201,0.895,90.83,91.52,91.2,98.0,98.0,94.41,92.88,10.0,0
STU0093,2,2021-22,CS202,1.056,87.27,89.93,92.95,95.62,93.89,98.0,99.5,10.0,0
STU0093,2,2021-22,MA201,1.035,85.64,87.05,80.84,89.0,94.99,93.2,87.5,9.0,0
STU0093,2,2021-22,CH101,0.842,84.98,86.16,83.23,98.0,94.73,98.0,99.5,10.0,0
STU0093,2,2021-22,ME101,1.063,87.28,91.23,86.45,84.32,74.9,77.0,67.87,7.0,0
STU0093,3,2022-23,CS301,0.992,91.05,90.19,91.33,88.43,90.87,91.08,89.14,9.0,0
STU0093,3,2022-23,CS302,0.89,88.84,93.29,92.49,95.07,93.91,91.39,89.39,9.0,0
STU0093,3,2022-23,CS303,0.827,87.02,87.84,84.06,98.0,93.73,87.49,84.63,9.0,0
STU0093,3,2022-23,MA301,0.976,82.63,82.15,79.68,85.2,86.89,84.01,82.6,9.0,0
STU0093,3,2022-23,EC301,1.156,84.32,89.8,88.58,70.21,67.71,68.02,71.79,8.0,0
STU0093,3,2022-23,CS304,1.096,88.25,92.66,86.08,81.28,82.68,84.13,79.3,8.0,0
STU0093,4,2022-23,CS401,1.134,96.08,93.76,89.17,80.83,92.6,97.58,95.33,10.0,0
STU0093,4,2022-23,CS402,1.343,91.17,88.4,95.17,60.43,57.64,60.91,60.83,7.0,0
STU0093,4,2022-23,CS403,1.004,88.57,92.48,84.34,88.06,86.75,83.37,81.1,9.0,0
STU0093,4,2022-23,CS404,0.684,85.23,89.74,92.66,98.0,91.65,95.35,99.28,10.0,0
STU0093,4,2022-23,MA401,1.124,84.55,81.52,87.31,71.37,73.52,65.52,64.62,7.0,0
STU0093,4,2022-23,CS405,1.07,88.3,90.13,85.84,77.21,79.38,82.52,83.18,9.0,0
STU0093,5,2023-24,CS501,0.944,91.24,95.73,97.95,97.64,98.0,98.0,93.45,10.0,0
STU0093,5,2023-24,CS502,1.119,80.48,83.14,77.49,90.99,89.75,84.76,82.7,9.0,0
STU0093,5,2023-24,CS503,0.96,83.92,88.54,88.78,85.97,80.44,92.85,93.25,10.0,0
STU0093,5,2023-24,CS504,1.114,82.71,79.2,77.51,84.04,81.97,90.6,88.75,9.0,0
STU0093,5,2023-24,CS505,0.873,87.18,90.45,90.55,98.0,89.45,94.94,99.5,10.0,0
STU0093,5,2023-24,CS506,0.947,86.72,87.28,86.71,95.05,89.76,83.92,79.42,8.0,0
STU0093,6,2023-24,CS601,1.048,84.32,84.06,82.87,95.65,93.51,97.3,93.11,10.0,0
STU0093,6,2023-24,CS602,1.162,90.49,88.43,86.32,85.08,89.26,88.2,85.62,9.0,0
STU0093,6,2023-24,CS603,1.129,85.29,86.46,84.47,80.35,88.92,88.58,92.89,10.0,0
STU0093,6,2023-24,CS604,0.817,80.24,82.28,79.59,98.0,88.46,79.32,79.36,8.0,0
STU0093,6,2023-24,CS605,0.942,85.83,91.67,93.34,98.0,98.0,98.0,99.5,10.0,0
STU0093,6,2023-24,CS606,0.939,86.48,85.24,89.0,98.0,93.86,88.07,84.31,9.0,0
STU0093,7,2024-25,CS701,0.855,90.56,85.2,86.62,98.0,98.0,98.0,98.68,10.0,0
STU0093,7,2024-25,CS702,0.823,87.81,88.98,88.84,97.76,98.0,98.0,94.33,10.0,0
STU0093,7,2024-25,CS703,0.879,82.96,88.52,88.09,98.0,95.62,98.0,99.5,10.0,0
STU0093,7,2024-25,CS704,0.818,85.67,84.92,81.58,98.0,96.69,92.15,93.03,10.0,0
STU0093,7,2024-25,CS705,1.032,88.14,86.51,78.98,81.07,76.33,75.57,77.29,8.0,0
STU0093,8,2024-25,CS801,1.015,86.9,91.94,92.71,92.48,92.29,93.85,96.07,10.0,0
STU0093,8,2024-25,CS802,1.204,92.6,89.93,84.67,73.26,74.34,79.41,78.68,8.0,0
STU0093,8,2024-25,CS803,0.885,80.34,85.89,84.19,98.0,97.88,97.9,99.5,10.0,0
STU0093,8,2024-25,CS804,0.857,90.85,95.46,95.79,98.0,98.0,95.3,91.13,10.0,0
STU0094,1,2021-22,EC101,1.057,91.74,88.74,87.12,89.08,98.0,95.95,99.31,10.0,0
STU0094,1,2021-22,EC102,1.004,72.67,70.91,73.99,92.57,94.88,98.0,99.5,10.0,0
STU0094,1,2021-22,MA101,0.924,88.19,89.9,93.3,98.0,94.36,96.78,98.49,10.0,0
STU0094,1,2021-22,PH101,0.936,79.18,77.58,73.46,98.0,98.0,88.98,89.91,9.0,0
STU0094,1,2021-22,EE101,1.049,81.65,82.87,86.96,93.13,98.0,98.0,99.5,10.0,0
STU0094,2,2021-22,EC201,1.21,93.97,99.0,95.09,81.27,92.39,84.2,81.89,9.0,0
STU0094,2,2021-22,EC202,1.261,91.71,91.34,94.54,83.99,82.32,74.94,72.16,8.0,0
STU0094,2,2021-22,MA201,0.933,87.44,84.43,84.46,98.0,98.0,96.18,91.6,10.0,0
STU0094,2,2021-22,CH101,1.141,99.0,97.84,98.74,92.41,90.72,98.0,93.19,10.0,0
STU0094,2,2021-22,ME101,0.986,88.88,84.92,82.16,98.0,98.0,98.0,93.58,10.0,0
STU0094,3,2022-23,EC301,0.93,89.39,95.22,94.25,98.0,98.0,98.0,96.63,10.0,0
STU0094,3,2022-23,EC302,0.952,91.36,89.42,86.44,98.0,94.38,92.43,91.61,10.0,0
STU0094,3,2022-23,EC303,0.933,89.24,87.73,94.88,98.0,96.09,94.03,93.36,10.0,0
STU0094,3,2022-23,MA301,1.029,89.85,89.91,92.68,90.93,88.26,81.77,80.57,9.0,0
STU0094,3,2022-23,CS301,1.004,90.44,94.83,91.77,89.41,89.81,88.99,91.55,10.0,0
STU0094,3,2022-23,EC304,1.01,95.38,94.89,93.09,98.0,98.0,94.79,96.42,10.0,0
STU0094,4,2022-23,EC401,1.134,96.3,94.27,95.98,86.76,84.74,84.19,86.09,9.0,0
STU0094,4,2022-23,EC402,1.129,93.5,94.67,92.11,84.71,87.18,86.95,91.21,10.0,0
STU0094,4,2022-23,EC403,1.158,89.46,89.79,87.01,84.14,88.41,85.96,84.86,9.0,0
STU0094,4,2022-23,EC404,0.86,88.21,90.36,89.52,98.0,98.0,97.77,99.5,10.0,0
STU0094,4,2022-23,MA401,0.984,86.48,89.86,86.46,93.12,88.44,85.69,80.02,9.0,0
STU0094,4,2022-23,EC405,0.793,93.59,92.99,92.41,98.0,98.0,94.31,96.0,10.0,0
STU0094,5,2023-24,EC501,1.073,87.98,84.31,80.92,93.32,97.89,98.0,99.5,10.0,0
STU0094,5,2023-24,EC502,1.148,86.85,87.42,89.76,79.26,83.92,90.05,87.84,9.0,0
STU0094,5,2023-24,EC503,1.344,90.92,90.39,83.12,72.12,74.02,75.4,71.47,8.0,0
STU0094,5,2023-24,EC504,0.921,90.47,92.54,95.84,98.0,97.86,98.0,98.28,10.0,0
STU0094,5,2023-24,EC505,0.816,93.83,97.05,98.54,98.0,98.0,96.03,98.52,10.0,0
STU0094,5,2023-24,EC506,1.066,86.39,90.07,85.9,91.85,98.0,98.0,99.5,10.0,0
STU0094,6,2023-24,EC601,0.854,89.93,92.29,88.46,98.0,98.0,98.0,99.5,10.0,0
STU0094,6,2023-24,EC602,0.967,89.57,92.48,94.47,98.0,97.87,95.05,91.58,10.0,0
STU0094,6,2023-24,EC603,0.984,96.65,94.13,89.11,94.06,96.45,98.0,99.5,10.0,0
STU0094,6,2023-24,EC604,1.127,91.75,94.02,91.4,89.9,89.41,93.24,94.5,10.0,0
STU0094,6,2023-24,EC605,0.943,86.15,84.4,85.05,98.0,97.31,98.0,99.5,10.0,0
STU0094,6,2023-24,EC606,1.057,96.01,91.58,96.12,85.38,85.43,81.77,83.99,9.0,0
STU0094,7,2024-25,EC701,0.921,82.42,80.43,78.06,98.0,97.62,98.0,98.69,10.0,0
STU0094,7,2024-25,EC702,1.106,87.64,84.5,82.68,88.65,80.65,82.84,82.31,9.0,0
STU0094,7,2024-25,EC703,0.911,84.26,89.93,83.9,95.52,86.8,84.83,82.96,9.0,0
STU0094,7,2024-25,EC704,1.019,83.41,84.99,82.23,98.0,98.0,98.0,99.5,10.0,0
STU0094,7,2024-25,EC705,0.874,84.34,83.63,81.97,98.0,98.0,97.74,98.63,10.0,0
STU0094,8,2024-25,EC801,0.887,91.93,98.96,99.0,98.0,98.0,98.0,99.5,10.0,0
STU0094,8,2024-25,EC802,0.862,86.19,85.06,87.11,98.0,93.5,95.28,93.19,10.0,0
STU0094,8,2024-25,EC803,0.996,85.43,91.33,92.45,92.11,95.37,91.39,82.7,9.0,0
STU0094,8,2024-25,EC804,1.076,87.5,89.13,91.9,82.81,84.18,73.68,71.79,8.0,0
STU0095,1,2021-22,AI101,0.854,75.92,73.77,78.16,71.22,78.07,85.73,89.55,9.0,0
STU0095,1,2021-22,AI102,0.939,68.84,73.29,73.23,65.45,70.62,65.57,67.34,7.0,0
STU0095,1,2021-22,MA101,0.941,76.49,77.84,80.92,62.19,58.99,59.0,57.26,6.0,0
STU0095,1,2021-22,PH101,0.924,70.51,72.72,79.56,69.41,72.56,75.61,72.87,8.0,0
STU0095,1,2021-22,EE101,1.083,66.1,67.41,69.98,59.93,62.86,57.25,46.33,5.0,0
STU0095,2,2021-22,AI201,1.222,79.67,73.98,73.25,56.27,53.2,58.23,58.76,6.0,0
STU0095,2,2021-22,AI202,1.078,87.28,80.85,83.99,56.24,51.97,51.52,56.59,6.0,0
STU0095,2,2021-22,MA201,1.16,71.84,69.15,72.45,52.57,52.49,45.43,43.2,5.0,0
STU0095,2,2021-22,CH101,0.837,73.23,68.83,65.58,69.21,65.43,70.02,67.3,7.0,0
STU0095,2,2021-22,ME101,1.171,77.91,79.45,81.1,47.7,46.22,43.96,45.08,5.0,0
STU0095,3,2022-23,AI301,1.014,76.99,83.46,83.7,55.16,57.09,52.82,47.64,5.0,0
STU0095,3,2022-23,AI302,0.963,79.92,84.23,77.66,61.41,51.57,53.64,54.84,6.0,0
STU0095,3,2022-23,AI303,0.793,79.63,85.73,85.51,71.19,77.84,72.77,69.47,7.0,0
STU0095,3,2022-23,MA301,0.899,75.78,75.9,73.96,60.66,58.23,56.02,53.71,6.0,0
STU0095,3,2022-23,CS301,0.909,67.62,66.84,60.0,65.27,62.75,62.21,61.09,7.0,0
STU0095,3,2022-23,AI304,0.971,80.68,75.95,70.27,58.18,55.95,57.57,59.72,6.0,0
STU0095,4,2022-23,AI401,0.877,81.33,77.0,77.47,59.15,54.19,48.08,50.33,6.0,0
STU0095,4,2022-23,AI402,0.946,85.08,83.18,87.74,50.24,56.86,57.65,58.85,6.0,0
STU0095,4,2022-23,AI403,0.88,83.95,86.62,85.49,48.44,43.43,38.42,39.77,0.0,1
STU0095,4,2022-23,AI404,0.944,79.25,77.27,82.41,55.29,56.18,53.39,53.3,6.0,0
STU0095,4,2022-23,MA401,0.883,82.41,78.4,81.0,55.21,59.48,68.06,68.06,7.0,0
STU0095,4,2022-23,AI405,1.157,84.04,79.03,79.41,47.43,50.12,50.92,51.41,6.0,0
STU0095,5,2023-24,AI501,0.853,78.21,73.12,71.38,63.2,60.25,55.52,56.32,6.0,0
STU0095,5,2023-24,AI502,0.962,77.47,72.55,71.5,64.4,69.63,71.31,70.42,8.0,0
STU0095,5,2023-24,AI503,1.067,76.48,75.44,72.84,57.43,60.94,60.78,65.98,7.0,0
STU0095,5,2023-24,AI504,1.05,80.58,81.45,77.03,49.3,49.06,48.85,50.62,6.0,0
STU0095,5,2023-24,AI505,0.92,79.44,79.75,80.19,61.44,55.12,44.94,42.12,5.0,0
STU0095,5,2023-24,AI506,0.936,74.44,74.24,78.06,63.91,66.01,70.44,67.67,7.0,0
STU0095,6,2023-24,AI601,0.943,79.4,85.92,86.25,66.7,58.5,55.66,56.89,6.0,0
STU0095,6,2023-24,AI602,1.011,72.86,72.05,80.71,55.22,57.94,55.04,55.77,6.0,0
STU0095,6,2023-24,AI603,0.999,85.56,89.36,90.79,55.02,47.47,39.76,40.0,5.0,0
STU0095,6,2023-24,AI604,1.105,86.41,83.29,78.01,54.07,50.4,43.31,41.82,5.0,0
STU0095,6,2023-24,AI605,0.939,86.36,89.39,86.81,65.15,65.71,70.48,74.46,8.0,0
STU0095,6,2023-24,AI606,0.968,83.37,81.94,85.2,56.82,61.14,68.0,69.64,7.0,0
STU0095,7,2024-25,AI701,0.645,75.46,78.73,82.12,83.19,83.93,83.08,85.15,9.0,0
STU0095,7,2024-25,AI702,1.265,81.15,78.8,78.53,51.31,44.97,42.2,44.33,5.0,0
STU0095,7,2024-25,AI703,1.155,80.75,78.63,80.5,50.58,52.16,51.72,51.88,6.0,0
STU0095,7,2024-25,AI704,0.891,88.23,88.78,90.7,61.8,65.61,59.76,54.53,6.0,0
STU0095,7,2024-25,AI705,0.996,86.53,90.76,87.93,58.83,55.97,57.89,59.4,6.0,0
STU0095,8,2024-25,AI801,0.848,72.06,68.44,64.56,72.25,68.12,78.28,76.68,8.0,0
STU0095,8,2024-25,AI802,0.968,73.55,68.27,70.05,63.84,62.27,63.51,64.79,7.0,0
STU0095,8,2024-25,AI803,1.172,82.36,78.64,74.1,51.8,42.45,45.37,45.71,5.0,0
STU0095,8,2024-25,AI804,1.044,71.14,72.04,73.69,58.58,52.53,53.31,58.87,6.0,0
STU0096,1,2021-22,DS101,1.187,84.68,87.8,85.94,69.42,73.01,71.16,70.36,8.0,0
STU0096,1,2021-22,DS102,1.117,80.24,78.7,80.87,66.45,67.06,57.87,55.31,6.0,0
STU0096,1,2021-22,MA101,1.082,84.66,80.1,83.82,72.82,67.92,68.55,65.38,7.0,0
STU0096,1,2021-22,PH101,0.982,88.37,85.54,88.14,81.87,83.06,84.92,80.56,9.0,0
STU0096,1,2021-22,EE101,1.163,87.3,84.03,84.54,69.02,71.33,66.45,68.72,7.0,0
STU0096,2,2021-22,DS201,0.904,92.94,93.58,97.74,75.38,69.07,67.99,72.4,8.0,0
STU0096,2,2021-22,DS202,1.236,85.2,85.39,85.93,64.35,68.33,63.31,63.51,7.0,0
STU0096,2,2021-22,MA201,0.759,92.0,90.82,86.6,98.0,96.34,98.0,95.32,10.0,0
STU0096,2,2021-22,CH101,1.267,92.18,96.68,93.08,68.2,62.74,61.8,65.71,7.0,0
STU0096,2,2021-22,ME101,1.061,83.8,87.78,88.97,68.68,61.74,63.7,63.21,7.0,0
STU0096,3,2022-23,DS301,0.95,84.42,90.99,90.27,86.94,90.48,91.53,88.5,9.0,0
STU0096,3,2022-23,DS302,0.884,84.97,83.13,80.97,84.79,84.06,88.11,86.59,9.0,0
STU0096,3,2022-23,DS303,1.096,84.26,78.4,79.43,55.74,51.71,53.79,53.76,6.0,0
STU0096,3,2022-23,MA301,0.788,78.02,68.89,64.19,98.0,95.49,96.26,96.3,10.0,0
STU0096,3,2022-23,CS301,1.004,86.59,85.88,89.07,63.03,68.04,62.23,59.01,6.0,0
STU0096,3,2022-23,DS304,0.915,86.83,83.72,81.43,77.9,79.05,82.4,87.51,9.0,0
STU0096,4,2022-23,DS401,1.044,84.34,91.02,91.77,77.54,79.28,76.42,69.4,7.0,0
STU0096,4,2022-23,DS402,1.069,94.58,96.52,96.5,77.22,77.99,78.63,78.45,8.0,0
STU0096,4,2022-23,DS403,1.003,95.43,97.08,97.45,85.49,88.46,92.72,90.45,10.0,0
STU0096,4,2022-23,DS404,0.942,85.95,88.63,91.15,81.13,82.88,89.06,79.35,8.0,0
STU0096,4,2022-23,MA401,1.038,91.59,86.57,80.64,71.08,73.44,70.83,68.97,7.0,0
STU0096,4,2022-23,DS405,1.209,90.96,88.4,83.55,77.59,78.66,76.7,77.29,8.0,0
STU0096,5,2023-24,DS501,0.797,87.17,83.48,83.2,88.11,85.42,82.94,83.72,9.0,0
STU0096,5,2023-24,DS502,0.954,84.72,86.17,93.47,75.77,81.63,74.67,72.38,8.0,0
STU0096,5,2023-24,DS503,1.155,89.66,87.14,90.07,58.87,59.16,63.37,64.47,7.0,0
STU0096,5,2023-24,DS504,1.301,86.52,88.95,92.03,55.77,51.57,56.8,55.28,6.0,0
STU0096,5,2023-24,DS505,1.077,90.49,90.93,95.65,70.37,73.2,75.02,75.25,8.0,0
STU0096,5,2023-24,DS506,0.954,88.7,90.86,92.51,80.53,97.52,95.27,90.51,10.0,0
STU0096,6,2023-24,DS601,1.053,85.18,87.74,85.05,73.2,66.66,66.63,64.2,7.0,0
STU0096,6,2023-24,DS602,0.957,77.98,80.98,79.64,76.81,78.69,75.4,73.92,8.0,0
STU0096,6,2023-24,DS603,0.788,84.89,90.29,91.24,86.42,88.33,94.09,91.06,10.0,0
STU0096,6,2023-24,DS604,0.974,85.45,85.87,86.27,79.14,78.57,84.13,78.36,8.0,0
STU0096,6,2023-24,DS605,0.862,92.13,90.46,92.41,85.21,89.46,91.32,99.24,10.0,0
STU0096,6,2023-24,DS606,0.997,84.52,88.99,91.37,70.19,74.12,75.03,75.29,8.0,0
STU0096,7,2024-25,DS701,1.023,88.63,95.94,95.8,81.53,79.0,75.2,78.11,8.0,0
STU0096,7,2024-25,DS702,0.97,81.93,81.21,82.99,75.48,71.79,72.66,76.44,8.0,0
STU0096,7,2024-25,DS703,1.037,95.48,92.54,96.2,69.22,67.78,71.19,72.25,8.0,0
STU0096,7,2024-25,DS704,0.888,91.81,84.21,80.01,94.92,94.15,97.39,99.45,10.0,0
STU0096,7,2024-25,DS705,0.959,90.16,86.05,86.51,77.4,86.81,83.66,85.2,9.0,0
STU0096,8,2024-25,DS801,0.837,89.17,91.24,92.06,91.38,87.65,86.09,86.03,9.0,0
STU0096,8,2024-25,DS802,1.094,95.28,88.78,87.66,64.76,61.28,62.48,62.58,7.0,0
STU0096,8,2024-25,DS803,0.865,85.01,86.63,82.81,82.53,86.69,87.46,92.11,10.0,0
STU0096,8,2024-25,DS804,0.987,98.63,97.98,99.0,71.2,68.27,75.88,73.8,8.0,0
STU0097,1,2021-22,CS101,1.135,41.55,47.29,56.06,39.68,45.54,52.09,51.99,6.0,0
STU0097,1,2021-22,CS102,1.009,41.73,49.64,57.05,50.61,57.6,63.08,63.38,7.0,0
STU0097,1,2021-22,MA101,0.976,40.28,46.34,53.63,48.22,53.27,61.82,56.25,6.0,0
STU0097,1,2021-22,PH101,1.362,45.96,53.07,58.28,33.83,39.75,46.23,41.7,5.0,0
STU0097,1,2021-22,EE101,0.966,40.27,46.41,54.08,56.55,63.34,72.28,77.0,8.0,0
STU0097,2,2021-22,CS201,0.905,65.91,72.3,81.71,67.44,74.69,82.71,82.21,9.0,0
STU0097,2,2021-22,CS202,0.855,63.74,71.65,76.48,73.68,82.14,91.26,91.51,10.0,0
STU0097,2,2021-22,MA201,1.068,60.9,69.16,78.75,55.59,64.27,69.71,70.87,8.0,0
STU0097,2,2021-22,CH101,0.91,62.6,68.24,76.34,61.5,69.1,78.78,77.18,8.0,0
STU0097,2,2021-22,ME101,1.149,66.49,73.06,81.96,57.46,64.73,70.09,67.43,7.0,0
STU0097,3,2022-23,CS301,0.978,58.95,67.6,75.4,66.92,72.8,80.6,91.25,10.0,0
STU0097,3,2022-23,CS302,0.995,64.83,73.31,78.37,56.87,62.34,69.22,65.69,7.0,0
STU0097,3,2022-23,CS303,0.851,58.6,66.78,74.9,77.9,82.74,90.73,92.46,10.0,0
STU0097,3,2022-23,MA301,1.097,58.82,66.27,72.77,53.06,59.62,67.9,76.92,8.0,0
STU0097,3,2022-23,EC301,1.28,61.31,67.45,72.12,52.09,58.06,64.35,67.6,7.0,0
STU0097,3,2022-23,CS304,1.056,60.87,65.29,71.56,56.67,65.19,71.9,75.29,8.0,0
STU0097,4,2022-23,CS401,0.828,66.07,74.35,82.5,82.63,91.12,97.99,96.24,10.0,0
STU0097,4,2022-23,CS402,0.887,65.16,71.11,75.4,66.05,73.23,81.26,80.08,9.0,0
STU0097,4,2022-23,CS403,1.147,70.15,76.92,81.65,58.28,65.6,72.0,64.63,7.0,0
STU0097,4,2022-23,CS404,0.96,70.31,74.89,83.77,73.26,81.99,86.18,85.51,9.0,0
STU0097,4,2022-23,MA401,1.091,69.26,73.77,82.4,63.66,68.79,76.86,76.51,8.0,0
STU0097,4,2022-23,CS405,1.032,66.17,71.0,77.31,60.72,68.54,74.26,80.5,9.0,0
STU0097,5,2023-24,CS501,1.096,65.72,70.4,79.95,57.71,65.79,71.85,73.75,8.0,0
STU0097,5,2023-24,CS502,0.876,64.36,69.83,74.82,84.07,91.17,98.0,99.5,10.0,0
STU0097,5,2023-24,CS503,1.004,62.48,69.22,76.29,72.4,79.97,84.49,86.22,9.0,0
STU0097,5,2023-24,CS504,0.883,67.47,75.72,83.86,85.26,91.3,97.88,95.03,10.0,0
STU0097,5,2023-24,CS505,0.951,65.32,73.49,78.18,76.72,82.57,90.92,96.52,10.0,0
STU0097,5,2023-24,CS506,0.907,61.39,65.63,71.57,74.17,82.12,88.41,87.99,9.0,0
STU0097,6,2023-24,CS601,1.044,72.98,79.0,84.68,56.71,65.24,70.34,65.82,7.0,0
STU0097,6,2023-24,CS602,1.041,70.47,74.78,79.71,68.7,73.22,80.77,89.62,9.0,0
STU0097,6,2023-24,CS603,0.964,72.18,79.43,85.35,70.64,77.59,86.03,84.16,9.0,0
STU0097,6,2023-24,CS604,0.756,68.88,75.89,81.19,95.0,98.0,98.0,92.87,10.0,0
STU0097,6,2023-24,CS605,0.991,70.86,77.93,82.31,69.53,77.4,84.08,82.62,9.0,0
STU0097,6,2023-24,CS606,1.26,67.94,71.96,81.1,54.32,63.26,67.99,67.92,7.0,0
STU0097,7,2024-25,CS701,1.116,70.22,76.41,83.21,65.15,71.98,78.89,77.79,8.0,0
STU0097,7,2024-25,CS702,1.088,68.27,73.0,79.62,63.59,69.03,78.95,76.85,8.0,0
STU0097,7,2024-25,CS703,0.984,70.46,76.07,83.66,69.46,75.21,84.21,82.66,9.0,0
STU0097,7,2024-25,CS704,1.053,69.89,75.32,83.95,67.28,71.33,80.87,81.28,9.0,0
STU0097,7,2024-25,CS705,1.132,71.4,75.56,85.56,58.42,62.51,70.35,73.91,8.0,0
STU0097,8,2024-25,CS801,1.144,69.16,73.8,81.88,56.85,65.07,70.28,75.79,8.0,0
STU0097,8,2024-25,CS802,0.849,64.18,71.32,75.89,85.32,93.66,98.0,98.34,10.0,0
STU0097,8,2024-25,CS803,1.184,68.77,77.63,83.75,57.8,63.55,68.83,70.67,8.0,0
STU0097,8,2024-25,CS804,0.799,66.75,71.71,80.57,86.26,92.17,98.0,92.64,10.0,0
STU0098,1,2021-22,EC101,0.95,47.5,52.73,61.26,47.18,55.4,65.19,70.81,8.0,0
STU0098,1,2021-22,EC102,1.087,47.72,54.76,60.86,37.67,45.3,54.25,56.1,6.0,0
STU0098,1,2021-22,MA101,0.903,44.31,53.0,59.65,43.29,48.37,57.73,53.76,6.0,0
STU0098,1,2021-22,PH101,1.024,49.22,54.98,60.6,39.16,44.55,50.43,54.67,6.0,0
STU0098,1,2021-22,EE101,0.928,47.51,55.72,61.93,44.57,50.3,59.54,61.29,7.0,0
STU0098,2,2021-22,EC201,1.15,66.65,71.26,78.57,40.21,44.84,50.99,48.04,5.0,0
STU0098,2,2021-22,EC202,1.297,68.92,76.88,84.01,36.97,44.16,49.83,51.22,6.0,0
STU0098,2,2021-22,MA201,1.14,65.02,69.82,76.1,43.23,49.21,58.57,57.6,6.0,0
STU0098,2,2021-22,CH101,0.769,65.83,69.93,76.15,68.04,75.04,82.54,78.62,8.0,0
STU0098,2,2021-22,ME101,1.058,68.7,77.35,87.2,51.79,57.0,63.21,59.1,6.0,0
STU0098,3,2022-23,EC301,1.045,75.89,80.06,88.55,55.36,64.25,71.09,68.98,7.0,0
STU0098,3,2022-23,EC302,0.805,79.75,84.3,89.6,75.0,82.03,89.53,94.83,10.0,0
STU0098,3,2022-23,EC303,1.17,73.75,79.1,83.88,45.71,51.83,55.99,55.06,6.0,0
STU0098,3,2022-23,MA301,1.055,76.44,81.02,88.34,50.49,55.78,62.47,70.24,8.0,0
STU0098,3,2022-23,CS301,0.965,78.35,85.24,91.45,52.85,58.01,65.69,62.31,7.0,0
STU0098,3,2022-23,EC304,0.837,76.1,80.69,89.34,64.0,70.8,77.11,78.71,8.0,0
STU0098,4,2022-23,EC401,0.778,77.55,85.77,93.89,75.29,83.53,91.91,92.17,10.0,0
STU0098,4,2022-23,EC402,1.066,80.34,87.74,92.16,61.24,66.08,72.48,63.46,7.0,0
STU0098,4,2022-23,EC403,0.866,78.01,86.07,95.68,68.51,75.57,82.65,84.35,9.0,0
STU0098,4,2022-23,EC404,1.018,78.61,83.9,91.71,58.3,64.82,73.22,83.43,9.0,0
STU0098,4,2022-23,MA401,1.035,80.03,86.8,93.35,58.61,64.81,72.62,70.65,8.0,0
STU0098,4,2022-23,EC405,0.866,81.05,89.05,98.71,64.7,69.16,75.56,75.11,8.0,0
STU0098,5,2023-24,EC501,1.0,79.69,84.18,90.86,60.99,65.58,72.94,75.1,8.0,0
STU0098,5,2023-24,EC502,0.976,77.52,84.59,93.46,57.22,61.82,68.42,62.64,7.0,0
STU0098,5,2023-24,EC503,0.866,79.7,85.69,94.92,56.26,64.95,70.4,69.43,7.0,0
STU0098,5,2023-24,EC504,0.904,75.66,81.12,85.57,60.33,66.92,72.88,78.07,8.0,0
STU0098,5,2023-24,EC505,1.105,76.58,83.52,89.76,51.17,55.58,62.15,62.82,7.0,0
STU0098,5,2023-24,EC506,1.063,77.02,84.13,91.48,51.76,60.2,68.33,68.76,7.0,0
STU0098,6,2023-24,EC601,0.902,74.74,80.04,86.79,63.37,69.57,76.7,77.98,8.0,0
STU0098,6,2023-24,EC602,1.063,72.51,79.37,87.07,60.95,65.98,72.83,71.21,8.0,0
STU0098,6,2023-24,EC603,1.113,76.88,81.79,87.52,54.67,63.28,68.05,70.13,8.0,0
STU0098,6,2023-24,EC604,1.09,71.95,77.4,82.17,51.23,55.45,60.63,61.83,7.0,0
STU0098,6,2023-24,EC605,0.973,78.18,84.4,92.03,47.73,56.39,61.75,67.47,7.0,0
STU0098,6,2023-24,EC606,0.845,72.19,77.07,85.54,64.08,70.87,79.46,77.27,8.0,0
STU0098,7,2024-25,EC701,1.1,78.66,86.22,91.83,49.27,57.23,63.38,58.64,6.0,0
STU0098,7,2024-25,EC702,0.912,82.87,88.97,93.07,68.17,76.97,81.44,80.43,9.0,0
STU0098,7,2024-25,EC703,0.994,82.53,87.11,93.83,48.91,55.81,64.73,66.89,7.0,0
STU0098,7,2024-25,EC704,0.903,79.96,86.21,95.83,66.03,70.09,79.28,82.76,9.0,0
STU0098,7,2024-25,EC705,0.921,81.68,85.94,90.25,64.51,71.85,76.97,80.53,9.0,0
STU0098,8,2024-25,EC801,0.906,73.49,78.82,86.3,62.38,69.61,74.41,71.81,8.0,0
STU0098,8,2024-25,EC802,0.852,69.25,77.52,81.96,70.34,74.79,81.29,84.17,9.0,0
STU0098,8,2024-25,EC803,1.06,74.19,81.82,89.52,49.05,56.87,65.98,68.24,7.0,0
STU0098,8,2024-25,EC804,0.735,69.3,74.15,78.37,78.53,83.42,91.52,93.58,10.0,0
STU0099,1,2021-22,AI101,0.991,99.0,98.86,98.26,86.06,93.18,94.03,92.43,10.0,0
STU0099,1,2021-22,AI102,0.886,96.38,99.0,99.0,96.74,98.0,95.6,98.74,10.0,0
STU0099,1,2021-22,MA101,1.136,98.65,94.51,89.44,73.76,71.58,73.07,72.24,8.0,0
STU0099,1,2021-22,PH101,0.867,99.0,95.31,92.98,93.93,94.57,87.51,89.97,9.0,0
STU0099,1,2021-22,EE101,1.08,99.0,99.0,98.66,70.82,65.09,64.26,60.31,7.0,0
STU0099,2,2021-22,AI201,1.147,98.88,99.0,95.58,73.99,75.95,67.25,71.09,8.0,0
STU0099,2,2021-22,AI202,1.105,94.54,97.82,96.36,70.24,71.82,76.26,80.84,9.0,0
STU0099,2,2021-22,MA201,1.211,91.35,85.23,83.72,62.54,73.65,74.91,74.28,8.0,0
STU0099,2,2021-22,CH101,0.935,98.51,91.1,94.25,93.84,86.12,88.75,90.09,10.0,0
STU0099,2,2021-22,ME101,1.064,99.0,95.28,94.8,80.67,73.07,73.57,75.29,8.0,0
STU0099,3,2022-23,AI301,1.005,98.13,96.63,99.0,76.68,72.83,67.14,69.8,7.0,0
STU0099,3,2022-23,AI302,0.826,96.52,94.0,93.44,93.74,98.0,94.72,94.45,10.0,0
STU0099,3,2022-23,AI303,1.129,99.0,98.96,99.0,63.13,57.99,50.84,51.46,6.0,0
STU0099,3,2022-23,MA301,1.11,99.0,99.0,99.0,70.65,70.36,77.0,74.9,8.0,0
STU0099,3,2022-23,CS301,0.859,97.64,96.05,96.22,86.18,87.84,85.28,88.97,9.0,0
STU0099,3,2022-23,AI304,0.857,98.44,97.27,98.08,95.27,96.46,95.88,97.96,10.0,0
STU0099,4,2022-23,AI401,1.047,99.0,93.25,92.02,79.52,78.21,76.91,85.23,9.0,0
STU0099,4,2022-23,AI402,1.048,99.0,98.64,94.56,79.09,76.55,74.54,72.33,8.0,0
STU0099,4,2022-23,AI403,1.055,95.87,97.21,98.94,77.36,71.02,68.3,68.04,7.0,0
STU0099,4,2022-23,AI404,0.842,99.0,99.0,99.0,90.33,98.0,95.65,96.4,10.0,0
STU0099,4,2022-23,MA401,0.918,99.0,99.0,95.25,86.12,86.87,79.1,81.57,9.0,0
STU0099,4,2022-23,AI405,0.913,99.0,95.14,91.15,88.92,95.93,91.63,94.37,10.0,0
STU0099,5,2023-24,AI501,0.979,99.0,99.0,99.0,84.49,79.21,87.48,87.83,9.0,0
STU0099,5,2023-24,AI502,0.934,99.0,91.63,94.06,91.49,93.07,97.3,98.14,10.0,0
STU0099,5,2023-24,AI503,1.072,99.0,99.0,97.85,79.31,77.24,78.64,78.59,8.0,0
STU0099,5,2023-24,AI504,0.892,99.0,92.78,88.94,96.23,93.24,95.63,99.5,10.0,0
STU0099,5,2023-24,AI505,0.749,99.0,99.0,99.0,98.0,96.2,92.62,86.42,9.0,0
STU0099,5,2023-24,AI506,0.943,99.0,99.0,99.0,92.03,93.02,94.5,94.32,10.0,0
STU0099,6,2023-24,AI601,0.981,99.0,99.0,99.0,76.94,70.08,75.08,66.31,7.0,0
STU0099,6,2023-24,AI602,0.949,91.48,89.77,88.02,81.27,80.34,84.6,86.52,9.0,0
STU0099,6,2023-24,AI603,1.101,93.36,92.89,95.09,69.89,67.25,63.85,69.41,7.0,0
STU0099,6,2023-24,AI604,1.057,90.57,86.2,78.86,65.41,60.11,65.59,67.19,7.0,0
STU0099,6,2023-24,AI605,0.898,95.83,93.71,90.58,83.72,79.97,78.88,74.94,8.0,0
STU0099,6,2023-24,AI606,0.992,99.0,95.39,92.9,76.13,80.02,85.15,84.84,9.0,0
STU0099,7,2024-25,AI701,1.146,99.0,99.0,99.0,71.63,72.23,68.8,67.21,7.0,0
STU0099,7,2024-25,AI702,1.03,96.53,91.79,91.09,69.19,77.76,75.21,75.12,8.0,0
STU0099,7,2024-25,AI703,1.143,99.0,98.33,95.54,72.83,72.65,72.02,72.59,8.0,0
STU0099,7,2024-25,AI704,1.053,99.0,94.31,99.0,74.49,78.53,79.21,79.28,8.0,0
STU0099,7,2024-25,AI705,1.023,95.39,99.0,99.0,79.67,78.28,72.05,74.09,8.0,0
STU0099,8,2024-25,AI801,1.011,98.11,99.0,99.0,81.47,74.88,66.63,73.6,8.0,0
STU0099,8,2024-25,AI802,1.099,99.0,93.33,96.81,72.2,72.7,75.13,75.67,8.0,0
STU0099,8,2024-25,AI803,1.021,95.47,97.62,94.5,75.15,75.62,69.94,73.47,8.0,0
STU0099,8,2024-25,AI804,1.142,97.3,96.42,96.54,61.05,54.42,57.67,58.84,6.0,0
STU0100,1,2021-22,DS101,1.085,71.15,66.29,57.65,58.48,54.43,50.5,53.26,6.0,0
STU0100,1,2021-22,DS102,0.952,80.21,72.04,66.99,63.33,54.63,51.49,51.45,6.0,0
STU0100,1,2021-22,MA101,1.082,82.19,73.06,64.89,51.78,45.92,38.77,38.7,0.0,1
STU0100,1,2021-22,PH101,0.907,75.91,71.19,67.7,61.32,52.44,49.24,51.79,6.0,0
STU0100,1,2021-22,EE101,0.846,80.25,70.39,65.36,69.53,63.17,56.07,52.91,6.0,0
STU0100,2,2021-22,DS201,1.0,78.06,72.98,65.01,58.11,53.12,47.85,48.78,5.0,0
STU0100,2,2021-22,DS202,1.05,74.28,65.45,60.29,53.74,46.43,41.84,45.66,5.0,0
STU0100,2,2021-22,MA201,0.709,81.77,75.11,70.71,81.3,76.53,71.82,69.91,7.0,0
STU0100,2,2021-22,CH101,1.102,79.54,75.34,67.03,49.31,41.92,37.64,42.72,5.0,0
STU0100,2,2021-22,ME101,0.974,78.84,73.08,64.22,68.45,60.71,54.28,52.56,6.0,0
STU0100,3,2022-23,DS301,1.055,80.34,73.83,66.68,47.46,43.12,37.12,37.95,0.0,1
STU0100,3,2022-23,DS302,1.096,80.84,71.94,67.72,51.08,45.03,37.99,36.59,0.0,1
STU0100,3,2022-23,DS303,0.982,73.79,68.24,62.1,53.6,45.62,40.6,39.62,0.0,1
STU0100,3,2022-23,MA301,1.188,78.48,71.25,65.48,35.08,29.71,25.79,25.45,0.0,1
STU0100,3,2022-23,CS301,1.03,75.61,65.79,56.86,51.96,43.84,37.93,31.98,0.0,1
STU0100,3,2022-23,DS304,1.059,81.18,75.7,70.24,45.52,38.32,33.56,34.69,0.0,1
STU0100,4,2022-23,DS401,1.123,74.31,66.88,62.55,39.96,32.72,25.9,30.88,0.0,1
STU0100,4,2022-23,DS402,0.979,71.53,66.09,58.42,49.02,41.28,35.63,33.44,0.0,1
STU0100,4,2022-23,DS403,0.759,72.49,63.92,58.76,71.97,67.43,61.9,63.97,7.0,0
STU0100,4,2022-23,DS404,0.829,76.47,69.02,63.44,58.25,53.65,50.05,52.62,6.0,0
STU0100,4,2022-23,MA401,1.038,73.94,66.39,60.53,36.75,32.46,26.51,27.02,0.0,1
STU0100,4,2022-23,DS405,0.868,76.7,69.53,65.12,53.52,46.03,39.11,34.92,0.0,1
STU0100,5,2023-24,DS501,1.086,61.8,55.92,50.18,41.83,33.38,29.65,27.25,0.0,1
STU0100,5,2023-24,DS502,1.133,61.4,51.95,47.14,31.08,26.08,20.69,19.23,0.0,1
STU0100,5,2023-24,DS503,0.912,60.05,51.35,47.07,47.83,41.23,35.68,32.88,0.0,1
STU0100,5,2023-24,DS504,1.009,52.66,46.14,39.87,40.51,34.21,31.1,26.41,0.0,1
STU0100,5,2023-24,DS505,1.045,60.93,55.72,48.32,38.57,30.41,22.47,23.83,0.0,1
STU0100,5,2023-24,DS506,1.0,60.85,54.69,49.51,41.79,36.44,32.58,33.39,0.0,1
STU0100,6,2023-24,DS601,0.76,60.81,56.48,47.75,52.56,46.02,39.35,35.05,0.0,1
STU0100,6,2023-24,DS602,1.009,60.39,55.25,51.34,43.39,35.96,31.46,32.92,0.0,1
STU0100,6,2023-24,DS603,0.83,62.75,56.73,48.03,51.69,42.88,35.67,46.13,5.0,0
STU0100,6,2023-24,DS604,1.116,65.14,57.84,54.83,36.43,31.23,25.75,23.39,0.0,1
STU0100,6,2023-24,DS605,0.78,69.66,64.75,60.05,58.42,51.24,45.3,47.66,5.0,0
STU0100,6,2023-24,DS606,1.159,63.56,54.25,50.13,29.87,23.99,16.78,10.0,0.0,1
STU0100,7,2024-25,DS701,1.153,66.93,60.43,55.68,35.36,27.99,20.96,20.58,0.0,1
STU0100,7,2024-25,DS702,0.943,66.95,62.27,53.67,28.48,21.74,15.0,13.53,0.0,1
STU0100,7,2024-25,DS703,1.06,62.25,52.65,46.81,32.71,27.21,21.62,17.45,0.0,1
STU0100,7,2024-25,DS704,0.87,65.62,59.22,52.23,41.52,35.55,29.69,29.74,0.0,1
STU0100,7,2024-25,DS705,1.029,64.76,59.79,53.6,32.28,25.21,17.75,18.83,0.0,1
STU0100,8,2024-25,DS801,1.063,64.47,57.16,52.88,30.26,22.91,19.68,10.61,0.0,1
STU0100,8,2024-25,DS802,1.075,63.06,55.82,47.28,40.25,31.71,28.47,25.76,0.0,1
STU0100,8,2024-25,DS803,0.832,58.26,54.11,47.04,42.5,38.48,35.32,33.78,0.0,1
STU0100,8,2024-25,DS804,1.083,57.39,53.09,45.58,32.2,25.73,19.97,22.31,0.0,1
STU0101,1,2021-22,CS101,0.917,51.21,55.48,62.7,40.88,47.44,55.24,53.84,6.0,0
STU0101,1,2021-22,CS102,0.792,45.5,50.28,56.91,51.08,59.93,65.21,63.39,7.0,0
STU0101,1,2021-22,MA101,1.087,51.91,56.12,65.82,33.92,42.76,50.7,47.85,5.0,0
STU0101,1,2021-22,PH101,0.664,52.1,60.29,68.86,58.0,62.45,68.57,67.68,7.0,0
STU0101,1,2021-22,EE101,1.052,48.16,54.6,63.51,31.87,39.42,46.24,48.02,5.0,0
STU0101,2,2021-22,CS201,0.655,66.04,73.7,78.74,81.69,85.86,92.58,91.73,10.0,0
STU0101,2,2021-22,CS202,0.94,66.53,71.28,75.45,51.48,57.01,63.82,62.13,7.0,0
STU0101,2,2021-22,MA201,0.897,69.12,77.63,83.61,62.25,71.17,75.45,69.31,7.0,0
STU0101,2,2021-22,CH101,0.994,63.65,72.6,78.01,58.0,66.45,74.43,71.9,8.0,0
STU0101,2,2021-22,ME101,1.166,69.29,77.18,86.84,50.25,58.74,64.21,64.2,7.0,0
STU0101,3,2022-23,CS301,0.925,70.87,77.73,82.02,49.38,56.76,65.43,61.22,7.0,0
STU0101,3,2022-23,CS302,1.097,71.6,76.75,81.28,44.89,49.64,53.69,56.24,6.0,0
STU0101,3,2022-23,CS303,1.023,72.21,79.97,87.41,47.16,55.21,61.32,64.25,7.0,0
STU0101,3,2022-23,MA301,0.95,67.19,72.93,78.72,50.08,57.2,64.61,59.65,6.0,0
STU0101,3,2022-23,EC301,1.031,66.54,75.29,79.31,43.82,52.07,61.39,61.01,7.0,0
STU0101,3,2022-23,CS304,1.149,68.33,74.83,81.01,40.87,46.21,51.76,48.08,5.0,0
STU0101,4,2022-23,CS401,1.076,71.16,77.24,83.03,50.19,57.36,62.41,61.76,7.0,0
STU0101,4,2022-23,CS402,0.917,75.06,83.84,88.48,64.49,70.99,75.36,83.28,9.0,0
STU0101,4,2022-23,CS403,0.912,75.01,80.96,89.69,61.51,67.92,77.56,73.51,8.0,0
STU0101,4,2022-23,CS404,1.127,71.73,79.24,86.14,53.74,57.83,66.21,65.85,7.0,0
STU0101,4,2022-23,MA401,0.973,70.71,75.24,83.53,59.57,66.56,71.59,72.7,8.0,0
STU0101,4,2022-23,CS405,1.164,74.37,80.06,87.83,53.21,61.94,68.31,74.07,8.0,0
STU0101,5,2023-24,CS501,0.956,73.97,81.34,88.56,63.73,70.5,75.96,76.95,8.0,0
STU0101,5,2023-24,CS502,0.989,76.28,84.42,89.26,53.72,61.12,66.95,66.8,7.0,0
STU0101,5,2023-24,CS503,1.086,75.54,82.79,87.33,52.14,58.13,66.16,66.88,7.0,0
STU0101,5,2023-24,CS504,1.014,77.02,81.34,89.7,54.32,60.83,66.65,66.93,7.0,0
STU0101,5,2023-24,CS505,0.899,77.75,86.49,94.04,65.0,71.7,80.06,74.62,8.0,0
STU0101,5,2023-24,CS506,1.045,78.32,84.33,91.27,62.18,66.82,72.36,67.72,7.0,0
STU0101,6,2023-24,CS601,1.049,71.52,75.99,82.06,49.94,54.94,61.29,61.74,7.0,0
STU0101,6,2023-24,CS602,1.193,68.9,75.99,84.17,47.94,54.19,60.25,61.76,7.0,0
STU0101,6,2023-24,CS603,1.055,71.79,80.56,90.14,53.6,61.81,69.58,72.67,8.0,0
STU0101,6,2023-24,CS604,1.076,70.03,75.49,84.76,50.69,59.0,68.19,68.7,7.0,0
STU0101,6,2023-24,CS605,1.134,68.55,77.3,82.07,51.16,60.05,67.89,72.06,8.0,0
STU0101,6,2023-24,CS606,1.046,68.16,72.91,76.96,53.3,60.01,65.46,64.3,7.0,0
STU0101,7,2024-25,CS701,1.156,71.16,76.06,83.08,58.45,66.73,74.65,79.76,8.0,0
STU0101,7,2024-25,CS702,0.898,70.66,74.75,79.23,70.9,76.83,82.08,83.78,9.0,0
STU0101,7,2024-25,CS703,1.12,66.82,75.25,85.12,52.06,57.92,67.71,60.9,7.0,0
STU0101,7,2024-25,CS704,0.887,71.85,77.98,85.6,66.1,73.19,81.74,81.36,9.0,0
STU0101,7,2024-25,CS705,1.264,73.4,80.87,85.38,50.87,57.86,63.05,62.83,7.0,0
STU0101,8,2024-25,CS801,1.225,74.99,79.31,88.44,49.95,54.52,59.09,52.58,6.0,0
STU0101,8,2024-25,CS802,0.912,79.72,84.55,91.19,61.53,67.99,74.15,73.98,8.0,0
STU0101,8,2024-25,CS803,0.718,74.63,78.68,85.28,73.85,78.65,84.5,83.96,9.0,0
STU0101,8,2024-25,CS804,0.885,75.6,82.91,91.69,64.74,70.51,74.82,78.51,8.0,0
STU0102,1,2021-22,EC101,1.013,84.09,79.25,74.76,75.8,74.78,81.54,80.01,9.0,0
STU0102,1,2021-22,EC102,1.184,78.99,82.94,80.13,62.44,63.17,64.76,62.57,7.0,0
STU0102,1,2021-22,MA101,0.94,83.37,86.53,82.22,81.39,86.83,83.53,85.11,9.0,0
STU0102,1,2021-22,PH101,1.068,70.45,67.73,65.89,70.41,67.94,69.71,68.75,7.0,0
STU0102,1,2021-22,EE101,0.813,66.35,64.47,65.01,92.53,87.65,91.4,90.2,10.0,0
STU0102,2,2021-22,EC201,1.098,89.59,85.42,84.72,80.59,79.47,72.54,74.69,8.0,0
STU0102,2,2021-22,EC202,1.064,86.59,85.59,86.4,79.22,79.58,82.19,87.19,9.0,0
STU0102,2,2021-22,MA201,0.967,97.79,99.0,97.34,93.23,90.82,98.0,97.23,10.0,0
STU0102,2,2021-22,CH101,1.062,89.01,87.67,89.24,81.46,81.84,83.02,85.46,9.0,0
STU0102,2,2021-22,ME101,0.867,87.37,91.77,90.8,95.68,88.22,88.69,88.27,9.0,0
STU0102,3,2022-23,EC301,1.148,80.23,79.0,76.26,61.25,60.94,56.7,57.44,6.0,0
STU0102,3,2022-23,EC302,1.033,84.49,86.51,78.33,82.94,82.67,85.76,82.76,9.0,0
STU0102,3,2022-23,EC303,0.847,85.89,88.43,84.13,94.99,98.0,98.0,98.46,10.0,0
STU0102,3,2022-23,MA301,1.037,90.7,88.67,91.74,77.23,71.06,64.65,65.15,7.0,0
STU0102,3,2022-23,CS301,0.808,74.27,85.83,82.45,98.0,98.0,98.0,99.5,10.0,0
STU0102,3,2022-23,EC304,1.067,78.18,83.55,79.2,78.36,73.91,71.66,78.64,8.0,0
STU0102,4,2022-23,EC401,0.974,82.97,79.98,82.27,76.55,66.91,65.93,64.11,7.0,0
STU0102,4,2022-23,EC402,1.017,81.22,84.25,86.75,67.12,66.9,64.9,63.98,7.0,0
STU0102,4,2022-23,EC403,0.785,69.33,74.57,73.74,98.0,94.9,88.44,86.8,9.0,0
STU0102,4,2022-23,EC404,0.878,84.45,85.62,87.94,91.31,82.58,80.93,78.47,8.0,0
STU0102,4,2022-23,MA401,1.02,79.39,80.47,81.72,75.69,76.94,78.64,79.01,8.0,0
STU0102,4,2022-23,EC405,1.043,84.66,83.38,80.78,77.03,74.43,74.38,73.98,8.0,0
STU0102,5,2023-24,EC501,1.148,88.28,89.28,90.74,69.87,64.73,67.34,68.88,7.0,0
STU0102,5,2023-24,EC502,1.171,90.07,88.54,84.64,72.46,72.58,70.05,71.69,8.0,0
STU0102,5,2023-24,EC503,0.857,84.16,94.14,90.69,98.0,98.0,98.0,99.5,10.0,0
STU0102,5,2023-24,EC504,1.054,86.57,91.6,96.43,83.59,90.79,95.08,94.08,10.0,0
STU0102,5,2023-24,EC505,0.917,88.11,89.13,90.75,97.98,96.28,95.6,96.5,10.0,0
STU0102,5,2023-24,EC506,0.982,79.31,77.69,74.25,91.18,87.45,87.26,87.42,9.0,0
STU0102,6,2023-24,EC601,1.038,81.62,80.66,75.81,78.29,74.82,80.89,74.96,8.0,0
STU0102,6,2023-24,EC602,1.231,86.07,85.0,86.93,71.71,80.19,80.17,74.19,8.0,0
STU0102,6,2023-24,EC603,0.99,83.02,85.32,83.87,74.42,72.07,78.21,78.6,8.0,0
STU0102,6,2023-24,EC604,1.118,83.48,87.6,84.56,67.12,73.27,79.22,73.5,8.0,0
STU0102,6,2023-24,EC605,1.119,79.78,83.51,87.14,78.7,86.36,87.43,86.68,9.0,0
STU0102,6,2023-24,EC606,0.997,84.64,83.73,83.07,85.11,79.28,84.14,84.12,9.0,0
STU0102,7,2024-25,EC701,0.814,86.49,93.91,92.34,88.29,91.83,94.69,96.59,10.0,0
STU0102,7,2024-25,EC702,0.945,88.04,86.05,87.68,76.94,80.38,84.45,85.76,9.0,0
STU0102,7,2024-25,EC703,0.908,80.11,76.15,72.74,95.77,98.0,98.0,96.34,10.0,0
STU0102,7,2024-25,EC704,1.113,85.37,86.57,88.67,68.02,68.33,63.76,63.94,7.0,0
STU0102,7,2024-25,EC705,1.13,89.16,90.27,93.12,58.91,58.19,58.0,54.79,6.0,0
STU0102,8,2024-25,EC801,1.02,87.21,85.13,83.08,70.97,70.14,67.46,65.05,7.0,0
STU0102,8,2024-25,EC802,1.007,84.92,80.0,78.06,78.13,73.19,74.77,75.0,8.0,0
STU0102,8,2024-25,EC803,0.895,89.53,94.38,94.13,87.56,86.13,83.77,80.96,9.0,0
STU0102,8,2024-25,EC804,1.014,83.36,74.26,81.37,86.72,87.23,81.38,88.28,9.0,0
STU0103,1,2021-22,AI101,1.182,86.99,79.72,77.43,77.94,88.19,84.99,81.49,9.0,0
STU0103,1,2021-22,AI102,1.004,90.92,97.52,98.41,98.0,98.0,98.0,93.61,10.0,0
STU0103,1,2021-22,MA101,0.953,91.99,82.83,80.5,90.59,87.06,96.57,98.06,10.0,0
STU0103,1,2021-22,PH101,0.975,83.61,81.76,87.34,87.02,85.23,79.38,79.88,8.0,0
STU0103,1,2021-22,EE101,1.038,91.71,87.59,89.37,82.53,83.6,87.16,88.42,9.0,0
STU0103,2,2021-22,AI201,1.105,98.04,99.0,99.0,84.07,84.85,87.94,86.57,9.0,0
STU0103,2,2021-22,AI202,0.789,99.0,99.0,99.0,98.0,95.01,94.53,92.78,10.0,0
STU0103,2,2021-22,MA201,0.978,92.58,90.64,91.99,80.96,86.89,83.69,85.15,9.0,0
STU0103,2,2021-22,CH101,1.065,92.95,94.47,90.68,80.1,79.01,81.06,80.04,9.0,0
STU0103,2,2021-22,ME101,0.981,97.46,98.84,99.0,85.46,79.68,88.28,89.06,9.0,0
STU0103,3,2022-23,AI301,0.941,89.59,89.59,89.32,87.97,87.46,88.99,95.18,10.0,0
STU0103,3,2022-23,AI302,0.902,87.18,85.74,87.71,97.7,98.0,94.54,94.24,10.0,0
STU0103,3,2022-23,AI303,0.859,83.68,84.83,85.06,98.0,93.65,88.25,89.2,9.0,0
STU0103,3,2022-23,MA301,0.912,95.43,95.93,97.66,98.0,94.13,96.01,97.43,10.0,0
STU0103,3,2022-23,CS301,0.934,82.79,75.14,71.86,98.0,94.34,98.0,95.62,10.0,0
STU0103,3,2022-23,AI304,1.002,91.05,94.56,92.84,86.76,77.72,75.65,85.53,9.0,0
STU0103,4,2022-23,AI401,0.978,90.57,88.37,84.46,98.0,98.0,98.0,96.8,10.0,0
STU0103,4,2022-23,AI402,1.213,91.35,93.14,88.84,66.85,68.88,67.31,68.43,7.0,0
STU0103,4,2022-23,AI403,0.943,89.41,87.11,88.69,85.69,84.14,83.18,80.47,9.0,0
STU0103,4,2022-23,AI404,0.923,88.84,91.32,92.19,95.21,95.59,92.47,87.29,9.0,0
STU0103,4,2022-23,MA401,0.936,87.23,85.04,90.47,92.72,92.31,94.77,99.5,10.0,0
STU0103,4,2022-23,AI405,0.966,83.86,84.99,80.97,83.76,90.17,96.0,97.95,10.0,0
STU0103,5,2023-24,AI501,0.903,93.7,91.92,89.12,95.9,98.0,97.07,96.53,10.0,0
STU0103,5,2023-24,AI502,0.739,88.12,91.61,91.37,98.0,94.75,92.55,90.54,10.0,0
STU0103,5,2023-24,AI503,0.916,90.55,89.59,96.4,96.68,92.76,88.29,93.29,10.0,0
STU0103,5,2023-24,AI504,1.026,93.63,93.87,93.93,91.89,93.57,95.2,93.98,10.0,0
STU0103,5,2023-24,AI505,1.105,88.11,86.17,93.7,77.67,74.11,79.23,81.27,9.0,0
STU0103,5,2023-24,AI506,0.92,88.09,90.43,91.17,98.0,97.97,98.0,88.07,9.0,0
STU0103,6,2023-24,AI601,0.834,83.42,85.91,92.28,98.0,98.0,98.0,96.45,10.0,0
STU0103,6,2023-24,AI602,1.145,94.92,93.78,95.64,76.83,67.99,79.19,75.97,8.0,0
STU0103,6,2023-24,AI603,1.024,99.0,98.05,95.45,85.0,83.45,88.96,86.45,9.0,0
STU0103,6,2023-24,AI604,0.931,92.04,87.53,85.6,89.99,84.28,81.49,83.71,9.0,0
STU0103,6,2023-24,AI605,0.76,96.45,94.61,95.76,98.0,93.77,95.8,91.87,10.0,0
STU0103,6,2023-24,AI606,0.832,91.41,90.85,94.22,96.36,98.0,96.12,95.7,10.0,0
STU0103,7,2024-25,AI701,1.088,90.09,88.74,95.15,73.02,64.9,57.71,62.06,7.0,0
STU0103,7,2024-25,AI702,0.937,94.52,93.11,94.43,82.86,82.13,84.09,80.27,9.0,0
STU0103,7,2024-25,AI703,1.032,92.06,86.6,95.93,75.45,70.65,77.26,73.47,8.0,0
STU0103,7,2024-25,AI704,0.925,91.93,89.83,91.66,89.02,85.49,92.09,91.16,10.0,0
STU0103,7,2024-25,AI705,1.024,89.81,88.25,88.0,87.21,89.09,84.35,75.59,8.0,0
STU0103,8,2024-25,AI801,0.968,78.68,75.67,75.85,91.2,97.11,98.0,95.1,10.0,0
STU0103,8,2024-25,AI802,0.941,80.4,84.45,85.0,95.67,97.07,95.67,93.11,10.0,0
STU0103,8,2024-25,AI803,1.006,83.46,84.67,78.96,90.3,87.2,87.88,90.6,10.0,0
STU0103,8,2024-25,AI804,0.933,89.31,83.22,88.62,98.0,94.01,90.06,85.57,9.0,0
STU0104,1,2021-22,DS101,0.952,77.83,84.17,80.77,85.06,86.03,84.23,82.43,9.0,0
STU0104,1,2021-22,DS102,0.956,84.58,83.37,89.06,80.68,84.08,76.17,73.84,8.0,0
STU0104,1,2021-22,MA101,0.902,77.91,78.9,78.51,78.2,87.18,87.98,87.98,9.0,0
STU0104,1,2021-22,PH101,1.157,86.28,85.23,78.4,72.66,68.33,73.91,71.58,8.0,0
STU0104,1,2021-22,EE101,0.946,76.95,72.53,72.15,84.44,82.3,91.54,93.35,10.0,0
STU0104,2,2021-22,DS201,1.099,87.02,86.36,83.52,71.86,65.42,67.5,72.0,8.0,0
STU0104,2,2021-22,DS202,0.919,72.49,72.21,70.45,77.36,75.63,72.99,77.09,8.0,0
STU0104,2,2021-22,MA201,1.139,80.63,83.44,84.16,64.21,70.17,71.74,68.0,7.0,0
STU0104,2,2021-22,CH101,0.89,69.99,62.8,64.16,81.52,78.11,78.29,77.73,8.0,0
STU0104,2,2021-22,ME101,0.914,81.12,75.77,70.58,87.69,84.87,81.88,78.64,8.0,0
STU0104,3,2022-23,DS301,1.014,81.66,79.03,78.46,82.79,89.85,94.85,96.36,10.0,0
STU0104,3,2022-23,DS302,1.118,79.26,76.76,78.6,70.14,71.66,76.07,78.54,8.0,0
STU0104,3,2022-23,DS303,0.869,84.04,80.81,78.09,82.43,83.03,75.0,76.18,8.0,0
STU0104,3,2022-23,MA301,1.163,86.11,86.29,91.66,69.63,65.74,66.31,72.19,8.0,0
STU0104,3,2022-23,CS301,0.869,78.47,80.62,79.84,88.34,82.68,73.9,69.53,7.0,0
STU0104,3,2022-23,DS304,1.194,83.95,77.09,81.23,72.41,77.94,76.04,75.23,8.0,0
STU0104,4,2022-23,DS401,0.933,84.5,86.93,91.17,83.8,86.82,87.33,86.57,9.0,0
STU0104,4,2022-23,DS402,0.9,82.9,80.75,77.33,88.56,94.04,94.96,92.19,10.0,0
STU0104,4,2022-23,DS403,1.103,88.7,90.44,88.62,76.83,81.91,81.08,83.24,9.0,0
STU0104,4,2022-23,DS404,1.132,85.65,85.37,85.65,63.82,65.81,70.41,69.98,7.0,0
STU0104,4,2022-23,MA401,1.041,93.11,91.69,92.95,72.55,69.86,71.4,63.12,7.0,0
STU0104,4,2022-23,DS405,0.992,81.21,77.03,82.12,77.28,85.63,86.39,85.72,9.0,0
STU0104,5,2023-24,DS501,0.986,86.49,87.58,82.88,78.92,78.69,80.75,83.72,9.0,0
STU0104,5,2023-24,DS502,0.972,88.35,83.6,90.58,87.27,85.77,86.25,79.72,8.0,0
STU0104,5,2023-24,DS503,1.08,83.39,77.69,78.9,67.01,62.38,65.88,70.78,8.0,0
STU0104,5,2023-24,DS504,1.034,91.35,90.17,92.24,76.02,78.07,73.82,66.54,7.0,0
STU0104,5,2023-24,DS505,1.168,85.31,78.78,78.74,68.07,68.29,69.48,69.78,7.0,0
STU0104,5,2023-24,DS506,0.961,87.03,86.49,87.18,82.4,85.02,82.79,84.83,9.0,0
STU0104,6,2023-24,DS601,1.023,91.04,83.27,79.57,83.14,84.65,79.92,80.48,9.0,0
STU0104,6,2023-24,DS602,1.128,82.06,83.05,90.71,66.33,62.24,51.18,50.08,6.0,0
STU0104,6,2023-24,DS603,1.111,84.93,94.03,99.0,80.46,77.23,78.64,76.88,8.0,0
STU0104,6,2023-24,DS604,0.922,88.37,84.69,78.07,79.11,80.32,88.85,91.67,10.0,0
STU0104,6,2023-24,DS605,0.987,90.04,89.81,93.54,84.23,73.47,70.55,72.59,8.0,0
STU0104,6,2023-24,DS606,1.098,85.14,77.65,78.39,64.64,60.9,67.24,65.87,7.0,0
STU0104,7,2024-25,DS701,1.109,81.93,87.08,83.85,63.25,65.37,62.24,63.67,7.0,0
STU0104,7,2024-25,DS702,1.275,77.86,79.0,82.24,56.26,56.32,45.97,45.96,5.0,0
STU0104,7,2024-25,DS703,0.881,79.0,78.28,76.71,80.03,87.07,87.73,88.91,9.0,0
STU0104,7,2024-25,DS704,0.932,82.69,75.39,71.56,88.91,91.71,89.54,90.71,10.0,0
STU0104,7,2024-25,DS705,0.79,81.31,81.33,84.09,92.06,92.25,91.15,92.27,10.0,0
STU0104,8,2024-25,DS801,1.041,80.78,78.95,73.47,79.19,78.59,73.73,71.36,8.0,0
STU0104,8,2024-25,DS802,1.198,82.15,83.62,81.83,60.0,60.19,65.14,69.57,7.0,0
STU0104,8,2024-25,DS803,1.163,85.8,87.78,84.59,68.09,72.6,79.07,78.86,8.0,0
STU0104,8,2024-25,DS804,0.95,79.51,79.51,83.63,80.44,83.45,88.7,87.5,9.0,0
STU0105,1,2021-22,CS101,1.045,83.01,83.22,87.33,42.63,46.19,44.49,40.67,5.0,0
STU0105,1,2021-22,CS102,0.945,75.95,78.01,77.68,43.98,42.56,42.6,44.57,5.0,0
STU0105,1,2021-22,MA101,1.113,73.66,71.12,68.34,40.51,33.22,35.4,43.27,5.0,0
STU0105,1,2021-22,PH101,1.104,80.39,82.0,77.29,44.17,47.31,41.56,40.12,5.0,0
STU0105,1,2021-22,EE101,0.843,74.5,81.45,87.13,60.7,67.74,70.75,70.0,7.0,0
STU0105,2,2021-22,CS201,0.965,65.18,64.78,61.14,40.32,34.22,36.23,33.36,0.0,1
STU0105,2,2021-22,CS202,1.025,66.93,68.14,66.94,38.59,46.38,43.23,49.03,5.0,0
STU0105,2,2021-22,MA201,0.839,62.69,56.4,56.7,57.08,50.44,50.57,49.34,5.0,0
STU0105,2,2021-22,CH101,0.751,66.33,69.55,74.68,51.85,56.45,60.05,58.94,6.0,0
STU0105,2,2021-22,ME101,0.793,68.07,62.13,63.23,53.99,50.16,51.44,58.35,6.0,0
STU0105,3,2022-23,CS301,1.035,68.36,67.34,72.97,58.06,60.43,62.26,62.08,7.0,0
STU0105,3,2022-23,CS302,0.875,65.34,66.44,68.54,61.03,57.92,55.47,52.65,6.0,0
STU0105,3,2022-23,CS303,0.753,63.53,63.39,65.36,74.41,76.46,76.88,78.97,8.0,0
STU0105,3,2022-23,MA301,1.198,65.27,63.59,59.29,56.51,54.54,55.61,57.55,6.0,0
STU0105,3,2022-23,EC301,1.172,62.84,66.13,59.31,44.34,43.34,43.26,47.82,5.0,0
STU0105,3,2022-23,CS304,1.006,68.64,69.31,73.29,54.72,47.33,47.76,48.01,5.0,0
STU0105,4,2022-23,CS401,1.102,71.08,69.32,71.06,47.89,52.87,59.66,51.87,6.0,0
STU0105,4,2022-23,CS402,1.145,86.77,88.8,84.73,51.66,53.07,52.44,49.53,5.0,0
STU0105,4,2022-23,CS403,0.863,83.3,83.03,82.73,59.07,50.28,50.18,50.16,6.0,0
STU0105,4,2022-23,CS404,1.179,82.0,77.75,76.37,48.0,42.14,49.77,49.65,5.0,0
STU0105,4,2022-23,MA401,1.064,76.92,75.32,72.1,55.08,57.74,53.39,55.51,6.0,0
STU0105,4,2022-23,CS405,1.113,83.01,84.0,84.6,40.67,46.66,49.66,52.63,6.0,0
STU0105,5,2023-24,CS501,1.003,77.89,73.7,80.05,38.54,43.73,42.8,48.36,5.0,0
STU0105,5,2023-24,CS502,1.036,82.12,81.88,77.98,41.96,41.36,38.65,42.37,5.0,0
STU0105,5,2023-24,CS503,0.838,82.23,81.58,76.81,52.01,52.83,52.14,50.25,6.0,0
STU0105,5,2023-24,CS504,1.158,76.74,75.04,76.43,32.32,36.72,46.16,49.48,5.0,0
STU0105,5,2023-24,CS505,0.921,70.73,71.08,65.45,50.11,53.11,52.42,51.55,6.0,0
STU0105,5,2023-24,CS506,0.987,80.83,79.41,75.22,38.58,43.04,38.71,42.31,5.0,0
STU0105,6,2023-24,CS601,1.09,57.0,58.3,56.11,52.34,54.35,64.09,66.23,7.0,0
STU0105,6,2023-24,CS602,0.972,54.62,49.66,49.21,51.33,58.49,56.64,59.69,6.0,0
STU0105,6,2023-24,CS603,0.987,65.65,60.17,64.9,48.49,52.51,59.58,58.52,6.0,0
STU0105,6,2023-24,CS604,0.868,53.31,50.32,41.82,56.82,59.75,60.85,59.72,6.0,0
STU0105,6,2023-24,CS605,0.894,55.8,56.79,59.68,48.85,49.56,50.75,47.92,5.0,0
STU0105,6,2023-24,CS606,1.066,61.81,59.82,56.79,58.01,61.62,62.42,60.4,7.0,0
STU0105,7,2024-25,CS701,0.901,68.82,68.35,70.58,61.5,62.58,58.88,58.08,6.0,0
STU0105,7,2024-25,CS702,1.156,77.09,81.46,85.01,50.62,51.56,54.94,52.52,6.0,0
STU0105,7,2024-25,CS703,1.028,73.37,76.13,73.94,38.36,35.75,40.53,39.89,0.0,1
STU0105,7,2024-25,CS704,1.056,69.89,73.53,73.16,44.35,50.32,57.42,61.46,7.0,0
STU0105,7,2024-25,CS705,0.961,69.9,66.71,61.5,44.76,40.94,35.26,30.71,0.0,1
STU0105,8,2024-25,CS801,1.053,69.94,68.12,66.9,44.41,45.28,47.8,44.92,5.0,0
STU0105,8,2024-25,CS802,1.208,71.06,73.66,69.95,31.68,28.55,31.86,28.39,0.0,1
STU0105,8,2024-25,CS803,1.054,74.37,71.9,68.62,38.89,38.15,42.43,45.46,5.0,0
STU0105,8,2024-25,CS804,1.096,60.76,60.1,57.02,42.93,46.98,44.73,50.49,6.0,0
STU0106,1,2021-22,EC101,1.257,80.99,71.42,68.02,41.24,36.15,29.09,28.58,0.0,1
STU0106,1,2021-22,EC102,1.135,74.42,69.79,64.49,41.45,34.93,30.34,28.96,0.0,1
STU0106,1,2021-22,MA101,0.942,72.08,63.87,60.15,44.11,38.22,31.11,30.63,0.0,1
STU0106,1,2021-22,PH101,1.175,81.62,72.56,64.17,42.88,34.03,28.5,28.43,0.0,1
STU0106,1,2021-22,EE101,1.24,79.32,73.07,66.1,37.22,28.96,21.25,21.3,0.0,1
STU0106,2,2021-22,EC201,1.362,65.02,58.05,49.93,37.53,30.09,22.27,27.41,0.0,1
STU0106,2,2021-22,EC202,0.977,62.12,52.9,45.46,57.44,49.37,43.38,44.63,5.0,0
STU0106,2,2021-22,MA201,1.007,62.43,55.98,49.82,56.9,51.44,45.44,49.96,5.0,0
STU0106,2,2021-22,CH101,1.173,62.81,53.87,47.58,44.58,38.31,34.41,34.83,0.0,1
STU0106,2,2021-22,ME101,0.86,66.95,60.06,55.83,61.18,57.04,50.46,48.31,5.0,0
STU0106,3,2022-23,EC301,0.935,65.66,59.79,53.38,54.1,47.58,40.83,43.1,5.0,0
STU0106,3,2022-23,EC302,0.832,64.84,56.25,52.5,68.71,61.25,54.59,51.07,6.0,0
STU0106,3,2022-23,EC303,1.079,65.94,58.58,52.01,45.45,38.04,33.25,33.4,0.0,1
STU0106,3,2022-23,MA301,1.006,57.19,50.33,44.92,47.73,39.62,34.38,33.05,0.0,1
STU0106,3,2022-23,CS301,1.171,73.82,66.37,59.14,38.56,31.79,27.57,29.98,0.0,1
STU0106,3,2022-23,EC304,0.821,72.66,68.42,61.02,63.65,58.24,50.26,49.64,5.0,0
STU0106,4,2022-23,EC401,0.913,64.73,58.1,52.91,41.91,33.34,27.76,29.32,0.0,1
STU0106,4,2022-23,EC402,0.949,66.5,59.14,53.93,49.9,42.67,39.59,41.54,5.0,0
STU0106,4,2022-23,EC403,0.894,68.26,60.16,57.1,48.17,42.51,36.04,30.16,0.0,1
STU0106,4,2022-23,EC404,1.069,66.16,60.01,52.68,38.02,30.25,25.28,27.35,0.0,1
STU0106,4,2022-23,MA401,0.909,68.4,64.09,58.11,52.0,47.47,43.8,40.64,5.0,0
STU0106,4,2022-23,EC405,1.064,56.06,47.11,40.6,39.63,32.65,26.38,27.01,0.0,1
STU0106,5,2023-24,EC501,0.966,62.26,58.03,52.37,31.82,22.89,18.15,13.83,0.0,1
STU0106,5,2023-24,EC502,0.879,64.37,58.55,54.09,31.52,23.92,17.52,18.68,0.0,1
STU0106,5,2023-24,EC503,0.953,60.75,56.61,50.42,35.91,29.73,22.32,25.72,0.0,1
STU0106,5,2023-24,EC504,0.936,56.4,49.01,44.26,35.2,30.94,27.06,27.08,0.0,1
STU0106,5,2023-24,EC505,1.294,67.36,57.45,50.85,25.0,20.47,15.0,16.94,0.0,1
STU0106,5,2023-24,EC506,1.03,65.18,58.52,52.05,27.59,20.0,15.0,14.7,0.0,1
STU0106,6,2023-24,EC601,0.949,45.82,38.08,33.72,47.21,38.9,31.67,36.65,0.0,1
STU0106,6,2023-24,EC602,0.831,51.79,43.37,37.86,49.41,42.25,37.38,38.03,0.0,1
STU0106,6,2023-24,EC603,1.22,49.1,41.34,37.71,33.46,25.46,19.43,22.86,0.0,1
STU0106,6,2023-24,EC604,0.87,46.39,38.0,31.7,46.96,39.03,34.42,35.81,0.0,1
STU0106,6,2023-24,EC605,0.894,52.99,47.06,40.17,51.83,44.52,37.17,36.1,0.0,1
STU0106,6,2023-24,EC606,0.95,51.52,44.06,39.02,54.22,46.72,43.58,41.95,5.0,0
STU0106,7,2024-25,EC701,0.785,65.49,58.96,51.7,44.21,36.75,32.46,36.45,0.0,1
STU0106,7,2024-25,EC702,1.045,68.02,59.37,53.5,33.78,27.87,23.21,18.79,0.0,1
STU0106,7,2024-25,EC703,1.081,60.47,55.95,47.63,34.13,25.19,17.85,18.12,0.0,1
STU0106,7,2024-25,EC704,0.907,64.1,59.13,50.41,44.15,39.59,31.88,31.99,0.0,1
STU0106,7,2024-25,EC705,1.11,61.97,53.96,45.19,37.66,29.87,26.07,27.34,0.0,1
STU0106,8,2024-25,EC801,0.996,56.4,51.38,42.76,30.59,22.74,18.16,16.33,0.0,1
STU0106,8,2024-25,EC802,1.226,56.88,47.17,43.56,25.5,20.0,15.0,11.32,0.0,1
STU0106,8,2024-25,EC803,1.064,48.7,39.4,35.43,31.57,27.28,20.92,17.62,0.0,1
STU0106,8,2024-25,EC804,0.873,50.26,43.83,38.73,43.72,39.37,32.8,36.71,0.0,1
STU0107,1,2021-22,AI101,0.932,91.06,92.76,89.23,57.65,55.02,61.55,56.67,6.0,0
STU0107,1,2021-22,AI102,0.851,90.82,85.23,90.49,77.13,69.13,68.55,68.44,7.0,0
STU0107,1,2021-22,MA101,0.971,92.71,92.26,93.34,69.07,62.33,62.6,63.15,7.0,0
STU0107,1,2021-22,PH101,0.927,99.0,98.71,99.0,68.17,66.8,68.34,64.19,7.0,0
STU0107,1,2021-22,EE101,1.089,88.45,91.53,90.59,70.2,74.63,79.07,79.51,8.0,0
STU0107,2,2021-22,AI201,0.768,92.49,89.23,86.51,92.05,94.37,98.0,99.5,10.0,0
STU0107,2,2021-22,AI202,1.149,91.75,89.98,89.07,59.02,53.97,55.72,53.61,6.0,0
STU0107,2,2021-22,MA201,1.097,91.08,94.1,94.86,66.39,67.49,67.12,66.93,7.0,0
STU0107,2,2021-22,CH101,0.968,97.17,99.0,97.42,80.98,79.33,76.17,75.72,8.0,0
STU0107,2,2021-22,ME101,0.908,97.84,97.34,99.0,78.59,78.16,76.33,78.81,8.0,0
STU0107,3,2022-23,AI301,1.126,93.64,93.29,92.48,60.15,63.78,67.28,68.75,7.0,0
STU0107,3,2022-23,AI302,1.145,94.32,99.0,99.0,54.91,58.46,50.1,53.71,6.0,0
STU0107,3,2022-23,AI303,0.991,90.88,84.77,84.29,73.28,74.37,72.59,72.02,8.0,0
STU0107,3,2022-23,MA301,1.16,96.78,96.64,99.0,61.43,57.42,55.87,60.13,7.0,0
STU0107,3,2022-23,CS301,1.081,99.0,99.0,96.52,61.52,65.07,65.03,65.21,7.0,0
STU0107,3,2022-23,AI304,1.244,93.04,94.17,95.08,58.12,59.29,59.87,65.92,7.0,0
STU0107,4,2022-23,AI401,0.846,95.87,95.54,95.28,70.86,69.27,65.36,59.62,6.0,0
STU0107,4,2022-23,AI402,0.98,97.37,95.21,94.79,61.95,60.15,58.25,53.93,6.0,0
STU0107,4,2022-23,AI403,1.007,99.0,96.52,99.0,68.13,59.3,70.4,67.66,7.0,0
STU0107,4,2022-23,AI404,1.003,97.4,97.28,99.0,73.14,69.08,68.08,66.06,7.0,0
STU0107,4,2022-23,MA401,0.918,96.31,99.0,93.34,72.4,68.59,71.42,73.03,8.0,0
STU0107,4,2022-23,AI405,1.118,90.85,92.06,91.78,51.81,44.98,42.92,42.92,5.0,0
STU0107,5,2023-24,AI501,1.044,92.07,88.82,87.15,69.52,63.95,66.54,70.87,8.0,0
STU0107,5,2023-24,AI502,1.192,94.48,95.67,89.17,55.69,49.49,47.35,49.65,5.0,0
STU0107,5,2023-24,AI503,1.032,93.22,94.87,92.25,69.09,70.05,75.06,74.67,8.0,0
STU0107,5,2023-24,AI504,0.972,86.19,83.34,84.14,73.69,67.09,60.4,57.18,6.0,0
STU0107,5,2023-24,AI505,0.966,95.62,96.53,93.17,71.42,73.6,75.13,73.07,8.0,0
STU0107,5,2023-24,AI506,0.723,92.95,91.75,97.82,98.0,97.89,96.93,98.24,10.0,0
STU0107,6,2023-24,AI601,0.84,92.87,91.23,93.14,80.61,72.21,78.49,80.86,9.0,0
STU0107,6,2023-24,AI602,1.065,84.65,87.15,88.11,61.37,60.16,59.84,58.07,6.0,0
STU0107,6,2023-24,AI603,1.038,91.91,90.3,89.92,66.12,69.86,70.68,73.77,8.0,0
STU0107,6,2023-24,AI604,0.921,88.42,90.43,92.89,73.21,73.06,69.37,63.58,7.0,0
STU0107,6,2023-24,AI605,0.962,87.22,85.75,81.97,74.7,77.81,77.52,75.08,8.0,0
STU0107,6,2023-24,AI606,0.931,88.34,91.32,86.68,71.57,72.23,75.63,71.67,8.0,0
STU0107,7,2024-25,AI701,1.157,79.2,80.94,85.94,62.9,54.78,59.34,61.79,7.0,0
STU0107,7,2024-25,AI702,1.115,74.81,72.73,66.78,55.58,59.21,68.01,70.57,8.0,0
STU0107,7,2024-25,AI703,1.048,81.58,79.65,81.12,61.11,63.69,63.09,67.47,7.0,0
STU0107,7,2024-25,AI704,1.12,80.24,82.91,83.81,54.11,63.43,64.8,65.85,7.0,0
STU0107,7,2024-25,AI705,1.095,85.91,89.34,85.06,66.07,67.85,68.95,66.71,7.0,0
STU0107,8,2024-25,AI801,0.942,89.46,84.73,90.91,70.44,65.7,70.1,68.57,7.0,0
STU0107,8,2024-25,AI802,0.907,94.41,92.12,92.29,75.08,80.4,81.55,83.56,9.0,0
STU0107,8,2024-25,AI803,1.205,93.01,95.01,95.95,51.2,50.68,48.14,44.19,5.0,0
STU0107,8,2024-25,AI804,1.004,93.66,89.15,94.04,69.81,71.59,73.42,72.86,8.0,0
STU0108,1,2021-22,DS101,1.004,55.69,62.27,64.25,34.01,33.57,30.36,28.71,0.0,1
STU0108,1,2021-22,DS102,1.109,53.15,50.99,48.91,28.08,33.15,33.79,32.95,0.0,1
STU0108,1,2021-22,MA101,1.004,56.0,53.38,48.52,41.76,46.21,47.91,50.66,6.0,0
STU0108,1,2021-22,PH101,1.23,52.98,49.06,51.38,21.28,21.45,20.11,22.13,0.0,1
STU0108,1,2021-22,EE101,0.942,59.92,57.31,59.78,34.02,36.49,31.92,31.85,0.0,1
STU0108,2,2021-22,DS201,1.142,58.49,56.72,57.33,39.51,30.94,33.29,30.47,0.0,1
STU0108,2,2021-22,DS202,0.857,60.75,65.44,66.19,41.73,38.71,36.83,37.42,0.0,1
STU0108,2,2021-22,MA201,0.991,60.58,64.08,65.28,46.44,45.23,60.06,61.72,7.0,0
STU0108,2,2021-22,CH101,1.082,65.63,65.94,63.68,44.97,51.11,51.8,57.08,6.0,0
STU0108,2,2021-22,ME101,0.99,62.33,67.63,67.98,44.3,48.91,47.26,44.82,5.0,0
STU0108,3,2022-23,DS301,0.939,60.12,61.9,56.41,47.92,49.75,57.2,56.54,6.0,0
STU0108,3,2022-23,DS302,1.165,59.57,60.06,61.04,46.21,40.63,42.86,42.98,5.0,0
STU0108,3,2022-23,DS303,0.997,62.08,65.95,67.81,47.96,46.84,46.62,43.61,5.0,0
STU0108,3,2022-23,MA301,1.238,59.0,57.96,60.08,39.18,36.06,41.4,40.49,5.0,0
STU0108,3,2022-23,CS301,1.172,57.58,60.16,60.31,29.91,23.54,20.2,23.17,0.0,1
STU0108,3,2022-23,DS304,0.767,61.08,61.95,56.06,50.33,46.73,46.97,51.37,6.0,0
STU0108,4,2022-23,DS401,0.9,49.51,48.19,45.04,44.64,44.64,42.5,41.14,5.0,0
STU0108,4,2022-23,DS402,0.917,53.7,58.72,60.53,46.68,51.23,55.39,50.66,6.0,0
STU0108,4,2022-23,DS403,1.047,57.55,56.28,56.38,39.97,42.86,38.37,36.98,0.0,1
STU0108,4,2022-23,DS404,1.073,55.32,48.75,54.33,41.83,33.96,31.01,35.72,0.0,1
STU0108,4,2022-23,MA401,1.055,49.98,43.12,36.95,35.81,38.82,31.91,33.62,0.0,1
STU0108,4,2022-23,DS405,0.895,48.31,47.1,54.0,51.83,49.58,50.52,48.77,5.0,0
STU0108,5,2023-24,DS501,1.077,49.55,53.29,57.19,21.09,21.59,27.45,28.54,0.0,1
STU0108,5,2023-24,DS502,1.175,47.24,45.2,44.05,27.61,27.61,24.29,23.96,0.0,1
STU0108,5,2023-24,DS503,1.062,52.99,55.92,56.33,22.15,27.45,33.93,37.43,0.0,1
STU0108,5,2023-24,DS504,0.903,59.02,62.52,58.52,26.15,31.75,36.05,34.48,0.0,1
STU0108,5,2023-24,DS505,0.869,59.45,61.42,61.55,24.9,28.14,23.48,20.77,0.0,1
STU0108,5,2023-24,DS506,1.048,58.21,58.71,57.44,28.41,23.22,18.94,22.2,0.0,1
STU0108,6,2023-24,DS601,0.882,51.55,54.68,49.56,28.88,22.18,25.05,21.38,0.0,1
STU0108,6,2023-24,DS602,1.054,46.38,46.7,40.83,32.04,39.0,45.66,45.85,5.0,0
STU0108,6,2023-24,DS603,0.754,45.75,46.69,47.16,30.82,34.02,37.49,39.81,0.0,1
STU0108,6,2023-24,DS604,0.914,41.41,39.7,43.82,26.97,23.06,18.29,17.03,0.0,1
STU0108,6,2023-24,DS605,1.05,49.91,45.49,49.04,33.46,32.17,25.93,29.7,0.0,1
STU0108,6,2023-24,DS606,1.045,54.82,49.78,50.8,35.16,37.25,27.42,21.15,0.0,1
STU0108,7,2024-25,DS701,1.057,49.01,47.02,50.36,43.0,40.97,44.57,44.4,5.0,0
STU0108,7,2024-25,DS702,1.12,52.5,53.53,60.52,40.04,43.16,35.3,35.74,0.0,1
STU0108,7,2024-25,DS703,1.025,49.37,48.42,47.4,37.36,35.08,44.59,44.65,5.0,0
STU0108,7,2024-25,DS704,1.037,61.76,53.05,60.58,46.11,40.57,34.99,37.38,0.0,1
STU0108,7,2024-25,DS705,1.093,55.95,52.64,53.46,37.0,35.77,31.33,29.3,0.0,1
STU0108,8,2024-25,DS801,0.899,72.41,70.82,68.74,20.0,28.57,33.3,30.46,0.0,1
STU0108,8,2024-25,DS802,1.11,71.21,71.92,72.53,22.45,18.93,17.12,14.22,0.0,1
STU0108,8,2024-25,DS803,1.124,73.57,74.83,73.0,20.01,21.61,24.12,24.56,0.0,1
STU0108,8,2024-25,DS804,0.914,71.62,72.06,73.67,20.0,19.02,22.22,18.51,0.0,1
STU0109,1,2021-22,CS101,1.015,95.05,96.46,97.37,48.48,46.65,46.0,46.49,5.0,0
STU0109,1,2021-22,CS102,1.003,92.53,95.61,94.62,65.04,72.22,65.75,58.95,6.0,0
STU0109,1,2021-22,MA101,1.041,96.6,99.0,99.0,60.9,58.53,63.41,64.94,7.0,0
STU0109,1,2021-22,PH101,1.098,95.36,98.36,99.0,61.53,59.1,54.76,55.22,6.0,0
STU0109,1,2021-22,EE101,1.182,95.07,89.26,95.49,56.74,56.33,55.58,48.67,5.0,0
STU0109,2,2021-22,CS201,1.075,85.5,89.32,81.76,74.54,80.14,82.07,81.03,9.0,0
STU0109,2,2021-22,CS202,1.095,86.7,86.0,88.62,66.46,68.05,65.9,65.54,7.0,0
STU0109,2,2021-22,MA201,0.838,80.73,78.63,82.02,81.69,85.98,91.79,92.88,10.0,0
STU0109,2,2021-22,CH101,0.876,89.59,85.62,83.75,84.43,84.41,86.48,80.36,9.0,0
STU0109,2,2021-22,ME101,0.962,87.47,87.81,90.56,67.52,72.68,70.6,70.67,8.0,0
STU0109,3,2022-23,CS301,0.909,92.99,95.84,99.0,87.2,87.23,85.84,83.95,9.0,0
STU0109,3,2022-23,CS302,1.074,91.43,88.47,85.4,69.01,72.98,78.93,74.65,8.0,0
STU0109,3,2022-23,CS303,0.957,88.28,88.75,85.98,77.36,75.76,84.11,86.7,9.0,0
STU0109,3,2022-23,MA301,1.109,98.85,99.0,99.0,62.33,58.79,55.94,55.34,6.0,0
STU0109,3,2022-23,EC301,1.054,94.95,96.91,98.94,62.52,52.54,55.98,53.59,6.0,0
STU0109,3,2022-23,CS304,1.259,93.32,98.14,94.28,59.16,62.38,64.08,60.93,7.0,0
STU0109,4,2022-23,CS401,0.916,89.03,87.26,89.01,81.92,83.78,89.27,88.85,9.0,0
STU0109,4,2022-23,CS402,1.245,97.67,99.0,99.0,57.01,50.3,43.38,45.34,5.0,0
STU0109,4,2022-23,CS403,1.009,94.59,90.64,95.97,66.89,68.6,66.34,67.32,7.0,0
STU0109,4,2022-23,CS404,1.286,96.97,94.98,91.46,55.03,53.55,50.5,56.46,6.0,0
STU0109,4,2022-23,MA401,0.763,95.18,99.0,94.94,87.73,86.25,93.49,93.4,10.0,0
STU0109,4,2022-23,CS405,1.246,95.75,94.52,90.57,49.92,52.9,64.47,63.05,7.0,0
STU0109,5,2023-24,CS501,0.976,90.49,95.92,99.0,71.83,68.9,70.64,73.72,8.0,0
STU0109,5,2023-24,CS502,1.162,96.84,87.78,89.5,63.03,67.19,68.81,68.94,7.0,0
STU0109,5,2023-24,CS503,0.965,89.17,86.95,91.79,74.82,78.54,75.98,77.59,8.0,0
STU0109,5,2023-24,CS504,1.221,92.9,95.67,93.9,54.36,55.64,52.52,50.28,6.0,0
STU0109,5,2023-24,CS505,0.98,93.16,91.02,91.62,64.55,65.29,56.77,60.01,7.0,0
STU0109,5,2023-24,CS506,0.814,98.56,99.0,99.0,82.3,84.75,85.59,82.14,9.0,0
STU0109,6,2023-24,CS601,1.281,83.26,77.59,83.52,61.98,64.02,61.54,61.73,7.0,0
STU0109,6,2023-24,CS602,0.981,89.96,87.89,86.13,79.43,85.41,83.67,85.61,9.0,0
STU0109,6,2023-24,CS603,1.125,82.72,81.74,75.74,76.44,77.55,81.65,80.46,9.0,0
STU0109,6,2023-24,CS604,0.941,85.97,85.35,93.63,81.08,84.13,84.22,84.46,9.0,0
STU0109,6,2023-24,CS605,1.082,86.25,91.16,88.27,74.86,80.12,89.49,84.26,9.0,0
STU0109,6,2023-24,CS606,1.13,83.74,86.87,89.98,61.58,64.79,63.27,61.2,7.0,0
STU0109,7,2024-25,CS701,0.989,91.16,92.27,92.65,59.89,55.84,60.82,61.46,7.0,0
STU0109,7,2024-25,CS702,0.922,93.84,92.56,86.69,73.87,72.22,71.53,73.21,8.0,0
STU0109,7,2024-25,CS703,1.149,96.17,92.36,91.48,55.15,46.92,49.06,42.03,5.0,0
STU0109,7,2024-25,CS704,0.968,89.3,94.35,97.45,67.28,73.73,78.57,80.19,9.0,0
STU0109,7,2024-25,CS705,0.996,95.52,90.34,94.1,63.06,67.86,71.16,71.46,8.0,0
STU0109,8,2024-25,CS801,0.823,86.0,87.53,90.54,91.19,87.13,93.0,91.93,10.0,0
STU0109,8,2024-25,CS802,1.046,88.62,88.86,82.06,68.0,70.1,77.18,79.21,8.0,0
STU0109,8,2024-25,CS803,1.058,78.65,82.35,85.58,73.4,74.62,76.89,80.58,9.0,0
STU0109,8,2024-25,CS804,0.994,88.11,87.04,87.09,75.72,78.48,76.24,66.88,7.0,0
STU0110,1,2021-22,EC101,0.871,73.46,74.17,71.74,96.6,94.55,95.21,97.22,10.0,0
STU0110,1,2021-22,EC102,1.071,77.56,82.2,75.7,77.42,80.92,71.69,76.87,8.0,0
STU0110,1,2021-22,MA101,0.964,73.18,75.87,73.16,92.95,93.04,98.0,99.5,10.0,0
STU0110,1,2021-22,PH101,1.015,73.16,79.25,73.94,80.19,84.1,77.5,73.84,8.0,0
STU0110,1,2021-22,EE101,0.978,77.0,70.39,74.35,84.19,87.37,84.01,82.86,9.0,0
STU0110,2,2021-22,EC201,1.081,79.52,75.46,76.13,78.0,79.79,78.35,78.5,8.0,0
STU0110,2,2021-22,EC202,1.234,71.9,70.33,62.14,66.38,61.4,70.16,69.18,7.0,0
STU0110,2,2021-22,MA201,0.951,79.21,75.46,78.15,93.23,98.0,98.0,92.48,10.0,0
STU0110,2,2021-22,CH101,1.137,89.33,89.23,89.24,72.52,65.16,66.82,65.17,7.0,0
STU0110,2,2021-22,ME101,1.04,78.08,84.73,83.32,75.72,77.0,76.56,82.17,9.0,0
STU0110,3,2022-23,EC301,1.123,80.21,76.92,78.5,88.42,81.73,78.35,77.74,8.0,0
STU0110,3,2022-23,EC302,1.062,77.06,77.79,77.09,83.3,89.67,97.36,99.5,10.0,0
STU0110,3,2022-23,EC303,1.146,76.1,85.26,80.22,77.03,80.44,80.78,84.12,9.0,0
STU0110,3,2022-23,MA301,0.981,80.92,81.36,80.03,85.93,87.24,84.58,76.01,8.0,0
STU0110,3,2022-23,CS301,0.775,73.79,72.59,76.99,98.0,98.0,94.69,99.5,10.0,0
STU0110,3,2022-23,EC304,1.002,79.53,79.62,81.68,79.51,81.27,81.73,82.08,9.0,0
STU0110,4,2022-23,EC401,0.944,63.13,62.21,66.05,97.77,96.78,97.72,96.63,10.0,0
STU0110,4,2022-23,EC402,1.005,75.84,81.84,84.36,86.78,94.67,97.31,96.51,10.0,0
STU0110,4,2022-23,EC403,0.984,69.7,72.29,73.4,90.11,87.51,96.41,96.0,10.0,0
STU0110,4,2022-23,EC404,1.138,67.39,69.27,67.09,79.66,76.05,70.75,58.88,6.0,0
STU0110,4,2022-23,MA401,1.129,73.87,80.4,73.07,72.61,69.46,63.27,70.81,8.0,0
STU0110,4,2022-23,EC405,0.852,66.97,66.95,66.21,97.28,98.0,94.86,91.29,10.0,0
STU0110,5,2023-24,EC501,0.965,74.27,72.97,70.4,88.74,89.51,85.43,77.71,8.0,0
STU0110,5,2023-24,EC502,1.203,72.21,66.6,70.85,70.93,72.47,76.26,70.04,8.0,0
STU0110,5,2023-24,EC503,1.02,76.24,75.68,77.91,87.6,78.76,82.73,84.48,9.0,0
STU0110,5,2023-24,EC504,1.039,82.71,79.88,76.15,87.35,83.95,91.45,89.37,9.0,0
STU0110,5,2023-24,EC505,0.914,75.46,74.42,73.13,95.17,93.54,86.54,88.05,9.0,0
STU0110,5,2023-24,EC506,0.948,76.46,72.21,66.87,92.56,98.0,98.0,95.27,10.0,0
STU0110,6,2023-24,EC601,0.68,74.32,75.1,74.29,98.0,89.77,83.33,83.1,9.0,0
STU0110,6,2023-24,EC602,0.9,82.89,78.21,82.51,85.22,96.54,98.0,91.35,10.0,0
STU0110,6,2023-24,EC603,1.146,74.81,78.06,78.02,69.85,68.7,63.43,62.11,7.0,0
STU0110,6,2023-24,EC604,0.845,74.77,75.46,79.16,98.0,97.94,92.88,92.72,10.0,0
STU0110,6,2023-24,EC605,0.981,81.93,85.0,85.81,91.31,89.03,91.85,90.34,10.0,0
STU0110,6,2023-24,EC606,0.943,68.39,68.74,69.19,86.32,88.36,92.86,92.81,10.0,0
STU0110,7,2024-25,EC701,1.129,79.4,85.78,86.71,71.57,77.25,80.14,81.57,9.0,0
STU0110,7,2024-25,EC702,0.815,83.23,86.73,87.83,91.44,89.92,98.0,99.43,10.0,0
STU0110,7,2024-25,EC703,0.855,75.04,73.65,77.6,93.19,97.95,98.0,99.5,10.0,0
STU0110,7,2024-25,EC704,1.117,76.35,75.7,73.97,73.72,73.82,83.89,79.65,8.0,0
STU0110,7,2024-25,EC705,0.882,73.5,65.71,65.28,96.49,93.64,96.57,95.2,10.0,0
STU0110,8,2024-25,EC801,0.956,83.43,82.03,84.31,87.23,87.11,91.03,90.09,10.0,0
STU0110,8,2024-25,EC802,0.994,77.63,75.56,77.29,91.87,88.03,85.14,82.02,9.0,0
STU0110,8,2024-25,EC803,1.217,79.05,74.55,69.31,72.0,82.49,82.22,77.78,8.0,0
STU0110,8,2024-25,EC804,0.803,75.21,70.3,69.42,98.0,98.0,98.0,98.75,10.0,0
STU0111,1,2021-22,AI101,1.012,92.24,95.02,90.6,56.31,50.57,49.66,39.79,0.0,1
STU0111,1,2021-22,AI102,1.071,83.25,77.0,84.53,53.42,45.65,43.06,47.77,5.0,0
STU0111,1,2021-22,MA101,0.598,91.01,84.81,86.45,96.44,96.58,94.31,95.25,10.0,0
STU0111,1,2021-22,PH101,1.069,89.04,86.48,87.42,61.77,60.7,61.45,58.05,6.0,0
STU0111,1,2021-22,EE101,1.034,84.47,83.74,83.68,60.03,58.16,65.61,62.71,7.0,0
STU0111,2,2021-22,AI201,0.877,82.98,89.27,90.6,57.68,54.51,59.72,56.41,6.0,0
STU0111,2,2021-22,AI202,0.809,79.39,77.47,79.48,68.0,70.32,60.23,60.23,7.0,0
STU0111,2,2021-22,MA201,1.004,84.54,79.19,77.67,49.24,53.22,53.29,51.18,6.0,0
STU0111,2,2021-22,CH101,0.779,77.47,79.42,71.59,56.6,59.98,62.79,58.66,6.0,0
STU0111,2,2021-22,ME101,0.965,88.7,88.79,89.97,61.04,69.16,69.17,73.42,8.0,0
STU0111,3,2022-23,AI301,1.044,78.82,80.77,78.84,54.9,59.42,54.71,55.75,6.0,0
STU0111,3,2022-23,AI302,1.109,84.14,84.68,81.93,50.81,49.68,63.82,69.17,7.0,0
STU0111,3,2022-23,AI303,0.934,85.47,83.96,79.33,62.15,59.89,48.68,47.73,5.0,0
STU0111,3,2022-23,MA301,1.084,93.75,95.56,92.37,51.8,51.4,51.55,51.17,6.0,0
STU0111,3,2022-23,CS301,1.139,87.78,89.45,90.6,50.65,43.24,42.64,40.67,5.0,0
STU0111,3,2022-23,AI304,1.077,83.72,87.78,90.03,65.56,72.63,75.94,72.5,8.0,0
STU0111,4,2022-23,AI401,1.013,87.04,85.94,88.03,52.35,42.01,43.0,42.16,5.0,0
STU0111,4,2022-23,AI402,1.015,88.36,87.55,83.28,52.59,58.96,60.93,55.43,6.0,0
STU0111,4,2022-23,AI403,0.773,79.17,75.24,71.43,75.54,83.64,88.84,89.54,9.0,0
STU0111,4,2022-23,AI404,1.001,82.81,84.18,83.45,57.26,53.93,48.52,48.6,5.0,0
STU0111,4,2022-23,MA401,1.0,82.85,80.17,82.12,58.63,67.08,73.29,69.71,7.0,0
STU0111,4,2022-23,AI405,0.977,79.78,73.34,81.02,65.11,62.27,67.87,72.04,8.0,0
STU0111,5,2023-24,AI501,0.941,92.98,99.0,99.0,52.99,59.39,50.74,52.25,6.0,0
STU0111,5,2023-24,AI502,1.063,94.27,92.49,93.83,51.75,41.29,39.87,37.16,0.0,1
STU0111,5,2023-24,AI503,1.079,96.96,94.82,91.01,47.34,42.15,41.13,40.14,5.0,0
STU0111,5,2023-24,AI504,1.07,92.71,93.28,99.0,48.54,46.66,45.33,43.03,5.0,0
STU0111,5,2023-24,AI505,0.878,85.89,89.86,87.35,59.08,57.73,57.6,61.06,7.0,0
STU0111,5,2023-24,AI506,1.021,87.76,85.79,88.8,51.84,55.99,54.92,50.73,6.0,0
STU0111,6,2023-24,AI601,1.033,83.53,81.29,78.01,60.23,62.18,61.98,64.89,7.0,0
STU0111,6,2023-24,AI602,1.179,90.47,92.82,90.92,47.42,51.96,48.03,50.12,6.0,0
STU0111,6,2023-24,AI603,1.206,91.67,91.39,86.7,50.7,55.24,54.44,57.5,6.0,0
STU0111,6,2023-24,AI604,1.044,90.22,89.12,84.02,55.53,53.58,56.17,56.12,6.0,0
STU0111,6,2023-24,AI605,1.13,90.18,88.42,85.57,50.24,50.96,49.29,46.06,5.0,0
STU0111,6,2023-24,AI606,1.121,89.67,90.63,87.75,48.49,47.76,38.63,40.97,5.0,0
STU0111,7,2024-25,AI701,1.051,86.08,81.99,87.26,44.98,34.91,38.85,34.47,0.0,1
STU0111,7,2024-25,AI702,1.15,88.48,89.48,87.48,43.98,42.29,38.34,41.96,5.0,0
STU0111,7,2024-25,AI703,0.911,89.0,92.52,89.44,62.64,58.61,57.83,56.46,6.0,0
STU0111,7,2024-25,AI704,0.917,87.61,83.36,86.61,54.97,49.27,48.13,47.01,5.0,0
STU0111,7,2024-25,AI705,1.043,87.32,81.62,85.07,51.69,52.77,62.68,66.54,7.0,0
STU0111,8,2024-25,AI801,0.837,87.2,85.8,85.21,64.74,66.74,71.88,76.45,8.0,0
STU0111,8,2024-25,AI802,0.946,85.14,84.8,87.88,62.33,58.62,64.56,64.86,7.0,0
STU0111,8,2024-25,AI803,0.958,83.27,80.69,82.14,60.61,57.04,67.73,64.71,7.0,0
STU0111,8,2024-25,AI804,1.042,82.78,79.19,78.01,49.88,59.18,57.98,57.43,6.0,0
STU0112,1,2021-22,DS101,1.155,80.15,73.22,71.92,68.35,68.51,68.69,66.86,7.0,0
STU0112,1,2021-22,DS102,0.914,76.54,83.41,80.23,81.19,81.32,74.73,76.03,8.0,0
STU0112,1,2021-22,MA101,0.845,73.43,69.46,63.71,96.77,98.0,98.0,99.5,10.0,0
STU0112,1,2021-22,PH101,0.98,77.66,81.21,86.94,71.73,83.07,77.15,75.77,8.0,0
STU0112,1,2021-22,EE101,1.009,78.44,85.32,88.86,77.84,82.5,84.05,82.03,9.0,0
STU0112,2,2021-22,DS201,0.899,86.4,86.21,82.28,73.74,76.15,80.87,82.32,9.0,0
STU0112,2,2021-22,DS202,1.058,78.1,78.43,77.27,65.74,65.24,62.27,64.52,7.0,0
STU0112,2,2021-22,MA201,0.879,76.15,73.4,76.49,82.03,74.01,76.7,76.55,8.0,0
STU0112,2,2021-22,CH101,0.95,80.38,75.71,76.32,68.0,66.42,64.85,67.16,7.0,0
STU0112,2,2021-22,ME101,1.005,84.17,79.98,79.61,72.93,78.52,73.39,70.87,8.0,0
STU0112,3,2022-23,DS301,1.034,83.08,79.26,79.74,70.13,69.14,64.28,67.58,7.0,0
STU0112,3,2022-23,DS302,0.958,89.63,83.42,87.63,70.35,76.4,79.16,74.87,8.0,0
STU0112,3,2022-23,DS303,1.029,94.15,92.05,97.86,70.59,76.63,77.34,76.97,8.0,0
STU0112,3,2022-23,MA301,1.22,90.41,89.58,91.07,55.1,55.58,60.96,60.48,7.0,0
STU0112,3,2022-23,CS301,0.895,83.65,83.91,81.08,71.81,66.42,71.71,71.28,8.0,0
STU0112,3,2022-23,DS304,1.007,83.65,81.62,79.47,68.82,61.36,66.26,66.21,7.0,0
STU0112,4,2022-23,DS401,1.101,82.43,84.55,86.63,64.71,69.48,73.08,75.26,8.0,0
STU0112,4,2022-23,DS402,1.164,84.85,85.05,87.92,58.8,60.97,58.45,51.61,6.0,0
STU0112,4,2022-23,DS403,1.072,78.54,76.09,78.96,68.98,74.27,65.18,66.07,7.0,0
STU0112,4,2022-23,DS404,0.969,88.68,93.85,89.27,71.77,75.52,74.0,79.23,8.0,0
STU0112,4,2022-23,MA401,0.952,83.53,79.77,80.31,57.9,56.79,62.5,58.31,6.0,0
STU0112,4,2022-23,DS405,0.806,89.2,93.58,88.83,94.88,96.83,98.0,95.62,10.0,0
STU0112,5,2023-24,DS501,0.963,81.93,80.56,75.24,78.19,76.75,73.3,77.02,8.0,0
STU0112,5,2023-24,DS502,1.287,76.33,77.02,75.62,69.42,71.63,75.81,79.35,8.0,0
STU0112,5,2023-24,DS503,1.016,79.26,84.57,87.3,69.25,65.99,64.23,67.71,7.0,0
STU0112,5,2023-24,DS504,1.177,88.61,86.13,86.62,61.41,60.59,64.77,64.64,7.0,0
STU0112,5,2023-24,DS505,1.158,77.94,80.53,78.98,55.26,50.66,51.22,56.99,6.0,0
STU0112,5,2023-24,DS506,0.945,79.33,81.04,78.94,76.56,76.88,74.92,69.57,7.0,0
STU0112,6,2023-24,DS601,1.078,88.88,93.27,90.12,57.59,54.43,53.75,51.88,6.0,0
STU0112,6,2023-24,DS602,0.979,80.05,82.79,79.47,62.49,64.83,68.08,74.61,8.0,0
STU0112,6,2023-24,DS603,1.024,86.47,90.14,86.04,66.59,66.32,68.55,70.02,8.0,0
STU0112,6,2023-24,DS604,0.993,83.58,85.47,83.91,70.34,67.02,75.95,77.42,8.0,0
STU0112,6,2023-24,DS605,1.03,81.26,80.85,82.35,70.32,65.16,59.11,57.73,6.0,0
STU0112,6,2023-24,DS606,0.952,81.76,83.44,84.25,68.26,74.39,84.74,86.38,9.0,0
STU0112,7,2024-25,DS701,0.866,85.34,84.52,84.32,82.02,76.62,82.54,85.06,9.0,0
STU0112,7,2024-25,DS702,0.902,77.21,74.45,71.65,72.51,73.93,75.29,71.56,8.0,0
STU0112,7,2024-25,DS703,1.245,77.37,70.29,72.53,56.51,54.77,55.39,55.24,6.0,0
STU0112,7,2024-25,DS704,1.084,80.57,78.84,79.6,68.96,68.52,68.3,72.19,8.0,0
STU0112,7,2024-25,DS705,1.006,75.54,75.81,75.84,71.34,72.38,72.45,64.43,7.0,0
STU0112,8,2024-25,DS801,0.968,85.84,80.29,79.67,68.72,76.48,76.19,75.16,8.0,0
STU0112,8,2024-25,DS802,0.921,82.91,89.16,85.44,68.08,74.48,79.67,86.62,9.0,0
STU0112,8,2024-25,DS803,1.129,86.43,88.6,85.06,56.73,52.39,58.82,54.42,6.0,0
STU0112,8,2024-25,DS804,0.971,81.25,84.78,85.38,66.42,61.1,67.52,64.73,7.0,0
STU0113,1,2021-22,CS101,1.064,76.72,81.75,81.94,70.06,65.92,68.3,66.08,7.0,0
STU0113,1,2021-22,CS102,0.981,72.54,77.35,82.16,73.09,77.42,89.78,90.41,10.0,0
STU0113,1,2021-22,MA101,1.202,77.83,79.97,82.85,45.58,45.08,44.08,44.0,5.0,0
STU0113,1,2021-22,PH101,0.914,78.53,79.78,76.26,72.09,70.97,76.4,78.13,8.0,0
STU0113,1,2021-22,EE101,0.908,81.78,81.6,81.82,67.77,68.68,72.93,72.21,8.0,0
STU0113,2,2021-22,CS201,0.9,82.54,77.73,74.34,73.14,65.92,64.58,64.01,7.0,0
STU0113,2,2021-22,CS202,1.027,77.91,80.83,80.08,73.25,58.75,58.76,61.12,7.0,0
STU0113,2,2021-22,MA201,0.727,81.63,78.87,84.26,94.89,98.0,98.0,98.34,10.0,0
STU0113,2,2021-22,CH101,0.828,79.66,82.07,82.45,83.48,88.47,88.04,88.88,9.0,0
STU0113,2,2021-22,ME101,1.119,85.03,88.81,91.25,62.45,62.26,68.33,64.28,7.0,0
STU0113,3,2022-23,CS301,0.989,73.35,75.8,77.38,76.67,77.55,87.09,90.04,10.0,0
STU0113,3,2022-23,CS302,0.774,80.17,79.95,79.64,76.82,80.43,78.88,82.41,9.0,0
STU0113,3,2022-23,CS303,1.123,79.1,76.97,75.02,56.05,57.5,55.48,54.24,6.0,0
STU0113,3,2022-23,MA301,1.034,84.18,85.04,84.94,61.92,53.84,52.8,49.03,5.0,0
STU0113,3,2022-23,EC301,0.935,76.39,73.14,69.7,78.84,78.59,84.01,86.29,9.0,0
STU0113,3,2022-23,CS304,1.083,82.23,89.53,91.02,49.12,48.34,43.63,39.43,0.0,1
STU0113,4,2022-23,CS401,1.013,63.0,62.39,65.1,64.9,59.58,58.05,59.9,6.0,0
STU0113,4,2022-23,CS402,1.036,69.3,66.37,64.95,70.08,69.47,70.56,69.48,7.0,0
STU0113,4,2022-23,CS403,0.864,77.6,80.34,81.32,79.07,85.46,81.88,83.89,9.0,0
STU0113,4,2022-23,CS404,1.005,68.54,67.57,72.14,59.39,66.88,71.49,71.6,8.0,0
STU0113,4,2022-23,MA401,0.972,69.55,71.24,75.56,73.5,74.75,74.87,69.34,7.0,0
STU0113,4,2022-23,CS405,0.801,73.99,75.64,78.54,90.28,93.04,96.95,94.38,10.0,0
STU0113,5,2023-24,CS501,1.159,65.22,73.58,76.55,61.34,57.05,55.74,56.78,6.0,0
STU0113,5,2023-24,CS502,1.2,85.8,87.97,90.52,58.97,54.39,50.87,53.77,6.0,0
STU0113,5,2023-24,CS503,1.085,77.23,74.59,76.85,62.65,59.09,60.63,62.66,7.0,0
STU0113,5,2023-24,CS504,0.868,78.34,80.9,86.41,81.66,79.37,75.64,75.63,8.0,0
STU0113,5,2023-24,CS505,0.995,71.07,65.13,57.13,69.99,74.72,78.82,74.99,8.0,0
STU0113,5,2023-24,CS506,0.89,74.49,74.8,78.04,83.88,80.82,81.32,79.09,8.0,0
STU0113,6,2023-24,CS601,0.933,70.06,59.54,58.2,73.97,74.89,68.15,61.38,7.0,0
STU0113,6,2023-24,CS602,0.99,70.71,69.14,65.04,60.29,65.56,67.63,67.55,7.0,0
STU0113,6,2023-24,CS603,1.107,75.42,74.1,79.9,69.54,65.0,66.22,66.66,7.0,0
STU0113,6,2023-24,CS604,1.104,71.11,75.58,72.34,60.42,55.31,52.9,49.79,5.0,0
STU0113,6,2023-24,CS605,0.885,78.44,78.29,85.27,75.05,71.52,69.16,68.7,7.0,0
STU0113,6,2023-24,CS606,1.037,73.75,69.24,72.51,71.08,69.17,75.85,74.34,8.0,0
STU0113,7,2024-25,CS701,1.285,67.05,63.2,70.9,47.09,45.98,43.6,43.69,5.0,0
STU0113,7,2024-25,CS702,1.031,73.13,75.73,80.67,66.47,58.43,55.39,56.29,6.0,0
STU0113,7,2024-25,CS703,1.019,77.62,84.14,84.88,68.1,64.83,63.99,73.74,8.0,0
STU0113,7,2024-25,CS704,1.011,71.58,73.13,70.2,77.02,76.78,73.0,70.95,8.0,0
STU0113,7,2024-25,CS705,0.97,79.56,77.52,71.89,82.43,74.32,84.9,79.38,8.0,0
STU0113,8,2024-25,CS801,1.105,78.93,85.75,80.43,50.87,55.59,65.82,69.48,7.0,0
STU0113,8,2024-25,CS802,1.088,80.89,76.17,75.35,60.58,60.12,62.5,62.42,7.0,0
STU0113,8,2024-25,CS803,0.947,71.53,71.03,66.49,68.99,70.46,67.48,69.72,7.0,0
STU0113,8,2024-25,CS804,1.124,74.13,72.79,75.36,53.48,48.5,46.91,46.86,5.0,0
STU0114,1,2021-22,EC101,0.837,80.29,71.88,66.36,64.62,60.45,55.14,55.52,6.0,0
STU0114,1,2021-22,EC102,0.68,78.93,73.04,65.7,71.26,62.51,55.07,55.38,6.0,0
STU0114,1,2021-22,MA101,0.848,75.56,67.79,64.53,68.42,62.39,54.53,54.39,6.0,0
STU0114,1,2021-22,PH101,1.036,79.09,69.64,65.85,53.49,49.22,44.63,49.69,5.0,0
STU0114,1,2021-22,EE101,1.285,85.3,76.42,69.89,46.93,40.07,32.66,32.01,0.0,1
STU0114,2,2021-22,EC201,1.212,78.72,70.37,63.01,48.53,43.81,36.7,38.55,0.0,1
STU0114,2,2021-22,EC202,1.084,75.09,70.3,67.28,48.57,42.33,36.3,33.34,0.0,1
STU0114,2,2021-22,MA201,1.073,73.52,65.86,61.53,54.7,47.3,41.49,39.33,0.0,1
STU0114,2,2021-22,CH101,1.282,75.57,65.61,59.35,44.08,37.55,29.86,29.53,0.0,1
STU0114,2,2021-22,ME101,0.918,78.53,73.52,68.61,56.64,48.34,43.34,41.1,5.0,0
STU0114,3,2022-23,EC301,1.078,70.3,61.6,56.05,45.75,40.11,35.05,39.57,0.0,1
STU0114,3,2022-23,EC302,1.071,65.86,56.27,47.35,44.67,38.59,31.97,33.42,0.0,1
STU0114,3,2022-23,EC303,1.21,63.83,55.14,47.08,35.76,27.08,23.01,24.5,0.0,1
STU0114,3,2022-23,MA301,0.886,57.98,49.71,42.5,46.53,39.17,35.11,34.4,0.0,1
STU0114,3,2022-23,CS301,1.136,62.19,54.99,49.84,43.56,38.77,34.37,31.79,0.0,1
STU0114,3,2022-23,EC304,1.002,68.99,59.87,52.26,41.24,36.74,28.94,27.26,0.0,1
STU0114,4,2022-23,EC401,0.9,64.95,56.78,53.73,48.9,40.24,32.31,29.32,0.0,1
STU0114,4,2022-23,EC402,1.095,56.31,47.83,43.69,42.09,37.25,29.99,32.56,0.0,1
STU0114,4,2022-23,EC403,0.772,62.5,56.07,50.59,66.74,60.36,55.74,56.57,6.0,0
STU0114,4,2022-23,EC404,1.057,63.47,58.78,51.0,52.45,45.88,38.57,39.07,0.0,1
STU0114,4,2022-23,MA401,0.864,63.11,59.08,52.36,53.09,44.84,37.5,29.78,0.0,1
STU0114,4,2022-23,EC405,1.003,65.25,56.8,49.63,52.55,45.54,40.78,35.59,0.0,1
STU0114,5,2023-24,EC501,0.902,65.45,60.52,55.32,53.91,49.86,46.34,52.81,6.0,0
STU0114,5,2023-24,EC502,0.941,71.93,67.66,59.7,47.23,38.35,35.28,30.67,0.0,1
STU0114,5,2023-24,EC503,1.118,65.87,60.02,51.12,48.09,40.06,34.88,39.29,0.0,1
STU0114,5,2023-24,EC504,0.895,63.17,57.19,50.49,53.25,47.23,40.26,44.01,5.0,0
STU0114,5,2023-24,EC505,1.121,62.25,57.61,53.94,40.24,35.47,29.35,30.04,0.0,1
STU0114,5,2023-24,EC506,1.223,59.23,49.37,42.58,32.5,25.35,22.28,26.25,0.0,1
STU0114,6,2023-24,EC601,1.039,55.77,47.77,42.46,36.44,28.65,25.56,17.47,0.0,1
STU0114,6,2023-24,EC602,0.964,61.46,55.54,49.43,39.31,30.69,24.26,21.77,0.0,1
STU0114,6,2023-24,EC603,1.048,67.21,57.83,53.95,45.18,36.82,32.28,28.88,0.0,1
STU0114,6,2023-24,EC604,0.985,50.7,41.69,36.01,33.05,26.21,21.47,22.13,0.0,1
STU0114,6,2023-24,EC605,1.029,59.32,49.87,45.79,35.39,29.91,23.12,18.62,0.0,1
STU0114,6,2023-24,EC606,1.06,57.74,53.67,45.83,44.82,38.14,32.46,37.14,0.0,1
STU0114,7,2024-25,EC701,1.243,54.1,48.46,40.63,26.93,20.13,15.39,17.88,0.0,1
STU0114,7,2024-25,EC702,1.063,52.54,42.59,36.2,34.93,28.1,22.7,31.97,0.0,1
STU0114,7,2024-25,EC703,0.946,53.73,44.15,39.35,36.62,31.21,27.81,25.31,0.0,1
STU0114,7,2024-25,EC704,0.932,48.22,41.73,36.13,39.16,31.67,27.88,29.23,0.0,1
STU0114,7,2024-25,EC705,0.954,54.07,46.16,41.12,44.02,37.25,33.9,34.87,0.0,1
STU0114,8,2024-25,EC801,1.084,45.86,39.54,33.8,34.78,26.91,20.16,24.69,0.0,1
STU0114,8,2024-25,EC802,0.839,48.8,43.46,36.22,37.23,32.69,29.08,24.17,0.0,1
STU0114,8,2024-25,EC803,0.964,49.11,43.47,37.06,27.4,22.27,19.11,22.8,0.0,1
STU0114,8,2024-25,EC804,1.129,47.26,40.08,32.43,33.96,29.2,22.1,21.23,0.0,1
STU0115,1,2021-22,AI101,0.99,37.69,37.26,43.36,48.57,47.74,47.33,43.59,5.0,0
STU0115,1,2021-22,AI102,1.042,45.45,47.3,41.73,45.5,44.47,50.0,50.61,6.0,0
STU0115,1,2021-22,MA101,1.172,46.74,43.81,46.68,40.39,41.34,40.07,42.85,5.0,0
STU0115,1,2021-22,PH101,1.138,38.9,39.37,38.68,45.81,42.6,45.1,47.17,5.0,0
STU0115,1,2021-22,EE101,1.007,49.67,49.34,45.06,48.4,46.39,46.82,46.35,5.0,0
STU0115,2,2021-22,AI201,0.815,41.7,44.22,45.09,37.75,37.16,38.07,37.98,0.0,1
STU0115,2,2021-22,AI202,0.991,35.29,39.9,38.89,26.21,23.69,21.95,20.83,0.0,1
STU0115,2,2021-22,MA201,1.024,35.0,31.99,37.19,34.73,33.55,44.78,46.88,5.0,0
STU0115,2,2021-22,CH101,1.177,39.99,39.11,42.45,29.63,28.4,30.39,21.57,0.0,1
STU0115,2,2021-22,ME101,0.922,45.34,43.46,43.28,30.06,25.13,24.74,24.11,0.0,1
STU0115,3,2022-23,AI301,0.859,44.06,43.81,50.71,29.1,32.75,26.25,33.64,0.0,1
STU0115,3,2022-23,AI302,1.048,45.22,47.36,47.59,25.07,20.85,21.76,25.52,0.0,1
STU0115,3,2022-23,AI303,0.776,53.11,50.1,51.18,33.02,32.76,34.23,33.7,0.0,1
STU0115,3,2022-23,MA301,1.021,44.7,46.67,48.41,20.0,18.5,24.52,27.05,0.0,1
STU0115,3,2022-23,CS301,0.866,42.77,41.97,41.12,32.01,29.72,25.36,31.74,0.0,1
STU0115,3,2022-23,AI304,1.022,43.4,46.03,40.57,30.55,23.97,25.6,23.01,0.0,1
STU0115,4,2022-23,AI401,1.018,55.09,52.82,54.02,42.19,37.17,45.6,47.49,5.0,0
STU0115,4,2022-23,AI402,0.999,64.53,60.09,56.9,29.69,39.77,39.83,40.38,5.0,0
STU0115,4,2022-23,AI403,1.136,55.37,52.52,53.76,40.58,44.57,46.17,46.95,5.0,0
STU0115,4,2022-23,AI404,1.135,57.21,58.26,59.9,30.85,30.25,23.01,21.36,0.0,1
STU0115,4,2022-23,MA401,0.716,63.76,64.2,63.73,52.27,53.63,52.08,47.89,5.0,0
STU0115,4,2022-23,AI405,1.06,57.11,58.33,62.92,43.32,45.03,43.63,42.21,5.0,0
STU0115,5,2023-24,AI501,0.903,35.0,36.44,36.24,39.18,38.63,37.64,38.55,0.0,1
STU0115,5,2023-24,AI502,1.084,39.27,39.18,42.86,39.97,37.24,40.8,39.09,0.0,1
STU0115,5,2023-24,AI503,1.147,35.75,34.38,31.2,27.38,26.68,31.74,30.85,0.0,1
STU0115,5,2023-24,AI504,0.946,42.1,40.69,36.64,29.84,26.53,26.51,26.6,0.0,1
STU0115,5,2023-24,AI505,0.926,35.0,31.9,27.27,22.47,18.0,19.33,18.42,0.0,1
STU0115,5,2023-24,AI506,1.071,35.0,32.88,29.87,27.96,24.55,32.34,32.01,0.0,1
STU0115,6,2023-24,AI601,0.997,55.21,56.95,57.43,30.63,32.34,26.6,26.96,0.0,1
STU0115,6,2023-24,AI602,1.034,52.53,50.82,55.04,29.23,27.37,29.18,32.31,0.0,1
STU0115,6,2023-24,AI603,0.913,47.45,50.31,53.69,31.28,30.44,34.44,32.05,0.0,1
STU0115,6,2023-24,AI604,0.714,51.34,51.73,55.0,44.71,52.2,53.4,60.04,7.0,0
STU0115,6,2023-24,AI605,1.141,51.33,55.07,51.95,24.08,23.4,22.55,25.11,0.0,1
STU0115,6,2023-24,AI606,1.132,54.02,51.83,54.21,31.72,34.98,28.64,25.73,0.0,1
STU0115,7,2024-25,AI701,0.883,52.09,52.24,48.72,41.98,43.75,44.52,47.51,5.0,0
STU0115,7,2024-25,AI702,0.995,54.94,56.44,58.76,33.64,36.05,41.29,44.1,5.0,0
STU0115,7,2024-25,AI703,1.148,52.88,58.49,57.49,29.95,37.84,39.95,42.69,5.0,0
STU0115,7,2024-25,AI704,0.794,53.57,54.54,56.57,47.85,46.34,57.37,55.01,6.0,0
STU0115,7,2024-25,AI705,0.972,55.86,52.35,52.18,40.77,38.73,35.73,37.07,0.0,1
STU0115,8,2024-25,AI801,1.019,41.48,44.99,41.67,29.16,28.13,26.98,29.87,0.0,1
STU0115,8,2024-25,AI802,1.02,44.16,49.22,46.42,40.51,40.66,30.33,31.05,0.0,1
STU0115,8,2024-25,AI803,0.834,36.23,32.76,32.52,34.39,40.11,45.15,52.97,6.0,0
STU0115,8,2024-25,AI804,0.991,39.58,40.35,43.39,40.69,37.98,42.53,45.54,5.0,0
STU0116,1,2021-22,DS101,1.225,99.0,96.7,94.04,84.98,83.38,86.92,86.71,9.0,0
STU0116,1,2021-22,DS102,1.05,98.91,99.0,94.88,86.95,86.53,87.07,92.11,10.0,0
STU0116,1,2021-22,MA101,1.052,98.54,97.66,99.0,92.02,86.7,91.52,90.03,10.0,0
STU0116,1,2021-22,PH101,0.949,91.88,93.22,99.0,94.72,87.49,89.31,90.11,10.0,0
STU0116,1,2021-22,EE101,0.943,95.35,96.37,89.73,97.38,92.84,91.08,89.99,9.0,0
STU0116,2,2021-22,DS201,1.069,91.44,94.47,96.3,76.09,71.71,67.27,64.73,7.0,0
STU0116,2,2021-22,DS202,1.099,91.52,88.14,89.47,77.69,80.0,84.03,75.18,8.0,0
STU0116,2,2021-22,MA201,0.982,90.81,94.54,99.0,78.28,74.55,70.18,74.01,8.0,0
STU0116,2,2021-22,CH101,1.187,92.46,87.81,86.75,70.78,72.32,81.04,84.22,9.0,0
STU0116,2,2021-22,ME101,1.122,87.72,89.18,83.43,73.45,74.25,68.61,67.72,7.0,0
STU0116,3,2022-23,DS301,1.075,99.0,97.41,99.0,86.63,91.61,91.42,94.58,10.0,0
STU0116,3,2022-23,DS302,1.165,92.38,96.07,90.06,81.45,87.34,98.0,94.21,10.0,0
STU0116,3,2022-23,DS303,0.865,91.1,91.68,89.41,98.0,96.73,93.53,90.4,10.0,0
STU0116,3,2022-23,MA301,1.007,95.04,98.21,96.87,95.87,98.0,98.0,96.75,10.0,0
STU0116,3,2022-23,CS301,1.082,92.47,90.94,87.68,95.89,92.72,92.01,86.29,9.0,0
STU0116,3,2022-23,DS304,1.132,93.07,97.22,98.46,83.82,87.6,87.55,82.03,9.0,0
STU0116,4,2022-23,DS401,0.896,88.22,85.7,86.86,95.08,94.56,96.4,93.77,10.0,0
STU0116,4,2022-23,DS402,1.155,99.0,95.48,97.92,74.24,71.92,72.11,74.58,8.0,0
STU0116,4,2022-23,DS403,0.995,98.3,99.0,99.0,87.84,90.98,88.52,87.65,9.0,0
STU0116,4,2022-23,DS404,1.068,98.99,98.36,97.26,93.91,84.05,85.69,85.74,9.0,0
STU0116,4,2022-23,MA401,0.949,97.8,94.39,89.83,98.0,94.97,94.42,87.65,9.0,0
STU0116,4,2022-23,DS405,0.792,97.66,99.0,96.6,98.0,98.0,98.0,99.5,10.0,0
STU0116,5,2023-24,DS501,0.943,94.54,90.18,91.35,98.0,98.0,98.0,85.14,9.0,0
STU0116,5,2023-24,DS502,1.115,94.12,99.0,94.88,90.76,96.64,98.0,99.5,10.0,0
STU0116,5,2023-24,DS503,0.692,93.98,87.48,79.83,98.0,98.0,90.3,83.76,9.0,0
STU0116,5,2023-24,DS504,0.948,93.84,93.79,92.6,92.72,91.19,95.69,96.25,10.0,0
STU0116,5,2023-24,DS505,1.039,98.86,99.0,99.0,98.0,94.14,88.77,90.41,10.0,0
STU0116,5,2023-24,DS506,0.968,91.9,84.71,85.86,94.65,92.93,92.27,87.49,9.0,0
STU0116,6,2023-24,DS601,1.04,99.0,94.85,95.74,79.13,88.69,83.66,86.72,9.0,0
STU0116,6,2023-24,DS602,0.951,99.0,94.32,92.53,95.57,95.2,95.99,94.75,10.0,0
STU0116,6,2023-24,DS603,0.977,96.76,94.13,99.0,98.0,98.0,98.0,99.5,10.0,0
STU0116,6,2023-24,DS604,0.919,93.47,97.99,99.0,98.0,98.0,94.82,91.41,10.0,0
STU0116,6,2023-24,DS605,1.073,99.0,99.0,95.7,83.29,84.77,81.98,86.18,9.0,0
STU0116,6,2023-24,DS606,0.989,99.0,99.0,98.68,89.77,80.68,80.92,74.1,8.0,0
STU0116,7,2024-25,DS701,0.96,99.0,99.0,99.0,91.78,93.78,92.74,94.85,10.0,0
STU0116,7,2024-25,DS702,1.149,95.51,99.0,98.32,83.7,87.56,86.86,89.2,9.0,0
STU0116,7,2024-25,DS703,1.09,98.54,91.39,87.72,79.84,81.2,84.1,82.94,9.0,0
STU0116,7,2024-25,DS704,1.101,86.28,81.53,79.79,90.76,94.93,93.22,98.3,10.0,0
STU0116,7,2024-25,DS705,0.884,91.81,92.8,93.23,98.0,96.44,98.0,99.5,10.0,0
STU0116,8,2024-25,DS801,0.937,95.18,91.72,94.76,96.02,86.47,84.42,84.25,9.0,0
STU0116,8,2024-25,DS802,1.066,94.71,90.2,90.62,83.64,82.02,77.53,77.38,8.0,0
STU0116,8,2024-25,DS803,1.376,99.0,95.5,95.74,65.32,65.96,70.09,69.7,7.0,0
STU0116,8,2024-25,DS804,0.915,97.59,93.27,93.93,93.21,88.59,91.94,89.9,9.0,0
STU0117,1,2021-22,CS101,0.9,76.97,78.9,73.48,65.86,66.46,64.92,63.7,7.0,0
STU0117,1,2021-22,CS102,0.913,77.15,74.92,77.22,65.66,66.41,71.44,73.24,8.0,0
STU0117,1,2021-22,MA101,0.847,83.81,87.48,85.44,65.22,63.24,64.09,65.86,7.0,0
STU0117,1,2021-22,PH101,0.938,73.88,69.41,70.67,76.03,75.93,81.84,78.67,8.0,0
STU0117,1,2021-22,EE101,0.922,72.66,73.95,70.83,70.16,67.9,77.0,82.38,9.0,0
STU0117,2,2021-22,CS201,0.911,89.86,85.16,90.2,71.29,64.93,64.12,64.6,7.0,0
STU0117,2,2021-22,CS202,1.086,87.23,89.98,89.73,58.51,52.36,52.24,55.69,6.0,0
STU0117,2,2021-22,MA201,1.169,87.97,87.62,92.41,51.01,56.16,55.68,55.8,6.0,0
STU0117,2,2021-22,CH101,0.867,82.28,85.7,91.73,69.98,69.23,73.83,74.84,8.0,0
STU0117,2,2021-22,ME101,0.712,91.25,86.57,86.53,82.38,79.49,79.7,82.38,9.0,0
STU0117,3,2022-23,CS301,1.184,96.65,96.45,94.78,58.59,63.66,68.45,60.67,7.0,0
STU0117,3,2022-23,CS302,1.037,81.08,81.01,79.16,62.93,66.75,63.84,63.81,7.0,0
STU0117,3,2022-23,CS303,0.888,90.85,94.2,91.13,81.54,81.8,82.01,80.96,9.0,0
STU0117,3,2022-23,MA301,1.093,93.23,92.77,93.48,67.38,69.82,68.44,71.94,8.0,0
STU0117,3,2022-23,EC301,1.104,99.0,93.5,95.96,68.8,73.33,72.19,75.3,8.0,0
STU0117,3,2022-23,CS304,0.779,84.32,78.0,70.1,88.13,93.42,95.02,97.1,10.0,0
STU0117,4,2022-23,CS401,1.093,84.83,85.27,83.85,57.64,57.06,51.77,54.41,6.0,0
STU0117,4,2022-23,CS402,1.059,91.45,88.7,83.9,58.18,65.26,63.48,58.98,6.0,0
STU0117,4,2022-23,CS403,1.056,84.15,80.84,86.04,65.24,67.79,69.74,77.89,8.0,0
STU0117,4,2022-23,CS404,0.976,81.49,79.11,82.58,72.65,70.53,72.07,83.26,9.0,0
STU0117,4,2022-23,MA401,1.205,82.95,82.12,85.46,61.08,60.82,59.94,58.44,6.0,0
STU0117,4,2022-23,CS405,0.891,85.39,87.43,88.73,77.74,79.17,74.88,76.58,8.0,0
STU0117,5,2023-24,CS501,1.071,86.35,86.37,82.67,59.28,68.2,67.9,67.07,7.0,0
STU0117,5,2023-24,CS502,0.806,87.39,88.92,87.26,77.84,71.86,72.41,73.9,8.0,0
STU0117,5,2023-24,CS503,0.729,85.78,91.84,92.37,89.87,94.63,97.19,96.11,10.0,0
STU0117,5,2023-24,CS504,0.806,96.74,99.0,99.0,84.3,89.34,92.91,93.0,10.0,0
STU0117,5,2023-24,CS505,0.962,88.86,89.37,89.76,71.2,80.63,76.4,77.84,8.0,0
STU0117,5,2023-24,CS506,0.879,86.71,80.83,78.39,72.58,77.39,70.73,72.03,8.0,0
STU0117,6,2023-24,CS601,0.951,92.5,91.96,88.54,69.98,66.58,58.72,63.36,7.0,0
STU0117,6,2023-24,CS602,0.957,92.68,88.8,88.97,74.96,75.35,71.61,74.04,8.0,0
STU0117,6,2023-24,CS603,0.754,84.46,84.05,75.67,87.98,85.86,92.7,90.72,10.0,0
STU0117,6,2023-24,CS604,0.937,83.37,83.63,83.67,68.48,72.59,76.41,74.73,8.0,0
STU0117,6,2023-24,CS605,0.769,86.48,91.85,92.33,86.3,92.45,91.61,91.65,10.0,0
STU0117,6,2023-24,CS606,1.287,94.45,93.45,94.75,56.61,60.31,55.65,60.53,7.0,0
STU0117,7,2024-25,CS701,0.998,81.49,82.06,84.77,73.62,75.57,78.42,79.9,8.0,0
STU0117,7,2024-25,CS702,1.057,83.41,84.17,77.45,66.02,60.2,55.37,52.4,6.0,0
STU0117,7,2024-25,CS703,1.124,86.53,88.78,85.31,62.23,59.32,56.02,59.99,6.0,0
STU0117,7,2024-25,CS704,0.837,82.45,77.99,79.73,87.86,82.81,80.3,81.8,9.0,0
STU0117,7,2024-25,CS705,0.805,78.68,78.03,73.21,88.63,95.17,89.22,87.61,9.0,0
STU0117,8,2024-25,CS801,0.931,87.75,80.48,82.93,71.9,60.4,70.1,70.21,8.0,0
STU0117,8,2024-25,CS802,1.092,88.91,85.68,84.77,65.18,62.02,67.37,78.56,8.0,0
STU0117,8,2024-25,CS803,1.155,75.42,75.78,75.27,63.19,57.01,61.12,61.06,7.0,0
STU0117,8,2024-25,CS804,0.968,86.2,87.34,87.43,70.98,70.01,70.13,75.59,8.0,0
STU0118,1,2021-22,EC101,1.104,89.69,94.49,88.6,82.32,87.3,89.62,84.25,9.0,0
STU0118,1,2021-22,EC102,1.035,89.43,89.68,88.57,90.35,89.71,95.48,95.94,10.0,0
STU0118,1,2021-22,MA101,0.929,97.32,94.56,93.39,97.61,90.93,91.84,90.05,10.0,0
STU0118,1,2021-22,PH101,1.272,88.63,85.11,86.33,70.61,74.26,70.38,74.98,8.0,0
STU0118,1,2021-22,EE101,1.044,86.68,87.09,89.33,87.82,82.37,73.66,69.58,7.0,0
STU0118,2,2021-22,EC201,0.68,89.87,87.28,83.02,98.0,98.0,97.58,90.87,10.0,0
STU0118,2,2021-22,EC202,1.174,91.32,91.85,85.88,72.05,71.75,75.23,78.47,8.0,0
STU0118,2,2021-22,MA201,1.3,89.34,87.05,89.68,63.83,65.44,75.1,74.18,8.0,0
STU0118,2,2021-22,CH101,0.924,83.18,83.69,78.45,91.25,85.19,89.92,89.43,9.0,0
STU0118,2,2021-22,ME101,1.164,89.6,88.02,90.19,80.06,85.45,81.48,72.53,8.0,0
STU0118,3,2022-23,EC301,1.006,86.92,90.06,91.44,84.41,84.59,84.98,84.8,9.0,0
STU0118,3,2022-23,EC302,0.919,82.02,82.52,80.77,95.4,95.72,95.79,98.74,10.0,0
STU0118,3,2022-23,EC303,0.831,93.91,86.26,91.34,98.0,95.64,89.02,87.22,9.0,0
STU0118,3,2022-23,MA301,0.98,87.61,92.67,92.93,88.54,90.11,88.64,88.06,9.0,0
STU0118,3,2022-23,CS301,0.987,89.34,86.15,84.37,88.12,83.28,83.79,82.15,9.0,0
STU0118,3,2022-23,EC304,1.061,92.33,90.42,93.08,81.36,79.64,79.67,83.56,9.0,0
STU0118,4,2022-23,EC401,0.986,85.88,85.36,80.15,87.96,86.36,94.53,99.36,10.0,0
STU0118,4,2022-23,EC402,1.01,96.37,94.98,89.98,90.0,91.63,87.41,91.93,10.0,0
STU0118,4,2022-23,EC403,1.013,87.59,85.67,85.77,90.68,92.22,89.43,90.64,10.0,0
STU0118,4,2022-23,EC404,1.205,92.69,94.85,93.64,72.3,64.71,65.33,57.05,6.0,0
STU0118,4,2022-23,MA401,0.817,92.87,89.41,82.47,98.0,91.07,95.8,97.22,10.0,0
STU0118,4,2022-23,EC405,1.219,93.09,99.0,95.62,69.36,70.68,70.11,70.55,8.0,0
STU0118,5,2023-24,EC501,0.888,84.04,80.92,77.48,98.0,94.77,92.41,96.61,10.0,0
STU0118,5,2023-24,EC502,1.057,90.21,94.14,99.0,83.81,85.04,82.72,80.2,9.0,0
STU0118,5,2023-24,EC503,0.821,82.92,81.09,81.79,98.0,93.63,84.21,82.15,9.0,0
STU0118,5,2023-24,EC504,1.007,87.19,86.06,85.18,88.05,93.66,92.04,91.62,10.0,0
STU0118,5,2023-24,EC505,0.845,88.86,88.64,86.78,98.0,98.0,93.09,94.68,10.0,0
STU0118,5,2023-24,EC506,1.215,91.58,91.69,93.87,69.52,63.61,64.2,62.4,7.0,0
STU0118,6,2023-24,EC601,0.964,86.44,85.89,85.18,87.56,83.26,81.28,85.04,9.0,0
STU0118,6,2023-24,EC602,1.183,86.64,89.34,94.75,66.1,78.36,69.1,68.13,7.0,0
STU0118,6,2023-24,EC603,0.584,85.48,81.39,77.68,98.0,96.9,98.0,96.6,10.0,0
STU0118,6,2023-24,EC604,0.886,86.04,86.64,87.39,92.57,91.83,89.15,91.42,10.0,0
STU0118,6,2023-24,EC605,1.004,84.96,83.85,90.12,84.01,85.61,88.22,85.72,9.0,0
STU0118,6,2023-24,EC606,0.958,84.74,79.36,80.86,81.31,74.6,69.65,71.05,8.0,0
STU0118,7,2024-25,EC701,1.008,87.72,89.52,87.14,98.0,95.69,95.06,92.39,10.0,0
STU0118,7,2024-25,EC702,1.13,84.96,83.94,85.09,86.07,87.46,90.94,91.88,10.0,0
STU0118,7,2024-25,EC703,0.902,76.83,79.49,77.53,98.0,91.38,87.22,86.85,9.0,0
STU0118,7,2024-25,EC704,1.013,87.58,91.24,91.07,98.0,89.71,88.22,90.64,10.0,0
STU0118,7,2024-25,EC705,1.009,89.61,86.32,89.45,93.46,95.69,91.79,92.22,10.0,0
STU0118,8,2024-25,EC801,1.015,93.21,95.46,94.41,91.03,95.01,98.0,99.5,10.0,0
STU0118,8,2024-25,EC802,0.862,91.53,97.99,95.72,98.0,98.0,98.0,98.26,10.0,0
STU0118,8,2024-25,EC803,0.976,87.72,85.23,86.25,97.22,95.62,98.0,98.13,10.0,0
STU0118,8,2024-25,EC804,1.092,88.23,88.75,89.98,83.17,77.93,83.65,83.24,9.0,0
STU0119,1,2021-22,AI101,1.191,86.19,87.15,90.12,68.52,69.04,73.81,71.43,8.0,0
STU0119,1,2021-22,AI102,0.872,81.44,84.03,88.44,83.43,79.71,89.44,88.87,9.0,0
STU0119,1,2021-22,MA101,0.879,83.68,95.5,95.82,83.61,87.01,91.23,87.71,9.0,0
STU0119,1,2021-22,PH101,1.179,80.89,81.12,77.17,60.46,66.87,72.03,73.41,8.0,0
STU0119,1,2021-22,EE101,0.703,78.5,80.02,78.52,98.0,98.0,98.0,92.59,10.0,0
STU0119,2,2021-22,AI201,0.932,80.17,81.02,83.32,79.93,78.49,79.05,79.27,8.0,0
STU0119,2,2021-22,AI202,0.932,78.02,77.34,72.17,77.36,76.53,76.87,71.39,8.0,0
STU0119,2,2021-22,MA201,0.777,88.17,82.11,78.54,94.28,98.0,95.26,91.77,10.0,0
STU0119,2,2021-22,CH101,1.074,76.05,77.68,78.96,74.03,65.27,70.5,74.9,8.0,0
STU0119,2,2021-22,ME101,1.114,83.52,82.92,88.97,63.21,53.0,58.62,53.36,6.0,0
STU0119,3,2022-23,AI301,1.077,75.57,76.95,81.89,72.44,79.9,79.97,80.32,9.0,0
STU0119,3,2022-23,AI302,1.142,83.78,83.55,78.19,72.49,65.72,65.32,64.27,7.0,0
STU0119,3,2022-23,AI303,0.827,74.99,79.46,78.33,97.5,98.0,98.0,96.25,10.0,0
STU0119,3,2022-23,MA301,1.14,78.52,85.28,89.02,70.54,71.79,68.18,68.67,7.0,0
STU0119,3,2022-23,CS301,0.901,75.77,79.87,80.67,93.44,91.2,89.81,88.74,9.0,0
STU0119,3,2022-23,AI304,0.929,76.02,72.99,68.16,88.42,84.14,91.61,87.6,9.0,0
STU0119,4,2022-23,AI401,0.743,88.09,85.2,81.42,98.0,98.0,93.02,92.02,10.0,0
STU0119,4,2022-23,AI402,1.145,83.21,79.7,79.26,67.67,66.5,68.52,66.59,7.0,0
STU0119,4,2022-23,AI403,1.076,83.51,78.47,84.03,64.82,68.55,67.82,67.88,7.0,0
STU0119,4,2022-23,AI404,0.895,83.05,85.83,81.95,84.62,89.37,86.73,86.82,9.0,0
STU0119,4,2022-23,MA401,1.013,81.51,82.99,82.73,72.99,75.83,76.49,76.28,8.0,0
STU0119,4,2022-23,AI405,0.963,79.13,78.59,70.81,84.72,79.53,81.95,77.75,8.0,0
STU0119,5,2023-24,AI501,1.224,78.82,84.68,86.3,60.27,61.05,62.55,54.89,6.0,0
STU0119,5,2023-24,AI502,0.898,76.37,73.55,65.38,77.96,81.11,84.1,80.17,9.0,0
STU0119,5,2023-24,AI503,0.795,80.66,82.51,79.75,91.77,95.27,98.0,99.5,10.0,0
STU0119,5,2023-24,AI504,1.114,82.49,84.66,90.03,71.2,78.28,77.62,76.32,8.0,0
STU0119,5,2023-24,AI505,1.138,76.62,83.23,87.79,66.65,72.05,75.03,71.16,8.0,0
STU0119,5,2023-24,AI506,0.902,81.71,82.26,86.84,85.03,79.32,76.87,79.1,8.0,0
STU0119,6,2023-24,AI601,0.955,82.26,81.5,83.12,77.24,76.6,73.66,76.18,8.0,0
STU0119,6,2023-24,AI602,0.849,77.62,81.63,78.96,79.05,69.52,72.52,74.72,8.0,0
STU0119,6,2023-24,AI603,0.959,73.47,72.96,77.08,70.59,75.35,67.72,64.31,7.0,0
STU0119,6,2023-24,AI604,1.013,82.34,87.49,90.97,80.57,81.38,78.59,82.14,9.0,0
STU0119,6,2023-24,AI605,1.164,82.28,84.42,89.29,65.1,65.0,68.27,69.7,7.0,0
STU0119,6,2023-24,AI606,1.106,78.03,81.21,84.21,67.74,64.37,69.95,66.32,7.0,0
STU0119,7,2024-25,AI701,0.699,89.46,89.51,94.9,98.0,97.3,98.0,94.82,10.0,0
STU0119,7,2024-25,AI702,1.052,81.4,83.84,86.92,71.78,74.23,78.48,79.05,8.0,0
STU0119,7,2024-25,AI703,1.305,82.74,88.54,92.55,49.22,55.94,60.77,61.12,7.0,0
STU0119,7,2024-25,AI704,1.044,85.26,90.08,88.63,81.05,76.17,68.25,70.03,8.0,0
STU0119,7,2024-25,AI705,1.151,82.57,74.65,69.43,68.51,68.47,74.25,74.47,8.0,0
STU0119,8,2024-25,AI801,1.122,89.12,88.73,88.97,72.54,69.17,72.48,71.79,8.0,0
STU0119,8,2024-25,AI802,0.991,83.73,84.18,90.88,75.36,73.49,80.0,81.33,9.0,0
STU0119,8,2024-25,AI803,1.092,79.59,80.46,83.29,67.14,69.97,69.05,67.11,7.0,0
STU0119,8,2024-25,AI804,1.122,88.27,88.72,90.29,75.28,73.5,75.07,73.91,8.0,0
STU0120,1,2021-22,DS101,0.865,86.38,83.68,78.79,72.35,75.4,73.91,76.02,8.0,0
STU0120,1,2021-22,DS102,0.903,83.19,84.62,88.24,63.82,61.14,65.56,67.4,7.0,0
STU0120,1,2021-22,MA101,1.018,89.41,96.22,97.5,55.38,57.62,53.93,57.66,6.0,0
STU0120,1,2021-22,PH101,0.916,83.91,80.98,81.62,65.92,69.26,69.8,69.94,7.0,0
STU0120,1,2021-22,EE101,0.931,83.54,78.66,83.54,63.29,70.67,70.13,64.42,7.0,0
STU0120,2,2021-22,DS201,1.008,88.96,89.57,88.39,56.59,54.76,57.48,60.06,7.0,0
STU0120,2,2021-22,DS202,0.919,90.28,92.27,89.17,68.3,69.97,65.18,61.1,7.0,0
STU0120,2,2021-22,MA201,1.057,84.43,89.73,95.75,60.69,64.97,60.36,56.37,6.0,0
STU0120,2,2021-22,CH101,0.983,81.1,82.18,79.44,63.66,62.88,65.75,73.93,8.0,0
STU0120,2,2021-22,ME101,1.216,82.71,82.69,82.0,45.46,37.89,33.44,36.58,0.0,1
STU0120,3,2022-23,DS301,0.999,85.65,84.6,83.24,63.59,70.92,68.15,63.56,7.0,0
STU0120,3,2022-23,DS302,0.925,84.6,78.16,78.5,69.41,64.76,63.43,65.46,7.0,0
STU0120,3,2022-23,DS303,0.996,85.63,85.26,85.58,69.67,72.25,63.09,63.59,7.0,0
STU0120,3,2022-23,MA301,1.212,85.2,78.87,75.3,50.29,46.72,54.02,50.83,6.0,0
STU0120,3,2022-23,CS301,0.994,84.98,90.39,90.08,67.57,66.42,65.87,64.76,7.0,0
STU0120,3,2022-23,DS304,0.791,89.03,91.55,91.49,75.45,69.91,67.46,67.36,7.0,0
STU0120,4,2022-23,DS401,0.891,84.65,84.4,83.2,76.05,69.73,72.33,72.51,8.0,0
STU0120,4,2022-23,DS402,0.926,89.42,91.49,84.83,79.64,79.45,81.52,82.82,9.0,0
STU0120,4,2022-23,DS403,1.02,86.04,86.37,86.38,64.86,71.75,70.37,67.62,7.0,0
STU0120,4,2022-23,DS404,1.005,85.19,81.3,78.7,57.39,51.61,58.18,61.35,7.0,0
STU0120,4,2022-23,MA401,0.996,83.8,77.23,76.24,68.21,67.67,71.91,70.62,8.0,0
STU0120,4,2022-23,DS405,0.965,90.28,85.6,86.31,67.79,66.75,72.77,74.84,8.0,0
STU0120,5,2023-24,DS501,0.916,84.27,80.81,77.11,61.48,61.85,58.14,62.53,7.0,0
STU0120,5,2023-24,DS502,1.278,80.49,83.03,77.66,39.59,35.18,32.49,34.97,0.0,1
STU0120,5,2023-24,DS503,0.995,89.3,92.13,88.66,56.84,62.35,58.51,51.23,6.0,0
STU0120,5,2023-24,DS504,1.144,91.05,92.15,94.98,44.03,46.6,49.15,49.92,5.0,0
STU0120,5,2023-24,DS505,1.105,85.4,84.23,83.82,51.27,51.23,49.57,48.34,5.0,0
STU0120,5,2023-24,DS506,1.077,84.93,80.87,82.84,48.52,57.0,52.46,58.24,6.0,0
STU0120,6,2023-24,DS601,0.906,86.93,85.66,83.1,68.92,68.81,69.14,72.77,8.0,0
STU0120,6,2023-24,DS602,0.971,86.86,85.35,82.15,63.63,49.43,49.54,48.24,5.0,0
STU0120,6,2023-24,DS603,0.973,82.35,82.51,87.3,70.36,66.43,73.05,80.42,9.0,0
STU0120,6,2023-24,DS604,0.996,84.17,87.07,89.38,63.44,61.16,59.16,62.93,7.0,0
STU0120,6,2023-24,DS605,0.958,84.56,88.03,92.46,63.6,58.06,59.58,59.87,6.0,0
STU0120,6,2023-24,DS606,1.091,78.83,77.67,78.41,54.92,57.14,62.56,59.68,6.0,0
STU0120,7,2024-25,DS701,0.927,83.98,87.18,85.7,69.98,74.58,78.16,76.78,8.0,0
STU0120,7,2024-25,DS702,1.223,89.33,94.73,99.0,51.65,48.59,40.41,52.04,6.0,0
STU0120,7,2024-25,DS703,1.302,83.65,86.39,93.34,55.63,56.79,50.35,56.47,6.0,0
STU0120,7,2024-25,DS704,1.104,80.15,85.56,85.77,58.97,56.4,57.17,59.59,6.0,0
STU0120,7,2024-25,DS705,0.941,86.32,98.15,99.0,75.66,71.35,65.24,69.64,7.0,0
STU0120,8,2024-25,DS801,0.99,98.13,89.19,91.09,73.98,70.89,75.64,75.1,8.0,0
STU0120,8,2024-25,DS802,0.99,92.08,97.62,96.03,65.94,62.08,60.42,61.01,7.0,0
STU0120,8,2024-25,DS803,1.077,90.1,91.41,93.55,58.65,58.93,58.55,58.77,6.0,0
STU0120,8,2024-25,DS804,0.936,92.57,92.68,99.0,73.02,79.04,85.4,81.44,9.0,0
STU0121,1,2022-23,CS101,1.022,92.54,95.16,98.9,72.57,71.31,60.68,60.82,7.0,0
STU0121,1,2022-23,CS102,0.954,88.98,88.26,86.8,78.7,77.44,79.46,79.98,8.0,0
STU0121,1,2022-23,MA101,1.153,90.87,97.1,99.0,71.88,73.02,71.75,77.34,8.0,0
STU0121,1,2022-23,PH101,1.03,90.32,89.36,89.51,70.63,64.42,68.14,70.65,8.0,0
STU0121,1,2022-23,EE101,1.189,85.47,88.16,85.14,61.85,58.92,54.61,56.48,6.0,0
STU0121,2,2022-23,CS201,1.124,90.77,90.32,90.13,75.76,79.06,76.98,80.73,9.0,0
STU0121,2,2022-23,CS202,1.282,96.66,94.68,98.44,69.65,72.78,72.76,76.98,8.0,0
STU0121,2,2022-23,MA201,0.885,94.97,99.0,98.92,93.03,94.02,89.93,86.5,9.0,0
STU0121,2,2022-23,CH101,0.936,94.49,98.61,99.0,95.41,97.83,98.0,99.5,10.0,0
STU0121,2,2022-23,ME101,1.191,95.47,95.79,92.07,73.48,71.28,74.56,75.13,8.0,0
STU0121,3,2023-24,CS301,0.949,82.01,83.18,89.18,69.83,57.78,66.95,62.13,7.0,0
STU0121,3,2023-24,CS302,1.212,93.01,93.3,91.05,64.18,64.91,73.2,74.82,8.0,0
STU0121,3,2023-24,CS303,1.213,90.95,95.59,96.86,58.15,56.27,52.17,51.83,6.0,0
STU0121,3,2023-24,MA301,0.88,86.09,86.91,88.76,87.4,88.54,90.73,90.1,10.0,0
STU0121,3,2023-24,EC301,1.001,88.03,95.39,96.87,64.84,65.89,62.08,60.13,7.0,0
STU0121,3,2023-24,CS304,1.006,89.51,90.85,88.49,62.75,62.17,61.88,61.61,7.0,0
STU0121,4,2023-24,CS401,1.11,88.32,91.2,96.34,71.14,71.38,70.93,73.04,8.0,0
STU0121,4,2023-24,CS402,1.009,78.31,76.23,81.4,66.32,67.87,70.33,70.07,8.0,0
STU0121,4,2023-24,CS403,0.919,81.39,82.06,80.97,90.74,92.89,91.11,92.0,10.0,0
STU0121,4,2023-24,CS404,0.919,84.9,78.67,77.41,85.78,85.02,89.04,92.84,10.0,0
STU0121,4,2023-24,MA401,1.086,93.6,97.22,97.34,69.24,67.41,64.22,65.21,7.0,0
STU0121,4,2023-24,CS405,0.956,80.27,83.06,81.03,72.27,77.29,82.48,79.05,8.0,0
STU0121,5,2024-25,CS501,0.923,75.81,74.35,73.03,87.34,87.97,85.54,86.2,9.0,0
STU0121,5,2024-25,CS502,0.838,84.43,82.11,82.55,89.79,87.31,88.53,86.46,9.0,0
STU0121,5,2024-25,CS503,0.873,87.78,91.38,92.1,87.85,80.9,84.59,88.87,9.0,0
STU0121,5,2024-25,CS504,1.072,83.61,78.94,80.84,71.14,76.05,74.6,72.89,8.0,0
STU0121,5,2024-25,CS505,0.909,80.42,82.14,82.02,83.02,83.7,81.84,86.42,9.0,0
STU0121,5,2024-25,CS506,1.123,83.99,84.74,86.78,62.76,67.05,66.7,66.59,7.0,0
STU0121,6,2024-25,CS601,0.897,87.1,84.66,82.44,69.53,72.05,79.12,79.81,8.0,0
STU0121,6,2024-25,CS602,0.954,87.25,90.83,92.57,60.17,57.32,57.7,57.23,6.0,0
STU0121,6,2024-25,CS603,0.936,87.55,88.59,90.0,67.66,71.88,73.99,70.98,8.0,0
STU0121,6,2024-25,CS604,0.961,87.75,87.26,84.55,62.91,67.04,62.67,61.84,7.0,0
STU0121,6,2024-25,CS605,1.152,88.02,96.44,99.0,43.94,39.1,39.45,38.55,0.0,1
STU0121,6,2024-25,CS606,1.086,90.88,85.64,89.75,67.71,61.6,59.92,58.96,6.0,0
STU0122,1,2022-23,EC101,0.948,56.74,65.11,74.4,33.7,40.65,48.6,49.36,5.0,0
STU0122,1,2022-23,EC102,1.098,58.09,65.62,74.24,25.2,31.2,40.0,42.46,5.0,0
STU0122,1,2022-23,MA101,0.981,58.57,65.07,69.37,29.74,38.49,43.96,42.44,5.0,0
STU0122,1,2022-23,PH101,0.996,58.35,65.82,70.49,40.92,49.55,56.51,55.67,6.0,0
STU0122,1,2022-23,EE101,1.049,57.63,66.0,73.85,33.95,38.48,48.11,47.75,5.0,0
STU0122,2,2022-23,EC201,0.928,69.57,74.73,80.84,42.6,48.81,53.39,55.5,6.0,0
STU0122,2,2022-23,EC202,0.784,68.77,73.26,79.97,46.1,53.05,62.97,62.88,7.0,0
STU0122,2,2022-23,MA201,1.018,69.01,76.93,82.82,34.05,41.87,50.91,48.24,5.0,0
STU0122,2,2022-23,CH101,0.936,72.38,78.51,88.0,47.24,55.55,61.49,64.8,7.0,0
STU0122,2,2022-23,ME101,0.919,71.23,78.1,84.63,37.98,42.68,46.75,44.98,5.0,0
STU0122,3,2023-24,EC301,0.968,67.33,73.93,83.6,43.3,49.04,53.23,56.57,6.0,0
STU0122,3,2023-24,EC302,0.942,67.34,72.8,82.31,47.16,54.15,59.5,62.24,7.0,0
STU0122,3,2023-24,EC303,0.898,66.32,70.84,76.62,52.48,59.12,65.93,64.8,7.0,0
STU0122,3,2023-24,MA301,0.747,64.51,70.8,77.84,60.22,66.85,76.54,78.01,8.0,0
STU0122,3,2023-24,CS301,0.846,64.87,69.75,79.15,47.19,53.12,61.31,59.41,6.0,0
STU0122,3,2023-24,EC304,1.012,64.76,72.71,82.6,42.38,50.75,56.37,48.36,5.0,0
STU0122,4,2023-24,EC401,0.963,72.74,81.31,88.09,55.66,62.49,67.83,71.28,8.0,0
STU0122,4,2023-24,EC402,0.902,72.02,78.55,83.24,54.54,62.34,67.41,69.44,7.0,0
STU0122,4,2023-24,EC403,0.943,72.22,77.96,87.44,50.39,59.35,67.06,58.72,6.0,0
STU0122,4,2023-24,EC404,1.093,74.3,82.3,90.33,47.89,56.53,62.87,64.47,7.0,0
STU0122,4,2023-24,MA401,1.047,69.77,78.03,83.36,45.16,50.74,57.09,50.27,6.0,0
STU0122,4,2023-24,EC405,0.959,72.07,80.61,87.12,47.21,52.62,57.99,65.83,7.0,0
STU0122,5,2024-25,EC501,1.224,68.96,76.27,85.95,45.36,50.58,56.63,57.8,6.0,0
STU0122,5,2024-25,EC502,1.051,70.68,77.21,81.32,48.01,52.26,60.92,59.44,6.0,0
STU0122,5,2024-25,EC503,0.958,68.49,74.54,79.39,52.41,59.86,68.72,71.27,8.0,0
STU0122,5,2024-25,EC504,0.927,73.44,80.9,85.65,60.91,68.54,76.44,68.49,7.0,0
STU0122,5,2024-25,EC505,0.963,70.71,75.35,82.22,57.12,63.75,67.91,56.09,6.0,0
STU0122,5,2024-25,EC506,0.844,69.93,77.45,85.95,61.26,68.52,75.42,74.07,8.0,0
STU0122,6,2024-25,EC601,1.013,77.94,84.83,90.7,48.56,53.93,63.35,65.07,7.0,0
STU0122,6,2024-25,EC602,0.9,72.17,79.76,86.91,63.4,67.63,77.42,74.59,8.0,0
STU0122,6,2024-25,EC603,1.169,73.44,77.72,83.32,36.45,43.73,53.2,54.43,6.0,0
STU0122,6,2024-25,EC604,1.17,76.48,85.22,91.64,39.34,48.13,53.58,52.46,6.0,0
STU0122,6,2024-25,EC605,1.273,77.67,83.39,93.05,34.75,42.25,48.46,50.0,5.0,0
STU0122,6,2024-25,EC606,1.053,77.04,83.98,90.18,32.83,39.35,46.48,48.64,5.0,0
STU0123,1,2022-23,AI101,0.9,84.99,80.06,75.93,76.16,78.51,72.94,74.96,8.0,0
STU0123,1,2022-23,AI102,1.053,82.15,76.31,79.54,65.8,65.48,63.28,58.59,6.0,0
STU0123,1,2022-23,MA101,0.882,85.63,91.22,93.15,83.81,91.27,98.0,99.5,10.0,0
STU0123,1,2022-23,PH101,0.928,73.92,74.14,74.75,89.11,92.1,93.03,90.36,10.0,0
STU0123,1,2022-23,EE101,1.011,86.84,86.12,81.62,65.54,59.43,56.34,52.92,6.0,0
STU0123,2,2022-23,AI201,1.181,83.95,83.71,84.92,56.41,51.34,47.28,49.11,5.0,0
STU0123,2,2022-23,AI202,1.11,93.71,90.11,86.36,53.5,54.2,56.63,54.73,6.0,0
STU0123,2,2022-23,MA201,0.817,92.15,93.42,89.13,83.83,94.14,98.0,97.01,10.0,0
STU0123,2,2022-23,CH101,0.885,89.6,84.6,86.34,81.43,86.4,88.93,90.8,10.0,0
STU0123,2,2022-23,ME101,1.041,85.37,91.93,91.98,71.57,69.77,65.14,63.7,7.0,0
STU0123,3,2023-24,AI301,0.821,82.0,79.9,78.92,78.44,68.03,75.4,72.64,8.0,0
STU0123,3,2023-24,AI302,1.121,73.24,74.03,77.37,53.66,51.82,49.03,47.67,5.0,0
STU0123,3,2023-24,AI303,1.093,82.76,81.51,82.45,54.55,65.67,67.92,70.44,8.0,0
STU0123,3,2023-24,MA301,0.942,81.49,81.98,85.35,66.26,67.07,57.94,59.81,6.0,0
STU0123,3,2023-24,CS301,1.067,69.81,65.85,62.98,65.07,52.4,61.17,58.94,6.0,0
STU0123,3,2023-24,AI304,1.359,77.26,69.01,63.48,49.25,43.1,38.59,22.19,0.0,1
STU0123,4,2023-24,AI401,0.78,74.98,75.4,76.35,94.22,98.0,98.0,98.99,10.0,0
STU0123,4,2023-24,AI402,1.118,72.65,75.18,79.79,68.81,70.23,73.84,67.4,7.0,0
STU0123,4,2023-24,AI403,0.984,74.17,75.51,71.99,78.29,76.42,70.63,67.79,7.0,0
STU0123,4,2023-24,AI404,0.842,79.22,81.38,79.12,79.23,79.17,79.01,77.51,8.0,0
STU0123,4,2023-24,MA401,0.906,84.48,82.4,77.36,80.03,82.4,84.48,79.68,8.0,0
STU0123,4,2023-24,AI405,1.146,80.2,82.2,91.48,67.39,69.97,68.95,68.93,7.0,0
STU0123,5,2024-25,AI501,1.195,83.45,91.25,93.11,54.06,53.44,62.31,60.92,7.0,0
STU0123,5,2024-25,AI502,0.913,78.22,86.13,86.65,69.38,71.72,70.59,68.3,7.0,0
STU0123,5,2024-25,AI503,0.903,78.36,71.35,71.56,61.94,64.41,68.17,66.37,7.0,0
STU0123,5,2024-25,AI504,1.04,84.65,89.92,88.55,53.43,49.36,41.88,43.31,5.0,0
STU0123,5,2024-25,AI505,0.613,77.73,77.78,74.0,98.0,98.0,92.96,91.59,10.0,0
STU0123,5,2024-25,AI506,1.111,80.25,88.67,92.5,62.37,56.13,55.68,54.83,6.0,0
STU0123,6,2024-25,AI601,0.984,69.65,66.41,72.3,64.54,61.59,61.3,61.4,7.0,0
STU0123,6,2024-25,AI602,0.73,79.83,81.74,83.8,85.93,92.87,98.0,99.5,10.0,0
STU0123,6,2024-25,AI603,1.095,77.87,77.89,82.87,49.01,45.72,47.79,47.1,5.0,0
STU0123,6,2024-25,AI604,0.952,85.77,88.69,92.06,65.6,63.11,64.91,66.21,7.0,0
STU0123,6,2024-25,AI605,1.222,80.75,86.55,88.83,52.97,49.47,53.09,51.99,6.0,0
STU0123,6,2024-25,AI606,0.986,75.96,75.98,78.05,65.02,61.81,62.11,63.52,7.0,0
STU0124,1,2022-23,DS101,1.012,95.5,98.59,99.0,71.26,67.54,62.57,58.61,6.0,0
STU0124,1,2022-23,DS102,1.033,98.39,99.0,99.0,69.44,71.66,74.05,79.07,8.0,0
STU0124,1,2022-23,MA101,1.04,99.0,99.0,99.0,79.85,80.97,74.16,71.18,8.0,0
STU0124,1,2022-23,PH101,1.32,93.83,96.26,92.53,60.06,66.04,57.64,58.26,6.0,0
STU0124,1,2022-23,EE101,1.024,94.72,99.0,98.08,72.85,72.06,82.72,83.19,9.0,0
STU0124,2,2022-23,DS201,1.014,80.18,80.5,79.38,71.27,70.04,76.83,77.2,8.0,0
STU0124,2,2022-23,DS202,0.784,76.17,77.15,73.44,98.0,98.0,98.0,95.06,10.0,0
STU0124,2,2022-23,MA201,1.021,83.84,81.29,77.52,76.75,83.73,79.3,77.99,8.0,0
STU0124,2,2022-23,CH101,0.857,77.86,77.4,76.88,78.15,77.11,85.06,85.48,9.0,0
STU0124,2,2022-23,ME101,0.971,78.6,75.36,75.74,83.42,91.25,87.91,91.8,10.0,0
STU0124,3,2023-24,DS301,0.912,80.8,80.91,79.91,93.95,95.53,86.61,86.42,9.0,0
STU0124,3,2023-24,DS302,1.037,85.62,88.73,86.76,83.14,80.64,79.16,85.0,9.0,0
STU0124,3,2023-24,DS303,0.842,86.91,88.13,85.98,98.0,98.0,98.0,98.59,10.0,0
STU0124,3,2023-24,MA301,1.063,83.53,81.32,82.94,74.2,73.98,62.62,55.63,6.0,0
STU0124,3,2023-24,CS301,0.863,87.95,87.65,86.93,95.32,98.0,97.37,94.57,10.0,0
STU0124,3,2023-24,DS304,1.062,88.71,89.63,89.53,70.61,65.45,63.73,51.66,6.0,0
STU0124,4,2023-24,DS401,0.995,88.52,92.82,92.96,78.12,81.71,77.07,73.28,8.0,0
STU0124,4,2023-24,DS402,0.805,92.12,91.55,94.44,97.38,91.21,89.61,92.3,10.0,0
STU0124,4,2023-24,DS403,0.969,94.6,93.01,95.53,71.81,70.79,69.05,64.86,7.0,0
STU0124,4,2023-24,DS404,1.133,87.29,84.69,89.25,69.79,73.3,65.64,63.24,7.0,0
STU0124,4,2023-24,MA401,1.25,93.27,89.51,90.3,57.55,63.82,53.61,54.44,6.0,0
STU0124,4,2023-24,DS405,1.031,85.4,84.45,85.76,66.93,61.17,60.47,57.97,6.0,0
STU0124,5,2024-25,DS501,0.891,87.59,88.63,91.36,78.71,75.88,78.53,74.08,8.0,0
STU0124,5,2024-25,DS502,1.013,87.8,78.75,77.02,76.36,75.41,73.27,73.74,8.0,0
STU0124,5,2024-25,DS503,1.119,89.84,87.2,82.09,70.23,64.93,62.55,63.16,7.0,0
STU0124,5,2024-25,DS504,1.138,92.84,93.05,91.26,60.5,69.32,68.01,70.05,8.0,0
STU0124,5,2024-25,DS505,1.024,85.71,83.83,78.99,79.52,78.98,85.41,84.07,9.0,0
STU0124,5,2024-25,DS506,0.964,83.16,82.07,77.73,80.48,80.96,87.6,83.23,9.0,0
STU0124,6,2024-25,DS601,1.041,80.24,80.95,72.16,74.14,74.62,82.52,76.13,8.0,0
STU0124,6,2024-25,DS602,1.0,82.74,76.04,72.1,78.36,80.46,80.86,76.92,8.0,0
STU0124,6,2024-25,DS603,0.78,86.49,85.8,91.44,98.0,98.0,98.0,99.5,10.0,0
STU0124,6,2024-25,DS604,1.052,86.63,78.61,77.78,73.4,79.11,74.61,73.77,8.0,0
STU0124,6,2024-25,DS605,1.096,86.02,86.61,90.49,74.92,72.47,66.63,68.09,7.0,0
STU0124,6,2024-25,DS606,0.908,83.85,87.63,86.85,86.69,85.43,84.29,81.32,9.0,0
STU0125,1,2022-23,CS101,1.094,84.74,86.66,87.26,80.58,81.37,83.24,82.56,9.0,0
STU0125,1,2022-23,CS102,0.979,91.12,87.13,82.59,90.84,81.79,74.22,86.84,9.0,0
STU0125,1,2022-23,MA101,0.903,83.95,85.46,78.85,97.64,92.63,94.62,94.04,10.0,0
STU0125,1,2022-23,PH101,0.894,88.12,89.65,88.08,96.67,98.0,98.0,96.58,10.0,0
STU0125,1,2022-23,EE101,1.01,87.53,91.16,85.19,89.93,92.09,88.79,86.07,9.0,0
STU0125,2,2022-23,CS201,1.172,85.76,85.46,83.47,71.63,73.17,69.78,69.26,7.0,0
STU0125,2,2022-23,CS202,0.909,92.25,98.98,99.0,90.3,88.16,87.92,81.8,9.0,0
STU0125,2,2022-23,MA201,0.994,91.73,91.67,91.33,83.74,82.18,80.03,76.91,8.0,0
STU0125,2,2022-23,CH101,1.111,96.14,93.99,90.44,74.03,69.63,67.51,68.31,7.0,0
STU0125,2,2022-23,ME101,1.144,83.47,86.78,86.77,64.92,59.26,61.54,58.97,6.0,0
STU0125,3,2023-24,CS301,1.142,84.97,87.22,91.68,66.78,70.29,67.93,65.86,7.0,0
STU0125,3,2023-24,CS302,0.96,90.99,88.38,91.58,83.04,73.88,73.55,69.72,7.0,0
STU0125,3,2023-24,CS303,0.969,91.55,89.25,83.24,79.47,85.31,86.17,88.74,9.0,0
STU0125,3,2023-24,MA301,1.2,98.32,99.0,98.01,65.08,65.54,67.61,69.73,7.0,0
STU0125,3,2023-24,EC301,0.878,86.07,85.22,85.23,98.0,87.38,84.65,87.19,9.0,0
STU0125,3,2023-24,CS304,0.88,89.99,93.35,95.67,96.43,95.51,96.06,87.56,9.0,0
STU0125,4,2023-24,CS401,1.169,81.32,80.49,79.03,72.65,69.04,70.2,67.61,7.0,0
STU0125,4,2023-24,CS402,0.879,86.06,85.69,84.71,92.73,98.0,98.0,98.73,10.0,0
STU0125,4,2023-24,CS403,1.129,81.52,88.8,82.92,79.86,72.3,72.01,70.16,8.0,0
STU0125,4,2023-24,CS404,1.183,90.05,89.04,90.9,71.72,74.88,74.0,71.91,8.0,0
STU0125,4,2023-24,MA401,0.739,85.58,86.05,82.55,98.0,98.0,98.0,95.78,10.0,0
STU0125,4,2023-24,CS405,1.111,87.84,88.5,87.0,68.6,69.7,71.35,69.2,7.0,0
STU0125,5,2024-25,CS501,0.878,94.96,94.61,97.96,98.0,98.0,97.99,97.32,10.0,0
STU0125,5,2024-25,CS502,0.873,94.84,95.06,92.41,85.78,88.25,86.65,88.7,9.0,0
STU0125,5,2024-25,CS503,0.836,93.55,93.44,92.71,98.0,98.0,90.21,89.01,9.0,0
STU0125,5,2024-25,CS504,0.806,98.93,99.0,98.44,96.45,97.23,98.0,90.77,10.0,0
STU0125,5,2024-25,CS505,0.911,91.26,93.08,89.47,85.1,77.03,78.95,80.98,9.0,0
STU0125,5,2024-25,CS506,0.935,91.35,94.4,93.87,91.12,92.16,87.66,88.93,9.0,0
STU0125,6,2024-25,CS601,0.959,83.25,86.04,86.7,87.71,88.07,89.82,85.31,9.0,0
STU0125,6,2024-25,CS602,1.33,91.62,92.88,99.0,64.55,73.21,82.76,86.85,9.0,0
STU0125,6,2024-25,CS603,0.999,88.47,87.21,90.04,78.39,77.72,67.88,64.76,7.0,0
STU0125,6,2024-25,CS604,1.012,91.09,94.62,94.89,79.74,77.08,74.14,80.24,9.0,0
STU0125,6,2024-25,CS605,0.949,90.29,89.48,91.56,83.15,80.74,82.78,80.77,9.0,0
STU0125,6,2024-25,CS606,1.081,90.86,90.87,90.12,76.33,80.01,82.34,87.06,9.0,0
STU0126,1,2022-23,EC101,0.958,69.52,69.23,74.56,63.12,64.1,61.62,61.18,7.0,0
STU0126,1,2022-23,EC102,1.017,69.84,70.43,71.88,62.42,66.56,68.22,79.2,8.0,0
STU0126,1,2022-23,MA101,0.898,72.51,75.38,76.64,68.67,71.93,70.15,68.85,7.0,0
STU0126,1,2022-23,PH101,1.267,75.73,75.56,77.95,41.73,39.04,33.43,34.28,0.0,1
STU0126,1,2022-23,EE101,1.036,74.76,74.02,77.75,60.06,71.13,78.63,83.11,9.0,0
STU0126,2,2022-23,EC201,1.035,81.59,83.36,80.49,66.55,62.1,58.24,59.48,6.0,0
STU0126,2,2022-23,EC202,1.089,69.41,67.45,62.46,61.03,52.27,50.93,51.17,6.0,0
STU0126,2,2022-23,MA201,0.789,68.57,68.36,67.67,84.32,85.62,78.1,80.22,9.0,0
STU0126,2,2022-23,CH101,0.962,70.21,63.69,62.75,72.38,73.02,73.79,72.77,8.0,0
STU0126,2,2022-23,ME101,0.993,68.17,68.15,66.43,62.02,65.41,58.33,59.9,6.0,0
STU0126,3,2023-24,EC301,1.124,71.87,69.73,65.53,58.83,54.52,50.96,50.76,6.0,0
STU0126,3,2023-24,EC302,0.997,79.09,82.35,84.28,65.61,63.79,63.67,62.0,7.0,0
STU0126,3,2023-24,EC303,0.916,73.75,70.68,67.82,77.01,70.8,66.12,69.94,7.0,0
STU0126,3,2023-24,MA301,0.953,79.57,75.49,75.74,73.28,69.21,76.74,75.57,8.0,0
STU0126,3,2023-24,CS301,1.061,71.35,76.58,77.64,72.83,78.14,81.91,79.04,8.0,0
STU0126,3,2023-24,EC304,1.01,72.8,72.89,73.41,60.99,60.29,59.86,56.82,6.0,0
STU0126,4,2023-24,EC401,1.098,79.01,73.02,70.1,69.32,72.85,65.55,66.96,7.0,0
STU0126,4,2023-24,EC402,0.9,68.68,74.48,74.74,75.53,69.87,64.68,59.91,6.0,0
STU0126,4,2023-24,EC403,1.17,70.49,76.15,72.7,51.13,50.88,47.8,48.1,5.0,0
STU0126,4,2023-24,EC404,0.895,75.81,73.16,76.17,77.46,78.57,83.31,84.1,9.0,0
STU0126,4,2023-24,MA401,1.021,76.59,74.08,71.58,66.34,70.92,73.48,75.18,8.0,0
STU0126,4,2023-24,EC405,0.867,79.16,77.76,78.37,80.03,74.82,75.53,76.24,8.0,0
STU0126,5,2024-25,EC501,0.993,74.79,72.98,71.11,65.44,64.86,72.72,72.45,8.0,0
STU0126,5,2024-25,EC502,1.059,74.23,73.16,73.07,67.9,67.66,66.94,66.23,7.0,0
STU0126,5,2024-25,EC503,0.881,78.27,76.7,81.85,78.2,84.53,83.63,81.43,9.0,0
STU0126,5,2024-25,EC504,1.125,71.86,76.36,78.39,67.58,63.19,67.49,65.26,7.0,0
STU0126,5,2024-25,EC505,0.712,77.69,77.67,81.04,95.63,95.73,98.0,98.35,10.0,0
STU0126,5,2024-25,EC506,0.943,73.75,74.31,64.35,74.36,80.48,80.26,78.99,8.0,0
STU0126,6,2024-25,EC601,1.056,84.01,82.64,78.9,61.99,62.18,53.48,51.3,6.0,0
STU0126,6,2024-25,EC602,1.139,82.12,73.52,79.13,52.92,50.81,55.59,53.36,6.0,0
STU0126,6,2024-25,EC603,0.764,84.02,86.81,85.17,84.98,79.67,75.19,74.22,8.0,0
STU0126,6,2024-25,EC604,1.078,83.54,87.11,92.9,65.07,57.92,56.64,59.27,6.0,0
STU0126,6,2024-25,EC605,0.986,76.67,74.74,66.79,64.92,61.84,60.22,63.76,7.0,0
STU0126,6,2024-25,EC606,0.84,80.28,76.28,80.03,83.44,85.06,86.45,82.85,9.0,0
STU0127,1,2022-23,AI101,1.005,77.94,75.86,75.96,68.0,75.99,78.47,85.3,9.0,0
STU0127,1,2022-23,AI102,1.024,86.45,87.97,88.81,62.56,63.91,65.85,61.6,7.0,0
STU0127,1,2022-23,MA101,1.084,73.37,75.83,77.92,67.01,63.13,58.68,62.01,7.0,0
STU0127,1,2022-23,PH101,0.871,74.62,75.35,75.18,75.32,77.74,80.19,79.95,8.0,0
STU0127,1,2022-23,EE101,1.006,79.04,79.17,74.31,68.34,73.06,75.93,77.61,8.0,0
STU0127,2,2022-23,AI201,1.1,78.25,78.84,79.59,56.0,58.91,58.48,52.77,6.0,0
STU0127,2,2022-23,AI202,1.083,80.45,75.92,71.83,60.0,65.03,53.05,54.37,6.0,0
STU0127,2,2022-23,MA201,0.974,78.43,78.89,76.23,65.07,61.98,65.34,68.24,7.0,0
STU0127,2,2022-23,CH101,0.895,74.75,75.14,80.41,64.24,62.43,63.87,65.84,7.0,0
STU0127,2,2022-23,ME101,1.063,78.27,77.2,78.36,40.59,49.0,48.17,48.71,5.0,0
STU0127,3,2023-24,AI301,1.28,83.79,85.35,87.61,52.46,45.04,39.73,42.99,5.0,0
STU0127,3,2023-24,AI302,0.888,74.22,73.94,75.95,81.9,84.63,89.82,91.54,10.0,0
STU0127,3,2023-24,AI303,0.982,78.66,81.35,82.32,69.59,75.45,76.63,78.59,8.0,0
STU0127,3,2023-24,MA301,0.953,85.36,79.81,85.67,66.42,60.22,61.36,59.76,6.0,0
STU0127,3,2023-24,CS301,0.961,78.71,75.97,77.08,75.26,79.25,79.61,78.36,8.0,0
STU0127,3,2023-24,AI304,1.093,73.5,64.47,58.91,64.65,66.41,54.39,54.35,6.0,0
STU0127,4,2023-24,AI401,0.771,94.81,94.92,90.66,81.98,88.71,82.92,78.43,8.0,0
STU0127,4,2023-24,AI402,0.986,84.21,86.7,91.86,67.52,61.27,56.45,54.06,6.0,0
STU0127,4,2023-24,AI403,1.093,86.77,91.19,93.14,54.23,53.34,46.76,48.65,5.0,0
STU0127,4,2023-24,AI404,0.925,89.24,91.34,98.13,69.91,71.71,70.89,69.74,7.0,0
STU0127,4,2023-24,MA401,0.969,88.34,83.62,83.84,56.39,58.07,56.01,57.52,6.0,0
STU0127,4,2023-24,AI405,0.911,83.32,85.53,85.97,76.56,74.4,71.84,75.55,8.0,0
STU0127,5,2024-25,AI501,1.046,81.49,80.4,77.97,66.72,66.05,63.52,62.62,7.0,0
STU0127,5,2024-25,AI502,1.043,87.99,87.4,84.38,69.7,70.31,69.83,70.05,8.0,0
STU0127,5,2024-25,AI503,0.851,81.96,84.62,88.89,71.89,72.73,78.3,78.42,8.0,0
STU0127,5,2024-25,AI504,1.086,83.84,81.52,78.31,62.98,50.95,47.94,43.75,5.0,0
STU0127,5,2024-25,AI505,1.127,87.6,85.07,94.75,62.48,63.36,70.11,68.19,7.0,0
STU0127,5,2024-25,AI506,0.967,84.0,81.58,77.08,60.13,59.24,61.35,60.34,7.0,0
STU0127,6,2024-25,AI601,1.153,83.04,88.86,91.9,44.67,41.76,40.35,39.79,0.0,1
STU0127,6,2024-25,AI602,0.707,82.67,80.73,87.35,82.52,78.93,76.96,85.44,9.0,0
STU0127,6,2024-25,AI603,0.828,89.1,85.98,88.27,72.29,68.79,73.08,77.12,8.0,0
STU0127,6,2024-25,AI604,0.824,89.24,86.98,81.53,71.11,73.58,73.31,78.74,8.0,0
STU0127,6,2024-25,AI605,1.089,85.42,86.01,96.61,55.22,61.51,65.83,62.38,7.0,0
STU0127,6,2024-25,AI606,0.873,85.56,85.19,86.24,72.19,75.91,69.27,67.33,7.0,0
STU0128,1,2022-23,DS101,0.812,54.49,47.85,51.62,68.38,67.51,67.19,68.84,7.0,0
STU0128,1,2022-23,DS102,1.149,56.97,59.5,60.89,53.31,61.48,58.52,57.94,6.0,0
STU0128,1,2022-23,MA101,1.007,52.46,51.2,50.95,53.11,51.23,48.83,49.0,5.0,0
STU0128,1,2022-23,PH101,0.903,56.69,52.36,52.29,67.4,66.29,70.3,66.92,7.0,0
STU0128,1,2022-23,EE101,0.95,57.85,49.04,51.2,55.78,54.24,60.77,56.38,6.0,0
STU0128,2,2022-23,DS201,0.913,48.28,49.33,52.24,59.0,51.67,50.45,57.07,6.0,0
STU0128,2,2022-23,DS202,1.031,57.68,59.72,59.83,44.28,43.38,49.89,52.16,6.0,0
STU0128,2,2022-23,MA201,1.044,48.89,47.06,54.47,41.14,41.49,41.05,36.71,0.0,1
STU0128,2,2022-23,CH101,0.887,50.12,44.19,45.87,49.3,57.72,61.38,61.25,7.0,0
STU0128,2,2022-23,ME101,1.095,47.65,47.28,51.0,36.42,39.55,40.7,35.99,0.0,1
STU0128,3,2023-24,DS301,1.075,52.94,49.94,49.53,56.54,55.51,56.34,54.15,6.0,0
STU0128,3,2023-24,DS302,1.21,54.28,54.87,59.45,41.04,39.84,35.81,31.61,0.0,1
STU0128,3,2023-24,DS303,0.85,64.72,59.14,56.55,55.7,52.14,50.84,51.32,6.0,0
STU0128,3,2023-24,MA301,1.171,62.1,64.59,67.22,36.7,36.97,42.87,48.59,5.0,0
STU0128,3,2023-24,CS301,1.147,56.36,58.87,55.91,53.24,49.1,44.48,47.92,5.0,0
STU0128,3,2023-24,DS304,1.002,61.38,64.31,60.22,53.34,49.82,40.98,40.68,5.0,0
STU0128,4,2023-24,DS401,1.136,52.15,48.22,47.98,38.25,40.58,49.75,53.25,6.0,0
STU0128,4,2023-24,DS402,0.998,64.48,67.5,70.94,51.81,53.86,54.71,55.7,6.0,0
STU0128,4,2023-24,DS403,0.996,53.08,48.92,52.87,47.81,45.51,45.75,43.91,5.0,0
STU0128,4,2023-24,DS404,1.067,57.38,56.19,55.31,38.03,35.4,37.06,30.64,0.0,1
STU0128,4,2023-24,MA401,1.009,62.07,64.44,61.09,36.75,34.4,31.5,33.56,0.0,1
STU0128,4,2023-24,DS405,0.906,57.73,57.22,58.33,49.34,51.52,59.05,63.16,7.0,0
STU0128,5,2024-25,DS501,1.022,66.24,69.57,66.21,49.15,50.68,57.09,57.0,6.0,0
STU0128,5,2024-25,DS502,0.902,67.4,64.36,63.18,33.41,40.14,38.38,37.83,0.0,1
STU0128,5,2024-25,DS503,1.02,67.26,63.24,58.61,46.6,44.75,46.78,45.68,5.0,0
STU0128,5,2024-25,DS504,1.092,63.04,64.13,66.33,39.21,41.24,41.13,36.98,0.0,1
STU0128,5,2024-25,DS505,0.813,59.82,57.36,60.69,40.53,42.64,39.77,41.23,5.0,0
STU0128,5,2024-25,DS506,1.188,65.36,68.54,66.2,31.78,36.93,46.39,48.83,5.0,0
STU0128,6,2024-25,DS601,0.956,46.77,44.67,46.76,32.43,36.96,37.73,39.81,0.0,1
STU0128,6,2024-25,DS602,0.778,46.25,43.62,43.67,44.22,40.77,40.56,42.5,5.0,0
STU0128,6,2024-25,DS603,1.166,43.01,46.74,51.14,26.04,27.31,31.03,30.36,0.0,1
STU0128,6,2024-25,DS604,0.991,47.18,47.18,46.86,33.19,30.62,27.71,26.59,0.0,1
STU0128,6,2024-25,DS605,0.991,42.67,39.56,36.53,36.33,29.45,33.26,37.04,0.0,1
STU0128,6,2024-25,DS606,1.153,43.69,41.82,39.76,26.39,29.54,20.87,19.29,0.0,1
STU0129,1,2022-23,CS101,0.931,83.24,85.39,86.5,80.17,72.19,79.98,82.81,9.0,0
STU0129,1,2022-23,CS102,1.226,84.44,89.38,83.12,57.9,55.06,55.65,44.6,5.0,0
STU0129,1,2022-23,MA101,0.81,78.45,77.57,81.37,98.0,98.0,98.0,95.12,10.0,0
STU0129,1,2022-23,PH101,1.203,85.63,91.92,97.77,65.35,63.15,53.1,53.6,6.0,0
STU0129,1,2022-23,EE101,0.995,80.1,78.36,80.17,70.15,75.91,79.85,78.78,8.0,0
STU0129,2,2022-23,CS201,1.098,93.08,91.23,96.01,72.41,70.62,69.46,72.71,8.0,0
STU0129,2,2022-23,CS202,0.931,85.39,83.59,82.09,93.41,93.37,90.37,89.07,9.0,0
STU0129,2,2022-23,MA201,1.034,84.75,84.76,83.71,83.31,85.91,84.9,85.29,9.0,0
STU0129,2,2022-23,CH101,0.902,84.67,82.25,82.93,88.94,87.85,88.5,89.39,9.0,0
STU0129,2,2022-23,ME101,1.131,88.08,91.4,90.17,72.81,80.62,80.18,71.57,8.0,0
STU0129,3,2023-24,CS301,0.978,74.96,78.39,78.74,75.08,73.53,67.04,72.56,8.0,0
STU0129,3,2023-24,CS302,1.017,82.67,81.74,83.74,74.66,78.67,76.63,75.21,8.0,0
STU0129,3,2023-24,CS303,1.048,81.3,80.9,77.79,76.79,77.22,79.42,76.95,8.0,0
STU0129,3,2023-24,MA301,0.923,80.54,80.25,80.76,76.83,75.5,79.34,77.49,8.0,0
STU0129,3,2023-24,EC301,1.058,74.65,69.18,70.64,78.14,76.63,80.44,79.5,8.0,0
STU0129,3,2023-24,CS304,0.924,76.52,73.19,74.82,88.25,93.39,80.11,82.87,9.0,0
STU0129,4,2023-24,CS401,0.845,77.1,79.73,80.57,98.0,97.54,98.0,96.24,10.0,0
STU0129,4,2023-24,CS402,0.96,83.03,82.28,86.96,79.2,70.4,63.86,65.91,7.0,0
STU0129,4,2023-24,CS403,0.988,77.34,77.69,76.56,85.82,89.39,98.0,94.45,10.0,0
STU0129,4,2023-24,CS404,0.776,86.09,89.55,85.08,98.0,98.0,98.0,95.37,10.0,0
STU0129,4,2023-24,MA401,1.01,76.14,75.44,75.05,88.51,85.33,88.42,86.1,9.0,0
STU0129,4,2023-24,CS405,1.011,92.05,98.32,99.0,83.13,82.18,83.46,84.86,9.0,0
STU0129,5,2024-25,CS501,0.91,79.49,83.24,87.36,98.0,98.0,94.45,93.02,10.0,0
STU0129,5,2024-25,CS502,0.981,87.9,90.46,85.75,83.4,76.78,79.45,77.33,8.0,0
STU0129,5,2024-25,CS503,0.927,74.36,77.01,81.24,85.14,84.41,82.25,81.6,9.0,0
STU0129,5,2024-25,CS504,0.902,77.47,82.26,73.02,93.58,94.86,98.0,99.5,10.0,0
STU0129,5,2024-25,CS505,1.111,81.14,79.36,72.64,77.63,79.15,76.64,77.97,8.0,0
STU0129,5,2024-25,CS506,0.879,90.08,83.76,82.12,91.85,90.4,90.02,89.94,9.0,0
STU0129,6,2024-25,CS601,0.904,84.08,91.01,86.66,87.84,90.32,96.39,99.5,10.0,0
STU0129,6,2024-25,CS602,1.141,80.08,83.16,84.5,66.52,64.56,56.37,51.21,6.0,0
STU0129,6,2024-25,CS603,0.917,83.62,87.24,86.09,84.27,93.07,88.05,85.17,9.0,0
STU0129,6,2024-25,CS604,0.946,89.32,91.85,89.8,85.11,84.67,76.83,77.97,8.0,0
STU0129,6,2024-25,CS605,1.0,82.28,83.29,86.03,81.2,80.51,84.04,80.54,9.0,0
STU0129,6,2024-25,CS606,0.847,82.4,85.03,84.77,98.0,96.9,98.0,97.54,10.0,0
STU0130,1,2022-23,EC101,1.054,49.35,54.87,63.03,44.18,51.5,56.71,54.03,6.0,0
STU0130,1,2022-23,EC102,0.867,53.53,61.8,70.35,58.07,65.55,72.34,72.5,8.0,0
STU0130,1,2022-23,MA101,0.964,54.41,59.84,65.54,42.4,50.2,57.25,58.26,6.0,0
STU0130,1,2022-23,PH101,1.031,51.57,57.61,66.75,49.03,54.36,61.75,62.38,7.0,0
STU0130,1,2022-23,EE101,1.081,51.74,58.52,66.36,38.59,44.46,49.62,48.24,5.0,0
STU0130,2,2022-23,EC201,1.035,63.24,70.63,78.63,54.79,59.94,64.26,61.86,7.0,0
STU0130,2,2022-23,EC202,1.003,63.18,71.66,77.46,58.59,66.53,71.15,75.31,8.0,0
STU0130,2,2022-23,MA201,1.09,59.76,65.65,69.83,62.06,68.98,73.97,78.1,8.0,0
STU0130,2,2022-23,CH101,0.765,61.27,69.88,76.31,79.08,83.57,91.73,89.95,9.0,0
STU0130,2,2022-23,ME101,1.096,64.17,68.85,77.13,52.89,59.55,65.84,62.16,7.0,0
STU0130,3,2023-24,EC301,1.166,63.94,72.77,80.45,52.59,57.72,64.66,63.21,7.0,0
STU0130,3,2023-24,EC302,1.112,63.09,71.01,80.62,45.75,52.29,62.25,60.41,7.0,0
STU0130,3,2023-24,EC303,0.966,66.87,73.25,78.25,61.71,69.5,73.72,75.96,8.0,0
STU0130,3,2023-24,MA301,1.22,66.75,71.77,77.52,45.38,49.99,57.04,58.17,6.0,0
STU0130,3,2023-24,CS301,0.957,67.5,73.96,82.35,62.04,69.13,75.64,78.0,8.0,0
STU0130,3,2023-24,EC304,1.026,64.83,71.06,75.91,50.9,56.64,65.95,65.73,7.0,0
STU0130,4,2023-24,EC401,0.788,73.81,78.7,87.03,79.24,88.22,95.83,95.1,10.0,0
STU0130,4,2023-24,EC402,1.032,71.71,80.24,89.28,65.38,74.18,83.08,83.66,9.0,0
STU0130,4,2023-24,EC403,1.148,74.88,80.61,86.7,57.08,62.07,69.81,72.48,8.0,0
STU0130,4,2023-24,EC404,1.048,72.62,80.52,88.65,57.64,66.47,74.3,78.14,8.0,0
STU0130,4,2023-24,MA401,1.135,74.54,79.02,84.46,58.19,66.23,74.63,76.39,8.0,0
STU0130,4,2023-24,EC405,1.02,76.26,83.0,91.87,54.92,62.87,71.5,72.74,8.0,0
STU0130,5,2024-25,EC501,1.005,68.56,76.98,85.13,63.15,70.57,75.19,81.36,9.0,0
STU0130,5,2024-25,EC502,1.01,67.6,73.67,78.41,57.99,65.75,69.87,64.06,7.0,0
STU0130,5,2024-25,EC503,0.883,69.4,78.25,86.7,62.41,67.52,75.33,78.57,8.0,0
STU0130,5,2024-25,EC504,0.936,72.06,76.78,81.39,62.77,66.98,72.98,73.35,8.0,0
STU0130,5,2024-25,EC505,0.944,70.75,76.93,86.18,67.95,74.33,81.4,83.85,9.0,0
STU0130,5,2024-25,EC506,0.858,73.07,81.9,88.88,73.44,80.01,85.45,74.37,8.0,0
STU0130,6,2024-25,EC601,0.788,74.23,82.16,87.92,88.11,93.79,98.0,95.66,10.0,0
STU0130,6,2024-25,EC602,0.977,75.07,80.94,86.47,67.45,75.78,81.79,78.95,8.0,0
STU0130,6,2024-25,EC603,0.906,71.29,77.92,82.71,68.7,76.25,81.18,82.27,9.0,0
STU0130,6,2024-25,EC604,0.862,73.93,81.55,88.62,79.48,85.65,89.87,73.28,8.0,0
STU0130,6,2024-25,EC605,0.833,76.16,81.96,91.39,71.38,79.41,87.38,87.6,9.0,0
STU0130,6,2024-25,EC606,1.055,76.08,83.65,91.2,57.73,65.12,71.78,71.17,8.0,0
STU0131,1,2022-23,AI101,0.951,62.38,67.18,74.01,32.58,38.07,47.84,47.33,5.0,0
STU0131,1,2022-23,AI102,0.967,65.2,70.44,78.68,41.04,47.79,54.36,52.62,6.0,0
STU0131,1,2022-23,MA101,0.85,66.58,71.46,80.57,38.51,45.25,52.15,52.73,6.0,0
STU0131,1,2022-23,PH101,0.758,62.17,70.45,78.05,39.82,47.28,56.4,56.9,6.0,0
STU0131,1,2022-23,EE101,0.929,67.6,75.89,80.48,30.31,37.83,42.96,45.38,5.0,0
STU0131,2,2022-23,AI201,1.17,79.46,86.56,91.97,46.47,53.53,62.58,69.39,7.0,0
STU0131,2,2022-23,AI202,1.028,79.58,83.63,89.5,58.47,67.42,75.78,78.64,8.0,0
STU0131,2,2022-23,MA201,1.095,77.9,84.83,91.55,54.96,60.93,69.97,69.49,7.0,0
STU0131,2,2022-23,CH101,1.057,81.98,86.72,92.6,54.93,63.17,72.41,72.12,8.0,0
STU0131,2,2022-23,ME101,0.969,76.29,81.54,91.39,60.23,66.38,72.32,72.27,8.0,0
STU0131,3,2023-24,AI301,1.146,78.85,87.56,92.52,45.45,51.59,56.34,50.83,6.0,0
STU0131,3,2023-24,AI302,1.177,81.72,89.96,96.22,38.59,45.03,49.13,48.59,5.0,0
STU0131,3,2023-24,AI303,0.935,77.07,81.4,88.54,65.75,74.3,80.68,79.47,8.0,0
STU0131,3,2023-24,MA301,1.067,75.32,80.56,87.44,51.17,57.83,65.86,65.66,7.0,0
STU0131,3,2023-24,CS301,1.019,76.45,84.21,89.38,63.32,69.33,74.18,75.41,8.0,0
STU0131,3,2023-24,AI304,0.915,78.43,85.43,93.83,60.21,67.24,71.82,67.17,7.0,0
STU0131,4,2023-24,AI401,0.821,88.39,92.7,99.0,69.1,74.56,79.6,76.62,8.0,0
STU0131,4,2023-24,AI402,1.134,85.71,91.8,97.8,42.5,50.86,55.29,54.96,6.0,0
STU0131,4,2023-24,AI403,0.99,88.7,96.42,99.0,56.11,61.42,67.57,65.45,7.0,0
STU0131,4,2023-24,AI404,0.881,85.93,94.25,99.0,69.19,73.3,79.11,77.07,8.0,0
STU0131,4,2023-24,MA401,1.266,88.82,94.98,99.0,40.97,47.52,54.97,51.56,6.0,0
STU0131,4,2023-24,AI405,1.183,89.46,93.74,99.0,52.78,61.42,69.93,72.18,8.0,0
STU0131,5,2024-25,AI501,0.82,90.99,99.0,99.0,78.05,82.26,88.83,87.82,9.0,0
STU0131,5,2024-25,AI502,1.15,86.84,94.97,99.0,61.65,66.96,71.56,73.78,8.0,0
STU0131,5,2024-25,AI503,0.967,89.2,93.71,98.36,65.49,73.85,81.69,78.3,8.0,0
STU0131,5,2024-25,AI504,1.206,89.57,95.09,99.0,47.39,52.7,59.67,67.92,7.0,0
STU0131,5,2024-25,AI505,0.967,90.53,95.44,99.0,68.34,72.94,80.79,77.7,8.0,0
STU0131,5,2024-25,AI506,0.933,91.17,99.0,99.0,65.74,69.93,74.31,75.94,8.0,0
STU0131,6,2024-25,AI601,1.163,83.99,92.85,99.0,46.81,52.25,56.38,55.51,6.0,0
STU0131,6,2024-25,AI602,0.858,84.69,88.9,93.49,62.99,67.95,73.53,77.59,8.0,0
STU0131,6,2024-25,AI603,0.834,79.94,87.83,93.67,68.33,74.16,78.46,79.65,8.0,0
STU0131,6,2024-25,AI604,1.143,78.5,83.44,93.2,42.99,49.31,57.5,59.38,6.0,0
STU0131,6,2024-25,AI605,0.99,81.1,89.3,96.84,57.66,63.42,71.82,73.01,8.0,0
STU0131,6,2024-25,AI606,0.896,79.29,84.96,94.79,56.57,65.4,73.87,74.64,8.0,0
STU0132,1,2022-23,DS101,1.112,94.39,91.95,85.83,68.43,65.28,65.58,62.92,7.0,0
STU0132,1,2022-23,DS102,1.107,99.0,99.0,94.26,61.63,61.89,60.1,57.01,6.0,0
STU0132,1,2022-23,MA101,0.966,99.0,99.0,99.0,81.24,79.91,84.32,84.49,9.0,0
STU0132,1,2022-23,PH101,1.071,89.59,91.12,85.88,63.52,61.79,66.07,67.2,7.0,0
STU0132,1,2022-23,EE101,0.979,86.2,80.54,79.54,80.67,80.41,88.51,79.94,8.0,0
STU0132,2,2022-23,DS201,0.961,93.36,91.54,91.48,84.84,82.38,81.31,79.92,8.0,0
STU0132,2,2022-23,DS202,0.944,94.17,85.22,90.13,89.25,89.97,93.74,89.67,9.0,0
STU0132,2,2022-23,MA201,0.79,86.53,88.04,88.54,98.0,98.0,87.32,83.71,9.0,0
STU0132,2,2022-23,CH101,0.922,96.75,97.27,99.0,82.08,84.43,88.71,93.1,10.0,0
STU0132,2,2022-23,ME101,0.975,88.88,91.17,92.2,85.6,91.68,90.61,87.49,9.0,0
STU0132,3,2023-24,DS301,0.962,88.98,90.18,93.18,80.96,81.16,83.82,89.22,9.0,0
STU0132,3,2023-24,DS302,1.008,99.0,99.0,99.0,80.82,91.97,92.25,92.86,10.0,0
STU0132,3,2023-24,DS303,1.002,97.99,99.0,99.0,83.41,91.06,85.38,83.29,9.0,0
STU0132,3,2023-24,MA301,0.833,91.56,95.07,94.29,98.0,98.0,96.97,84.62,9.0,0
STU0132,3,2023-24,CS301,1.08,85.14,79.16,79.73,83.17,85.5,83.29,87.28,9.0,0
STU0132,3,2023-24,DS304,0.929,91.55,92.57,94.2,86.49,81.6,85.36,84.12,9.0,0
STU0132,4,2023-24,DS401,0.955,92.88,96.94,95.07,79.55,82.6,83.6,84.6,9.0,0
STU0132,4,2023-24,DS402,0.859,87.96,88.31,93.77,98.0,98.0,98.0,99.5,10.0,0
STU0132,4,2023-24,DS403,1.191,88.26,92.67,99.0,71.65,69.11,78.95,82.32,9.0,0
STU0132,4,2023-24,DS404,1.001,91.0,87.34,91.23,76.86,81.67,78.43,73.47,8.0,0
STU0132,4,2023-24,MA401,0.76,86.5,88.99,84.12,98.0,95.78,98.0,99.5,10.0,0
STU0132,4,2023-24,DS405,1.017,92.34,94.74,93.28,89.11,83.34,85.52,82.03,9.0,0
STU0132,5,2024-25,DS501,1.026,95.71,96.5,98.82,92.83,95.77,93.5,92.88,10.0,0
STU0132,5,2024-25,DS502,0.892,90.8,82.29,80.67,87.46,87.89,85.6,82.34,9.0,0
STU0132,5,2024-25,DS503,0.748,94.36,88.23,90.7,98.0,96.98,98.0,98.03,10.0,0
STU0132,5,2024-25,DS504,1.046,98.51,96.7,94.91,80.74,74.68,82.71,83.19,9.0,0
STU0132,5,2024-25,DS505,0.976,99.0,95.14,99.0,90.41,95.44,94.65,94.81,10.0,0
STU0132,5,2024-25,DS506,0.959,99.0,99.0,97.05,85.32,85.25,83.76,88.08,9.0,0
STU0132,6,2024-25,DS601,1.028,91.21,93.65,86.31,84.77,81.12,77.12,75.73,8.0,0
STU0132,6,2024-25,DS602,0.99,94.43,97.19,96.58,86.63,80.35,74.65,75.51,8.0,0
STU0132,6,2024-25,DS603,1.076,93.48,96.74,91.82,82.18,78.35,74.16,71.87,8.0,0
STU0132,6,2024-25,DS604,0.99,96.28,97.55,96.53,90.26,97.85,97.32,97.6,10.0,0
STU0132,6,2024-25,DS605,0.927,92.95,97.32,99.0,92.09,94.29,98.0,96.66,10.0,0
STU0132,6,2024-25,DS606,0.843,97.28,99.0,99.0,98.0,98.0,98.0,94.56,10.0,0
STU0133,1,2022-23,CS101,1.027,78.54,85.52,86.93,53.99,43.78,44.83,47.8,5.0,0
STU0133,1,2022-23,CS102,1.224,78.88,84.91,80.15,47.68,43.11,46.68,42.77,5.0,0
STU0133,1,2022-23,MA101,1.048,74.72,80.88,79.57,59.56,51.51,44.78,42.46,5.0,0
STU0133,1,2022-23,PH101,1.102,82.33,86.13,80.84,57.38,54.86,51.23,49.61,5.0,0
STU0133,1,2022-23,EE101,0.986,82.34,86.27,88.09,64.47,72.67,75.81,75.17,8.0,0
STU0133,2,2022-23,CS201,0.896,85.99,91.06,90.05,81.04,86.84,81.19,79.97,8.0,0
STU0133,2,2022-23,CS202,1.145,87.21,80.14,78.36,64.39,70.14,70.37,71.82,8.0,0
STU0133,2,2022-23,MA201,0.956,91.32,96.31,99.0,71.77,73.72,78.01,78.09,8.0,0
STU0133,2,2022-23,CH101,1.096,89.19,94.16,96.61,60.6,66.92,68.99,68.57,7.0,0
STU0133,2,2022-23,ME101,0.838,88.64,95.06,85.51,69.12,72.58,73.64,75.66,8.0,0
STU0133,3,2023-24,CS301,0.9,78.55,76.97,75.42,58.76,50.64,55.63,54.85,6.0,0
STU0133,3,2023-24,CS302,1.119,69.3,64.16,63.25,54.98,51.23,47.6,47.19,5.0,0
STU0133,3,2023-24,CS303,0.941,68.58,74.9,76.5,69.57,69.27,72.27,73.87,8.0,0
STU0133,3,2023-24,MA301,0.876,66.18,58.22,64.5,71.67,74.33,75.24,77.98,8.0,0
STU0133,3,2023-24,EC301,0.992,67.0,63.37,62.14,57.3,53.46,48.06,47.08,5.0,0
STU0133,3,2023-24,CS304,0.94,72.79,75.78,74.93,61.31,52.09,52.82,50.83,6.0,0
STU0133,4,2023-24,CS401,1.173,75.21,71.66,71.37,50.73,44.03,49.92,46.78,5.0,0
STU0133,4,2023-24,CS402,0.843,77.61,81.41,78.97,71.61,67.83,67.61,70.29,8.0,0
STU0133,4,2023-24,CS403,1.097,79.09,77.23,84.59,65.33,64.2,53.87,52.49,6.0,0
STU0133,4,2023-24,CS404,0.841,78.75,75.37,74.56,79.08,75.79,70.04,69.51,7.0,0
STU0133,4,2023-24,MA401,0.94,74.61,76.73,74.18,69.06,68.07,68.0,68.44,7.0,0
STU0133,4,2023-24,CS405,0.843,83.45,82.24,86.04,82.56,88.52,84.29,88.15,9.0,0
STU0133,5,2024-25,CS501,1.081,85.48,81.67,85.01,63.93,57.3,55.13,51.49,6.0,0
STU0133,5,2024-25,CS502,0.829,87.05,81.88,77.25,90.97,88.96,91.92,95.29,10.0,0
STU0133,5,2024-25,CS503,1.093,84.24,84.11,85.99,60.37,63.5,62.33,61.9,7.0,0
STU0133,5,2024-25,CS504,1.226,81.72,81.79,83.29,57.3,58.62,52.99,53.48,6.0,0
STU0133,5,2024-25,CS505,1.029,88.2,90.79,95.01,60.29,55.81,57.28,60.68,7.0,0
STU0133,5,2024-25,CS506,0.976,80.68,75.07,76.35,68.3,66.35,70.42,70.16,8.0,0
STU0133,6,2024-25,CS601,1.263,82.7,79.64,76.17,55.31,50.4,48.72,47.86,5.0,0
STU0133,6,2024-25,CS602,1.187,89.25,83.87,89.42,50.23,50.96,47.2,46.04,5.0,0
STU0133,6,2024-25,CS603,0.882,91.18,90.69,91.48,70.38,64.02,62.02,63.58,7.0,0
STU0133,6,2024-25,CS604,0.985,88.38,88.81,88.84,70.5,70.95,75.2,76.86,8.0,0
STU0133,6,2024-25,CS605,1.109,87.35,92.11,95.01,68.99,66.55,70.31,66.16,7.0,0
STU0133,6,2024-25,CS606,1.114,84.71,87.98,93.86,64.02,62.16,57.27,58.87,6.0,0
STU0134,1,2022-23,EC101,0.939,58.98,58.14,59.89,48.92,45.26,53.37,52.95,6.0,0
STU0134,1,2022-23,EC102,0.729,66.43,66.39,65.79,61.32,60.49,68.0,69.4,7.0,0
STU0134,1,2022-23,MA101,1.031,61.65,67.7,70.65,48.94,50.2,54.7,46.87,5.0,0
STU0134,1,2022-23,PH101,0.835,60.18,58.21,59.04,59.84,59.5,55.59,50.21,6.0,0
STU0134,1,2022-23,EE101,0.948,58.81,61.7,64.13,44.01,45.56,46.0,42.94,5.0,0
STU0134,2,2022-23,EC201,1.099,58.8,63.86,61.84,37.35,38.3,43.71,40.39,5.0,0
STU0134,2,2022-23,EC202,0.969,61.54,53.8,61.5,51.63,49.76,53.58,53.69,6.0,0
STU0134,2,2022-23,MA201,0.938,62.3,63.63,56.89,50.12,47.69,46.12,47.09,5.0,0
STU0134,2,2022-23,CH101,0.734,63.05,61.13,63.81,63.58,62.15,70.62,67.51,7.0,0
STU0134,2,2022-23,ME101,0.938,56.56,62.19,57.57,56.3,49.01,43.29,40.91,5.0,0
STU0134,3,2023-24,EC301,0.971,66.92,64.63,64.85,51.62,54.47,56.99,51.42,6.0,0
STU0134,3,2023-24,EC302,0.926,65.38,64.63,62.79,44.4,48.84,50.36,52.99,6.0,0
STU0134,3,2023-24,EC303,1.284,57.42,58.34,57.51,41.01,45.47,44.81,45.22,5.0,0
STU0134,3,2023-24,MA301,1.123,67.75,74.14,75.09,38.53,34.61,35.55,32.74,0.0,1
STU0134,3,2023-24,CS301,1.014,71.8,75.21,70.41,35.33,27.66,24.99,24.0,0.0,1
STU0134,3,2023-24,EC304,1.134,68.09,70.09,67.97,36.96,33.93,40.24,38.38,0.0,1
STU0134,4,2023-24,EC401,1.187,57.42,57.21,52.57,35.95,40.42,39.62,41.86,5.0,0
STU0134,4,2023-24,EC402,0.64,64.1,64.49,62.06,59.63,69.42,70.42,71.55,8.0,0
STU0134,4,2023-24,EC403,1.006,55.49,50.39,53.03,37.46,37.03,41.84,44.11,5.0,0
STU0134,4,2023-24,EC404,0.947,59.72,62.31,59.71,39.57,40.94,44.37,45.58,5.0,0
STU0134,4,2023-24,MA401,1.048,56.01,52.82,54.58,34.24,32.19,24.02,22.26,0.0,1
STU0134,4,2023-24,EC405,0.95,53.77,50.63,50.93,44.22,46.71,49.55,52.57,6.0,0
STU0134,5,2024-25,EC501,0.945,60.72,55.69,55.37,51.89,48.33,45.91,48.02,5.0,0
STU0134,5,2024-25,EC502,1.257,60.81,54.32,53.56,38.95,34.33,33.52,31.35,0.0,1
STU0134,5,2024-25,EC503,0.903,60.46,61.11,66.8,52.63,46.1,44.65,34.16,0.0,1
STU0134,5,2024-25,EC504,0.875,59.63,60.75,59.61,59.84,51.49,58.45,59.2,6.0,0
STU0134,5,2024-25,EC505,1.021,58.62,52.02,55.16,49.47,49.6,46.49,42.54,5.0,0
STU0134,5,2024-25,EC506,0.924,56.59,56.22,54.13,56.41,54.62,48.03,47.65,5.0,0
STU0134,6,2024-25,EC601,1.1,53.56,54.59,51.25,38.12,36.47,30.61,24.82,0.0,1
STU0134,6,2024-25,EC602,1.153,51.35,50.58,51.33,38.6,33.19,37.56,35.92,0.0,1
STU0134,6,2024-25,EC603,1.068,59.55,54.96,57.77,43.7,39.6,41.5,41.82,5.0,0
STU0134,6,2024-25,EC604,0.927,61.59,62.93,59.1,51.47,50.65,45.55,44.85,5.0,0
STU0134,6,2024-25,EC605,1.046,50.26,45.37,40.56,37.49,39.9,41.73,38.97,0.0,1
STU0134,6,2024-25,EC606,0.974,48.73,46.46,44.14,48.89,54.19,49.27,46.78,5.0,0
STU0135,1,2022-23,AI101,0.89,88.2,92.48,89.23,86.82,89.84,94.15,93.24,10.0,0
STU0135,1,2022-23,AI102,0.915,86.79,87.9,87.63,97.46,98.0,92.7,93.84,10.0,0
STU0135,1,2022-23,MA101,0.913,83.94,86.49,89.37,73.74,71.01,68.55,68.42,7.0,0
STU0135,1,2022-23,PH101,0.89,83.47,83.06,77.06,89.97,94.18,88.45,88.78,9.0,0
STU0135,1,2022-23,EE101,1.006,77.43,76.11,75.73,86.61,84.87,86.47,84.29,9.0,0
STU0135,2,2022-23,AI201,0.799,92.16,93.97,93.45,98.0,98.0,91.79,99.5,10.0,0
STU0135,2,2022-23,AI202,0.559,93.1,94.67,91.13,98.0,98.0,97.1,99.5,10.0,0
STU0135,2,2022-23,MA201,0.912,92.13,93.6,91.66,86.97,85.95,82.03,82.47,9.0,0
STU0135,2,2022-23,CH101,1.137,96.13,99.0,97.32,68.35,70.9,76.92,80.04,9.0,0
STU0135,2,2022-23,ME101,1.075,88.31,85.64,87.35,77.35,76.61,78.61,78.83,8.0,0
STU0135,3,2023-24,AI301,0.828,82.22,79.68,77.64,98.0,94.15,89.17,84.56,9.0,0
STU0135,3,2023-24,AI302,1.022,87.26,87.93,86.26,89.58,84.27,84.53,77.89,8.0,0
STU0135,3,2023-24,AI303,1.048,84.27,79.57,81.14,72.55,68.77,73.13,73.58,8.0,0
STU0135,3,2023-24,MA301,0.953,87.91,86.46,88.7,85.63,81.34,74.62,77.98,8.0,0
STU0135,3,2023-24,CS301,0.83,90.33,87.27,84.94,98.0,94.93,93.67,97.14,10.0,0
STU0135,3,2023-24,AI304,1.072,89.99,87.09,84.0,79.6,79.6,79.36,75.66,8.0,0
STU0135,4,2023-24,AI401,1.015,85.64,88.85,83.79,80.29,79.96,84.62,79.21,8.0,0
STU0135,4,2023-24,AI402,1.188,83.09,83.77,80.84,60.73,62.97,61.44,66.29,7.0,0
STU0135,4,2023-24,AI403,0.965,87.27,86.49,76.52,78.78,82.11,82.76,81.23,9.0,0
STU0135,4,2023-24,AI404,1.026,89.02,92.73,87.63,76.17,76.91,71.97,69.59,7.0,0
STU0135,4,2023-24,MA401,0.884,80.37,74.99,74.32,91.74,88.91,96.26,99.5,10.0,0
STU0135,4,2023-24,AI405,0.962,82.91,87.33,84.84,82.3,86.49,84.19,83.94,9.0,0
STU0135,5,2024-25,AI501,1.181,87.16,89.6,90.99,65.25,62.89,70.78,66.92,7.0,0
STU0135,5,2024-25,AI502,0.857,83.11,84.49,85.07,85.06,83.52,81.48,82.18,9.0,0
STU0135,5,2024-25,AI503,0.944,92.31,91.28,90.28,84.45,86.85,91.96,94.82,10.0,0
STU0135,5,2024-25,AI504,0.972,90.22,88.8,84.95,78.39,80.1,81.06,82.41,9.0,0
STU0135,5,2024-25,AI505,0.905,88.07,92.9,90.17,88.83,90.56,93.6,91.23,10.0,0
STU0135,5,2024-25,AI506,1.017,85.79,85.69,86.51,77.81,84.16,88.74,91.5,10.0,0
STU0135,6,2024-25,AI601,0.894,90.44,92.0,94.9,96.82,96.02,98.0,98.91,10.0,0
STU0135,6,2024-25,AI602,0.975,82.75,84.37,80.3,81.3,83.35,85.5,82.14,9.0,0
STU0135,6,2024-25,AI603,0.953,89.44,92.3,90.27,92.21,88.38,82.69,85.95,9.0,0
STU0135,6,2024-25,AI604,1.173,94.36,96.83,97.19,74.57,76.93,84.96,82.8,9.0,0
STU0135,6,2024-25,AI605,0.931,86.12,90.86,90.89,86.85,78.17,74.48,75.21,8.0,0
STU0135,6,2024-25,AI606,0.791,86.08,86.21,85.48,98.0,94.39,93.27,94.35,10.0,0
STU0136,1,2022-23,DS101,1.155,83.46,79.76,73.43,68.18,67.78,61.19,61.97,7.0,0
STU0136,1,2022-23,DS102,1.106,86.42,84.18,80.23,69.1,69.26,80.12,77.15,8.0,0
STU0136,1,2022-23,MA101,1.047,83.22,80.85,76.98,76.84,81.38,85.27,74.93,8.0,0
STU0136,1,2022-23,PH101,0.878,89.43,89.45,89.24,81.0,88.09,87.7,82.01,9.0,0
STU0136,1,2022-23,EE101,1.033,82.35,85.54,89.17,77.27,75.2,74.69,75.43,8.0,0
STU0136,2,2022-23,DS201,1.011,90.13,88.25,88.16,88.25,87.17,80.24,80.07,9.0,0
STU0136,2,2022-23,DS202,1.201,86.88,83.45,84.91,62.44,66.09,63.32,64.81,7.0,0
STU0136,2,2022-23,MA201,1.229,72.21,74.28,78.9,54.07,50.83,49.05,46.86,5.0,0
STU0136,2,2022-23,CH101,0.903,81.16,84.14,89.34,90.68,95.15,98.0,99.5,10.0,0
STU0136,2,2022-23,ME101,1.02,88.38,89.86,89.11,74.29,78.85,85.45,87.19,9.0,0
STU0136,3,2023-24,DS301,0.778,85.74,86.77,83.11,95.17,97.22,90.54,89.58,9.0,0
STU0136,3,2023-24,DS302,1.169,81.77,81.83,82.39,61.59,64.69,68.9,72.7,8.0,0
STU0136,3,2023-24,DS303,0.962,86.39,89.33,88.92,71.39,72.03,69.31,67.2,7.0,0
STU0136,3,2023-24,MA301,1.026,83.55,84.16,78.73,69.43,59.26,54.55,54.29,6.0,0
STU0136,3,2023-24,CS301,1.146,86.45,86.76,85.44,61.74,67.62,62.64,60.46,7.0,0
STU0136,3,2023-24,DS304,1.128,82.92,89.71,92.13,69.75,62.43,67.2,64.65,7.0,0
STU0136,4,2023-24,DS401,1.027,80.25,74.23,74.76,72.06,68.04,60.47,52.45,6.0,0
STU0136,4,2023-24,DS402,1.063,83.66,81.54,82.29,76.11,77.32,75.33,81.72,9.0,0
STU0136,4,2023-24,DS403,0.924,79.04,79.39,78.49,86.47,84.1,83.36,80.76,9.0,0
STU0136,4,2023-24,DS404,1.097,85.25,84.29,83.76,68.72,62.25,67.49,70.8,8.0,0
STU0136,4,2023-24,MA401,1.005,84.41,80.92,86.97,82.56,84.33,88.02,91.72,10.0,0
STU0136,4,2023-24,DS405,1.123,81.25,80.16,81.8,68.23,71.62,74.51,75.25,8.0,0
STU0136,5,2024-25,DS501,1.101,97.56,95.89,89.44,58.64,60.7,58.71,62.82,7.0,0
STU0136,5,2024-25,DS502,0.921,88.88,88.02,97.73,66.65,69.27,63.87,55.9,6.0,0
STU0136,5,2024-25,DS503,0.966,87.55,85.83,90.71,83.21,79.77,82.75,85.48,9.0,0
STU0136,5,2024-25,DS504,0.937,86.16,82.93,84.89,72.78,77.71,87.32,96.13,10.0,0
STU0136,5,2024-25,DS505,0.792,91.58,95.95,96.31,77.96,70.97,75.45,75.76,8.0,0
STU0136,5,2024-25,DS506,0.837,90.81,90.74,96.3,74.29,75.97,81.31,82.69,9.0,0
STU0136,6,2024-25,DS601,0.963,82.73,80.27,84.25,80.96,84.23,85.23,85.8,9.0,0
STU0136,6,2024-25,DS602,0.812,87.54,87.59,83.4,94.97,94.24,97.62,98.94,10.0,0
STU0136,6,2024-25,DS603,0.891,87.74,85.4,79.58,85.49,86.39,86.89,89.16,9.0,0
STU0136,6,2024-25,DS604,0.862,80.95,77.06,75.4,86.18,95.35,94.26,94.75,10.0,0
STU0136,6,2024-25,DS605,0.829,82.56,75.36,83.34,78.48,76.15,75.5,80.81,9.0,0
STU0136,6,2024-25,DS606,1.027,79.14,78.08,78.29,67.75,64.41,60.74,58.38,6.0,0
STU0137,1,2022-23,CS101,0.959,38.78,44.11,53.92,55.89,62.57,70.23,67.66,7.0,0
STU0137,1,2022-23,CS102,1.145,35.0,40.0,50.0,45.82,50.35,57.67,56.31,6.0,0
STU0137,1,2022-23,MA101,0.986,39.27,47.78,52.1,47.67,54.92,63.1,61.01,7.0,0
STU0137,1,2022-23,PH101,0.817,37.47,43.3,51.74,64.64,72.52,77.23,69.28,7.0,0
STU0137,1,2022-23,EE101,1.11,35.5,43.87,52.19,47.05,52.02,58.22,51.9,6.0,0
STU0137,2,2022-23,CS201,1.14,51.75,58.82,65.07,61.49,68.47,72.7,70.69,8.0,0
STU0137,2,2022-23,CS202,1.005,52.77,61.35,68.44,61.65,66.62,72.19,73.91,8.0,0
STU0137,2,2022-23,MA201,1.085,56.46,62.86,68.67,61.74,68.89,77.37,77.69,8.0,0
STU0137,2,2022-23,CH101,0.951,54.11,60.66,67.62,68.57,73.74,80.59,68.68,7.0,0
STU0137,2,2022-23,ME101,1.135,52.82,60.94,69.07,58.15,64.32,72.03,67.19,7.0,0
STU0137,3,2023-24,CS301,0.737,57.48,62.9,72.62,95.0,98.0,98.0,98.8,10.0,0
STU0137,3,2023-24,CS302,1.048,55.45,62.05,71.26,65.86,74.71,79.97,81.12,9.0,0
STU0137,3,2023-24,CS303,1.032,53.93,59.13,68.7,65.72,71.74,78.16,74.3,8.0,0
STU0137,3,2023-24,MA301,1.075,53.6,59.42,67.59,62.42,67.67,77.28,75.54,8.0,0
STU0137,3,2023-24,EC301,1.033,52.25,59.43,64.02,69.15,74.77,82.15,81.94,9.0,0
STU0137,3,2023-24,CS304,0.99,54.22,59.65,68.81,77.13,84.08,88.95,88.46,9.0,0
STU0137,4,2023-24,CS401,1.151,62.21,69.43,78.73,62.24,66.97,76.03,79.14,8.0,0
STU0137,4,2023-24,CS402,1.039,63.9,69.54,78.93,70.95,78.67,83.21,84.99,9.0,0
STU0137,4,2023-24,CS403,1.003,67.38,73.55,82.29,71.52,79.97,85.5,77.11,8.0,0
STU0137,4,2023-24,CS404,0.92,66.02,71.72,79.82,75.11,79.67,85.72,89.6,9.0,0
STU0137,4,2023-24,MA401,1.012,65.37,71.27,78.72,72.16,79.06,86.59,77.38,8.0,0
STU0137,4,2023-24,CS405,0.739,61.88,68.22,75.44,95.0,98.0,98.0,99.5,10.0,0
STU0137,5,2024-25,CS501,1.047,65.49,73.06,77.27,70.12,75.03,82.59,86.26,9.0,0
STU0137,5,2024-25,CS502,0.984,61.78,70.6,79.73,75.7,84.05,93.87,92.45,10.0,0
STU0137,5,2024-25,CS503,1.006,63.13,71.73,78.16,67.12,74.1,82.25,82.41,9.0,0
STU0137,5,2024-25,CS504,0.966,62.4,69.37,73.83,71.74,77.91,84.25,86.94,9.0,0
STU0137,5,2024-25,CS505,0.881,65.55,71.44,79.81,83.66,92.24,96.54,97.32,10.0,0
STU0137,5,2024-25,CS506,1.061,63.45,69.33,77.17,64.97,72.61,77.96,79.32,8.0,0
STU0137,6,2024-25,CS601,1.278,67.66,75.44,83.97,51.39,59.48,66.62,65.27,7.0,0
STU0137,6,2024-25,CS602,1.047,70.3,77.55,82.18,77.81,83.85,88.11,89.3,9.0,0
STU0137,6,2024-25,CS603,1.036,64.17,72.63,81.93,72.31,78.86,86.2,88.7,9.0,0
STU0137,6,2024-25,CS604,1.03,64.65,72.56,80.62,74.82,79.79,84.94,85.53,9.0,0
STU0137,6,2024-25,CS605,1.005,67.13,75.39,84.48,75.25,80.13,85.18,87.02,9.0,0
STU0137,6,2024-25,CS606,1.076,68.94,77.15,84.03,70.26,76.86,81.68,81.62,9.0,0
STU0138,1,2022-23,EC101,1.187,79.79,83.09,79.39,53.12,49.75,53.06,54.56,6.0,0
STU0138,1,2022-23,EC102,0.847,76.07,77.94,82.7,85.62,82.36,80.63,82.21,9.0,0
STU0138,1,2022-23,MA101,1.071,82.53,81.26,82.92,63.35,64.25,68.27,71.61,8.0,0
STU0138,1,2022-23,PH101,1.042,82.72,82.17,82.63,68.1,70.32,67.88,66.1,7.0,0
STU0138,1,2022-23,EE101,0.925,86.13,80.32,75.57,69.37,72.76,71.56,69.08,7.0,0
STU0138,2,2022-23,EC201,1.094,91.9,96.21,98.15,64.32,66.26,64.42,58.09,6.0,0
STU0138,2,2022-23,EC202,0.902,87.95,90.37,93.28,81.36,78.22,81.18,82.39,9.0,0
STU0138,2,2022-23,MA201,1.161,92.32,89.15,95.08,58.75,52.33,59.81,62.27,7.0,0
STU0138,2,2022-23,CH101,0.762,84.42,81.92,79.92,98.0,97.04,94.89,97.95,10.0,0
STU0138,2,2022-23,ME101,0.943,96.0,96.7,99.0,84.91,81.27,84.77,83.13,9.0,0
STU0138,3,2023-24,EC301,0.936,85.02,87.89,86.84,75.77,79.15,82.65,83.92,9.0,0
STU0138,3,2023-24,EC302,1.121,78.87,73.75,70.37,60.55,51.81,46.77,43.85,5.0,0
STU0138,3,2023-24,EC303,0.843,72.94,78.98,82.22,82.13,82.9,81.02,79.72,8.0,0
STU0138,3,2023-24,MA301,1.11,80.44,76.85,80.84,65.59,69.59,70.45,70.69,8.0,0
STU0138,3,2023-24,CS301,0.984,81.66,77.51,79.4,63.64,60.87,67.37,64.09,7.0,0
STU0138,3,2023-24,EC304,0.932,77.49,74.69,73.84,76.3,82.64,87.28,89.04,9.0,0
STU0138,4,2023-24,EC401,1.068,84.75,86.48,85.13,65.67,66.68,64.01,67.36,7.0,0
STU0138,4,2023-24,EC402,0.809,80.45,77.37,76.03,82.95,80.35,83.99,84.68,9.0,0
STU0138,4,2023-24,EC403,0.9,85.2,86.73,80.11,74.73,77.48,79.17,80.96,9.0,0
STU0138,4,2023-24,EC404,0.901,84.67,78.48,77.77,85.65,89.6,90.44,88.76,9.0,0
STU0138,4,2023-24,MA401,1.15,83.08,81.68,86.39,60.67,62.26,55.83,54.34,6.0,0
STU0138,4,2023-24,EC405,1.087,82.88,82.47,78.68,68.22,66.56,67.62,71.73,8.0,0
STU0138,5,2024-25,EC501,0.964,85.17,82.82,86.3,81.08,83.85,82.89,83.13,9.0,0
STU0138,5,2024-25,EC502,1.061,83.63,78.37,83.13,71.37,71.45,76.97,76.67,8.0,0
STU0138,5,2024-25,EC503,0.879,81.61,85.88,82.52,75.81,73.21,75.25,78.77,8.0,0
STU0138,5,2024-25,EC504,1.025,81.37,76.4,74.54,63.62,68.48,63.66,61.32,7.0,0
STU0138,5,2024-25,EC505,0.848,82.19,83.19,87.01,88.02,84.8,89.15,90.19,10.0,0
STU0138,5,2024-25,EC506,0.995,81.17,77.95,80.13,75.03,68.15,67.05,69.83,7.0,0
STU0138,6,2024-25,EC601,1.093,82.85,83.21,84.35,77.09,82.14,84.94,82.48,9.0,0
STU0138,6,2024-25,EC602,1.06,90.48,92.46,94.91,72.97,71.56,73.98,73.36,8.0,0
STU0138,6,2024-25,EC603,0.812,89.87,92.21,85.33,82.04,81.17,83.93,82.12,9.0,0
STU0138,6,2024-25,EC604,0.892,83.85,83.33,82.51,80.05,80.82,80.86,76.36,8.0,0
STU0138,6,2024-25,EC605,1.057,82.94,80.16,80.77,70.87,69.22,65.53,66.34,7.0,0
STU0138,6,2024-25,EC606,1.143,84.15,81.8,84.84,67.35,61.09,62.06,67.22,7.0,0
STU0139,1,2022-23,AI101,0.758,85.61,82.14,89.57,95.41,94.57,96.23,89.84,9.0,0
STU0139,1,2022-23,AI102,1.344,79.01,76.07,71.99,58.07,59.38,54.29,50.17,6.0,0
STU0139,1,2022-23,MA101,1.127,77.97,71.94,71.42,65.1,73.87,71.52,70.6,8.0,0
STU0139,1,2022-23,PH101,1.026,78.31,79.85,76.29,72.47,74.3,79.42,77.66,8.0,0
STU0139,1,2022-23,EE101,0.928,86.75,84.82,84.62,90.02,90.32,89.2,88.69,9.0,0
STU0139,2,2022-23,AI201,0.889,91.65,91.7,92.53,87.37,80.85,80.96,82.88,9.0,0
STU0139,2,2022-23,AI202,0.926,92.34,90.43,91.45,74.97,75.7,76.03,75.93,8.0,0
STU0139,2,2022-23,MA201,0.943,85.88,86.98,87.17,70.75,72.3,70.22,74.88,8.0,0
STU0139,2,2022-23,CH101,1.299,94.09,98.76,99.0,52.85,44.3,39.69,37.66,0.0,1
STU0139,2,2022-23,ME101,1.145,89.56,87.25,80.79,72.73,75.13,79.22,77.61,8.0,0
STU0139,3,2023-24,AI301,1.008,92.74,88.52,88.38,73.65,73.13,77.61,72.4,8.0,0
STU0139,3,2023-24,AI302,1.226,79.87,75.92,74.35,55.82,57.73,59.12,59.46,6.0,0
STU0139,3,2023-24,AI303,0.83,84.8,84.87,89.18,88.25,89.97,98.0,94.52,10.0,0
STU0139,3,2023-24,MA301,0.953,80.81,86.44,92.3,83.58,86.05,87.76,86.38,9.0,0
STU0139,3,2023-24,CS301,1.092,80.23,75.73,74.26,75.72,73.41,71.71,72.57,8.0,0
STU0139,3,2023-24,AI304,1.108,90.36,86.44,86.1,66.48,67.94,71.84,74.3,8.0,0
STU0139,4,2023-24,AI401,1.116,94.89,93.04,95.54,71.47,69.16,69.75,74.44,8.0,0
STU0139,4,2023-24,AI402,1.048,90.99,96.1,94.46,61.26,57.76,62.87,64.43,7.0,0
STU0139,4,2023-24,AI403,1.008,95.59,96.17,95.39,76.64,74.92,77.13,74.75,8.0,0
STU0139,4,2023-24,AI404,0.873,87.88,87.79,85.52,80.55,79.86,79.53,74.88,8.0,0
STU0139,4,2023-24,MA401,0.697,92.94,93.43,88.63,98.0,98.0,96.64,99.5,10.0,0
STU0139,4,2023-24,AI405,1.152,89.74,88.41,83.31,69.53,70.64,74.34,67.94,7.0,0
STU0139,5,2024-25,AI501,1.07,86.78,86.71,84.26,73.08,69.32,74.04,71.88,8.0,0
STU0139,5,2024-25,AI502,1.003,81.71,82.26,78.65,71.82,82.14,85.94,87.05,9.0,0
STU0139,5,2024-25,AI503,1.062,85.92,85.6,88.25,67.51,74.69,75.23,77.64,8.0,0
STU0139,5,2024-25,AI504,1.189,86.66,83.82,88.09,72.47,63.71,63.25,64.12,7.0,0
STU0139,5,2024-25,AI505,0.968,79.71,76.62,70.15,83.33,89.51,95.63,95.54,10.0,0
STU0139,5,2024-25,AI506,1.033,88.97,88.16,84.83,70.81,71.6,68.39,69.81,7.0,0
STU0139,6,2024-25,AI601,1.049,86.29,83.72,86.29,65.72,56.32,58.36,57.1,6.0,0
STU0139,6,2024-25,AI602,0.937,82.44,78.93,79.65,74.81,75.5,79.77,88.71,9.0,0
STU0139,6,2024-25,AI603,0.815,87.11,84.43,87.02,88.49,90.21,93.99,92.09,10.0,0
STU0139,6,2024-25,AI604,0.813,79.1,77.57,77.62,82.58,83.68,87.78,92.53,10.0,0
STU0139,6,2024-25,AI605,1.071,87.16,85.72,80.53,60.08,58.99,50.58,48.64,5.0,0
STU0139,6,2024-25,AI606,1.144,85.52,86.75,91.42,59.55,59.82,62.03,70.4,8.0,0
STU0140,1,2022-23,DS101,1.067,92.21,91.71,91.86,55.07,58.48,49.79,53.84,6.0,0
STU0140,1,2022-23,DS102,1.018,80.77,72.96,72.67,48.47,55.1,65.07,60.92,7.0,0
STU0140,1,2022-23,MA101,0.881,87.28,87.36,88.17,62.53,68.58,71.76,75.36,8.0,0
STU0140,1,2022-23,PH101,1.0,95.19,94.8,89.93,65.09,60.17,58.39,55.82,6.0,0
STU0140,1,2022-23,EE101,1.167,87.61,88.65,92.46,47.68,49.51,48.04,48.69,5.0,0
STU0140,2,2022-23,DS201,0.986,93.9,99.0,94.16,63.76,72.14,71.62,67.66,7.0,0
STU0140,2,2022-23,DS202,0.926,92.89,98.14,92.72,66.3,59.7,57.35,60.89,7.0,0
STU0140,2,2022-23,MA201,1.072,95.52,99.0,98.99,56.24,55.72,57.73,66.13,7.0,0
STU0140,2,2022-23,CH101,0.908,97.57,91.9,86.92,74.29,72.48,77.84,77.49,8.0,0
STU0140,2,2022-23,ME101,0.695,96.67,97.96,95.34,90.97,95.18,91.78,95.03,10.0,0
STU0140,3,2023-24,DS301,0.912,86.57,91.54,92.88,70.86,68.7,70.97,69.93,7.0,0
STU0140,3,2023-24,DS302,1.08,84.63,79.78,75.91,55.76,45.78,47.85,49.69,5.0,0
STU0140,3,2023-24,DS303,0.79,88.61,95.11,93.57,71.25,69.56,74.83,71.38,8.0,0
STU0140,3,2023-24,MA301,1.066,91.93,91.89,90.57,61.18,56.05,57.87,53.21,6.0,0
STU0140,3,2023-24,CS301,1.116,93.27,91.81,90.99,56.42,50.32,48.98,48.97,5.0,0
STU0140,3,2023-24,DS304,0.795,93.83,99.0,99.0,66.06,71.28,68.44,68.11,7.0,0
STU0140,4,2023-24,DS401,0.7,87.59,79.69,77.66,77.73,70.65,72.99,74.29,8.0,0
STU0140,4,2023-24,DS402,1.104,98.02,97.08,97.86,45.15,45.45,45.96,50.53,6.0,0
STU0140,4,2023-24,DS403,1.064,94.61,93.56,82.12,52.25,50.1,45.1,47.32,5.0,0
STU0140,4,2023-24,DS404,1.118,88.36,88.5,88.12,55.28,57.25,60.46,59.35,6.0,0
STU0140,4,2023-24,MA401,1.05,95.88,99.0,97.11,51.03,47.71,45.7,49.84,5.0,0
STU0140,4,2023-24,DS405,0.901,93.95,97.44,99.0,68.88,71.0,72.68,70.97,8.0,0
STU0140,5,2024-25,DS501,1.019,91.63,96.89,96.91,56.19,56.94,57.88,56.98,6.0,0
STU0140,5,2024-25,DS502,0.943,85.25,83.33,80.97,58.9,64.61,61.2,58.52,6.0,0
STU0140,5,2024-25,DS503,0.978,84.09,80.53,79.31,53.93,54.97,53.56,51.98,6.0,0
STU0140,5,2024-25,DS504,1.073,89.13,89.74,87.76,54.69,48.79,46.27,43.31,5.0,0
STU0140,5,2024-25,DS505,1.0,84.91,85.24,87.07,57.85,58.81,59.71,61.0,7.0,0
STU0140,5,2024-25,DS506,0.726,87.81,83.93,81.66,70.4,74.69,66.73,67.45,7.0,0
STU0140,6,2024-25,DS601,1.268,97.91,98.93,99.0,46.98,50.4,50.56,51.84,6.0,0
STU0140,6,2024-25,DS602,0.92,92.61,97.37,99.0,65.59,52.53,54.26,54.0,6.0,0
STU0140,6,2024-25,DS603,0.871,91.42,91.2,91.22,72.39,71.44,70.33,69.28,7.0,0
STU0140,6,2024-25,DS604,1.029,93.85,98.36,99.0,63.5,67.31,68.0,65.82,7.0,0
STU0140,6,2024-25,DS605,1.048,97.92,99.0,99.0,47.84,38.99,36.81,38.24,0.0,1
STU0140,6,2024-25,DS606,0.955,90.89,85.71,83.58,58.2,54.34,51.03,47.74,5.0,0
STU0141,1,2022-23,CS101,0.986,92.01,91.51,92.68,85.23,81.92,86.39,84.6,9.0,0
STU0141,1,2022-23,CS102,0.972,99.0,99.0,99.0,82.53,80.61,77.11,67.39,7.0,0
STU0141,1,2022-23,MA101,1.003,99.0,87.23,86.32,71.61,69.46,69.71,72.74,8.0,0
STU0141,1,2022-23,PH101,1.093,99.0,97.77,94.56,73.46,76.36,82.64,83.93,9.0,0
STU0141,1,2022-23,EE101,0.941,89.25,88.42,90.8,82.37,91.36,90.45,93.46,10.0,0
STU0141,2,2022-23,CS201,1.159,84.42,86.34,83.3,70.86,70.51,67.54,68.45,7.0,0
STU0141,2,2022-23,CS202,0.972,86.2,85.55,90.87,85.33,80.52,76.06,73.16,8.0,0
STU0141,2,2022-23,MA201,0.89,83.82,86.9,87.52,98.0,98.0,98.0,99.5,10.0,0
STU0141,2,2022-23,CH101,1.155,84.29,79.62,77.81,73.93,79.68,77.83,77.5,8.0,0
STU0141,2,2022-23,ME101,0.86,91.79,95.63,98.34,98.0,98.0,98.0,99.5,10.0,0
STU0141,3,2023-24,CS301,1.074,87.8,94.93,96.41,85.08,89.82,91.03,92.45,10.0,0
STU0141,3,2023-24,CS302,0.931,88.3,88.29,84.46,98.0,92.87,88.04,88.07,9.0,0
STU0141,3,2023-24,CS303,1.054,86.74,84.94,84.0,83.93,86.82,83.45,82.18,9.0,0
STU0141,3,2023-24,MA301,1.046,94.37,97.57,98.91,74.16,70.23,66.7,69.74,7.0,0
STU0141,3,2023-24,EC301,0.873,83.51,84.87,86.61,97.43,95.45,98.0,93.87,10.0,0
STU0141,3,2023-24,CS304,0.875,92.1,92.5,92.27,93.17,88.86,87.46,93.15,10.0,0
STU0141,4,2023-24,CS401,0.947,83.21,85.23,76.09,90.69,97.11,98.0,98.19,10.0,0
STU0141,4,2023-24,CS402,0.933,88.78,91.01,87.08,98.0,98.0,96.19,93.16,10.0,0
STU0141,4,2023-24,CS403,1.096,89.81,88.89,84.69,83.41,70.34,70.98,61.4,7.0,0
STU0141,4,2023-24,CS404,0.949,90.91,98.45,99.0,94.71,96.87,97.91,94.82,10.0,0
STU0141,4,2023-24,MA401,1.051,84.68,87.46,91.47,82.55,82.21,83.31,83.97,9.0,0
STU0141,4,2023-24,CS405,1.264,84.97,78.4,77.68,80.0,81.84,82.32,78.7,8.0,0
STU0141,5,2024-25,CS501,1.132,99.0,94.65,97.24,69.45,69.04,70.45,73.98,8.0,0
STU0141,5,2024-25,CS502,1.112,99.0,99.0,98.74,74.52,77.05,80.86,79.24,8.0,0
STU0141,5,2024-25,CS503,1.009,97.87,99.0,94.08,95.61,95.34,94.6,98.35,10.0,0
STU0141,5,2024-25,CS504,0.935,97.27,94.85,94.12,98.0,98.0,98.0,91.85,10.0,0
STU0141,5,2024-25,CS505,1.158,91.03,88.83,87.22,79.8,81.57,84.33,85.46,9.0,0
STU0141,5,2024-25,CS506,1.047,93.9,94.7,96.23,79.14,81.54,82.53,85.7,9.0,0
STU0141,6,2024-25,CS601,0.615,91.77,88.2,88.31,98.0,98.0,94.98,99.5,10.0,0
STU0141,6,2024-25,CS602,0.948,95.98,93.54,95.4,98.0,98.0,94.27,96.34,10.0,0
STU0141,6,2024-25,CS603,1.152,93.47,93.03,93.7,81.46,82.26,85.29,84.95,9.0,0
STU0141,6,2024-25,CS604,0.985,96.29,94.89,93.67,92.1,91.91,93.93,93.12,10.0,0
STU0141,6,2024-25,CS605,0.907,94.84,96.23,96.68,98.0,95.05,94.37,96.71,10.0,0
STU0141,6,2024-25,CS606,0.917,99.0,99.0,99.0,98.0,98.0,93.22,97.93,10.0,0
STU0142,1,2022-23,EC101,0.911,94.36,90.97,95.09,87.31,88.01,86.26,81.57,9.0,0
STU0142,1,2022-23,EC102,0.888,94.81,91.67,89.33,98.0,98.0,98.0,97.86,10.0,0
STU0142,1,2022-23,MA101,1.026,93.49,89.86,90.84,78.05,80.82,81.43,74.93,8.0,0
STU0142,1,2022-23,PH101,1.117,90.92,88.81,92.15,75.65,78.34,75.4,77.81,8.0,0
STU0142,1,2022-23,EE101,1.024,94.63,94.01,99.0,92.83,82.91,87.08,83.84,9.0,0
STU0142,2,2022-23,EC201,1.048,82.36,80.75,79.24,78.63,75.45,73.66,73.2,8.0,0
STU0142,2,2022-23,EC202,1.039,93.15,89.83,90.28,86.93,83.74,73.58,67.86,7.0,0
STU0142,2,2022-23,MA201,0.734,91.87,94.01,96.66,98.0,95.41,98.0,99.01,10.0,0
STU0142,2,2022-23,CH101,0.991,90.14,92.48,97.15,94.02,92.43,93.27,90.54,10.0,0
STU0142,2,2022-23,ME101,0.805,89.05,92.4,85.46,98.0,98.0,98.0,99.5,10.0,0
STU0142,3,2023-24,EC301,1.078,89.12,87.36,85.3,78.05,77.26,80.33,81.4,9.0,0
STU0142,3,2023-24,EC302,0.65,83.52,81.76,85.19,98.0,98.0,98.0,99.5,10.0,0
STU0142,3,2023-24,EC303,0.934,85.93,81.34,91.74,90.98,98.0,94.25,98.0,10.0,0
STU0142,3,2023-24,MA301,0.943,90.41,89.41,86.33,83.59,83.41,80.77,81.15,9.0,0
STU0142,3,2023-24,CS301,0.899,93.35,91.74,97.47,91.89,91.43,98.0,96.51,10.0,0
STU0142,3,2023-24,EC304,0.951,87.72,88.44,85.86,91.02,90.81,94.58,96.76,10.0,0
STU0142,4,2023-24,EC401,0.961,88.86,90.03,91.59,86.48,83.41,80.77,82.33,9.0,0
STU0142,4,2023-24,EC402,0.922,91.07,93.14,98.51,87.86,86.4,75.99,73.16,8.0,0
STU0142,4,2023-24,EC403,0.885,90.85,97.18,99.0,98.0,94.8,89.41,88.68,9.0,0
STU0142,4,2023-24,EC404,0.925,85.38,86.15,82.0,94.09,92.29,92.09,92.39,10.0,0
STU0142,4,2023-24,MA401,0.944,93.89,88.27,92.76,86.42,90.57,91.47,94.02,10.0,0
STU0142,4,2023-24,EC405,0.986,89.78,93.62,93.96,91.07,92.66,89.36,88.3,9.0,0
STU0142,5,2024-25,EC501,1.095,85.86,81.34,82.07,76.33,73.76,70.94,78.48,8.0,0
STU0142,5,2024-25,EC502,0.941,83.67,85.24,79.32,98.0,98.0,92.72,90.28,10.0,0
STU0142,5,2024-25,EC503,0.937,86.96,88.01,87.06,94.97,92.85,98.0,99.5,10.0,0
STU0142,5,2024-25,EC504,1.131,88.77,92.87,85.44,77.2,83.98,88.52,90.36,10.0,0
STU0142,5,2024-25,EC505,0.917,90.06,91.73,87.17,98.0,97.19,92.75,89.08,9.0,0
STU0142,5,2024-25,EC506,0.938,88.36,86.79,83.65,89.77,90.6,94.89,95.07,10.0,0
STU0142,6,2024-25,EC601,0.923,90.58,90.01,94.0,90.83,92.14,95.24,89.8,9.0,0
STU0142,6,2024-25,EC602,0.842,85.87,81.13,80.82,98.0,95.6,98.0,94.91,10.0,0
STU0142,6,2024-25,EC603,0.905,85.61,84.88,79.11,92.22,85.0,86.06,87.07,9.0,0
STU0142,6,2024-25,EC604,0.627,94.92,88.07,91.23,98.0,98.0,95.08,95.41,10.0,0
STU0142,6,2024-25,EC605,0.978,95.57,94.64,99.0,87.06,84.26,82.9,82.96,9.0,0
STU0142,6,2024-25,EC606,0.994,85.98,78.59,74.17,93.43,97.38,96.1,93.67,10.0,0
STU0143,1,2022-23,AI101,1.065,50.08,58.96,66.32,36.99,45.36,55.05,53.16,6.0,0
STU0143,1,2022-23,AI102,0.989,53.29,59.81,69.17,40.63,48.14,57.5,59.24,6.0,0
STU0143,1,2022-23,MA101,1.05,48.06,54.83,63.92,40.44,47.73,55.67,53.89,6.0,0
STU0143,1,2022-23,PH101,1.013,47.74,53.52,62.33,42.28,49.81,54.74,49.24,5.0,0
STU0143,1,2022-23,EE101,1.109,47.48,55.14,64.32,36.48,40.67,48.13,48.89,5.0,0
STU0143,2,2022-23,AI201,1.075,53.44,61.76,69.45,63.53,69.85,78.79,77.94,8.0,0
STU0143,2,2022-23,AI202,1.318,54.23,59.56,65.04,45.73,53.07,62.79,65.57,7.0,0
STU0143,2,2022-23,MA201,0.985,55.84,64.71,73.46,65.54,73.88,81.44,83.95,9.0,0
STU0143,2,2022-23,CH101,1.124,59.36,65.76,74.98,56.72,61.7,71.45,74.02,8.0,0
STU0143,2,2022-23,ME101,1.095,54.81,61.05,67.81,56.9,63.51,69.37,69.78,7.0,0
STU0143,3,2023-24,AI301,0.77,60.48,67.92,72.7,77.42,84.1,88.91,92.6,10.0,0
STU0143,3,2023-24,AI302,1.107,62.93,71.76,81.42,54.13,59.81,69.31,75.56,8.0,0
STU0143,3,2023-24,AI303,1.228,65.66,74.41,80.12,49.95,54.92,59.28,61.19,7.0,0
STU0143,3,2023-24,MA301,1.009,65.91,70.52,76.15,63.09,67.57,74.22,80.18,9.0,0
STU0143,3,2023-24,CS301,0.991,63.29,69.94,77.59,57.95,65.46,69.48,69.75,7.0,0
STU0143,3,2023-24,AI304,0.956,65.59,73.74,81.51,65.63,72.4,80.2,77.72,8.0,0
STU0143,4,2023-24,AI401,1.06,63.82,68.3,78.02,62.08,69.44,78.97,76.38,8.0,0
STU0143,4,2023-24,AI402,0.974,68.2,75.65,84.42,68.9,73.22,82.4,80.46,9.0,0
STU0143,4,2023-24,AI403,1.103,69.77,75.42,83.48,60.72,66.19,75.24,76.15,8.0,0
STU0143,4,2023-24,AI404,0.989,67.82,74.6,83.21,59.85,66.33,75.0,72.07,8.0,0
STU0143,4,2023-24,MA401,0.872,69.0,76.51,85.9,71.69,76.62,80.83,76.84,8.0,0
STU0143,4,2023-24,AI405,0.789,65.8,70.23,79.16,90.71,96.3,98.0,99.5,10.0,0
STU0143,5,2024-25,AI501,1.162,65.72,73.28,77.52,55.96,63.12,70.39,79.37,8.0,0
STU0143,5,2024-25,AI502,0.995,68.93,76.39,80.48,68.95,75.21,79.99,76.56,8.0,0
STU0143,5,2024-25,AI503,1.016,66.95,73.16,79.52,69.79,74.62,79.14,79.66,8.0,0
STU0143,5,2024-25,AI504,0.82,71.21,79.97,85.28,87.69,92.39,98.0,99.23,10.0,0
STU0143,5,2024-25,AI505,0.867,69.37,75.7,81.1,77.84,82.27,90.21,87.51,9.0,0
STU0143,5,2024-25,AI506,0.924,70.8,76.24,83.92,76.34,83.34,92.4,93.65,10.0,0
STU0143,6,2024-25,AI601,0.78,64.31,73.2,81.33,82.72,89.99,98.0,99.5,10.0,0
STU0143,6,2024-25,AI602,0.933,69.88,76.34,82.34,71.69,77.5,85.04,83.08,9.0,0
STU0143,6,2024-25,AI603,0.785,66.6,72.49,82.02,85.25,91.13,95.37,98.54,10.0,0
STU0143,6,2024-25,AI604,1.043,67.07,74.18,83.22,65.08,73.81,79.72,81.83,9.0,0
STU0143,6,2024-25,AI605,0.918,64.18,70.48,80.19,67.34,72.56,77.88,74.35,8.0,0
STU0143,6,2024-25,AI606,1.121,69.47,75.35,80.95,54.38,63.17,71.98,70.93,8.0,0
STU0144,1,2022-23,DS101,1.033,94.71,87.23,83.43,75.4,76.63,75.15,78.04,8.0,0
STU0144,1,2022-23,DS102,0.994,99.0,99.0,96.8,84.37,84.46,87.23,84.35,9.0,0
STU0144,1,2022-23,MA101,1.043,90.21,92.56,91.34,64.64,67.83,67.77,65.78,7.0,0
STU0144,1,2022-23,PH101,1.016,91.07,92.6,94.02,81.85,80.43,84.98,91.02,10.0,0
STU0144,1,2022-23,EE101,1.158,92.02,92.81,88.9,75.21,69.23,62.28,60.87,7.0,0
STU0144,2,2022-23,DS201,0.926,83.44,89.63,90.8,90.15,98.0,98.0,95.3,10.0,0
STU0144,2,2022-23,DS202,1.03,89.88,90.26,87.89,63.69,69.75,78.07,80.28,9.0,0
STU0144,2,2022-23,MA201,0.997,84.52,84.97,89.65,82.32,72.52,79.74,81.77,9.0,0
STU0144,2,2022-23,CH101,0.871,89.09,89.82,90.54,86.01,84.83,77.58,81.25,9.0,0
STU0144,2,2022-23,ME101,0.897,91.22,93.37,91.98,84.68,85.63,90.51,92.95,10.0,0
STU0144,3,2023-24,DS301,1.098,81.27,82.13,82.16,66.06,64.49,72.11,73.82,8.0,0
STU0144,3,2023-24,DS302,1.113,85.66,79.78,85.03,67.56,66.08,60.01,64.19,7.0,0
STU0144,3,2023-24,DS303,1.04,86.91,89.06,87.76,73.2,67.89,62.0,65.21,7.0,0
STU0144,3,2023-24,MA301,1.152,80.66,80.48,80.85,65.54,61.87,62.32,60.23,7.0,0
STU0144,3,2023-24,CS301,1.004,83.12,81.08,80.11,77.28,82.43,79.95,82.78,9.0,0
STU0144,3,2023-24,DS304,0.643,87.45,80.12,84.43,98.0,97.84,98.0,86.61,9.0,0
STU0144,4,2023-24,DS401,1.168,88.5,83.74,79.62,73.93,68.47,67.8,64.55,7.0,0
STU0144,4,2023-24,DS402,1.004,89.68,90.82,90.44,71.78,69.26,66.52,69.5,7.0,0
STU0144,4,2023-24,DS403,0.93,80.99,83.99,85.68,81.75,76.12,74.06,74.04,8.0,0
STU0144,4,2023-24,DS404,1.071,95.69,96.78,99.0,65.71,60.77,65.75,61.82,7.0,0
STU0144,4,2023-24,MA401,0.909,90.11,91.42,88.21,94.61,89.5,90.85,96.13,10.0,0
STU0144,4,2023-24,DS405,1.041,82.04,85.32,84.66,79.29,85.66,78.43,79.76,8.0,0
STU0144,5,2024-25,DS501,1.181,89.84,95.76,90.03,73.31,61.94,63.49,60.01,7.0,0
STU0144,5,2024-25,DS502,1.098,87.38,87.73,85.55,83.1,82.18,78.3,73.84,8.0,0
STU0144,5,2024-25,DS503,0.892,84.91,84.93,83.98,80.2,78.38,68.16,77.89,8.0,0
STU0144,5,2024-25,DS504,0.853,89.71,93.86,89.45,97.66,93.97,89.39,92.18,10.0,0
STU0144,5,2024-25,DS505,1.078,88.39,91.15,93.54,67.95,68.33,74.68,76.11,8.0,0
STU0144,5,2024-25,DS506,0.686,84.71,88.2,86.25,98.0,98.0,96.93,95.08,10.0,0
STU0144,6,2024-25,DS601,0.928,88.59,84.71,83.2,76.81,67.89,64.12,66.36,7.0,0
STU0144,6,2024-25,DS602,1.162,89.78,89.89,90.9,73.96,69.42,63.74,63.59,7.0,0
STU0144,6,2024-25,DS603,1.047,90.07,85.29,88.39,70.48,72.97,79.96,75.57,8.0,0
STU0144,6,2024-25,DS604,0.794,92.47,85.34,83.95,91.04,92.66,89.66,91.14,10.0,0
STU0144,6,2024-25,DS605,0.872,85.23,85.3,85.67,86.96,93.62,98.0,99.35,10.0,0
STU0144,6,2024-25,DS606,1.097,91.25,95.38,96.65,65.18,61.79,66.97,66.42,7.0,0
STU0145,1,2022-23,CS101,1.15,82.12,83.54,78.98,57.24,63.9,61.93,55.89,6.0,0
STU0145,1,2022-23,CS102,1.132,84.32,82.26,85.52,64.18,69.67,68.8,69.93,7.0,0
STU0145,1,2022-23,MA101,0.859,82.82,79.38,85.28,87.51,87.21,82.38,77.79,8.0,0
STU0145,1,2022-23,PH101,0.896,80.38,77.29,74.11,89.03,86.96,89.58,88.15,9.0,0
STU0145,1,2022-23,EE101,1.029,86.49,83.98,88.3,74.55,69.2,66.28,65.2,7.0,0
STU0145,2,2022-23,CS201,0.863,82.5,81.69,82.64,81.45,80.36,76.98,75.19,8.0,0
STU0145,2,2022-23,CS202,1.018,75.46,76.85,81.71,56.72,59.13,58.25,59.78,6.0,0
STU0145,2,2022-23,MA201,0.931,85.36,84.7,85.31,76.41,77.02,77.82,78.67,8.0,0
STU0145,2,2022-23,CH101,0.941,78.68,82.3,76.9,69.55,61.83,54.2,51.22,6.0,0
STU0145,2,2022-23,ME101,0.973,81.96,83.29,85.43,68.06,76.78,76.63,80.68,9.0,0
STU0145,3,2023-24,CS301,1.034,79.94,75.41,79.7,67.68,66.31,72.36,70.18,8.0,0
STU0145,3,2023-24,CS302,1.317,84.41,81.73,85.26,49.14,49.46,58.58,57.55,6.0,0
STU0145,3,2023-24,CS303,1.0,85.83,90.08,89.23,77.45,76.39,80.03,78.35,8.0,0
STU0145,3,2023-24,MA301,1.023,87.33,87.32,84.24,65.99,70.3,68.32,74.58,8.0,0
STU0145,3,2023-24,EC301,1.018,85.66,86.74,87.23,76.77,75.22,77.2,80.42,9.0,0
STU0145,3,2023-24,CS304,1.202,86.61,82.05,77.08,59.92,62.21,62.74,61.97,7.0,0
STU0145,4,2023-24,CS401,0.986,88.5,88.61,86.19,69.8,63.62,54.12,54.28,6.0,0
STU0145,4,2023-24,CS402,1.032,82.31,84.01,85.01,64.95,64.54,58.59,60.32,7.0,0
STU0145,4,2023-24,CS403,0.761,86.14,90.54,90.4,90.18,84.04,93.68,89.7,9.0,0
STU0145,4,2023-24,CS404,1.149,85.25,85.86,85.36,55.24,51.65,57.38,50.94,6.0,0
STU0145,4,2023-24,MA401,0.98,93.81,95.41,97.01,74.4,74.13,72.23,75.73,8.0,0
STU0145,4,2023-24,CS405,0.861,88.94,85.71,83.45,87.67,86.25,83.41,88.46,9.0,0
STU0145,5,2024-25,CS501,1.029,97.65,94.99,98.34,70.17,67.59,65.86,61.3,7.0,0
STU0145,5,2024-25,CS502,0.871,96.19,95.63,90.9,79.98,86.1,90.85,94.21,10.0,0
STU0145,5,2024-25,CS503,0.77,94.85,88.3,84.0,92.6,94.3,98.0,97.5,10.0,0
STU0145,5,2024-25,CS504,1.149,94.16,90.98,94.37,58.83,60.03,65.02,72.02,8.0,0
STU0145,5,2024-25,CS505,0.959,95.4,95.01,92.64,69.97,73.62,77.13,72.74,8.0,0
STU0145,5,2024-25,CS506,0.968,99.0,93.72,89.04,75.66,74.47,65.57,65.01,7.0,0
STU0145,6,2024-25,CS601,1.275,77.46,75.17,75.82,46.17,51.6,47.88,44.32,5.0,0
STU0145,6,2024-25,CS602,1.075,86.95,86.91,83.53,61.66,61.8,57.93,62.13,7.0,0
STU0145,6,2024-25,CS603,1.219,79.16,84.95,84.22,49.59,51.79,50.35,51.6,6.0,0
STU0145,6,2024-25,CS604,1.11,87.29,84.74,90.87,60.3,63.83,67.16,68.27,7.0,0
STU0145,6,2024-25,CS605,1.052,80.71,79.49,75.93,70.23,68.02,66.17,64.54,7.0,0
STU0145,6,2024-25,CS606,0.94,84.03,82.75,83.4,72.36,66.32,69.85,70.69,8.0,0
STU0146,1,2022-23,EC101,1.056,77.79,68.73,64.33,66.34,57.34,53.88,57.87,6.0,0
STU0146,1,2022-23,EC102,1.175,83.63,75.57,69.54,51.29,45.57,39.61,40.67,5.0,0
STU0146,1,2022-23,MA101,0.898,86.35,76.67,71.49,71.95,67.39,63.81,59.42,6.0,0
STU0146,1,2022-23,PH101,0.94,87.52,82.23,74.98,73.0,68.23,60.87,62.71,7.0,0
STU0146,1,2022-23,EE101,1.013,84.15,74.74,66.85,69.28,64.94,59.57,57.95,6.0,0
STU0146,2,2022-23,EC201,0.937,67.35,60.93,57.53,70.69,62.22,59.1,58.31,6.0,0
STU0146,2,2022-23,EC202,1.01,70.51,65.28,56.89,54.7,45.93,41.34,40.74,5.0,0
STU0146,2,2022-23,MA201,0.903,70.54,65.2,57.64,67.63,61.88,56.79,60.93,7.0,0
STU0146,2,2022-23,CH101,1.102,65.85,56.83,53.78,56.88,48.29,41.36,42.36,5.0,0
STU0146,2,2022-23,ME101,1.101,74.37,66.29,61.0,56.41,51.06,44.45,41.87,5.0,0
STU0146,3,2023-24,EC301,0.955,84.46,78.3,72.25,62.11,53.17,45.62,46.34,5.0,0
STU0146,3,2023-24,EC302,0.827,72.27,66.43,57.55,81.84,77.55,70.66,70.12,8.0,0
STU0146,3,2023-24,EC303,1.085,79.74,75.02,66.13,63.2,55.44,48.64,45.81,5.0,0
STU0146,3,2023-24,MA301,0.992,71.16,61.32,53.02,65.98,58.62,54.3,54.72,6.0,0
STU0146,3,2023-24,CS301,0.953,74.69,66.37,57.82,68.08,60.97,54.81,51.85,6.0,0
STU0146,3,2023-24,EC304,1.129,74.83,65.45,56.51,60.33,55.02,49.54,46.3,5.0,0
STU0146,4,2023-24,EC401,1.12,71.76,67.72,60.17,49.77,44.55,41.47,42.62,5.0,0
STU0146,4,2023-24,EC402,0.782,81.26,74.72,71.1,77.58,73.25,65.38,64.69,7.0,0
STU0146,4,2023-24,EC403,0.954,77.34,69.1,65.56,61.7,55.7,48.62,44.91,5.0,0
STU0146,4,2023-24,EC404,1.053,72.16,64.74,59.52,56.16,48.83,43.32,43.8,5.0,0
STU0146,4,2023-24,MA401,1.091,78.04,71.86,68.46,54.31,49.64,45.65,47.44,5.0,0
STU0146,4,2023-24,EC405,1.095,81.85,74.57,69.28,53.03,44.13,40.31,42.09,5.0,0
STU0146,5,2024-25,EC501,1.01,63.09,56.99,52.96,57.9,53.36,49.98,53.64,6.0,0
STU0146,5,2024-25,EC502,1.093,67.92,60.87,57.04,55.34,47.14,42.05,40.58,5.0,0
STU0146,5,2024-25,EC503,1.019,68.84,59.88,53.96,49.75,43.5,38.94,40.19,5.0,0
STU0146,5,2024-25,EC504,0.795,70.35,63.67,58.11,72.62,65.62,59.66,59.7,6.0,0
STU0146,5,2024-25,EC505,0.829,66.39,57.36,52.29,68.45,63.06,55.91,50.14,6.0,0
STU0146,5,2024-25,EC506,1.187,70.4,61.93,54.2,45.44,41.19,33.56,27.28,0.0,1
STU0146,6,2024-25,EC601,0.872,59.62,52.36,44.58,76.77,71.68,67.66,68.97,7.0,0
STU0146,6,2024-25,EC602,0.989,69.74,63.01,59.25,66.89,59.38,51.91,51.93,6.0,0
STU0146,6,2024-25,EC603,1.141,71.94,66.12,60.89,62.83,56.87,53.77,50.89,6.0,0
STU0146,6,2024-25,EC604,0.926,74.44,69.07,63.04,69.11,61.72,55.97,55.47,6.0,0
STU0146,6,2024-25,EC605,0.91,64.9,57.99,51.75,76.58,68.44,63.41,69.54,7.0,0
STU0146,6,2024-25,EC606,0.873,72.24,68.06,63.17,75.72,68.43,61.86,58.74,6.0,0
STU0147,1,2022-23,AI101,0.717,92.26,91.8,95.78,98.0,98.0,98.0,99.5,10.0,0
STU0147,1,2022-23,AI102,0.798,90.5,97.11,94.27,93.98,94.13,98.0,99.5,10.0,0
STU0147,1,2022-23,MA101,0.897,86.59,89.47,88.15,96.37,98.0,97.13,97.39,10.0,0
STU0147,1,2022-23,PH101,0.841,90.53,91.03,89.69,92.66,97.18,92.94,94.69,10.0,0
STU0147,1,2022-23,EE101,1.132,93.29,89.07,89.47,75.37,74.08,70.23,67.57,7.0,0
STU0147,2,2022-23,AI201,0.926,81.23,87.54,86.44,86.18,92.2,98.0,99.5,10.0,0
STU0147,2,2022-23,AI202,1.04,83.43,76.33,67.98,72.23,67.74,65.55,69.87,7.0,0
STU0147,2,2022-23,MA201,1.062,89.57,90.26,87.82,69.18,62.96,66.46,71.77,8.0,0
STU0147,2,2022-23,CH101,1.163,89.73,93.08,94.98,66.2,67.79,61.86,60.42,7.0,0
STU0147,2,2022-23,ME101,0.918,83.58,85.6,88.06,70.12,70.05,68.53,66.66,7.0,0
STU0147,3,2023-24,AI301,1.002,89.3,92.13,94.81,60.63,64.07,59.77,58.95,6.0,0
STU0147,3,2023-24,AI302,1.198,90.63,94.23,93.34,63.21,62.97,61.76,62.13,7.0,0
STU0147,3,2023-24,AI303,0.866,88.74,90.88,93.82,76.42,84.17,92.31,80.53,9.0,0
STU0147,3,2023-24,MA301,0.882,93.74,94.9,89.77,76.47,67.52,71.25,71.33,8.0,0
STU0147,3,2023-24,CS301,0.979,85.08,82.85,85.01,70.09,67.71,75.21,70.37,8.0,0
STU0147,3,2023-24,AI304,0.923,87.45,89.39,90.33,75.56,70.53,71.68,66.09,7.0,0
STU0147,4,2023-24,AI401,1.104,91.14,93.06,93.59,73.26,76.76,72.02,70.65,8.0,0
STU0147,4,2023-24,AI402,1.075,89.79,89.67,90.9,59.31,61.11,66.22,68.43,7.0,0
STU0147,4,2023-24,AI403,1.319,90.7,90.18,95.56,51.67,49.56,49.18,46.71,5.0,0
STU0147,4,2023-24,AI404,1.081,92.34,90.65,91.78,69.96,71.58,70.42,68.23,7.0,0
STU0147,4,2023-24,MA401,1.168,85.88,84.69,88.14,63.16,73.35,69.02,66.64,7.0,0
STU0147,4,2023-24,AI405,0.971,92.3,92.57,94.49,84.24,74.58,67.0,65.1,7.0,0
STU0147,5,2024-25,AI501,1.158,87.17,91.66,91.3,63.87,59.23,59.11,62.59,7.0,0
STU0147,5,2024-25,AI502,1.069,89.24,87.6,84.33,66.73,68.85,64.04,63.36,7.0,0
STU0147,5,2024-25,AI503,0.906,82.81,85.86,86.09,87.53,85.99,90.55,99.5,10.0,0
STU0147,5,2024-25,AI504,0.983,90.41,90.07,91.76,74.21,70.68,75.92,71.42,8.0,0
STU0147,5,2024-25,AI505,0.928,86.29,89.29,86.22,80.98,74.74,76.72,82.19,9.0,0
STU0147,5,2024-25,AI506,0.765,83.76,86.68,96.99,98.0,94.72,94.05,90.37,10.0,0
STU0147,6,2024-25,AI601,1.169,92.44,89.62,94.85,73.18,68.74,67.05,69.42,7.0,0
STU0147,6,2024-25,AI602,0.97,93.89,88.75,84.82,79.43,76.28,71.12,70.17,8.0,0
STU0147,6,2024-25,AI603,0.895,93.88,97.35,96.29,84.45,89.28,92.58,94.98,10.0,0
STU0147,6,2024-25,AI604,0.698,91.97,89.97,87.08,98.0,95.55,89.3,90.04,10.0,0
STU0147,6,2024-25,AI605,0.999,90.07,93.64,95.49,80.17,82.35,87.26,86.79,9.0,0
STU0147,6,2024-25,AI606,0.851,92.93,87.14,83.42,98.0,93.05,87.76,89.77,9.0,0
STU0148,1,2022-23,DS101,1.03,66.75,67.91,66.85,61.34,59.17,61.99,67.82,7.0,0
STU0148,1,2022-23,DS102,1.047,67.38,63.25,62.7,65.17,66.55,66.28,67.72,7.0,0
STU0148,1,2022-23,MA101,0.957,75.78,77.82,75.35,78.37,73.17,69.32,66.92,7.0,0
STU0148,1,2022-23,PH101,1.159,68.23,66.03,66.6,63.26,70.41,63.67,67.46,7.0,0
STU0148,1,2022-23,EE101,0.752,72.57,76.64,80.89,96.21,91.41,94.77,91.57,10.0,0
STU0148,2,2022-23,DS201,0.956,74.75,72.31,73.47,59.03,59.2,57.97,61.02,7.0,0
STU0148,2,2022-23,DS202,1.134,73.1,66.25,61.09,61.18,60.54,68.41,71.1,8.0,0
STU0148,2,2022-23,MA201,1.031,74.3,70.28,68.07,63.2,61.65,63.76,66.84,7.0,0
STU0148,2,2022-23,CH101,0.978,72.06,68.92,71.84,68.15,77.99,78.79,78.5,8.0,0
STU0148,2,2022-23,ME101,1.056,72.63,69.53,69.84,61.94,64.29,66.29,69.48,7.0,0
STU0148,3,2023-24,DS301,0.848,77.67,77.08,73.15,83.66,85.99,87.9,89.57,9.0,0
STU0148,3,2023-24,DS302,1.015,75.7,81.9,82.42,55.11,44.18,49.61,44.1,5.0,0
STU0148,3,2023-24,DS303,0.935,71.83,70.77,72.12,70.32,66.65,69.93,77.82,8.0,0
STU0148,3,2023-24,MA301,1.065,73.04,76.08,82.19,69.95,63.01,65.39,64.01,7.0,0
STU0148,3,2023-24,CS301,1.006,75.19,77.79,76.56,75.49,75.47,74.47,76.18,8.0,0
STU0148,3,2023-24,DS304,1.043,79.09,78.63,83.3,70.95,70.9,74.6,73.81,8.0,0
STU0148,4,2023-24,DS401,1.03,75.63,71.45,72.48,63.4,68.14,61.36,65.31,7.0,0
STU0148,4,2023-24,DS402,1.006,75.49,73.91,73.2,71.02,65.51,61.19,60.22,7.0,0
STU0148,4,2023-24,DS403,0.996,81.78,82.72,81.36,70.47,71.21,70.08,70.43,8.0,0
STU0148,4,2023-24,DS404,0.742,82.64,84.56,89.8,89.0,91.57,83.0,84.9,9.0,0
STU0148,4,2023-24,MA401,1.209,83.75,81.32,82.12,52.28,50.55,43.54,43.71,5.0,0
STU0148,4,2023-24,DS405,0.849,74.96,76.49,77.59,76.81,70.16,72.74,74.83,8.0,0
STU0148,5,2024-25,DS501,1.042,79.07,77.12,79.22,63.26,65.25,57.7,59.55,6.0,0
STU0148,5,2024-25,DS502,1.027,76.24,75.96,75.57,77.42,76.26,77.57,79.08,8.0,0
STU0148,5,2024-25,DS503,0.968,85.82,86.24,78.45,73.38,83.27,81.02,82.29,9.0,0
STU0148,5,2024-25,DS504,0.921,79.1,83.14,85.84,78.58,79.12,78.5,79.28,8.0,0
STU0148,5,2024-25,DS505,1.137,79.76,80.84,76.89,58.12,64.42,68.19,69.7,7.0,0
STU0148,5,2024-25,DS506,1.133,81.01,82.05,80.83,63.82,58.99,54.9,52.5,6.0,0
STU0148,6,2024-25,DS601,1.043,73.12,72.56,70.82,64.04,60.45,53.19,53.8,6.0,0
STU0148,6,2024-25,DS602,1.116,74.15,75.89,74.92,69.94,69.29,75.9,74.71,8.0,0
STU0148,6,2024-25,DS603,1.199,70.09,70.53,68.54,63.47,57.93,53.51,51.46,6.0,0
STU0148,6,2024-25,DS604,0.906,74.42,68.33,69.86,84.31,75.12,79.33,76.22,8.0,0
STU0148,6,2024-25,DS605,0.938,75.46,74.09,70.49,74.71,74.15,72.56,70.86,8.0,0
STU0148,6,2024-25,DS606,0.946,77.65,77.54,72.1,77.77,82.19,83.1,87.36,9.0,0
STU0149,1,2022-23,CS101,1.229,90.07,85.24,86.98,64.35,68.03,66.93,60.69,7.0,0
STU0149,1,2022-23,CS102,1.01,91.9,90.1,95.66,78.9,72.86,68.32,65.17,7.0,0
STU0149,1,2022-23,MA101,0.913,89.1,92.63,84.85,92.64,98.0,98.0,99.26,10.0,0
STU0149,1,2022-23,PH101,0.787,82.7,85.82,86.15,98.0,91.29,86.44,88.02,9.0,0
STU0149,1,2022-23,EE101,1.057,91.94,96.56,93.48,80.7,77.36,76.8,74.6,8.0,0
STU0149,2,2022-23,CS201,1.078,89.55,93.54,95.59,90.76,87.87,91.45,92.65,10.0,0
STU0149,2,2022-23,CS202,0.909,91.47,94.44,92.19,88.12,87.65,84.57,85.06,9.0,0
STU0149,2,2022-23,MA201,1.001,94.76,92.18,94.25,80.87,76.47,74.47,71.94,8.0,0
STU0149,2,2022-23,CH101,1.052,87.53,90.41,86.82,84.27,80.93,86.65,83.57,9.0,0
STU0149,2,2022-23,ME101,0.789,85.29,81.37,81.87,98.0,98.0,88.39,90.56,10.0,0
STU0149,3,2023-24,CS301,1.106,89.01,85.85,86.99,82.72,77.09,77.37,66.82,7.0,0
STU0149,3,2023-24,CS302,1.165,96.85,94.37,95.01,64.17,60.02,61.34,60.38,7.0,0
STU0149,3,2023-24,CS303,0.976,97.56,88.22,91.52,96.63,98.0,98.0,99.5,10.0,0
STU0149,3,2023-24,MA301,1.039,89.68,94.69,89.76,80.49,78.58,77.96,76.97,8.0,0
STU0149,3,2023-24,EC301,0.801,95.04,97.98,96.55,98.0,98.0,97.47,99.5,10.0,0
STU0149,3,2023-24,CS304,0.976,94.37,99.0,99.0,86.87,87.07,84.6,84.73,9.0,0
STU0149,4,2023-24,CS401,0.776,87.48,87.07,92.47,98.0,98.0,92.51,92.32,10.0,0
STU0149,4,2023-24,CS402,0.959,86.48,89.21,87.2,86.0,79.73,80.13,82.78,9.0,0
STU0149,4,2023-24,CS403,0.927,93.47,96.94,95.73,96.75,98.0,98.0,99.5,10.0,0
STU0149,4,2023-24,CS404,1.119,93.89,93.79,90.79,71.42,71.39,75.33,74.84,8.0,0
STU0149,4,2023-24,MA401,1.112,82.0,78.76,76.83,71.0,73.98,73.46,71.21,8.0,0
STU0149,4,2023-24,CS405,1.077,95.89,98.35,96.37,79.09,76.06,79.86,80.54,9.0,0
STU0149,5,2024-25,CS501,1.028,83.85,77.36,78.4,79.06,75.36,77.16,76.12,8.0,0
STU0149,5,2024-25,CS502,0.87,87.28,92.54,92.98,98.0,98.0,98.0,99.09,10.0,0
STU0149,5,2024-25,CS503,1.072,82.97,82.6,81.92,77.83,71.5,70.15,78.25,8.0,0
STU0149,5,2024-25,CS504,0.878,90.65,90.24,92.33,98.0,88.72,84.52,96.35,10.0,0
STU0149,5,2024-25,CS505,0.91,89.46,94.77,99.0,98.0,95.91,97.75,91.61,10.0,0
STU0149,5,2024-25,CS506,0.981,88.16,94.72,95.63,91.38,91.07,89.76,91.35,10.0,0
STU0149,6,2024-25,CS601,1.172,91.48,90.38,90.11,77.22,77.84,75.1,77.53,8.0,0
STU0149,6,2024-25,CS602,0.915,90.09,90.9,88.07,82.3,84.32,74.46,71.68,8.0,0
STU0149,6,2024-25,CS603,1.093,92.7,92.15,89.02,74.17,76.76,76.16,72.46,8.0,0
STU0149,6,2024-25,CS604,0.894,89.29,90.57,90.94,87.07,93.13,89.79,91.11,10.0,0
STU0149,6,2024-25,CS605,0.886,99.0,99.0,96.29,94.59,89.96,88.36,89.63,9.0,0
STU0149,6,2024-25,CS606,1.101,86.07,83.45,86.75,82.38,78.91,83.21,79.5,8.0,0
STU0150,1,2022-23,EC101,0.951,61.0,67.03,72.76,48.08,52.58,56.64,57.17,6.0,0
STU0150,1,2022-23,EC102,0.883,60.55,64.69,71.48,41.37,47.2,51.74,52.29,6.0,0
STU0150,1,2022-23,MA101,0.946,58.77,65.65,73.16,31.85,37.51,43.85,44.89,5.0,0
STU0150,1,2022-23,PH101,0.883,55.47,59.62,64.98,39.82,48.44,57.54,53.97,6.0,0
STU0150,1,2022-23,EE101,0.767,54.52,59.46,66.33,48.44,54.53,64.14,63.45,7.0,0
STU0150,2,2022-23,EC201,1.025,76.14,83.22,92.71,60.04,64.12,71.62,69.41,7.0,0
STU0150,2,2022-23,EC202,1.009,80.24,86.14,94.89,50.69,54.98,62.21,62.89,7.0,0
STU0150,2,2022-23,MA201,0.867,77.53,82.44,86.47,65.26,71.16,77.4,75.74,8.0,0
STU0150,2,2022-23,CH101,0.996,77.5,86.1,93.14,63.71,70.9,78.74,84.87,9.0,0
STU0150,2,2022-23,ME101,1.052,76.12,84.16,88.51,43.36,49.25,55.69,60.04,7.0,0
STU0150,3,2023-24,EC301,0.874,81.88,87.72,92.98,57.11,63.29,67.77,68.57,7.0,0
STU0150,3,2023-24,EC302,1.035,78.92,85.15,93.06,51.02,58.18,64.81,67.75,7.0,0
STU0150,3,2023-24,EC303,1.118,80.8,87.91,92.85,48.01,53.75,62.79,61.22,7.0,0
STU0150,3,2023-24,MA301,1.09,84.41,89.25,94.71,51.86,55.87,62.52,60.94,7.0,0
STU0150,3,2023-24,CS301,1.18,81.51,86.13,92.69,46.62,55.29,60.72,62.87,7.0,0
STU0150,3,2023-24,EC304,0.954,79.66,85.14,93.39,58.25,66.61,75.66,73.12,8.0,0
STU0150,4,2023-24,EC401,1.148,82.46,91.37,98.75,42.58,47.18,55.03,53.33,6.0,0
STU0150,4,2023-24,EC402,0.905,81.14,87.36,94.44,56.97,64.33,69.82,66.34,7.0,0
STU0150,4,2023-24,EC403,1.053,79.68,86.24,94.61,55.89,62.43,67.29,67.87,7.0,0
STU0150,4,2023-24,EC404,1.293,76.33,80.79,88.01,51.09,55.39,61.36,65.74,7.0,0
STU0150,4,2023-24,MA401,1.104,77.84,82.88,91.84,48.24,54.67,60.25,57.08,6.0,0
STU0150,4,2023-24,EC405,0.893,78.76,85.39,95.02,61.66,65.7,71.49,68.02,7.0,0
STU0150,5,2024-25,EC501,1.249,83.16,89.94,98.31,45.93,51.13,57.24,56.5,6.0,0
STU0150,5,2024-25,EC502,0.978,79.21,84.41,90.61,62.28,68.67,76.71,80.7,9.0,0
STU0150,5,2024-25,EC503,1.043,78.15,83.16,92.46,59.46,66.17,75.22,73.82,8.0,0
STU0150,5,2024-25,EC504,1.116,81.54,85.59,94.14,54.47,59.87,66.85,66.69,7.0,0
STU0150,5,2024-25,EC505,1.161,80.75,87.05,96.73,47.99,53.88,60.82,58.87,6.0,0
STU0150,5,2024-25,EC506,1.009,80.81,86.49,94.39,62.51,68.51,73.13,75.9,8.0,0
STU0150,6,2024-25,EC601,1.005,79.96,86.35,92.17,62.61,69.07,78.36,70.91,8.0,0
STU0150,6,2024-25,EC602,1.154,78.64,86.8,91.07,56.05,64.19,71.85,71.52,8.0,0
STU0150,6,2024-25,EC603,0.88,75.9,82.55,87.16,74.74,80.81,85.25,90.22,10.0,0
STU0150,6,2024-25,EC604,0.923,80.49,86.05,93.14,56.86,63.44,67.73,67.28,7.0,0
STU0150,6,2024-25,EC605,1.029,77.4,82.84,90.9,62.77,68.42,73.57,71.49,8.0,0
STU0150,6,2024-25,EC606,1.078,76.74,82.64,91.18,63.18,68.24,72.37,68.57,7.0,0
STU0151,1,2022-23,AI101,1.076,80.95,79.89,73.09,53.24,43.96,42.75,46.15,5.0,0
STU0151,1,2022-23,AI102,0.911,77.39,75.32,76.19,71.69,69.8,65.44,67.32,7.0,0
STU0151,1,2022-23,MA101,1.131,82.19,78.18,70.21,55.84,62.03,53.08,51.84,6.0,0
STU0151,1,2022-23,PH101,1.193,82.9,83.71,79.53,61.54,60.71,50.59,54.93,6.0,0
STU0151,1,2022-23,EE101,0.876,91.7,91.06,92.54,74.17,72.97,76.54,77.14,8.0,0
STU0151,2,2022-23,AI201,0.982,68.96,70.38,71.57,65.46,71.05,74.66,80.92,9.0,0
STU0151,2,2022-23,AI202,1.118,74.29,73.25,68.31,63.59,66.16,64.12,65.05,7.0,0
STU0151,2,2022-23,MA201,1.016,73.3,76.54,71.12,66.67,72.6,67.6,61.73,7.0,0
STU0151,2,2022-23,CH101,1.056,77.53,74.44,69.55,50.66,55.54,55.07,58.98,6.0,0
STU0151,2,2022-23,ME101,0.667,74.0,77.9,74.61,98.0,93.25,88.99,89.2,9.0,0
STU0151,3,2023-24,AI301,1.001,88.89,91.25,88.06,61.8,58.05,63.25,67.62,7.0,0
STU0151,3,2023-24,AI302,0.793,85.53,89.76,92.89,76.14,88.49,89.55,85.1,9.0,0
STU0151,3,2023-24,AI303,1.083,87.63,89.7,90.42,49.14,41.7,37.34,30.12,0.0,1
STU0151,3,2023-24,MA301,1.184,83.54,82.37,77.34,44.91,45.0,43.7,44.09,5.0,0
STU0151,3,2023-24,CS301,0.841,84.79,89.28,88.28,76.2,75.41,73.68,74.97,8.0,0
STU0151,3,2023-24,AI304,0.944,80.75,84.54,78.17,64.81,60.05,68.18,70.9,8.0,0
STU0151,4,2023-24,AI401,1.076,79.41,77.44,83.64,67.0,63.29,56.24,53.19,6.0,0
STU0151,4,2023-24,AI402,1.007,75.96,79.23,80.21,66.59,66.59,66.04,65.34,7.0,0
STU0151,4,2023-24,AI403,1.046,76.52,72.43,75.05,61.29,66.88,66.13,64.79,7.0,0
STU0151,4,2023-24,AI404,0.888,77.33,78.56,75.8,80.6,75.62,79.73,80.06,9.0,0
STU0151,4,2023-24,MA401,0.946,80.11,85.72,89.75,74.01,78.23,76.32,74.43,8.0,0
STU0151,4,2023-24,AI405,1.085,79.52,78.51,81.33,63.14,68.92,59.4,57.88,6.0,0
STU0151,5,2024-25,AI501,1.159,81.86,86.3,79.95,53.08,51.92,53.96,51.02,6.0,0
STU0151,5,2024-25,AI502,0.983,89.84,85.73,81.34,64.05,74.79,76.68,74.1,8.0,0
STU0151,5,2024-25,AI503,1.11,77.05,76.59,77.06,65.79,59.3,65.08,59.16,6.0,0
STU0151,5,2024-25,AI504,1.044,82.87,82.28,84.05,65.46,66.04,57.14,55.32,6.0,0
STU0151,5,2024-25,AI505,0.862,86.84,85.19,90.27,83.6,89.64,87.97,86.05,9.0,0
STU0151,5,2024-25,AI506,0.957,88.18,92.29,91.37,75.54,74.48,75.37,74.03,8.0,0
STU0151,6,2024-25,AI601,1.095,84.3,78.31,78.53,67.92,61.55,69.42,80.87,9.0,0
STU0151,6,2024-25,AI602,1.094,85.09,88.2,87.28,71.51,72.31,69.62,68.62,7.0,0
STU0151,6,2024-25,AI603,1.087,80.19,79.73,83.47,68.06,62.88,64.28,60.25,7.0,0
STU0151,6,2024-25,AI604,1.022,90.79,91.04,87.08,68.67,69.55,74.46,77.71,8.0,0
STU0151,6,2024-25,AI605,0.869,83.97,85.35,83.23,84.38,78.31,79.49,82.57,9.0,0
STU0151,6,2024-25,AI606,1.006,85.97,88.93,87.37,73.84,73.7,69.61,72.32,8.0,0
STU0152,1,2022-23,DS101,1.108,86.1,87.37,87.04,81.83,72.53,65.48,65.52,7.0,0
STU0152,1,2022-23,DS102,0.847,85.71,91.83,80.54,98.0,98.0,98.0,97.67,10.0,0
STU0152,1,2022-23,MA101,0.936,86.4,89.82,85.38,98.0,98.0,98.0,99.5,10.0,0
STU0152,1,2022-23,PH101,1.037,85.84,87.65,86.4,94.19,93.02,93.03,97.72,10.0,0
STU0152,1,2022-23,EE101,0.996,85.71,85.1,83.82,98.0,91.41,91.64,88.04,9.0,0
STU0152,2,2022-23,DS201,0.944,71.83,77.35,72.7,98.0,98.0,98.0,96.35,10.0,0
STU0152,2,2022-23,DS202,0.897,77.46,75.41,68.81,98.0,96.12,95.4,97.28,10.0,0
STU0152,2,2022-23,MA201,1.166,74.53,75.78,71.53,82.07,83.38,81.25,81.95,9.0,0
STU0152,2,2022-23,CH101,1.03,78.85,78.13,73.36,85.57,82.8,78.27,76.55,8.0,0
STU0152,2,2022-23,ME101,0.991,79.53,81.49,82.04,95.23,97.65,93.52,91.02,10.0,0
STU0152,3,2023-24,DS301,0.79,78.94,75.44,81.78,98.0,91.24,94.24,94.34,10.0,0
STU0152,3,2023-24,DS302,1.035,74.64,71.38,66.27,77.91,71.75,70.14,69.99,7.0,0
STU0152,3,2023-24,DS303,0.814,80.24,80.74,89.23,98.0,98.0,98.0,92.12,10.0,0
STU0152,3,2023-24,MA301,0.857,77.9,71.79,68.65,93.85,98.0,98.0,96.98,10.0,0
STU0152,3,2023-24,CS301,1.181,81.66,86.25,84.29,72.31,67.38,66.87,64.43,7.0,0
STU0152,3,2023-24,DS304,0.871,81.16,83.51,80.42,98.0,98.0,96.58,99.5,10.0,0
STU0152,4,2023-24,DS401,1.068,89.14,85.37,83.42,91.54,96.77,95.16,91.1,10.0,0
STU0152,4,2023-24,DS402,1.199,90.8,86.79,82.79,84.2,81.92,79.71,77.67,8.0,0
STU0152,4,2023-24,DS403,1.043,80.93,81.76,76.84,79.3,73.15,67.18,69.35,7.0,0
STU0152,4,2023-24,DS404,1.087,85.88,83.67,88.51,86.27,80.97,82.54,83.44,9.0,0
STU0152,4,2023-24,MA401,1.086,97.53,94.66,96.6,90.32,98.0,98.0,94.08,10.0,0
STU0152,4,2023-24,DS405,0.785,89.84,91.04,91.48,98.0,98.0,98.0,99.16,10.0,0
STU0152,5,2024-25,DS501,0.931,87.45,86.07,88.14,98.0,98.0,98.0,96.89,10.0,0
STU0152,5,2024-25,DS502,1.012,82.16,76.35,80.09,88.24,90.48,96.02,92.62,10.0,0
STU0152,5,2024-25,DS503,0.835,88.54,88.3,89.05,96.12,98.0,98.0,96.27,10.0,0
STU0152,5,2024-25,DS504,1.25,78.12,76.97,80.43,74.86,68.14,66.86,69.1,7.0,0
STU0152,5,2024-25,DS505,1.177,89.13,91.59,91.9,72.51,74.75,81.2,80.56,9.0,0
STU0152,5,2024-25,DS506,0.967,88.16,91.87,90.13,82.71,75.0,75.59,63.28,7.0,0
STU0152,6,2024-25,DS601,0.875,88.73,88.49,90.17,98.0,91.25,89.77,99.5,10.0,0
STU0152,6,2024-25,DS602,1.19,84.59,82.64,78.78,70.92,69.96,68.66,73.61,8.0,0
STU0152,6,2024-25,DS603,1.196,86.1,88.5,83.29,70.52,71.73,70.75,69.44,7.0,0
STU0152,6,2024-25,DS604,0.905,85.24,89.25,93.84,92.56,97.36,93.16,94.85,10.0,0
STU0152,6,2024-25,DS605,0.986,82.37,89.92,88.26,83.12,81.05,82.6,86.65,9.0,0
STU0152,6,2024-25,DS606,0.862,87.0,88.22,82.59,98.0,98.0,98.0,91.78,10.0,0
STU0153,1,2022-23,CS101,0.982,88.77,80.2,75.66,92.9,92.75,85.92,90.5,10.0,0
STU0153,1,2022-23,CS102,0.92,85.75,85.91,87.69,88.02,86.67,93.59,89.53,9.0,0
STU0153,1,2022-23,MA101,1.042,90.4,92.28,88.61,84.76,80.47,71.47,67.24,7.0,0
STU0153,1,2022-23,PH101,0.974,92.6,96.84,98.09,97.25,96.34,98.0,95.06,10.0,0
STU0153,1,2022-23,EE101,1.038,90.17,88.49,88.73,76.86,78.35,81.52,79.4,8.0,0
STU0153,2,2022-23,CS201,1.091,88.71,90.09,95.32,77.62,81.89,85.47,85.75,9.0,0
STU0153,2,2022-23,CS202,1.155,85.19,86.69,84.75,76.57,76.49,80.78,83.08,9.0,0
STU0153,2,2022-23,MA201,0.95,91.39,92.99,92.27,92.03,91.53,88.03,88.88,9.0,0
STU0153,2,2022-23,CH101,1.055,77.33,85.72,95.63,74.78,77.55,72.75,67.76,7.0,0
STU0153,2,2022-23,ME101,0.945,83.69,85.56,88.64,96.92,97.14,98.0,99.17,10.0,0
STU0153,3,2023-24,CS301,0.971,81.02,83.09,75.72,91.32,90.12,87.12,88.16,9.0,0
STU0153,3,2023-24,CS302,0.997,83.13,87.71,81.44,76.87,74.37,80.66,83.04,9.0,0
STU0153,3,2023-24,CS303,0.985,84.91,87.85,89.67,90.26,91.05,93.26,94.75,10.0,0
STU0153,3,2023-24,MA301,0.951,81.96,83.74,80.32,84.29,83.11,83.36,83.3,9.0,0
STU0153,3,2023-24,EC301,0.998,83.03,82.21,79.82,83.94,86.81,90.69,84.71,9.0,0
STU0153,3,2023-24,CS304,0.881,86.27,85.29,78.87,98.0,98.0,92.68,89.16,9.0,0
STU0153,4,2023-24,CS401,1.146,88.92,83.83,80.64,85.15,79.01,74.19,73.61,8.0,0
STU0153,4,2023-24,CS402,0.985,87.1,89.07,89.79,92.33,87.6,93.07,93.49,10.0,0
STU0153,4,2023-24,CS403,1.079,83.62,84.02,84.38,85.0,84.37,81.67,83.26,9.0,0
STU0153,4,2023-24,CS404,1.135,83.7,89.32,87.71,91.5,93.5,81.02,86.76,9.0,0
STU0153,4,2023-24,MA401,0.886,83.57,85.36,85.61,98.0,95.11,92.81,96.37,10.0,0
STU0153,4,2023-24,CS405,0.878,82.95,85.44,81.75,98.0,98.0,98.0,99.5,10.0,0
STU0153,5,2024-25,CS501,0.982,77.49,85.8,85.78,74.73,71.8,70.9,67.06,7.0,0
STU0153,5,2024-25,CS502,0.845,81.57,83.46,86.79,98.0,95.35,83.31,88.65,9.0,0
STU0153,5,2024-25,CS503,0.974,81.2,85.54,84.45,87.26,88.37,82.8,79.54,8.0,0
STU0153,5,2024-25,CS504,0.973,82.88,80.7,78.5,84.5,81.33,85.35,86.25,9.0,0
STU0153,5,2024-25,CS505,0.937,85.3,89.96,90.58,80.95,88.03,95.54,99.26,10.0,0
STU0153,5,2024-25,CS506,1.076,84.98,85.48,85.81,70.98,65.84,61.88,55.86,6.0,0
STU0153,6,2024-25,CS601,0.732,81.66,80.85,78.17,98.0,98.0,98.0,95.79,10.0,0
STU0153,6,2024-25,CS602,0.963,76.63,78.7,75.68,83.69,82.27,92.32,97.81,10.0,0
STU0153,6,2024-25,CS603,1.075,87.18,88.07,86.46,69.58,65.34,62.49,63.75,7.0,0
STU0153,6,2024-25,CS604,0.971,77.29,86.27,85.7,92.05,90.24,89.13,91.92,10.0,0
STU0153,6,2024-25,CS605,0.964,87.08,85.93,84.25,89.6,84.17,81.87,87.35,9.0,0
STU0153,6,2024-25,CS606,0.96,79.59,81.74,81.61,84.48,84.77,79.8,80.51,9.0,0
STU0154,1,2022-23,EC101,0.894,47.11,52.3,59.68,36.1,44.25,51.46,53.74,6.0,0
STU0154,1,2022-23,EC102,1.154,44.11,49.19,58.49,25.0,30.29,40.0,37.44,0.0,1
STU0154,1,2022-23,MA101,0.752,44.13,50.39,57.51,43.64,49.13,58.02,53.67,6.0,0
STU0154,1,2022-23,PH101,1.02,41.47,46.02,54.42,30.18,38.69,44.59,45.23,5.0,0
STU0154,1,2022-23,EE101,0.894,44.1,52.96,60.63,40.58,46.07,52.82,51.03,6.0,0
STU0154,2,2022-23,EC201,0.942,58.21,63.8,69.23,48.74,54.68,60.28,61.64,7.0,0
STU0154,2,2022-23,EC202,1.004,59.75,66.5,70.71,41.08,49.1,58.69,52.62,6.0,0
STU0154,2,2022-23,MA201,0.892,63.2,68.71,76.58,49.1,54.8,61.51,64.94,7.0,0
STU0154,2,2022-23,CH101,0.932,63.95,72.2,79.1,56.64,64.63,68.83,71.15,8.0,0
STU0154,2,2022-23,ME101,0.828,61.39,66.87,72.08,60.18,65.1,72.66,70.06,8.0,0
STU0154,3,2023-24,EC301,0.922,63.4,68.23,75.0,49.29,55.37,65.31,63.23,7.0,0
STU0154,3,2023-24,EC302,1.018,62.97,71.36,80.56,53.74,58.4,63.4,66.01,7.0,0
STU0154,3,2023-24,EC303,0.943,59.95,66.12,74.91,48.91,54.89,63.31,65.86,7.0,0
STU0154,3,2023-24,MA301,0.974,63.91,70.53,77.66,44.5,51.72,56.56,59.66,6.0,0
STU0154,3,2023-24,CS301,1.059,63.8,69.44,79.24,49.31,54.29,62.62,63.11,7.0,0
STU0154,3,2023-24,EC304,1.011,60.04,66.78,71.7,45.4,50.5,57.36,55.52,6.0,0
STU0154,4,2023-24,EC401,0.951,64.36,70.23,75.99,54.7,62.19,70.13,70.4,8.0,0
STU0154,4,2023-24,EC402,1.111,65.74,70.85,78.39,44.5,53.18,58.75,61.26,7.0,0
STU0154,4,2023-24,EC403,0.983,66.32,70.53,74.91,54.11,60.31,65.72,62.95,7.0,0
STU0154,4,2023-24,EC404,0.634,63.83,70.93,79.01,70.93,76.78,81.2,78.05,8.0,0
STU0154,4,2023-24,MA401,0.876,65.0,72.57,82.5,53.67,62.28,71.21,70.65,8.0,0
STU0154,4,2023-24,EC405,1.196,62.83,68.36,72.38,36.63,44.3,53.45,48.29,5.0,0
STU0154,5,2024-25,EC501,1.01,71.4,75.57,82.76,46.66,53.58,59.1,59.55,6.0,0
STU0154,5,2024-25,EC502,1.073,72.72,80.33,87.33,50.5,55.2,62.14,61.84,7.0,0
STU0154,5,2024-25,EC503,1.079,73.92,81.86,91.52,49.81,57.33,66.59,62.43,7.0,0
STU0154,5,2024-25,EC504,0.845,71.71,79.39,89.04,61.43,69.96,79.36,75.12,8.0,0
STU0154,5,2024-25,EC505,0.924,69.43,78.17,85.22,51.67,57.96,67.15,72.51,8.0,0
STU0154,5,2024-25,EC506,0.911,71.24,77.12,82.25,58.6,65.44,72.25,86.21,9.0,0
STU0154,6,2024-25,EC601,1.085,70.71,78.95,84.33,40.39,46.14,54.73,54.44,6.0,0
STU0154,6,2024-25,EC602,1.025,74.69,78.81,85.83,42.61,51.29,59.59,63.22,7.0,0
STU0154,6,2024-25,EC603,1.123,71.34,77.52,84.89,36.87,41.96,48.37,53.96,6.0,0
STU0154,6,2024-25,EC604,1.153,72.36,81.14,90.17,41.2,45.92,53.73,57.18,6.0,0
STU0154,6,2024-25,EC605,0.949,76.03,83.83,91.61,48.78,57.67,67.21,63.86,7.0,0
STU0154,6,2024-25,EC606,1.037,75.04,80.21,87.03,47.07,51.96,59.25,60.71,7.0,0
STU0155,1,2022-23,AI101,0.969,47.03,53.96,60.53,45.08,53.9,62.46,64.04,7.0,0
STU0155,1,2022-23,AI102,1.082,46.34,50.49,59.07,34.82,39.42,46.3,46.89,5.0,0
STU0155,1,2022-23,MA101,1.021,44.02,52.1,59.89,44.58,50.15,59.27,61.24,7.0,0
STU0155,1,2022-23,PH101,1.238,46.96,52.02,56.12,34.68,39.6,49.21,49.86,5.0,0
STU0155,1,2022-23,EE101,1.011,49.65,58.1,62.72,37.32,42.58,51.41,48.63,5.0,0
STU0155,2,2022-23,AI201,1.126,57.24,64.94,70.94,55.36,60.9,65.52,67.35,7.0,0
STU0155,2,2022-23,AI202,0.944,56.78,60.87,69.22,67.87,73.24,79.86,80.07,9.0,0
STU0155,2,2022-23,MA201,0.937,54.16,60.8,66.83,59.96,65.52,74.07,72.9,8.0,0
STU0155,2,2022-23,CH101,1.119,57.88,64.09,72.3,53.49,58.85,64.46,65.51,7.0,0
STU0155,2,2022-23,ME101,0.996,58.77,65.61,73.75,70.99,77.69,82.58,84.48,9.0,0
STU0155,3,2023-24,AI301,1.145,64.22,72.0,76.23,51.03,55.08,62.22,62.14,7.0,0
STU0155,3,2023-24,AI302,1.03,67.02,72.61,79.41,59.0,65.68,74.58,76.48,8.0,0
STU0155,3,2023-24,AI303,1.088,66.5,72.03,81.99,59.47,66.39,73.93,75.63,8.0,0
STU0155,3,2023-24,MA301,0.95,64.1,72.07,80.94,69.3,75.22,80.15,76.22,8.0,0
STU0155,3,2023-24,CS301,1.118,63.81,70.63,76.2,61.71,69.29,76.79,77.79,8.0,0
STU0155,3,2023-24,AI304,1.062,66.97,75.02,79.19,55.8,59.85,64.75,64.42,7.0,0
STU0155,4,2023-24,AI401,1.046,64.93,73.89,82.37,66.57,72.7,81.59,86.78,9.0,0
STU0155,4,2023-24,AI402,1.179,58.74,66.74,72.32,54.7,60.97,67.31,66.11,7.0,0
STU0155,4,2023-24,AI403,0.915,64.12,72.11,80.66,72.28,78.25,84.59,84.38,9.0,0
STU0155,4,2023-24,AI404,1.01,63.04,70.86,78.3,63.86,68.52,76.86,77.23,8.0,0
STU0155,4,2023-24,MA401,0.868,62.6,70.74,78.08,71.46,79.75,86.31,83.95,9.0,0
STU0155,4,2023-24,AI405,1.017,64.19,73.17,81.0,69.26,75.32,80.84,79.89,8.0,0
STU0155,5,2024-25,AI501,1.079,56.67,65.09,74.45,51.12,55.55,64.93,71.73,8.0,0
STU0155,5,2024-25,AI502,0.979,59.67,66.9,71.06,62.35,67.33,75.37,71.1,8.0,0
STU0155,5,2024-25,AI503,1.17,56.3,63.78,70.51,54.74,60.51,70.42,62.62,7.0,0
STU0155,5,2024-25,AI504,1.006,54.82,59.72,64.84,52.12,57.9,64.5,64.6,7.0,0
STU0155,5,2024-25,AI505,0.662,58.7,67.68,77.52,85.86,90.29,95.31,94.82,10.0,0
STU0155,5,2024-25,AI506,1.048,57.49,65.48,72.31,51.4,57.42,66.67,66.04,7.0,0
STU0155,6,2024-25,AI601,0.92,59.74,68.13,75.42,58.39,66.44,72.33,75.19,8.0,0
STU0155,6,2024-25,AI602,1.035,64.13,72.13,79.81,54.45,62.95,71.6,71.95,8.0,0
STU0155,6,2024-25,AI603,1.012,61.48,69.45,73.98,55.85,63.05,68.45,72.71,8.0,0
STU0155,6,2024-25,AI604,0.687,66.51,72.01,80.79,82.93,89.14,98.0,99.5,10.0,0
STU0155,6,2024-25,AI605,1.078,63.85,72.78,80.39,50.72,55.46,60.49,59.75,6.0,0
STU0155,6,2024-25,AI606,0.997,65.99,71.44,77.98,58.73,67.2,72.7,74.83,8.0,0
STU0156,1,2022-23,DS101,1.312,89.85,96.45,99.0,78.96,82.41,84.46,82.17,9.0,0
STU0156,1,2022-23,DS102,0.949,87.11,88.41,92.41,98.0,98.0,98.0,96.31,10.0,0
STU0156,1,2022-23,MA101,1.087,96.06,99.0,99.0,91.68,87.64,85.97,87.53,9.0,0
STU0156,1,2022-23,PH101,1.013,82.1,73.76,66.76,96.2,97.92,96.71,94.97,10.0,0
STU0156,1,2022-23,EE101,1.099,93.52,88.15,84.85,82.45,80.14,78.78,76.94,8.0,0
STU0156,2,2022-23,DS201,1.038,85.06,82.75,76.13,92.35,92.27,90.55,91.83,10.0,0
STU0156,2,2022-23,DS202,1.131,85.43,82.5,82.5,71.74,68.7,60.64,57.9,6.0,0
STU0156,2,2022-23,MA201,0.902,99.0,99.0,94.23,94.7,96.12,92.59,90.58,10.0,0
STU0156,2,2022-23,CH101,1.196,88.11,95.39,91.04,62.92,70.24,71.58,71.11,8.0,0
STU0156,2,2022-23,ME101,1.046,87.25,85.31,88.64,80.53,77.36,82.54,82.38,9.0,0
STU0156,3,2023-24,DS301,1.0,93.17,86.86,83.44,97.38,98.0,94.35,94.08,10.0,0
STU0156,3,2023-24,DS302,0.964,78.64,78.85,73.39,96.11,88.94,92.82,92.52,10.0,0
STU0156,3,2023-24,DS303,0.857,82.9,80.46,80.1,98.0,98.0,98.0,99.5,10.0,0
STU0156,3,2023-24,MA301,1.253,86.65,86.02,87.35,68.93,62.67,59.03,58.96,6.0,0
STU0156,3,2023-24,CS301,1.028,95.62,89.93,90.83,87.17,92.2,86.67,88.83,9.0,0
STU0156,3,2023-24,DS304,0.931,91.25,90.95,93.77,98.0,93.33,83.97,88.47,9.0,0
STU0156,4,2023-24,DS401,0.99,99.0,95.56,96.12,98.0,93.56,96.3,96.16,10.0,0
STU0156,4,2023-24,DS402,1.048,95.89,89.59,91.23,87.07,94.33,88.81,89.66,9.0,0
STU0156,4,2023-24,DS403,0.86,99.0,99.0,98.1,97.28,97.29,98.0,99.5,10.0,0
STU0156,4,2023-24,DS404,0.842,91.61,87.89,87.08,98.0,98.0,98.0,99.5,10.0,0
STU0156,4,2023-24,MA401,1.148,89.65,89.29,89.67,73.56,73.33,75.22,73.61,8.0,0
STU0156,4,2023-24,DS405,1.005,94.24,96.36,99.0,91.51,98.0,86.4,85.16,9.0,0
STU0156,5,2024-25,DS501,0.849,99.0,97.89,95.35,98.0,98.0,94.0,94.76,10.0,0
STU0156,5,2024-25,DS502,1.043,92.52,90.25,88.32,83.83,77.33,77.48,74.0,8.0,0
STU0156,5,2024-25,DS503,0.975,91.92,96.54,97.47,85.07,92.65,85.76,85.68,9.0,0
STU0156,5,2024-25,DS504,1.052,95.31,94.79,92.34,78.25,82.14,82.55,83.48,9.0,0
STU0156,5,2024-25,DS505,1.078,94.03,91.57,88.98,80.81,89.53,89.7,87.77,9.0,0
STU0156,5,2024-25,DS506,1.025,94.32,93.82,99.0,84.59,81.39,80.57,79.02,8.0,0
STU0156,6,2024-25,DS601,0.94,85.52,85.76,82.34,98.0,96.6,98.0,99.23,10.0,0
STU0156,6,2024-25,DS602,0.78,89.2,95.22,92.5,98.0,98.0,98.0,98.72,10.0,0
STU0156,6,2024-25,DS603,1.126,94.67,94.61,93.1,71.89,75.56,75.85,73.32,8.0,0
STU0156,6,2024-25,DS604,0.93,89.99,86.56,86.73,87.49,85.1,79.87,80.47,9.0,0
STU0156,6,2024-25,DS605,0.883,88.03,95.94,98.97,98.0,98.0,98.0,93.79,10.0,0
STU0156,6,2024-25,DS606,0.842,79.43,80.14,76.43,98.0,96.56,93.82,93.72,10.0,0
STU0157,1,2022-23,CS101,0.814,89.44,97.05,98.02,98.0,95.44,94.31,94.25,10.0,0
STU0157,1,2022-23,CS102,0.98,93.13,85.46,83.87,87.04,84.81,88.99,90.8,10.0,0
STU0157,1,2022-23,MA101,0.991,89.74,89.44,82.0,80.1,77.33,71.13,72.29,8.0,0
STU0157,1,2022-23,PH101,1.039,92.4,91.48,94.49,74.37,75.92,77.85,73.85,8.0,0
STU0157,1,2022-23,EE101,1.045,88.89,87.94,88.34,86.53,77.89,77.3,79.74,8.0,0
STU0157,2,2022-23,CS201,1.036,84.38,82.33,88.57,63.68,61.7,60.96,60.97,7.0,0
STU0157,2,2022-23,CS202,0.95,91.06,90.94,93.42,82.33,84.3,85.37,80.68,9.0,0
STU0157,2,2022-23,MA201,1.014,95.19,89.55,84.94,80.67,73.93,73.47,71.82,8.0,0
STU0157,2,2022-23,CH101,1.172,91.94,94.71,94.91,73.32,69.98,71.52,75.29,8.0,0
STU0157,2,2022-23,ME101,1.178,89.66,82.57,81.23,71.73,68.3,69.61,75.88,8.0,0
STU0157,3,2023-24,CS301,1.091,89.88,85.85,87.49,79.11,79.24,80.64,77.56,8.0,0
STU0157,3,2023-24,CS302,0.909,95.83,99.0,99.0,87.33,90.08,85.42,88.97,9.0,0
STU0157,3,2023-24,CS303,1.091,87.79,87.52,87.14,70.17,69.0,71.99,72.81,8.0,0
STU0157,3,2023-24,MA301,0.992,92.37,96.68,93.95,88.25,92.83,98.0,99.5,10.0,0
STU0157,3,2023-24,EC301,1.103,82.43,79.55,74.93,78.78,84.91,92.99,95.37,10.0,0
STU0157,3,2023-24,CS304,1.204,82.73,82.6,79.39,57.53,65.6,60.21,59.74,6.0,0
STU0157,4,2023-24,CS401,0.778,87.8,85.93,92.53,98.0,98.0,84.43,85.86,9.0,0
STU0157,4,2023-24,CS402,0.987,93.04,90.62,92.43,75.16,68.56,66.17,65.01,7.0,0
STU0157,4,2023-24,CS403,0.87,86.15,87.37,90.49,81.19,81.43,72.31,76.7,8.0,0
STU0157,4,2023-24,CS404,1.144,86.7,83.69,83.35,63.08,70.7,65.99,68.09,7.0,0
STU0157,4,2023-24,MA401,0.923,89.24,88.26,90.82,91.6,89.97,91.18,96.96,10.0,0
STU0157,4,2023-24,CS405,1.002,89.47,92.22,88.3,72.03,72.3,70.45,67.5,7.0,0
STU0157,5,2024-25,CS501,0.981,90.86,90.43,85.02,71.44,66.71,69.63,74.18,8.0,0
STU0157,5,2024-25,CS502,1.0,87.43,88.35,92.95,59.55,55.67,52.13,52.33,6.0,0
STU0157,5,2024-25,CS503,1.049,89.99,91.07,91.28,66.36,66.59,56.06,53.52,6.0,0
STU0157,5,2024-25,CS504,1.019,83.08,78.64,78.03,76.93,77.03,70.24,70.39,8.0,0
STU0157,5,2024-25,CS505,1.093,90.18,88.18,87.46,67.04,69.63,68.81,65.74,7.0,0
STU0157,5,2024-25,CS506,0.986,87.25,88.24,93.3,78.88,78.25,78.95,82.24,9.0,0
STU0157,6,2024-25,CS601,1.107,88.31,88.04,84.7,64.16,66.01,68.61,63.08,7.0,0
STU0157,6,2024-25,CS602,0.913,89.1,87.75,86.83,70.55,75.38,75.03,83.45,9.0,0
STU0157,6,2024-25,CS603,1.075,91.92,88.92,86.89,74.53,73.28,70.16,75.83,8.0,0
STU0157,6,2024-25,CS604,1.045,93.57,92.49,96.76,69.93,75.29,73.27,78.18,8.0,0
STU0157,6,2024-25,CS605,1.157,88.72,96.68,97.19,74.14,69.1,72.28,73.48,8.0,0
STU0157,6,2024-25,CS606,0.954,94.25,98.82,99.0,81.5,82.71,85.08,87.49,9.0,0
STU0158,1,2022-23,EC101,0.947,55.85,64.59,69.99,34.02,38.26,42.69,43.79,5.0,0
STU0158,1,2022-23,EC102,0.934,55.25,63.64,70.14,25.0,30.0,40.0,39.84,0.0,1
STU0158,1,2022-23,MA101,0.969,60.13,66.14,75.25,25.17,32.45,40.42,38.66,0.0,1
STU0158,1,2022-23,PH101,1.068,58.9,64.44,69.07,25.0,32.79,41.67,48.96,5.0,0
STU0158,1,2022-23,EE101,1.037,54.79,61.72,69.4,25.35,33.7,41.78,42.83,5.0,0
STU0158,2,2022-23,EC201,0.964,68.34,72.63,82.19,40.01,44.21,53.75,51.95,6.0,0
STU0158,2,2022-23,EC202,0.895,70.06,76.1,80.41,46.89,55.04,62.48,64.61,7.0,0
STU0158,2,2022-23,MA201,1.133,72.28,79.77,83.86,40.66,48.48,57.8,63.01,7.0,0
STU0158,2,2022-23,CH101,0.886,73.57,81.31,86.38,45.59,52.91,62.75,60.27,7.0,0
STU0158,2,2022-23,ME101,0.896,68.65,75.97,84.59,48.31,57.19,62.84,65.41,7.0,0
STU0158,3,2023-24,EC301,0.891,71.16,79.23,84.81,55.62,62.34,68.11,69.76,7.0,0
STU0158,3,2023-24,EC302,0.736,73.51,80.17,87.43,64.03,71.57,78.62,75.22,8.0,0
STU0158,3,2023-24,EC303,1.036,72.17,80.87,84.99,46.08,52.32,58.44,59.64,6.0,0
STU0158,3,2023-24,MA301,1.023,77.0,81.29,89.33,41.84,50.61,54.69,52.94,6.0,0
STU0158,3,2023-24,CS301,0.891,71.8,78.61,84.58,48.31,53.16,58.47,55.11,6.0,0
STU0158,3,2023-24,EC304,1.162,74.54,79.96,85.23,38.92,47.85,54.63,51.38,6.0,0
STU0158,4,2023-24,EC401,1.009,75.02,80.5,87.9,50.62,55.59,62.18,65.49,7.0,0
STU0158,4,2023-24,EC402,1.159,73.09,80.02,84.04,40.91,49.74,54.91,53.71,6.0,0
STU0158,4,2023-24,EC403,0.937,77.01,81.18,89.46,57.03,61.75,67.54,72.33,8.0,0
STU0158,4,2023-24,EC404,0.908,75.27,81.21,89.97,62.77,68.5,73.06,77.32,8.0,0
STU0158,4,2023-24,MA401,0.969,72.94,81.4,90.28,45.94,53.93,57.96,55.07,6.0,0
STU0158,4,2023-24,EC405,1.235,77.93,85.93,95.59,37.35,45.29,52.27,54.41,6.0,0
STU0158,5,2024-25,EC501,0.978,85.2,91.99,99.0,47.69,52.0,60.71,60.9,7.0,0
STU0158,5,2024-25,EC502,1.076,85.2,92.36,97.54,48.63,54.54,61.45,58.89,6.0,0
STU0158,5,2024-25,EC503,0.758,86.16,92.72,99.0,62.49,68.62,73.73,74.89,8.0,0
STU0158,5,2024-25,EC504,1.003,79.85,86.75,93.69,43.69,51.61,61.39,57.86,6.0,0
STU0158,5,2024-25,EC505,1.198,80.1,84.74,92.41,43.73,50.66,55.89,54.66,6.0,0
STU0158,5,2024-25,EC506,1.035,86.25,92.69,98.48,40.2,46.46,53.1,52.62,6.0,0
STU0158,6,2024-25,EC601,0.943,76.95,81.28,85.61,43.94,51.18,60.64,62.43,7.0,0
STU0158,6,2024-25,EC602,1.071,80.56,87.51,96.14,45.75,53.76,57.92,61.99,7.0,0
STU0158,6,2024-25,EC603,0.987,76.64,83.2,87.75,45.6,54.43,60.59,67.44,7.0,0
STU0158,6,2024-25,EC604,1.034,77.25,85.61,93.53,45.05,52.65,61.55,62.37,7.0,0
STU0158,6,2024-25,EC605,0.892,80.54,84.85,92.8,52.11,59.59,65.2,63.71,7.0,0
STU0158,6,2024-25,EC606,1.02,82.85,88.89,95.8,46.65,54.81,61.28,60.43,7.0,0
STU0159,1,2022-23,AI101,1.176,73.09,76.83,79.25,59.42,61.06,68.9,68.5,7.0,0
STU0159,1,2022-23,AI102,0.969,72.9,85.16,83.24,74.52,73.94,71.74,71.66,8.0,0
STU0159,1,2022-23,MA101,0.824,69.53,66.67,62.71,93.14,97.27,98.0,97.18,10.0,0
STU0159,1,2022-23,PH101,0.914,73.6,72.07,67.51,88.78,79.89,86.02,83.08,9.0,0
STU0159,1,2022-23,EE101,0.942,73.2,78.21,76.94,75.02,84.64,88.64,92.24,10.0,0
STU0159,2,2022-23,AI201,1.066,73.39,78.06,76.66,75.65,79.53,79.69,79.64,8.0,0
STU0159,2,2022-23,AI202,0.898,65.51,59.85,63.06,87.64,92.0,98.0,99.5,10.0,0
STU0159,2,2022-23,MA201,1.047,73.78,69.76,72.93,92.66,86.43,87.89,87.44,9.0,0
STU0159,2,2022-23,CH101,1.076,72.06,78.14,79.0,82.95,87.75,88.37,86.85,9.0,0
STU0159,2,2022-23,ME101,0.987,75.82,80.58,79.88,90.7,87.24,79.44,79.54,8.0,0
STU0159,3,2023-24,AI301,1.089,81.89,84.31,89.74,76.8,73.28,69.35,69.98,7.0,0
STU0159,3,2023-24,AI302,0.91,73.78,67.49,67.41,74.97,74.06,76.82,78.24,8.0,0
STU0159,3,2023-24,AI303,1.05,72.12,73.82,73.35,65.86,69.0,71.42,72.88,8.0,0
STU0159,3,2023-24,MA301,0.948,72.26,68.41,71.52,77.75,81.05,73.27,73.35,8.0,0
STU0159,3,2023-24,CS301,0.818,69.87,74.91,71.42,83.83,81.83,77.81,74.86,8.0,0
STU0159,3,2023-24,AI304,0.788,69.93,70.59,68.22,86.29,74.9,71.87,78.28,8.0,0
STU0159,4,2023-24,AI401,0.905,75.44,80.92,80.77,78.31,78.68,74.24,74.64,8.0,0
STU0159,4,2023-24,AI402,0.989,75.08,67.63,67.79,76.82,76.63,80.63,77.7,8.0,0
STU0159,4,2023-24,AI403,0.913,76.29,79.24,83.82,81.06,72.73,77.96,78.89,8.0,0
STU0159,4,2023-24,AI404,1.024,80.1,82.67,85.72,61.25,59.03,63.47,63.29,7.0,0
STU0159,4,2023-24,MA401,1.059,74.75,78.23,73.76,60.67,59.69,61.37,59.84,6.0,0
STU0159,4,2023-24,AI405,0.994,68.4,63.87,61.42,77.87,79.8,83.02,85.73,9.0,0
STU0159,5,2024-25,AI501,0.897,69.93,69.29,70.97,89.67,91.03,95.74,95.35,10.0,0
STU0159,5,2024-25,AI502,1.051,65.77,68.63,65.54,73.37,75.18,79.17,84.89,9.0,0
STU0159,5,2024-25,AI503,1.013,61.64,61.13,61.02,83.53,85.27,94.95,98.81,10.0,0
STU0159,5,2024-25,AI504,0.806,64.56,58.91,56.41,98.0,97.42,96.63,96.15,10.0,0
STU0159,5,2024-25,AI505,1.206,68.77,68.02,69.32,79.13,72.86,72.5,73.55,8.0,0
STU0159,5,2024-25,AI506,0.903,58.52,56.6,55.72,98.0,89.96,91.83,90.64,10.0,0
STU0159,6,2024-25,AI601,0.895,81.79,83.41,81.99,89.74,93.22,89.63,85.89,9.0,0
STU0159,6,2024-25,AI602,0.859,75.49,73.07,75.07,93.23,94.17,98.0,97.88,10.0,0
STU0159,6,2024-25,AI603,1.051,79.22,77.79,73.94,67.89,73.7,69.13,72.15,8.0,0
STU0159,6,2024-25,AI604,1.179,74.51,75.4,74.21,63.89,71.86,75.79,75.38,8.0,0
STU0159,6,2024-25,AI605,1.098,83.13,81.75,84.74,66.23,63.17,64.55,64.58,7.0,0
STU0159,6,2024-25,AI606,0.99,80.34,79.85,83.35,81.87,82.25,81.2,81.22,9.0,0
STU0160,1,2022-23,DS101,0.868,37.92,45.28,51.49,54.58,60.49,69.99,73.49,8.0,0
STU0160,1,2022-23,DS102,0.982,41.39,48.55,55.6,47.57,52.35,57.0,64.38,7.0,0
STU0160,1,2022-23,MA101,1.002,38.19,45.62,50.15,48.59,53.6,62.21,62.03,7.0,0
STU0160,1,2022-23,PH101,0.88,43.64,47.87,56.33,49.91,57.11,66.2,65.02,7.0,0
STU0160,1,2022-23,EE101,0.774,38.4,44.93,50.0,62.78,69.44,73.55,73.89,8.0,0
STU0160,2,2022-23,DS201,1.051,53.92,61.79,71.08,52.4,56.75,65.89,65.67,7.0,0
STU0160,2,2022-23,DS202,0.777,54.03,58.71,67.16,69.2,74.7,82.29,82.08,9.0,0
STU0160,2,2022-23,MA201,0.98,56.77,61.12,70.21,65.09,73.55,80.59,86.43,9.0,0
STU0160,2,2022-23,CH101,0.953,53.64,58.0,65.16,62.57,70.69,77.93,80.57,9.0,0
STU0160,2,2022-23,ME101,0.965,51.16,56.9,63.89,59.18,63.69,69.32,64.11,7.0,0
STU0160,3,2023-24,DS301,0.87,63.69,71.51,78.92,73.81,81.94,88.1,86.89,9.0,0
STU0160,3,2023-24,DS302,1.16,57.48,65.63,69.73,50.16,56.59,63.63,64.84,7.0,0
STU0160,3,2023-24,DS303,1.224,62.47,69.1,75.37,44.67,51.82,58.36,52.29,6.0,0
STU0160,3,2023-24,MA301,0.748,58.43,64.22,71.52,76.19,82.98,88.46,89.21,9.0,0
STU0160,3,2023-24,CS301,0.921,63.62,67.97,75.85,61.65,70.35,78.48,75.19,8.0,0
STU0160,3,2023-24,DS304,0.85,60.53,68.86,74.07,69.7,78.36,85.58,75.61,8.0,0
STU0160,4,2023-24,DS401,1.122,62.84,71.26,78.81,53.76,59.2,66.44,69.26,7.0,0
STU0160,4,2023-24,DS402,1.084,60.97,65.92,73.89,59.74,64.46,73.1,70.04,8.0,0
STU0160,4,2023-24,DS403,0.93,64.17,71.91,78.95,75.3,80.46,89.9,82.97,9.0,0
STU0160,4,2023-24,DS404,1.018,61.92,69.8,76.68,60.93,66.72,74.46,77.05,8.0,0
STU0160,4,2023-24,MA401,0.923,61.85,69.03,75.0,74.04,79.17,86.79,88.12,9.0,0
STU0160,4,2023-24,DS405,1.024,66.29,72.8,82.53,65.65,72.41,81.91,84.58,9.0,0
STU0160,5,2024-25,DS501,1.098,63.51,69.75,76.02,61.15,68.97,74.88,74.39,8.0,0
STU0160,5,2024-25,DS502,0.948,62.59,70.7,77.98,78.78,85.59,93.68,95.43,10.0,0
STU0160,5,2024-25,DS503,1.145,59.02,66.97,71.22,57.02,64.33,70.21,69.05,7.0,0
STU0160,5,2024-25,DS504,1.08,58.63,65.71,73.58,58.26,65.88,70.3,69.51,7.0,0
STU0160,5,2024-25,DS505,0.749,62.33,67.51,75.71,89.15,96.01,98.0,94.41,10.0,0
STU0160,5,2024-25,DS506,0.804,63.91,70.97,75.54,77.1,82.88,87.41,90.87,10.0,0
STU0160,6,2024-25,DS601,0.805,59.07,65.32,75.06,73.76,78.17,83.44,86.1,9.0,0
STU0160,6,2024-25,DS602,0.969,64.41,70.19,74.86,66.14,72.31,81.21,84.02,9.0,0
STU0160,6,2024-25,DS603,0.805,63.93,70.27,80.15,79.13,85.58,92.29,89.01,9.0,0
STU0160,6,2024-25,DS604,0.981,61.75,68.02,73.35,72.87,80.03,87.78,82.98,9.0,0
STU0160,6,2024-25,DS605,0.772,59.79,68.56,76.1,91.75,96.85,98.0,99.5,10.0,0
STU0160,6,2024-25,DS606,1.063,60.24,68.69,78.4,75.41,81.1,89.05,87.24,9.0,0
STU0161,1,2022-23,CS101,1.115,64.88,63.47,62.14,42.82,44.2,46.54,49.91,5.0,0
STU0161,1,2022-23,CS102,0.829,77.07,73.13,69.7,62.47,62.47,65.26,67.19,7.0,0
STU0161,1,2022-23,MA101,1.078,68.41,71.89,67.39,46.75,44.03,43.18,46.98,5.0,0
STU0161,1,2022-23,PH101,1.092,61.98,66.16,69.65,41.19,37.02,38.85,38.44,0.0,1
STU0161,1,2022-23,EE101,1.092,60.79,63.68,63.65,51.04,52.8,51.52,56.64,6.0,0
STU0161,2,2022-23,CS201,0.782,69.3,70.13,64.75,70.48,74.24,73.43,75.64,8.0,0
STU0161,2,2022-23,CS202,1.17,75.61,72.04,71.59,48.62,49.26,47.38,54.88,6.0,0
STU0161,2,2022-23,MA201,0.944,74.89,74.15,75.14,55.91,56.6,58.14,54.36,6.0,0
STU0161,2,2022-23,CH101,0.836,76.83,77.29,73.73,66.37,68.49,64.36,68.99,7.0,0
STU0161,2,2022-23,ME101,1.067,76.94,77.55,79.68,64.17,62.19,60.45,66.77,7.0,0
STU0161,3,2023-24,CS301,0.906,57.57,64.69,65.0,77.07,78.15,79.6,81.38,9.0,0
STU0161,3,2023-24,CS302,0.986,58.21,63.75,62.99,68.62,73.46,76.04,78.32,8.0,0
STU0161,3,2023-24,CS303,0.804,60.17,64.68,72.58,86.7,87.86,90.51,92.7,10.0,0
STU0161,3,2023-24,MA301,0.756,54.62,55.12,54.85,84.2,85.95,88.21,83.61,9.0,0
STU0161,3,2023-24,EC301,0.835,57.57,59.54,58.82,75.17,81.6,84.6,84.08,9.0,0
STU0161,3,2023-24,CS304,1.217,59.64,62.98,59.61,46.46,42.84,45.25,44.87,5.0,0
STU0161,4,2023-24,CS401,1.018,66.59,64.65,59.67,64.83,62.72,68.14,69.35,7.0,0
STU0161,4,2023-24,CS402,1.176,59.19,62.23,61.25,45.69,53.26,49.9,47.53,5.0,0
STU0161,4,2023-24,CS403,0.866,59.89,60.44,59.87,68.56,61.45,61.27,57.0,6.0,0
STU0161,4,2023-24,CS404,0.947,60.72,60.61,61.87,54.59,52.57,62.85,62.62,7.0,0
STU0161,4,2023-24,MA401,0.977,53.98,54.56,49.01,46.64,48.62,50.58,45.73,5.0,0
STU0161,4,2023-24,CS405,0.831,58.55,65.34,66.32,72.26,77.8,84.65,85.08,9.0,0
STU0161,5,2024-25,CS501,0.763,61.52,59.61,49.37,75.82,73.59,77.71,77.24,8.0,0
STU0161,5,2024-25,CS502,0.91,55.08,54.26,54.76,69.57,73.23,66.79,67.52,7.0,0
STU0161,5,2024-25,CS503,0.979,59.31,60.0,65.97,60.62,61.07,56.56,53.24,6.0,0
STU0161,5,2024-25,CS504,0.861,53.97,51.61,57.77,66.64,65.1,58.71,58.04,6.0,0
STU0161,5,2024-25,CS505,0.869,58.98,57.75,57.32,75.51,83.54,91.52,91.84,10.0,0
STU0161,5,2024-25,CS506,1.021,60.74,63.43,61.02,54.5,45.48,49.49,50.16,6.0,0
STU0161,6,2024-25,CS601,0.921,75.93,72.88,73.51,61.32,58.93,53.12,53.22,6.0,0
STU0161,6,2024-25,CS602,0.907,63.56,57.21,57.86,48.52,47.2,50.61,46.07,5.0,0
STU0161,6,2024-25,CS603,0.838,71.15,61.85,61.6,62.5,68.98,76.16,77.14,8.0,0
STU0161,6,2024-25,CS604,0.915,70.2,73.25,75.68,47.66,41.02,44.39,40.52,5.0,0
STU0161,6,2024-25,CS605,1.04,73.14,75.21,76.88,49.87,43.63,51.69,45.85,5.0,0
STU0161,6,2024-25,CS606,1.013,67.61,72.23,72.33,49.31,47.16,51.13,54.31,6.0,0
STU0162,1,2022-23,EC101,0.883,46.05,53.31,59.69,49.52,55.57,64.69,68.33,7.0,0
STU0162,1,2022-23,EC102,1.067,49.31,56.24,64.74,41.34,48.25,52.63,44.24,5.0,0
STU0162,1,2022-23,MA101,1.076,46.69,53.1,59.19,41.61,47.61,54.81,49.96,5.0,0
STU0162,1,2022-23,PH101,0.787,50.48,58.02,65.68,59.0,63.76,71.43,68.39,7.0,0
STU0162,1,2022-23,EE101,0.991,47.62,53.91,59.83,41.13,49.04,58.17,60.68,7.0,0
STU0162,2,2022-23,EC201,0.706,62.89,70.02,74.62,77.13,84.9,94.27,94.34,10.0,0
STU0162,2,2022-23,EC202,0.863,62.49,66.74,73.75,62.24,69.49,76.04,70.47,8.0,0
STU0162,2,2022-23,MA201,1.078,63.91,70.07,77.36,54.04,59.72,69.3,70.9,8.0,0
STU0162,2,2022-23,CH101,1.019,64.49,71.67,80.4,52.91,58.31,63.01,66.68,7.0,0
STU0162,2,2022-23,ME101,1.019,64.07,68.63,72.66,54.75,60.13,66.78,66.14,7.0,0
STU0162,3,2023-24,EC301,1.036,64.13,70.83,77.08,54.24,59.3,63.86,62.64,7.0,0
STU0162,3,2023-24,EC302,1.06,64.99,71.86,78.92,50.29,56.91,65.52,67.24,7.0,0
STU0162,3,2023-24,EC303,1.041,63.43,70.8,77.56,55.24,63.53,70.24,69.78,7.0,0
STU0162,3,2023-24,MA301,1.042,61.41,68.61,77.41,53.67,61.23,71.18,73.81,8.0,0
STU0162,3,2023-24,CS301,0.962,66.32,71.09,78.89,55.15,60.11,67.0,66.19,7.0,0
STU0162,3,2023-24,EC304,1.117,65.63,71.32,76.08,52.18,59.25,65.07,71.14,8.0,0
STU0162,4,2023-24,EC401,0.924,71.62,78.67,87.81,65.76,73.82,80.98,81.03,9.0,0
STU0162,4,2023-24,EC402,1.124,70.81,78.41,87.68,55.66,60.82,70.37,70.78,8.0,0
STU0162,4,2023-24,EC403,1.017,68.85,76.86,82.53,52.79,61.72,66.2,67.92,7.0,0
STU0162,4,2023-24,EC404,1.103,68.47,73.16,77.73,54.64,63.24,72.68,73.68,8.0,0
STU0162,4,2023-24,MA401,1.148,71.91,76.65,84.77,58.04,66.13,73.4,74.27,8.0,0
STU0162,4,2023-24,EC405,0.912,70.47,76.81,84.07,69.05,74.69,82.56,80.68,9.0,0
STU0162,5,2024-25,EC501,1.08,72.03,78.12,83.98,56.21,65.16,75.16,79.64,8.0,0
STU0162,5,2024-25,EC502,0.989,72.64,78.51,86.58,59.22,67.83,73.3,71.09,8.0,0
STU0162,5,2024-25,EC503,0.963,73.4,77.74,84.5,58.4,64.08,71.12,70.85,8.0,0
STU0162,5,2024-25,EC504,1.053,69.96,74.45,83.76,59.58,64.5,71.06,75.24,8.0,0
STU0162,5,2024-25,EC505,0.675,72.99,78.19,86.46,91.01,97.69,98.0,95.17,10.0,0
STU0162,5,2024-25,EC506,0.923,73.94,82.83,91.34,66.93,75.27,80.81,82.97,9.0,0
STU0162,6,2024-25,EC601,0.998,71.09,79.39,87.82,66.44,75.27,81.71,88.47,9.0,0
STU0162,6,2024-25,EC602,0.91,71.67,77.77,83.81,66.55,73.59,78.81,82.61,9.0,0
STU0162,6,2024-25,EC603,0.906,71.58,75.8,85.13,61.45,69.97,77.94,75.04,8.0,0
STU0162,6,2024-25,EC604,0.814,69.7,75.14,82.79,73.07,80.01,89.58,92.09,10.0,0
STU0162,6,2024-25,EC605,1.144,69.56,78.2,87.35,49.56,57.31,65.13,67.41,7.0,0
STU0162,6,2024-25,EC606,0.861,72.91,79.11,87.37,65.97,70.88,77.79,82.78,9.0,0
STU0163,1,2022-23,AI101,1.145,73.33,65.13,64.96,45.45,48.03,35.83,35.27,0.0,1
STU0163,1,2022-23,AI102,0.948,79.06,72.1,72.63,53.98,59.09,60.68,62.77,7.0,0
STU0163,1,2022-23,MA101,0.851,76.95,81.5,79.76,62.98,58.62,57.57,52.7,6.0,0
STU0163,1,2022-23,PH101,0.989,73.99,77.98,85.07,42.23,36.64,40.77,38.45,0.0,1
STU0163,1,2022-23,EE101,0.989,83.4,88.77,84.18,60.52,63.51,68.02,66.0,7.0,0
STU0163,2,2022-23,AI201,0.85,76.57,78.17,80.91,61.05,60.92,57.74,56.88,6.0,0
STU0163,2,2022-23,AI202,1.107,77.09,77.96,74.67,43.55,37.46,35.83,30.81,0.0,1
STU0163,2,2022-23,MA201,0.959,71.16,71.11,68.38,56.73,49.33,42.15,41.34,5.0,0
STU0163,2,2022-23,CH101,1.032,72.2,71.05,71.38,51.84,49.92,50.77,53.72,6.0,0
STU0163,2,2022-23,ME101,0.836,78.9,83.06,80.14,63.52,56.62,57.98,62.07,7.0,0
STU0163,3,2023-24,AI301,1.043,76.41,77.08,85.64,45.68,38.63,35.66,43.42,5.0,0
STU0163,3,2023-24,AI302,1.05,79.63,82.01,81.57,51.07,45.27,43.11,40.17,5.0,0
STU0163,3,2023-24,AI303,1.058,75.71,77.73,79.07,46.46,42.95,44.21,43.84,5.0,0
STU0163,3,2023-24,MA301,1.098,70.71,70.94,69.4,42.2,48.85,46.35,39.75,0.0,1
STU0163,3,2023-24,CS301,1.065,82.02,83.63,76.72,46.58,42.49,49.31,48.05,5.0,0
STU0163,3,2023-24,AI304,1.04,78.86,81.88,87.06,47.41,42.14,49.44,48.0,5.0,0
STU0163,4,2023-24,AI401,0.989,73.2,72.64,74.25,52.76,58.3,65.23,65.47,7.0,0
STU0163,4,2023-24,AI402,1.048,80.73,79.15,76.7,50.06,44.66,41.99,52.23,6.0,0
STU0163,4,2023-24,AI403,0.986,76.79,77.94,75.99,60.35,58.45,66.09,71.04,8.0,0
STU0163,4,2023-24,AI404,0.826,80.56,78.95,79.83,71.41,65.65,61.27,58.72,6.0,0
STU0163,4,2023-24,MA401,0.934,77.18,79.97,80.75,56.24,54.8,44.14,50.2,6.0,0
STU0163,4,2023-24,AI405,1.002,83.24,86.02,85.89,44.55,42.04,43.64,43.82,5.0,0
STU0163,5,2024-25,AI501,1.221,76.59,78.4,74.8,52.21,48.82,40.92,36.46,0.0,1
STU0163,5,2024-25,AI502,0.943,87.06,89.66,91.22,61.34,56.27,52.08,50.42,6.0,0
STU0163,5,2024-25,AI503,0.923,78.2,74.87,74.89,59.28,64.37,69.42,71.22,8.0,0
STU0163,5,2024-25,AI504,1.058,74.62,82.64,81.65,58.94,62.69,58.0,56.12,6.0,0
STU0163,5,2024-25,AI505,1.048,74.64,74.33,65.95,55.57,61.76,61.75,57.36,6.0,0
STU0163,5,2024-25,AI506,0.934,83.29,83.87,85.45,61.45,58.0,58.57,58.77,6.0,0
STU0163,6,2024-25,AI601,1.006,78.38,86.33,83.7,55.86,51.55,57.42,61.55,7.0,0
STU0163,6,2024-25,AI602,0.974,83.7,84.85,87.3,54.7,55.43,63.85,68.28,7.0,0
STU0163,6,2024-25,AI603,1.097,82.76,91.28,94.03,49.69,55.15,54.82,56.28,6.0,0
STU0163,6,2024-25,AI604,1.014,76.12,77.2,80.59,61.0,63.16,62.26,57.28,6.0,0
STU0163,6,2024-25,AI605,0.994,81.17,73.62,73.38,57.98,53.86,57.29,60.12,7.0,0
STU0163,6,2024-25,AI606,1.218,78.84,83.36,80.5,45.87,48.93,45.98,45.49,5.0,0
STU0164,1,2022-23,DS101,0.89,59.73,64.28,73.73,42.1,47.65,54.0,59.06,6.0,0
STU0164,1,2022-23,DS102,0.988,54.61,63.43,68.7,35.76,41.99,50.83,47.43,5.0,0
STU0164,1,2022-23,MA101,1.09,58.77,66.33,75.12,33.49,41.76,48.82,52.2,6.0,0
STU0164,1,2022-23,PH101,0.915,57.96,62.7,71.71,49.29,57.88,62.7,56.99,6.0,0
STU0164,1,2022-23,EE101,1.231,54.17,59.88,66.28,39.62,46.22,51.22,43.59,5.0,0
STU0164,2,2022-23,DS201,0.948,72.5,78.03,82.81,52.98,61.16,66.96,66.4,7.0,0
STU0164,2,2022-23,DS202,1.064,73.56,80.87,88.85,42.73,48.99,55.94,59.92,6.0,0
STU0164,2,2022-23,MA201,0.67,74.48,82.45,90.42,65.58,72.12,77.35,74.59,8.0,0
STU0164,2,2022-23,CH101,1.255,75.13,82.92,92.55,33.52,38.86,47.52,43.89,5.0,0
STU0164,2,2022-23,ME101,0.893,69.96,74.1,79.82,44.94,52.74,60.8,62.36,7.0,0
STU0164,3,2023-24,DS301,1.011,71.4,76.74,80.75,49.36,55.06,63.5,65.28,7.0,0
STU0164,3,2023-24,DS302,1.077,77.73,85.58,90.07,47.75,52.95,60.62,66.44,7.0,0
STU0164,3,2023-24,DS303,1.0,78.02,84.86,91.6,50.63,59.11,68.9,65.66,7.0,0
STU0164,3,2023-24,MA301,1.062,74.63,78.64,87.25,45.47,49.92,58.03,55.51,6.0,0
STU0164,3,2023-24,CS301,0.912,76.05,84.66,88.87,56.14,63.49,70.49,65.55,7.0,0
STU0164,3,2023-24,DS304,1.178,74.92,82.72,89.62,38.48,44.73,52.19,49.82,5.0,0
STU0164,4,2023-24,DS401,0.86,77.24,83.21,88.68,69.66,75.37,80.11,79.82,8.0,0
STU0164,4,2023-24,DS402,0.903,75.32,82.74,90.31,60.24,64.35,73.99,66.57,7.0,0
STU0164,4,2023-24,DS403,1.067,76.02,82.82,89.5,53.29,58.9,66.73,65.54,7.0,0
STU0164,4,2023-24,DS404,0.709,77.75,83.05,92.13,85.02,91.18,96.62,99.5,10.0,0
STU0164,4,2023-24,MA401,0.848,80.97,85.3,93.47,71.04,76.92,82.16,82.06,9.0,0
STU0164,4,2023-24,DS405,0.807,74.69,80.04,87.97,71.57,75.71,84.48,88.41,9.0,0
STU0164,5,2024-25,DS501,1.209,72.48,80.62,84.95,42.27,51.1,56.7,54.79,6.0,0
STU0164,5,2024-25,DS502,0.975,72.29,79.02,86.12,57.62,64.16,72.06,78.05,8.0,0
STU0164,5,2024-25,DS503,0.976,73.99,80.57,85.14,56.92,64.8,74.62,69.63,7.0,0
STU0164,5,2024-25,DS504,0.978,78.09,83.12,88.99,60.54,64.66,71.11,68.18,7.0,0
STU0164,5,2024-25,DS505,1.109,76.93,83.85,87.87,50.18,58.77,66.59,67.57,7.0,0
STU0164,5,2024-25,DS506,1.166,73.13,77.56,85.82,49.83,58.76,63.84,67.68,7.0,0
STU0164,6,2024-25,DS601,0.851,84.53,91.54,97.41,68.74,74.42,83.27,83.63,9.0,0
STU0164,6,2024-25,DS602,1.149,81.17,88.85,93.18,56.55,63.26,72.25,73.87,8.0,0
STU0164,6,2024-25,DS603,0.954,83.0,90.66,99.0,58.75,62.8,70.84,72.59,8.0,0
STU0164,6,2024-25,DS604,1.21,83.9,91.47,95.81,45.07,51.46,58.38,59.88,6.0,0
STU0164,6,2024-25,DS605,0.922,85.34,92.66,99.0,63.81,69.3,77.03,72.69,8.0,0
STU0164,6,2024-25,DS606,1.015,84.58,89.24,96.94,52.09,57.78,66.88,71.98,8.0,0
STU0165,1,2022-23,CS101,1.047,61.59,67.42,76.99,59.18,63.45,68.63,64.14,7.0,0
STU0165,1,2022-23,CS102,0.873,61.12,67.13,75.86,77.19,83.04,89.48,91.66,10.0,0
STU0165,1,2022-23,MA101,0.923,58.73,65.44,74.53,71.67,79.64,85.88,82.26,9.0,0
STU0165,1,2022-23,PH101,0.822,58.33,66.92,72.5,86.56,91.91,97.47,92.25,10.0,0
STU0165,1,2022-23,EE101,0.842,58.69,65.9,74.88,73.74,82.05,88.66,89.92,9.0,0
STU0165,2,2022-23,CS201,1.065,72.68,78.98,88.35,66.72,72.08,76.96,81.17,9.0,0
STU0165,2,2022-23,CS202,0.784,74.91,79.44,83.65,92.11,98.0,98.0,97.33,10.0,0
STU0165,2,2022-23,MA201,1.036,71.45,79.56,88.32,66.83,75.76,81.44,83.95,9.0,0
STU0165,2,2022-23,CH101,0.988,76.36,84.29,93.01,74.5,79.49,88.43,87.78,9.0,0
STU0165,2,2022-23,ME101,0.974,71.1,76.55,81.01,72.89,79.13,86.16,87.88,9.0,0
STU0165,3,2023-24,CS301,1.141,79.03,84.95,92.46,70.75,77.85,83.47,82.66,9.0,0
STU0165,3,2023-24,CS302,0.954,75.01,79.19,89.12,75.41,81.45,88.65,87.34,9.0,0
STU0165,3,2023-24,CS303,0.913,76.43,80.52,88.95,94.93,98.0,98.0,92.52,10.0,0
STU0165,3,2023-24,MA301,0.959,75.39,82.46,88.79,83.11,90.52,98.0,96.9,10.0,0
STU0165,3,2023-24,EC301,0.918,79.87,86.02,95.6,84.5,91.12,98.0,98.82,10.0,0
STU0165,3,2023-24,CS304,0.941,78.57,85.19,90.95,78.78,85.09,90.56,95.3,10.0,0
STU0165,4,2023-24,CS401,0.863,79.35,86.0,91.65,87.92,94.86,98.0,99.5,10.0,0
STU0165,4,2023-24,CS402,1.001,75.14,80.97,85.67,72.09,79.84,87.13,85.12,9.0,0
STU0165,4,2023-24,CS403,0.996,75.84,81.45,89.07,80.4,87.6,96.16,94.22,10.0,0
STU0165,4,2023-24,CS404,1.104,78.53,83.57,92.05,65.41,73.42,79.46,75.0,8.0,0
STU0165,4,2023-24,MA401,1.115,74.4,78.71,87.72,62.29,66.89,72.96,77.85,8.0,0
STU0165,4,2023-24,CS405,0.926,74.74,79.25,87.72,84.0,89.39,97.55,99.5,10.0,0
STU0165,5,2024-25,CS501,0.968,76.89,85.53,93.68,84.16,88.37,94.36,98.1,10.0,0
STU0165,5,2024-25,CS502,1.071,75.87,82.51,89.63,73.11,80.71,90.34,88.95,9.0,0
STU0165,5,2024-25,CS503,0.999,75.55,82.88,91.4,77.26,85.49,94.97,92.49,10.0,0
STU0165,5,2024-25,CS504,1.049,74.63,82.59,89.83,71.21,77.51,81.74,82.72,9.0,0
STU0165,5,2024-25,CS505,0.834,79.85,85.91,92.53,95.0,98.0,98.0,98.82,10.0,0
STU0165,5,2024-25,CS506,1.289,78.52,86.24,93.62,63.42,71.49,76.73,76.81,8.0,0
STU0165,6,2024-25,CS601,0.742,74.43,79.26,85.29,95.0,98.0,98.0,99.5,10.0,0
STU0165,6,2024-25,CS602,0.698,79.45,88.26,95.47,95.0,98.0,98.0,98.57,10.0,0
STU0165,6,2024-25,CS603,0.747,78.66,82.78,91.71,95.0,98.0,98.0,98.27,10.0,0
STU0165,6,2024-25,CS604,0.966,74.62,82.46,88.37,88.32,95.62,98.0,95.74,10.0,0
STU0165,6,2024-25,CS605,1.061,78.4,84.73,90.21,83.94,90.64,97.65,97.69,10.0,0
STU0165,6,2024-25,CS606,1.083,75.86,82.93,88.28,77.99,86.0,95.25,94.63,10.0,0
STU0166,1,2022-23,EC101,1.194,93.63,92.97,88.43,67.91,62.1,61.13,63.15,7.0,0
STU0166,1,2022-23,EC102,1.336,93.87,97.32,93.41,54.91,52.41,51.95,47.6,5.0,0
STU0166,1,2022-23,MA101,0.95,87.54,91.41,89.97,77.94,73.36,71.51,72.53,8.0,0
STU0166,1,2022-23,PH101,0.9,94.53,96.39,96.02,80.04,82.63,85.08,88.34,9.0,0
STU0166,1,2022-23,EE101,1.038,90.3,90.53,90.88,67.09,58.37,61.09,60.36,7.0,0
STU0166,2,2022-23,EC201,1.138,87.32,93.94,89.36,69.7,68.21,73.91,81.77,9.0,0
STU0166,2,2022-23,EC202,0.926,83.04,80.24,75.69,87.48,80.8,87.2,93.67,10.0,0
STU0166,2,2022-23,MA201,0.911,88.29,91.6,95.39,82.61,80.63,78.68,76.13,8.0,0
STU0166,2,2022-23,CH101,1.109,91.37,88.83,89.06,67.97,79.24,78.12,80.34,9.0,0
STU0166,2,2022-23,ME101,1.052,90.15,91.69,92.42,86.1,85.66,73.93,80.5,9.0,0
STU0166,3,2023-24,EC301,0.935,86.2,82.29,75.28,79.62,81.93,74.52,76.04,8.0,0
STU0166,3,2023-24,EC302,1.278,89.74,84.88,86.29,65.63,71.5,72.34,74.16,8.0,0
STU0166,3,2023-24,EC303,1.102,91.01,92.12,89.88,75.35,72.94,84.65,82.73,9.0,0
STU0166,3,2023-24,MA301,1.096,83.49,81.82,79.76,64.11,61.52,63.15,62.4,7.0,0
STU0166,3,2023-24,CS301,1.143,84.87,87.31,85.24,73.68,77.21,81.77,81.28,9.0,0
STU0166,3,2023-24,EC304,1.16,81.96,83.52,84.0,71.25,70.91,66.48,63.2,7.0,0
STU0166,4,2023-24,EC401,1.103,91.37,91.54,91.63,77.2,76.1,75.18,71.21,8.0,0
STU0166,4,2023-24,EC402,1.105,87.2,91.18,86.95,69.25,73.51,74.98,71.43,8.0,0
STU0166,4,2023-24,EC403,1.111,82.34,85.24,81.81,77.43,77.94,79.48,79.24,8.0,0
STU0166,4,2023-24,EC404,1.011,87.89,90.36,90.14,85.76,82.44,86.32,88.01,9.0,0
STU0166,4,2023-24,MA401,1.148,88.04,89.19,90.31,62.97,64.74,79.46,84.29,9.0,0
STU0166,4,2023-24,EC405,0.906,80.36,80.54,84.33,87.26,95.76,92.25,92.93,10.0,0
STU0166,5,2024-25,EC501,1.096,95.29,94.85,99.0,73.79,79.91,86.66,86.71,9.0,0
STU0166,5,2024-25,EC502,0.919,91.35,94.81,89.55,83.46,86.53,74.88,71.78,8.0,0
STU0166,5,2024-25,EC503,0.926,90.2,89.07,88.01,78.6,86.56,83.83,78.12,8.0,0
STU0166,5,2024-25,EC504,1.136,87.43,83.19,85.56,66.92,67.68,64.82,63.44,7.0,0
STU0166,5,2024-25,EC505,0.881,85.68,97.83,94.93,82.35,87.43,88.63,88.68,9.0,0
STU0166,5,2024-25,EC506,0.941,88.91,87.86,91.84,82.65,87.8,87.56,86.94,9.0,0
STU0166,6,2024-25,EC601,1.002,94.77,99.0,99.0,78.74,79.01,75.53,79.18,8.0,0
STU0166,6,2024-25,EC602,0.83,90.86,88.15,89.02,91.78,83.39,93.82,96.1,10.0,0
STU0166,6,2024-25,EC603,0.941,96.51,98.07,96.91,82.99,84.81,89.72,89.93,9.0,0
STU0166,6,2024-25,EC604,1.039,93.94,92.42,89.73,69.39,67.3,66.24,69.25,7.0,0
STU0166,6,2024-25,EC605,0.954,93.44,92.42,92.25,88.37,86.66,89.19,90.24,10.0,0
STU0166,6,2024-25,EC606,1.007,90.94,92.77,86.03,70.58,68.14,67.13,67.38,7.0,0
STU0167,1,2022-23,AI101,1.02,84.69,83.55,79.58,67.2,61.46,66.73,64.6,7.0,0
STU0167,1,2022-23,AI102,0.937,90.12,80.87,78.82,79.16,80.48,82.98,84.7,9.0,0
STU0167,1,2022-23,MA101,1.181,88.25,89.12,97.64,56.52,66.42,74.26,73.82,8.0,0
STU0167,1,2022-23,PH101,0.915,83.4,82.39,86.58,74.34,83.38,83.37,86.91,9.0,0
STU0167,1,2022-23,EE101,0.852,88.93,90.28,92.25,89.59,87.86,82.31,84.6,9.0,0
STU0167,2,2022-23,AI201,0.678,90.42,90.83,81.54,98.0,93.26,93.26,90.19,10.0,0
STU0167,2,2022-23,AI202,0.893,88.64,92.8,96.12,80.46,84.7,82.54,95.63,10.0,0
STU0167,2,2022-23,MA201,1.076,77.81,77.21,81.82,84.5,88.36,90.98,94.48,10.0,0
STU0167,2,2022-23,CH101,1.042,80.34,79.23,74.25,80.41,71.42,72.9,74.22,8.0,0
STU0167,2,2022-23,ME101,0.997,74.01,69.07,69.53,83.39,83.37,89.44,91.07,10.0,0
STU0167,3,2023-24,AI301,0.917,93.69,96.57,97.99,81.38,82.28,73.64,73.78,8.0,0
STU0167,3,2023-24,AI302,0.995,73.22,77.89,78.91,76.45,73.34,79.73,80.89,9.0,0
STU0167,3,2023-24,AI303,0.872,78.57,74.94,73.34,83.23,80.63,82.48,80.87,9.0,0
STU0167,3,2023-24,MA301,1.149,91.86,87.84,92.41,60.82,65.06,66.98,70.51,8.0,0
STU0167,3,2023-24,CS301,0.864,86.81,83.09,82.08,82.89,77.85,78.26,80.62,9.0,0
STU0167,3,2023-24,AI304,1.014,84.06,83.26,86.57,70.14,74.13,74.02,83.61,9.0,0
STU0167,4,2023-24,AI401,0.781,88.91,85.65,85.7,95.17,97.72,96.45,92.73,10.0,0
STU0167,4,2023-24,AI402,0.884,79.38,80.04,84.54,83.9,86.58,90.61,91.53,10.0,0
STU0167,4,2023-24,AI403,0.899,88.91,86.12,87.24,83.94,86.09,87.8,90.22,10.0,0
STU0167,4,2023-24,AI404,1.011,86.16,89.33,83.93,81.28,80.43,81.94,82.4,9.0,0
STU0167,4,2023-24,MA401,0.952,83.33,83.8,83.08,84.76,88.81,86.51,83.5,9.0,0
STU0167,4,2023-24,AI405,0.97,81.09,83.41,85.06,79.53,76.96,77.62,78.63,8.0,0
STU0167,5,2024-25,AI501,1.036,79.04,77.02,74.72,76.43,74.04,74.16,76.1,8.0,0
STU0167,5,2024-25,AI502,0.909,86.93,90.29,82.86,83.32,87.97,86.24,78.86,8.0,0
STU0167,5,2024-25,AI503,0.998,79.9,82.07,83.33,83.3,86.46,85.72,87.28,9.0,0
STU0167,5,2024-25,AI504,0.987,78.16,80.82,82.72,71.56,78.55,75.47,80.94,9.0,0
STU0167,5,2024-25,AI505,0.987,76.79,83.37,87.07,79.94,68.11,58.56,61.64,7.0,0
STU0167,5,2024-25,AI506,1.129,77.69,79.25,79.05,59.65,57.45,65.84,63.23,7.0,0
STU0167,6,2024-25,AI601,0.642,81.65,75.92,72.13,98.0,91.25,86.62,91.25,10.0,0
STU0167,6,2024-25,AI602,1.019,83.8,86.03,86.1,73.53,76.21,71.45,72.66,8.0,0
STU0167,6,2024-25,AI603,0.813,71.67,76.24,75.72,91.47,91.33,94.22,97.92,10.0,0
STU0167,6,2024-25,AI604,0.824,84.43,86.84,88.95,77.25,76.99,80.26,82.14,9.0,0
STU0167,6,2024-25,AI605,1.213,85.14,82.54,85.95,62.59,57.96,69.57,77.37,8.0,0
STU0167,6,2024-25,AI606,0.931,76.71,72.71,68.25,67.87,64.9,59.43,64.36,7.0,0
STU0168,1,2022-23,DS101,0.96,84.42,75.16,71.08,71.24,64.78,60.59,58.83,6.0,0
STU0168,1,2022-23,DS102,0.9,84.23,78.94,74.4,75.8,69.2,65.71,72.2,8.0,0
STU0168,1,2022-23,MA101,0.947,84.12,74.49,71.1,65.62,58.12,53.45,55.5,6.0,0
STU0168,1,2022-23,PH101,0.981,89.98,82.82,75.52,63.16,54.96,48.01,46.11,5.0,0
STU0168,1,2022-23,EE101,0.951,79.2,71.04,66.15,62.0,53.45,47.71,45.69,5.0,0
STU0168,2,2022-23,DS201,0.94,70.88,62.71,55.16,68.51,63.45,57.75,57.02,6.0,0
STU0168,2,2022-23,DS202,1.123,74.83,69.22,62.55,61.77,55.78,52.18,51.82,6.0,0
STU0168,2,2022-23,MA201,1.109,70.21,65.13,61.67,62.54,53.88,50.81,55.37,6.0,0
STU0168,2,2022-23,CH101,0.798,73.72,65.14,61.1,85.11,80.43,77.26,80.21,9.0,0
STU0168,2,2022-23,ME101,1.056,74.67,64.85,56.61,68.78,61.57,58.25,57.59,6.0,0
STU0168,3,2023-24,DS301,0.872,65.93,57.52,54.16,66.47,58.06,54.77,57.94,6.0,0
STU0168,3,2023-24,DS302,1.134,70.14,64.2,56.1,50.38,42.55,39.01,38.61,0.0,1
STU0168,3,2023-24,DS303,1.084,75.36,67.58,61.97,55.32,49.97,42.4,42.41,5.0,0
STU0168,3,2023-24,MA301,0.749,65.95,61.67,53.36,83.35,78.6,74.98,75.61,8.0,0
STU0168,3,2023-24,CS301,0.882,72.72,62.75,56.31,73.78,69.66,64.56,73.64,8.0,0
STU0168,3,2023-24,DS304,1.325,67.29,60.84,51.99,51.22,43.37,39.68,40.8,5.0,0
STU0168,4,2023-24,DS401,1.136,82.92,75.48,70.14,58.57,50.23,45.49,43.26,5.0,0
STU0168,4,2023-24,DS402,1.006,72.81,67.52,63.07,59.12,50.35,45.67,44.14,5.0,0
STU0168,4,2023-24,DS403,0.901,76.02,67.66,63.27,66.61,58.61,51.96,58.01,6.0,0
STU0168,4,2023-24,DS404,0.979,75.43,66.9,58.09,59.63,51.79,46.56,43.63,5.0,0
STU0168,4,2023-24,MA401,1.121,64.06,54.44,50.94,52.79,44.38,40.69,40.43,5.0,0
STU0168,4,2023-24,DS405,1.151,73.98,67.16,61.54,58.19,49.88,44.16,44.77,5.0,0
STU0168,5,2024-25,DS501,1.197,73.18,67.19,63.31,46.11,38.4,34.41,27.69,0.0,1
STU0168,5,2024-25,DS502,1.001,77.72,68.3,61.9,52.03,47.5,42.64,41.32,5.0,0
STU0168,5,2024-25,DS503,1.183,64.56,55.41,49.62,53.34,45.67,41.14,47.2,5.0,0
STU0168,5,2024-25,DS504,0.894,71.06,61.37,56.79,70.54,64.97,61.0,55.16,6.0,0
STU0168,5,2024-25,DS505,0.959,75.09,70.99,64.75,58.61,50.66,45.97,44.94,5.0,0
STU0168,5,2024-25,DS506,1.046,76.58,69.21,63.65,57.41,51.71,47.73,46.67,5.0,0
STU0168,6,2024-25,DS601,1.005,61.77,55.49,49.26,62.92,56.17,48.82,46.74,5.0,0
STU0168,6,2024-25,DS602,1.065,64.07,55.56,47.07,59.88,51.25,46.96,47.63,5.0,0
STU0168,6,2024-25,DS603,0.942,63.09,54.05,49.17,64.94,56.94,49.71,53.12,6.0,0
STU0168,6,2024-25,DS604,0.891,69.41,59.5,52.4,69.06,61.23,54.46,45.95,5.0,0
STU0168,6,2024-25,DS605,0.943,68.63,58.94,54.37,60.8,54.63,48.38,48.08,5.0,0
STU0168,6,2024-25,DS606,0.801,65.91,59.59,53.02,77.45,70.58,63.03,65.73,7.0,0
STU0169,1,2022-23,CS101,1.145,87.33,78.94,71.34,60.95,53.48,48.45,44.79,5.0,0
STU0169,1,2022-23,CS102,1.184,91.16,84.14,77.48,54.63,49.69,41.73,37.46,0.0,1
STU0169,1,2022-23,MA101,0.851,91.38,86.39,82.02,82.05,75.37,68.89,74.36,8.0,0
STU0169,1,2022-23,PH101,1.111,93.06,88.58,80.59,65.15,60.02,52.89,49.61,5.0,0
STU0169,1,2022-23,EE101,0.922,91.76,84.46,77.13,74.85,68.97,61.37,60.64,7.0,0
STU0169,2,2022-23,CS201,0.933,87.05,82.72,75.92,73.45,65.38,62.31,63.9,7.0,0
STU0169,2,2022-23,CS202,0.888,84.4,76.21,69.79,78.43,71.04,63.53,59.31,6.0,0
STU0169,2,2022-23,MA201,1.017,87.55,78.45,71.12,64.44,59.55,55.64,57.07,6.0,0
STU0169,2,2022-23,CH101,0.954,77.22,71.33,68.03,68.87,64.48,57.54,62.2,7.0,0
STU0169,2,2022-23,ME101,1.005,81.26,72.72,67.48,65.58,60.39,54.08,54.37,6.0,0
STU0169,3,2023-24,CS301,0.989,84.58,75.04,68.8,61.85,53.42,49.99,51.41,6.0,0
STU0169,3,2023-24,CS302,0.998,83.23,78.24,71.61,64.4,60.36,53.0,56.03,6.0,0
STU0169,3,2023-24,CS303,0.899,83.61,74.17,66.53,62.74,55.21,50.4,54.92,6.0,0
STU0169,3,2023-24,MA301,0.886,84.61,79.76,74.89,84.14,77.0,72.13,71.4,8.0,0
STU0169,3,2023-24,EC301,1.1,89.17,83.04,78.34,61.12,53.06,48.87,47.78,5.0,0
STU0169,3,2023-24,CS304,0.853,78.13,73.35,66.68,74.46,69.41,65.06,65.69,7.0,0
STU0169,4,2023-24,CS401,1.078,75.84,66.5,62.3,64.39,57.63,51.55,52.26,6.0,0
STU0169,4,2023-24,CS402,1.067,82.62,74.21,68.57,59.04,53.22,47.06,48.65,5.0,0
STU0169,4,2023-24,CS403,1.011,76.07,68.77,64.65,67.15,58.27,50.4,53.74,6.0,0
STU0169,4,2023-24,CS404,0.993,73.9,69.58,64.44,75.56,68.1,62.6,63.71,7.0,0
STU0169,4,2023-24,MA401,1.037,76.48,67.14,62.53,63.87,56.2,48.57,57.8,6.0,0
STU0169,4,2023-24,CS405,0.782,69.08,63.72,59.65,85.16,78.4,73.72,73.24,8.0,0
STU0169,5,2024-25,CS501,1.033,74.71,65.95,59.46,56.59,49.94,42.8,45.81,5.0,0
STU0169,5,2024-25,CS502,0.982,76.78,69.02,62.98,59.95,51.71,45.62,47.23,5.0,0
STU0169,5,2024-25,CS503,0.995,79.23,73.62,69.54,61.43,53.17,49.12,44.22,5.0,0
STU0169,5,2024-25,CS504,1.144,75.73,67.74,64.57,51.74,47.54,39.8,38.7,0.0,1
STU0169,5,2024-25,CS505,1.091,86.68,77.52,70.97,51.04,43.94,37.6,38.65,0.0,1
STU0169,5,2024-25,CS506,0.977,81.79,76.57,70.16,59.56,54.45,49.16,51.29,6.0,0
STU0169,6,2024-25,CS601,0.676,70.15,63.21,58.58,87.29,79.74,72.27,79.31,8.0,0
STU0169,6,2024-25,CS602,1.153,68.95,64.14,59.37,56.91,48.94,44.67,45.24,5.0,0
STU0169,6,2024-25,CS603,0.856,67.2,59.26,56.03,71.08,62.55,56.41,55.76,6.0,0
STU0169,6,2024-25,CS604,1.186,70.76,63.66,56.19,49.83,43.86,39.84,29.31,0.0,1
STU0169,6,2024-25,CS605,1.161,76.92,71.1,65.52,52.22,47.63,40.1,43.42,5.0,0
STU0169,6,2024-25,CS606,0.949,70.86,62.28,56.44,72.36,67.89,60.15,62.16,7.0,0
STU0170,1,2022-23,EC101,0.95,79.15,80.58,82.37,71.92,62.35,71.15,70.7,8.0,0
STU0170,1,2022-23,EC102,0.8,75.12,70.1,66.07,91.81,85.35,70.07,72.35,8.0,0
STU0170,1,2022-23,MA101,0.93,79.41,79.54,73.17,82.03,88.4,87.95,85.78,9.0,0
STU0170,1,2022-23,PH101,0.827,73.3,69.23,67.56,81.48,76.0,78.69,79.12,8.0,0
STU0170,1,2022-23,EE101,0.96,70.53,76.28,83.9,73.39,77.27,71.94,73.54,8.0,0
STU0170,2,2022-23,EC201,1.023,79.49,75.92,77.99,65.17,58.56,53.47,58.41,6.0,0
STU0170,2,2022-23,EC202,1.022,76.18,70.86,68.86,66.62,68.36,68.93,66.88,7.0,0
STU0170,2,2022-23,MA201,0.771,77.55,77.42,74.35,85.91,86.35,87.83,90.28,10.0,0
STU0170,2,2022-23,CH101,0.706,79.77,74.09,70.4,98.0,92.42,96.38,94.59,10.0,0
STU0170,2,2022-23,ME101,1.18,72.44,72.13,62.25,57.3,49.82,48.67,46.04,5.0,0
STU0170,3,2023-24,EC301,1.2,74.38,62.71,65.36,60.31,65.32,64.68,57.48,6.0,0
STU0170,3,2023-24,EC302,0.945,77.06,79.13,82.49,77.1,80.67,75.83,74.94,8.0,0
STU0170,3,2023-24,EC303,1.001,77.85,74.63,73.23,81.17,81.86,85.11,80.48,9.0,0
STU0170,3,2023-24,MA301,1.08,84.07,87.56,80.22,74.52,74.84,71.58,74.78,8.0,0
STU0170,3,2023-24,CS301,1.072,79.4,76.19,76.34,80.5,87.88,86.17,75.56,8.0,0
STU0170,3,2023-24,EC304,0.908,80.13,79.88,81.97,92.96,88.23,84.46,86.54,9.0,0
STU0170,4,2023-24,EC401,1.01,76.23,78.0,78.87,67.8,67.05,66.56,68.8,7.0,0
STU0170,4,2023-24,EC402,1.141,79.99,74.11,76.65,75.48,78.71,77.48,78.69,8.0,0
STU0170,4,2023-24,EC403,1.096,80.48,85.08,81.11,65.1,67.17,70.31,75.87,8.0,0
STU0170,4,2023-24,EC404,1.14,78.87,81.02,80.64,56.98,53.58,51.79,56.37,6.0,0
STU0170,4,2023-24,MA401,0.867,76.08,73.53,77.79,84.12,83.59,87.24,92.23,10.0,0
STU0170,4,2023-24,EC405,1.236,86.24,85.6,84.27,58.75,50.96,44.63,46.5,5.0,0
STU0170,5,2024-25,EC501,1.023,72.41,70.44,68.54,56.08,55.82,54.15,53.46,6.0,0
STU0170,5,2024-25,EC502,0.834,73.2,71.67,67.84,81.07,92.2,93.7,92.37,10.0,0
STU0170,5,2024-25,EC503,0.988,81.52,79.32,80.24,77.29,77.08,76.06,80.57,9.0,0
STU0170,5,2024-25,EC504,1.123,78.77,78.41,74.34,72.27,77.25,76.88,80.48,9.0,0
STU0170,5,2024-25,EC505,1.121,74.2,73.23,75.96,57.82,60.92,59.9,57.64,6.0,0
STU0170,5,2024-25,EC506,0.888,75.74,76.81,74.75,76.75,77.57,90.59,91.57,10.0,0
STU0170,6,2024-25,EC601,1.253,71.89,68.07,65.15,64.71,62.67,66.28,58.59,6.0,0
STU0170,6,2024-25,EC602,1.039,74.84,77.92,74.14,68.81,62.6,57.59,57.47,6.0,0
STU0170,6,2024-25,EC603,0.956,76.85,71.31,68.72,84.37,85.02,86.73,90.88,10.0,0
STU0170,6,2024-25,EC604,1.108,84.76,85.4,83.33,68.67,69.16,60.12,59.08,6.0,0
STU0170,6,2024-25,EC605,1.129,71.8,65.67,62.01,63.82,62.91,71.22,73.36,8.0,0
STU0170,6,2024-25,EC606,1.03,79.04,78.72,81.85,79.32,75.99,77.86,78.35,8.0,0
STU0171,1,2022-23,AI101,1.043,92.53,87.0,83.05,75.18,80.54,88.17,81.58,9.0,0
STU0171,1,2022-23,AI102,0.947,94.12,97.17,95.76,80.14,80.88,72.35,71.18,8.0,0
STU0171,1,2022-23,MA101,0.947,94.64,96.17,93.92,81.53,81.83,80.54,83.6,9.0,0
STU0171,1,2022-23,PH101,0.978,99.0,96.18,98.81,84.48,79.43,81.71,85.86,9.0,0
STU0171,1,2022-23,EE101,1.071,84.09,87.0,88.67,74.72,73.5,69.13,74.08,8.0,0
STU0171,2,2022-23,AI201,0.972,93.63,95.84,96.69,80.67,84.35,81.12,76.67,8.0,0
STU0171,2,2022-23,AI202,0.824,88.28,89.78,89.0,90.35,88.25,93.24,92.55,10.0,0
STU0171,2,2022-23,MA201,1.069,85.63,83.72,82.23,69.07,68.49,67.11,69.3,7.0,0
STU0171,2,2022-23,CH101,1.133,90.13,94.33,91.78,69.29,63.31,62.02,66.61,7.0,0
STU0171,2,2022-23,ME101,1.017,91.59,84.58,84.36,76.98,74.85,73.35,73.03,8.0,0
STU0171,3,2023-24,AI301,1.14,84.16,89.57,88.65,67.7,72.49,73.35,73.26,8.0,0
STU0171,3,2023-24,AI302,1.018,80.54,71.25,73.9,71.23,67.39,68.38,67.91,7.0,0
STU0171,3,2023-24,AI303,0.845,92.1,96.05,96.79,88.6,88.55,89.09,90.14,10.0,0
STU0171,3,2023-24,MA301,0.944,91.52,92.11,94.82,84.89,85.05,86.55,88.48,9.0,0
STU0171,3,2023-24,CS301,1.008,86.93,87.57,92.12,61.43,64.79,65.49,63.93,7.0,0
STU0171,3,2023-24,AI304,1.104,83.49,82.09,86.68,57.7,59.95,66.43,69.74,7.0,0
STU0171,4,2023-24,AI401,1.107,83.46,82.91,82.73,61.81,67.64,67.22,67.01,7.0,0
STU0171,4,2023-24,AI402,0.927,83.14,85.3,87.55,96.08,94.68,92.77,96.1,10.0,0
STU0171,4,2023-24,AI403,1.101,84.81,86.05,91.51,62.4,59.06,60.99,58.96,6.0,0
STU0171,4,2023-24,AI404,0.925,90.88,92.33,92.14,77.49,79.14,84.41,80.54,9.0,0
STU0171,4,2023-24,MA401,0.853,88.69,86.74,83.9,84.78,88.18,91.45,92.64,10.0,0
STU0171,4,2023-24,AI405,0.949,82.71,80.6,77.49,77.37,77.53,80.86,80.97,9.0,0
STU0171,5,2024-25,AI501,0.582,96.52,98.35,99.0,98.0,92.66,96.95,98.1,10.0,0
STU0171,5,2024-25,AI502,0.952,96.47,97.1,93.8,67.11,61.2,57.99,59.17,6.0,0
STU0171,5,2024-25,AI503,0.827,95.59,96.69,99.0,90.72,81.4,86.56,83.82,9.0,0
STU0171,5,2024-25,AI504,0.884,93.17,95.1,94.14,83.24,79.13,73.88,74.48,8.0,0
STU0171,5,2024-25,AI505,0.817,91.1,89.94,90.76,88.73,87.3,81.76,80.52,9.0,0
STU0171,5,2024-25,AI506,0.97,95.62,92.82,89.69,69.77,70.45,68.87,68.47,7.0,0
STU0171,6,2024-25,AI601,0.927,89.55,89.69,94.83,76.84,83.93,82.65,84.18,9.0,0
STU0171,6,2024-25,AI602,0.927,89.48,81.41,77.04,73.49,82.73,87.47,88.25,9.0,0
STU0171,6,2024-25,AI603,0.95,85.22,83.1,85.46,76.91,80.95,83.48,84.72,9.0,0
STU0171,6,2024-25,AI604,0.906,84.4,84.86,86.19,79.22,73.62,74.63,76.9,8.0,0
STU0171,6,2024-25,AI605,0.868,86.38,83.06,86.41,93.71,98.0,90.88,91.92,10.0,0
STU0171,6,2024-25,AI606,1.066,94.48,92.46,92.02,62.25,56.18,56.48,60.89,7.0,0
STU0172,1,2022-23,DS101,0.848,94.36,92.42,90.83,98.0,96.03,94.49,95.15,10.0,0
STU0172,1,2022-23,DS102,0.576,90.67,84.4,82.47,98.0,85.51,78.01,82.07,9.0,0
STU0172,1,2022-23,MA101,0.981,95.54,95.88,96.32,82.32,67.72,67.63,70.92,8.0,0
STU0172,1,2022-23,PH101,1.12,96.1,95.74,96.27,77.88,71.01,79.13,89.35,9.0,0
STU0172,1,2022-23,EE101,1.114,92.73,93.19,91.69,67.58,64.79,66.75,65.24,7.0,0
STU0172,2,2022-23,DS201,1.009,90.23,87.06,87.24,80.24,81.27,82.02,79.94,8.0,0
STU0172,2,2022-23,DS202,1.029,89.59,90.19,92.74,82.62,85.12,86.81,90.43,10.0,0
STU0172,2,2022-23,MA201,0.9,85.4,89.77,93.62,93.58,92.31,98.0,95.57,10.0,0
STU0172,2,2022-23,CH101,0.929,85.13,83.24,83.43,84.08,86.66,88.2,90.03,10.0,0
STU0172,2,2022-23,ME101,1.133,94.6,94.8,95.49,67.78,77.05,71.24,68.41,7.0,0
STU0172,3,2023-24,DS301,0.972,86.47,83.88,84.22,76.29,71.8,74.3,75.78,8.0,0
STU0172,3,2023-24,DS302,1.024,89.1,88.92,90.87,76.6,71.36,71.69,74.62,8.0,0
STU0172,3,2023-24,DS303,0.981,83.5,85.06,79.75,85.3,79.8,81.33,84.84,9.0,0
STU0172,3,2023-24,MA301,0.878,93.24,96.56,98.82,90.11,94.71,95.09,95.91,10.0,0
STU0172,3,2023-24,CS301,1.199,87.49,88.1,88.2,64.06,66.15,65.3,69.37,7.0,0
STU0172,3,2023-24,DS304,1.15,84.86,84.45,80.42,59.08,61.13,58.81,60.78,7.0,0
STU0172,4,2023-24,DS401,0.988,92.31,85.81,88.64,80.12,74.5,79.9,83.63,9.0,0
STU0172,4,2023-24,DS402,1.02,92.44,91.44,87.82,77.7,68.81,73.61,71.41,8.0,0
STU0172,4,2023-24,DS403,0.815,87.99,87.72,89.07,95.88,93.08,88.79,91.47,10.0,0
STU0172,4,2023-24,DS404,1.07,93.86,89.72,88.02,72.08,79.8,80.24,78.54,8.0,0
STU0172,4,2023-24,MA401,1.211,95.96,98.8,99.0,70.74,68.62,67.83,68.98,7.0,0
STU0172,4,2023-24,DS405,1.013,85.59,80.68,80.6,69.93,64.05,61.86,62.08,7.0,0
STU0172,5,2024-25,DS501,1.035,99.0,96.35,92.86,80.39,83.35,87.02,90.74,10.0,0
STU0172,5,2024-25,DS502,1.066,99.0,99.0,98.77,83.96,90.97,84.54,83.26,9.0,0
STU0172,5,2024-25,DS503,0.88,95.75,93.86,95.67,98.0,98.0,98.0,98.96,10.0,0
STU0172,5,2024-25,DS504,0.89,99.0,99.0,87.59,98.0,91.24,87.49,89.38,9.0,0
STU0172,5,2024-25,DS505,0.87,96.27,92.38,94.8,95.66,93.72,97.0,95.79,10.0,0
STU0172,5,2024-25,DS506,1.123,93.52,90.5,91.08,76.96,76.59,74.26,71.13,8.0,0
STU0172,6,2024-25,DS601,0.971,99.0,96.6,99.0,83.89,88.88,90.39,94.14,10.0,0
STU0172,6,2024-25,DS602,1.255,95.23,92.42,87.01,63.7,69.19,75.06,78.74,8.0,0
STU0172,6,2024-25,DS603,0.981,98.33,99.0,96.15,82.47,90.81,84.42,87.57,9.0,0
STU0172,6,2024-25,DS604,0.876,94.64,99.0,99.0,94.46,93.6,98.0,99.5,10.0,0
STU0172,6,2024-25,DS605,1.141,98.21,99.0,99.0,69.26,71.49,70.41,65.5,7.0,0
STU0172,6,2024-25,DS606,1.196,89.85,88.56,85.35,65.24,60.71,58.7,59.37,6.0,0
STU0173,1,2022-23,CS101,0.95,74.04,81.7,90.53,25.0,30.32,40.0,40.76,5.0,0
STU0173,1,2022-23,CS102,1.028,78.37,83.08,90.83,28.37,37.12,45.93,47.15,5.0,0
STU0173,1,2022-23,MA101,0.993,75.88,82.5,89.66,31.86,40.12,50.0,37.39,0.0,1
STU0173,1,2022-23,PH101,0.971,76.13,84.7,91.5,35.98,41.28,50.86,50.89,6.0,0
STU0173,1,2022-23,EE101,0.883,77.35,82.84,89.73,35.71,41.66,51.19,43.14,5.0,0
STU0173,2,2022-23,CS201,1.025,92.71,99.0,99.0,36.61,43.81,50.32,46.66,5.0,0
STU0173,2,2022-23,CS202,1.083,90.45,94.62,99.0,33.1,38.08,42.68,43.83,5.0,0
STU0173,2,2022-23,MA201,1.09,90.4,99.0,99.0,39.54,48.27,56.25,51.38,6.0,0
STU0173,2,2022-23,CH101,0.91,92.78,99.0,99.0,50.21,54.43,63.8,63.72,7.0,0
STU0173,2,2022-23,ME101,0.771,89.91,95.71,99.0,60.81,66.81,73.14,69.19,7.0,0
STU0173,3,2023-24,CS301,0.845,93.04,98.01,99.0,55.51,59.79,66.57,69.07,7.0,0
STU0173,3,2023-24,CS302,0.99,91.41,99.0,99.0,49.14,53.61,62.95,55.83,6.0,0
STU0173,3,2023-24,CS303,0.883,88.57,94.59,99.0,60.5,66.61,76.59,76.01,8.0,0
STU0173,3,2023-24,MA301,0.715,92.59,96.64,99.0,64.58,69.24,75.95,78.25,8.0,0
STU0173,3,2023-24,EC301,1.0,87.44,95.93,99.0,52.22,56.64,64.87,68.45,7.0,0
STU0173,3,2023-24,CS304,0.928,91.84,97.49,99.0,52.34,56.9,63.74,61.75,7.0,0
STU0173,4,2023-24,CS401,1.116,91.88,98.3,99.0,50.34,57.2,62.39,61.26,7.0,0
STU0173,4,2023-24,CS402,0.815,92.06,96.26,99.0,74.25,82.63,87.61,83.42,9.0,0
STU0173,4,2023-24,CS403,1.05,91.68,98.14,99.0,55.06,61.17,69.48,68.22,7.0,0
STU0173,4,2023-24,CS404,0.934,91.29,99.0,99.0,59.25,64.9,72.74,76.73,8.0,0
STU0173,4,2023-24,MA401,0.921,88.29,93.35,99.0,57.77,64.53,71.6,76.26,8.0,0
STU0173,4,2023-24,CS405,1.161,90.09,97.6,99.0,47.55,55.12,61.43,63.33,7.0,0
STU0173,5,2024-25,CS501,0.997,92.27,98.73,99.0,63.4,69.09,76.48,73.63,8.0,0
STU0173,5,2024-25,CS502,1.2,92.02,96.8,99.0,41.73,50.23,57.29,58.16,6.0,0
STU0173,5,2024-25,CS503,0.913,93.07,99.0,99.0,56.84,61.31,69.4,70.58,8.0,0
STU0173,5,2024-25,CS504,0.925,87.39,95.18,99.0,54.54,62.91,70.34,74.4,8.0,0
STU0173,5,2024-25,CS505,1.245,87.98,92.17,99.0,48.6,54.63,61.8,54.95,6.0,0
STU0173,5,2024-25,CS506,1.078,92.7,97.09,99.0,52.3,59.68,69.13,72.59,8.0,0
STU0173,6,2024-25,CS601,1.057,89.31,94.21,99.0,53.31,59.1,64.63,58.05,6.0,0
STU0173,6,2024-25,CS602,0.934,89.54,98.31,99.0,59.7,67.2,76.68,78.37,8.0,0
STU0173,6,2024-25,CS603,0.791,92.83,99.0,99.0,62.43,67.33,74.69,72.03,8.0,0
STU0173,6,2024-25,CS604,0.948,92.73,99.0,99.0,55.92,64.5,71.61,73.94,8.0,0
STU0173,6,2024-25,CS605,0.953,87.54,93.93,99.0,52.98,57.78,67.27,69.36,7.0,0
STU0173,6,2024-25,CS606,0.987,87.94,95.24,99.0,58.21,64.96,70.97,67.01,7.0,0
STU0174,1,2022-23,EC101,1.032,89.61,89.85,91.19,84.81,85.32,85.4,84.97,9.0,0
STU0174,1,2022-23,EC102,1.028,81.98,85.18,84.51,76.67,82.87,81.63,78.49,8.0,0
STU0174,1,2022-23,MA101,1.089,88.08,86.77,89.77,80.98,74.92,74.56,70.21,8.0,0
STU0174,1,2022-23,PH101,0.948,86.83,90.51,86.69,90.06,88.72,81.54,79.06,8.0,0
STU0174,1,2022-23,EE101,0.844,86.72,83.19,82.03,98.0,94.17,89.07,87.26,9.0,0
STU0174,2,2022-23,EC201,0.845,90.64,92.65,92.31,98.0,98.0,98.0,91.69,10.0,0
STU0174,2,2022-23,EC202,1.037,84.49,83.24,77.63,78.02,85.81,85.52,88.57,9.0,0
STU0174,2,2022-23,MA201,1.041,90.68,82.73,84.24,80.67,88.33,81.85,86.78,9.0,0
STU0174,2,2022-23,CH101,0.96,88.38,91.68,94.92,74.25,74.77,70.0,70.16,8.0,0
STU0174,2,2022-23,ME101,0.927,80.98,77.44,79.4,87.58,82.63,80.04,80.78,9.0,0
STU0174,3,2023-24,EC301,1.028,94.35,94.12,95.87,87.18,94.26,94.42,98.11,10.0,0
STU0174,3,2023-24,EC302,0.785,87.06,85.48,86.03,98.0,96.93,94.94,90.23,10.0,0
STU0174,3,2023-24,EC303,0.896,89.2,82.05,78.76,97.4,95.98,97.46,99.5,10.0,0
STU0174,3,2023-24,MA301,1.178,87.3,88.41,91.38,65.13,67.18,66.74,75.44,8.0,0
STU0174,3,2023-24,CS301,0.729,88.53,90.92,91.93,98.0,98.0,94.21,96.73,10.0,0
STU0174,3,2023-24,EC304,0.984,97.59,96.53,98.16,85.83,89.9,90.07,89.21,9.0,0
STU0174,4,2023-24,EC401,0.772,92.65,94.0,99.0,97.9,98.0,98.0,94.68,10.0,0
STU0174,4,2023-24,EC402,0.999,86.05,89.42,91.49,80.37,77.5,83.89,80.63,9.0,0
STU0174,4,2023-24,EC403,1.006,86.74,86.1,90.55,80.05,75.91,73.56,72.42,8.0,0
STU0174,4,2023-24,EC404,0.9,92.51,99.0,97.04,96.5,96.49,97.94,98.72,10.0,0
STU0174,4,2023-24,MA401,0.796,93.24,84.73,85.46,98.0,91.09,91.38,90.51,10.0,0
STU0174,4,2023-24,EC405,0.982,90.84,88.78,89.05,83.96,82.88,82.65,84.6,9.0,0
STU0174,5,2024-25,EC501,0.796,85.8,87.9,93.2,98.0,97.8,97.89,95.58,10.0,0
STU0174,5,2024-25,EC502,1.184,94.04,95.24,93.77,78.49,80.81,78.84,81.75,9.0,0
STU0174,5,2024-25,EC503,1.044,82.74,79.27,74.61,88.75,85.59,88.41,94.92,10.0,0
STU0174,5,2024-25,EC504,1.095,87.71,85.1,84.03,74.56,69.41,65.79,67.38,7.0,0
STU0174,5,2024-25,EC505,0.937,88.48,90.12,92.67,83.47,75.71,73.97,70.63,8.0,0
STU0174,5,2024-25,EC506,1.103,87.53,93.82,92.11,80.72,77.72,79.91,81.44,9.0,0
STU0174,6,2024-25,EC601,1.152,90.76,88.51,86.28,75.79,81.48,76.43,78.69,8.0,0
STU0174,6,2024-25,EC602,0.822,87.09,88.8,85.84,98.0,98.0,92.68,94.65,10.0,0
STU0174,6,2024-25,EC603,0.842,89.57,92.64,95.13,98.0,96.45,91.24,91.79,10.0,0
STU0174,6,2024-25,EC604,1.097,97.82,96.22,99.0,79.65,77.51,80.75,78.3,8.0,0
STU0174,6,2024-25,EC605,1.031,88.71,90.26,92.1,78.02,77.97,77.39,74.13,8.0,0
STU0174,6,2024-25,EC606,0.956,87.24,83.3,80.48,85.72,85.96,80.37,83.97,9.0,0
STU0175,1,2022-23,AI101,0.854,91.75,90.79,87.01,91.7,95.15,93.7,96.35,10.0,0
STU0175,1,2022-23,AI102,0.998,95.61,98.12,99.0,89.29,89.75,83.02,79.01,8.0,0
STU0175,1,2022-23,MA101,0.922,95.57,94.17,94.89,93.0,93.74,83.43,79.87,8.0,0
STU0175,1,2022-23,PH101,1.212,93.9,84.45,84.7,77.71,78.94,79.14,73.65,8.0,0
STU0175,1,2022-23,EE101,0.967,86.03,81.75,76.67,94.74,98.0,98.0,94.03,10.0,0
STU0175,2,2022-23,AI201,0.892,91.71,92.33,93.34,85.64,86.22,87.78,85.75,9.0,0
STU0175,2,2022-23,AI202,0.967,83.25,75.7,82.73,85.77,84.16,87.75,85.14,9.0,0
STU0175,2,2022-23,MA201,1.013,94.26,90.4,88.68,74.01,77.77,78.69,82.21,9.0,0
STU0175,2,2022-23,CH101,1.101,88.78,90.22,91.7,78.12,84.72,79.81,74.18,8.0,0
STU0175,2,2022-23,ME101,0.874,91.72,93.17,91.18,92.46,88.7,88.22,93.34,10.0,0
STU0175,3,2023-24,AI301,0.949,94.54,89.63,87.33,81.28,74.99,72.34,71.53,8.0,0
STU0175,3,2023-24,AI302,1.139,86.36,88.12,94.1,82.22,79.53,86.6,88.3,9.0,0
STU0175,3,2023-24,AI303,1.149,84.06,82.77,84.21,64.23,61.2,55.65,54.47,6.0,0
STU0175,3,2023-24,MA301,0.972,99.0,99.0,93.93,85.6,74.15,77.66,80.22,9.0,0
STU0175,3,2023-24,CS301,0.827,90.16,89.2,86.44,98.0,95.8,97.2,96.16,10.0,0
STU0175,3,2023-24,AI304,1.166,87.38,85.08,85.05,64.21,72.87,79.54,78.9,8.0,0
STU0175,4,2023-24,AI401,0.864,88.99,87.01,82.79,97.06,96.55,98.0,88.05,9.0,0
STU0175,4,2023-24,AI402,1.066,93.24,96.62,96.02,81.72,77.56,75.59,75.28,8.0,0
STU0175,4,2023-24,AI403,0.986,88.11,84.64,76.41,88.02,88.1,86.47,84.09,9.0,0
STU0175,4,2023-24,AI404,1.011,90.77,96.83,95.13,76.65,80.09,83.07,79.45,8.0,0
STU0175,4,2023-24,MA401,1.064,96.25,99.0,94.69,74.17,69.27,73.14,73.6,8.0,0
STU0175,4,2023-24,AI405,1.144,93.55,90.37,90.65,65.37,60.54,58.23,58.81,6.0,0
STU0175,5,2024-25,AI501,0.838,85.62,91.87,90.44,92.66,91.01,93.31,93.79,10.0,0
STU0175,5,2024-25,AI502,1.107,94.35,94.27,97.81,69.06,68.82,67.68,71.79,8.0,0
STU0175,5,2024-25,AI503,1.04,93.49,85.87,87.12,78.99,83.11,82.2,91.36,10.0,0
STU0175,5,2024-25,AI504,0.902,95.83,94.6,99.0,85.79,89.2,94.12,93.19,10.0,0
STU0175,5,2024-25,AI505,0.984,91.5,93.72,99.0,82.7,84.26,80.71,83.94,9.0,0
STU0175,5,2024-25,AI506,1.021,99.0,99.0,99.0,78.51,78.46,74.04,76.41,8.0,0
STU0175,6,2024-25,AI601,1.008,94.05,95.62,98.59,82.85,84.26,83.69,84.52,9.0,0
STU0175,6,2024-25,AI602,1.021,94.47,99.0,99.0,79.26,86.85,80.61,87.34,9.0,0
STU0175,6,2024-25,AI603,0.906,99.0,95.61,92.47,92.17,93.15,88.96,86.44,9.0,0
STU0175,6,2024-25,AI604,0.952,99.0,99.0,99.0,82.16,84.29,78.07,75.5,8.0,0
STU0175,6,2024-25,AI605,1.116,99.0,99.0,99.0,66.12,69.76,63.82,65.88,7.0,0
STU0175,6,2024-25,AI606,0.97,96.21,96.29,92.14,81.66,72.33,77.22,78.12,8.0,0
STU0176,1,2022-23,DS101,0.864,71.48,73.6,70.64,79.03,78.02,69.92,70.65,8.0,0
STU0176,1,2022-23,DS102,0.964,80.44,79.47,82.42,63.58,56.37,57.71,58.67,6.0,0
STU0176,1,2022-23,MA101,1.112,65.62,67.35,68.85,58.58,47.24,51.83,48.6,5.0,0
STU0176,1,2022-23,PH101,1.109,79.36,82.17,83.07,56.1,56.78,52.18,53.47,6.0,0
STU0176,1,2022-23,EE101,0.98,67.84,64.47,64.35,57.89,58.1,63.72,64.29,7.0,0
STU0176,2,2022-23,DS201,1.05,61.44,61.09,61.55,56.85,58.09,66.85,68.37,7.0,0
STU0176,2,2022-23,DS202,1.142,70.78,75.97,74.32,45.15,43.77,39.44,37.85,0.0,1
STU0176,2,2022-23,MA201,0.909,69.33,74.31,78.4,68.87,60.58,57.1,52.77,6.0,0
STU0176,2,2022-23,CH101,0.992,70.41,77.79,78.1,52.62,45.6,44.77,50.45,6.0,0
STU0176,2,2022-23,ME101,1.125,60.41,55.1,46.56,59.39,56.5,53.49,56.42,6.0,0
STU0176,3,2023-24,DS301,1.022,65.93,69.08,65.36,59.8,57.69,56.84,56.25,6.0,0
STU0176,3,2023-24,DS302,0.937,69.96,70.46,65.98,64.76,62.91,60.74,62.7,7.0,0
STU0176,3,2023-24,DS303,0.966,67.12,69.33,69.22,50.03,54.56,45.83,42.44,5.0,0
STU0176,3,2023-24,MA301,0.952,66.42,60.64,61.37,67.31,66.25,64.61,68.12,7.0,0
STU0176,3,2023-24,CS301,0.94,56.77,57.65,55.75,60.04,67.31,62.83,60.86,7.0,0
STU0176,3,2023-24,DS304,0.884,69.22,72.54,74.82,68.46,70.04,72.36,75.67,8.0,0
STU0176,4,2023-24,DS401,0.923,63.73,67.12,71.43,75.66,76.18,79.6,74.93,8.0,0
STU0176,4,2023-24,DS402,0.754,70.38,67.65,72.9,96.41,98.0,88.54,87.9,9.0,0
STU0176,4,2023-24,DS403,0.944,72.98,75.73,74.45,81.87,81.6,78.53,77.71,8.0,0
STU0176,4,2023-24,DS404,0.73,76.69,76.36,78.2,98.0,89.93,78.38,82.84,9.0,0
STU0176,4,2023-24,MA401,0.888,72.25,70.52,70.78,86.81,81.74,89.45,88.5,9.0,0
STU0176,4,2023-24,DS405,1.198,62.99,60.14,55.85,54.01,59.68,55.27,58.27,6.0,0
STU0176,5,2024-25,DS501,0.795,77.59,82.09,85.63,83.66,75.92,76.17,77.89,8.0,0
STU0176,5,2024-25,DS502,0.941,74.63,78.02,78.77,78.37,79.38,78.37,81.17,9.0,0
STU0176,5,2024-25,DS503,1.091,74.34,78.77,74.4,59.72,70.36,76.54,79.42,8.0,0
STU0176,5,2024-25,DS504,0.889,67.21,66.27,67.93,81.07,76.09,77.06,76.18,8.0,0
STU0176,5,2024-25,DS505,1.018,76.85,75.83,73.68,64.7,67.12,69.53,66.4,7.0,0
STU0176,5,2024-25,DS506,0.853,78.89,74.25,72.03,77.3,77.49,77.27,79.26,8.0,0
STU0176,6,2024-25,DS601,0.889,71.34,70.36,68.78,82.4,77.06,74.63,74.05,8.0,0
STU0176,6,2024-25,DS602,1.098,72.68,76.12,73.69,72.3,70.87,73.53,74.12,8.0,0
STU0176,6,2024-25,DS603,0.912,68.94,71.01,72.91,78.48,83.68,89.42,88.87,9.0,0
STU0176,6,2024-25,DS604,0.905,65.65,67.29,72.22,78.44,77.69,82.32,79.8,8.0,0
STU0176,6,2024-25,DS605,0.988,66.02,68.33,64.37,75.8,74.0,82.79,76.09,8.0,0
STU0176,6,2024-25,DS606,1.032,71.79,70.21,77.49,75.64,78.5,76.34,75.03,8.0,0
STU0177,1,2022-23,CS101,0.793,90.69,91.16,87.37,92.19,90.4,90.53,90.27,10.0,0
STU0177,1,2022-23,CS102,0.937,89.15,91.06,94.95,80.04,84.6,77.89,75.39,8.0,0
STU0177,1,2022-23,MA101,0.878,85.79,84.34,80.09,79.5,76.64,82.5,82.03,9.0,0
STU0177,1,2022-23,PH101,1.206,96.48,95.75,95.39,62.94,56.36,60.04,64.6,7.0,0
STU0177,1,2022-23,EE101,0.902,90.74,88.76,92.27,87.39,81.42,81.82,82.91,9.0,0
STU0177,2,2022-23,CS201,0.937,92.93,87.49,87.93,78.56,77.02,84.8,84.9,9.0,0
STU0177,2,2022-23,CS202,1.178,92.47,96.35,91.32,64.57,69.84,75.37,75.82,8.0,0
STU0177,2,2022-23,MA201,1.031,83.02,74.16,71.42,82.56,77.11,78.39,80.65,9.0,0
STU0177,2,2022-23,CH101,0.923,85.17,83.91,83.82,85.16,87.75,83.19,87.3,9.0,0
STU0177,2,2022-23,ME101,0.991,77.46,73.39,72.18,73.2,68.07,67.51,71.46,8.0,0
STU0177,3,2023-24,CS301,1.213,89.38,85.73,82.36,61.92,64.08,68.99,64.53,7.0,0
STU0177,3,2023-24,CS302,0.996,86.94,87.9,86.11,77.53,80.55,73.13,73.08,8.0,0
STU0177,3,2023-24,CS303,0.746,80.11,75.13,71.57,98.0,95.7,98.0,98.41,10.0,0
STU0177,3,2023-24,MA301,1.025,90.09,86.01,86.65,74.24,73.63,79.32,80.77,9.0,0
STU0177,3,2023-24,EC301,0.927,82.87,82.38,86.11,84.77,86.12,82.85,81.6,9.0,0
STU0177,3,2023-24,CS304,0.73,89.27,91.1,99.0,98.0,98.0,98.0,98.01,10.0,0
STU0177,4,2023-24,CS401,1.001,92.49,97.67,98.19,80.93,86.39,88.14,90.94,10.0,0
STU0177,4,2023-24,CS402,0.772,88.58,88.41,88.91,98.0,95.0,88.92,88.89,9.0,0
STU0177,4,2023-24,CS403,0.859,88.04,83.52,88.61,88.55,86.28,82.52,81.01,9.0,0
STU0177,4,2023-24,CS404,1.182,84.31,83.33,84.02,58.65,54.46,49.8,57.28,6.0,0
STU0177,4,2023-24,MA401,1.103,86.68,85.58,80.39,72.24,77.76,75.56,74.98,8.0,0
STU0177,4,2023-24,CS405,0.903,87.41,89.84,88.07,85.84,85.78,89.15,87.98,9.0,0
STU0177,5,2024-25,CS501,0.796,94.06,93.74,91.23,98.0,98.0,89.12,82.97,9.0,0
STU0177,5,2024-25,CS502,1.199,93.47,93.78,90.04,64.66,70.82,73.05,73.63,8.0,0
STU0177,5,2024-25,CS503,0.788,97.4,97.43,95.31,98.0,94.18,96.71,99.5,10.0,0
STU0177,5,2024-25,CS504,1.019,92.73,90.73,92.07,73.69,84.34,77.97,77.58,8.0,0
STU0177,5,2024-25,CS505,1.033,95.04,93.08,97.39,78.14,81.47,78.46,77.25,8.0,0
STU0177,5,2024-25,CS506,1.059,90.03,92.36,92.0,78.3,76.37,84.54,85.77,9.0,0
STU0177,6,2024-25,CS601,1.03,84.53,79.14,78.45,79.14,78.85,77.53,76.61,8.0,0
STU0177,6,2024-25,CS602,1.269,89.16,83.59,81.69,57.54,54.29,54.58,52.86,6.0,0
STU0177,6,2024-25,CS603,0.938,87.34,81.95,74.42,86.73,90.49,92.15,93.07,10.0,0
STU0177,6,2024-25,CS604,0.977,98.79,99.0,99.0,87.63,89.7,88.76,88.81,9.0,0
STU0177,6,2024-25,CS605,0.952,88.57,90.93,86.64,92.45,88.93,76.84,76.6,8.0,0
STU0177,6,2024-25,CS606,0.862,86.51,86.76,88.32,92.66,88.13,86.49,88.53,9.0,0
STU0178,1,2022-23,EC101,1.074,80.8,78.59,79.01,77.15,81.64,76.01,82.8,9.0,0
STU0178,1,2022-23,EC102,0.83,81.51,78.47,78.67,98.0,98.0,98.0,99.5,10.0,0
STU0178,1,2022-23,MA101,1.019,88.62,82.49,74.85,81.97,83.44,81.04,88.2,9.0,0
STU0178,1,2022-23,PH101,0.833,84.35,81.04,84.93,95.36,97.31,95.65,92.98,10.0,0
STU0178,1,2022-23,EE101,0.819,86.87,88.64,86.2,98.0,92.02,87.98,88.17,9.0,0
STU0178,2,2022-23,EC201,1.081,89.23,84.44,84.35,83.59,90.1,88.72,87.26,9.0,0
STU0178,2,2022-23,EC202,1.095,86.85,81.62,83.32,70.25,68.26,68.32,66.49,7.0,0
STU0178,2,2022-23,MA201,1.086,91.36,93.86,98.36,74.63,71.22,66.87,63.7,7.0,0
STU0178,2,2022-23,CH101,0.824,84.33,86.16,85.61,98.0,91.7,89.42,97.98,10.0,0
STU0178,2,2022-23,ME101,1.163,98.03,99.0,98.73,71.3,71.76,69.23,74.03,8.0,0
STU0178,3,2023-24,EC301,0.854,89.48,90.39,86.2,98.0,92.03,86.33,91.13,10.0,0
STU0178,3,2023-24,EC302,1.297,96.22,94.05,93.65,70.46,73.81,73.82,76.3,8.0,0
STU0178,3,2023-24,EC303,1.023,88.85,90.45,94.52,88.04,84.15,84.7,82.78,9.0,0
STU0178,3,2023-24,MA301,0.879,88.38,85.58,86.63,98.0,98.0,98.0,99.5,10.0,0
STU0178,3,2023-24,CS301,1.156,97.51,97.27,95.33,86.1,88.85,93.37,89.83,9.0,0
STU0178,3,2023-24,EC304,1.186,89.44,87.42,84.17,74.04,74.39,73.56,73.67,8.0,0
STU0178,4,2023-24,EC401,1.235,87.69,84.79,84.09,64.69,59.32,52.64,56.26,6.0,0
STU0178,4,2023-24,EC402,0.781,90.65,86.72,91.12,97.59,93.77,87.77,85.43,9.0,0
STU0178,4,2023-24,EC403,0.866,92.78,94.38,99.0,83.95,87.38,85.61,87.77,9.0,0
STU0178,4,2023-24,EC404,0.97,94.65,99.0,96.27,78.88,73.58,66.8,64.78,7.0,0
STU0178,4,2023-24,MA401,0.935,91.14,89.45,87.4,88.04,87.06,92.35,95.83,10.0,0
STU0178,4,2023-24,EC405,0.929,85.44,84.45,83.45,98.0,97.77,96.53,90.54,10.0,0
STU0178,5,2024-25,EC501,1.108,93.83,90.59,93.8,81.71,79.63,74.87,71.75,8.0,0
STU0178,5,2024-25,EC502,0.94,88.28,92.18,96.44,90.9,84.33,80.48,79.71,8.0,0
STU0178,5,2024-25,EC503,0.931,93.47,91.53,84.6,98.0,98.0,93.7,99.5,10.0,0
STU0178,5,2024-25,EC504,0.86,90.47,87.75,85.35,98.0,95.32,98.0,98.15,10.0,0
STU0178,5,2024-25,EC505,0.977,89.39,90.84,90.77,93.87,94.31,98.0,95.26,10.0,0
STU0178,5,2024-25,EC506,0.82,88.74,91.93,90.74,98.0,98.0,96.87,96.3,10.0,0
STU0178,6,2024-25,EC601,1.115,92.23,91.66,87.85,68.97,63.3,67.34,58.85,6.0,0
STU0178,6,2024-25,EC602,1.035,93.11,93.23,90.86,72.14,71.36,69.11,71.9,8.0,0
STU0178,6,2024-25,EC603,0.837,95.94,95.95,99.0,98.0,93.66,93.35,97.22,10.0,0
STU0178,6,2024-25,EC604,1.094,88.34,90.18,88.03,67.05,73.46,70.61,67.2,7.0,0
STU0178,6,2024-25,EC605,1.206,88.15,81.07,76.85,69.16,66.54,68.36,67.49,7.0,0
STU0178,6,2024-25,EC606,0.95,88.77,84.12,79.2,90.61,91.15,96.93,93.45,10.0,0
STU0179,1,2022-23,AI101,0.998,96.18,98.68,96.55,78.81,77.83,74.03,72.11,8.0,0
STU0179,1,2022-23,AI102,0.905,94.7,93.87,92.98,84.19,92.98,86.52,84.71,9.0,0
STU0179,1,2022-23,MA101,0.993,90.2,92.82,99.0,69.97,64.82,64.83,66.09,7.0,0
STU0179,1,2022-23,PH101,0.862,91.88,89.37,90.98,90.89,92.48,94.87,96.84,10.0,0
STU0179,1,2022-23,EE101,0.821,91.56,95.04,96.45,91.54,91.49,90.98,90.73,10.0,0
STU0179,2,2022-23,AI201,1.069,86.72,85.01,82.22,76.17,74.77,72.72,71.71,8.0,0
STU0179,2,2022-23,AI202,0.936,98.3,97.86,99.0,80.96,87.26,92.4,92.22,10.0,0
STU0179,2,2022-23,MA201,1.077,94.04,93.97,92.91,71.98,71.99,68.72,69.87,7.0,0
STU0179,2,2022-23,CH101,0.859,93.92,91.03,95.82,93.66,95.01,97.77,99.5,10.0,0
STU0179,2,2022-23,ME101,1.079,86.8,84.83,82.63,67.94,75.22,75.07,78.08,8.0,0
STU0179,3,2023-24,AI301,1.006,90.04,94.5,88.84,81.29,81.64,80.98,80.61,9.0,0
STU0179,3,2023-24,AI302,1.048,91.13,94.49,88.23,71.42,67.58,61.0,61.71,7.0,0
STU0179,3,2023-24,AI303,1.171,93.27,92.05,94.86,68.93,64.76,62.01,67.51,7.0,0
STU0179,3,2023-24,MA301,1.157,93.27,96.34,99.0,73.32,77.38,73.97,74.56,8.0,0
STU0179,3,2023-24,CS301,1.112,92.42,92.07,90.47,62.56,59.72,54.22,55.05,6.0,0
STU0179,3,2023-24,AI304,0.934,91.57,92.43,93.5,80.6,78.92,79.22,79.41,8.0,0
STU0179,4,2023-24,AI401,0.872,92.05,89.53,88.22,94.96,97.99,98.0,93.94,10.0,0
STU0179,4,2023-24,AI402,0.919,92.43,94.42,89.36,82.09,84.44,86.23,90.58,10.0,0
STU0179,4,2023-24,AI403,1.229,90.34,86.11,83.12,77.55,74.96,80.69,84.54,9.0,0
STU0179,4,2023-24,AI404,0.766,95.2,95.74,99.0,98.0,98.0,98.0,99.5,10.0,0
STU0179,4,2023-24,MA401,0.7,88.55,86.22,87.21,98.0,98.0,98.0,91.72,10.0,0
STU0179,4,2023-24,AI405,1.244,89.96,92.21,88.88,65.5,56.7,61.74,57.63,6.0,0
STU0179,5,2024-25,AI501,0.933,93.84,87.7,88.31,85.62,81.45,81.41,77.2,8.0,0
STU0179,5,2024-25,AI502,0.845,99.0,98.45,94.15,98.0,97.19,98.0,99.45,10.0,0
STU0179,5,2024-25,AI503,1.001,96.06,99.0,94.15,68.88,65.66,63.08,58.0,6.0,0
STU0179,5,2024-25,AI504,1.052,95.87,98.14,97.82,68.41,65.1,65.51,69.66,7.0,0
STU0179,5,2024-25,AI505,1.004,97.03,99.0,99.0,78.4,75.1,83.91,71.53,8.0,0
STU0179,5,2024-25,AI506,0.97,98.21,93.94,90.14,85.42,94.1,98.0,96.96,10.0,0
STU0179,6,2024-25,AI601,1.11,92.7,88.73,94.33,83.26,81.36,85.58,85.14,9.0,0
STU0179,6,2024-25,AI602,1.262,87.57,86.95,81.88,57.12,56.6,54.57,51.54,6.0,0
STU0179,6,2024-25,AI603,1.1,98.74,99.0,92.43,76.28,77.76,73.97,75.01,8.0,0
STU0179,6,2024-25,AI604,0.939,90.26,86.12,89.04,93.86,93.22,97.66,99.5,10.0,0
STU0179,6,2024-25,AI605,1.016,93.23,94.87,91.94,83.54,84.22,78.34,74.45,8.0,0
STU0179,6,2024-25,AI606,0.882,95.59,94.41,94.32,98.0,98.0,95.11,92.15,10.0,0
STU0180,1,2022-23,DS101,1.15,73.74,74.19,70.85,68.16,73.23,72.62,75.4,8.0,0
STU0180,1,2022-23,DS102,0.951,72.5,79.81,78.5,81.36,79.61,80.87,82.96,9.0,0
STU0180,1,2022-23,MA101,0.892,69.93,71.92,72.48,89.77,90.99,98.0,99.5,10.0,0
STU0180,1,2022-23,PH101,1.225,79.51,77.26,82.45,65.77,69.69,75.02,74.1,8.0,0
STU0180,1,2022-23,EE101,1.039,71.07,79.16,76.52,65.61,61.93,61.68,61.5,7.0,0
STU0180,2,2022-23,DS201,0.941,78.69,82.77,83.49,86.4,86.77,85.6,87.7,9.0,0
STU0180,2,2022-23,DS202,1.027,80.78,86.18,85.78,78.35,83.16,85.01,86.54,9.0,0
STU0180,2,2022-23,MA201,1.017,77.78,79.61,77.48,67.38,66.99,66.23,71.09,8.0,0
STU0180,2,2022-23,CH101,1.036,79.01,77.57,75.48,70.36,64.69,67.96,68.88,7.0,0
STU0180,2,2022-23,ME101,1.177,78.96,79.81,72.88,75.1,75.28,65.9,57.58,6.0,0
STU0180,3,2023-24,DS301,1.075,73.96,70.45,65.97,79.09,82.92,85.44,87.96,9.0,0
STU0180,3,2023-24,DS302,1.002,75.69,77.91,78.98,75.79,77.97,81.79,80.11,9.0,0
STU0180,3,2023-24,DS303,0.983,81.63,80.54,78.39,88.98,88.34,91.73,87.69,9.0,0
STU0180,3,2023-24,MA301,1.001,74.0,76.65,79.56,73.99,78.71,81.48,85.07,9.0,0
STU0180,3,2023-24,CS301,1.096,80.02,75.66,76.81,81.48,80.39,81.74,82.29,9.0,0
STU0180,3,2023-24,DS304,1.164,77.9,71.55,70.27,64.15,64.08,63.18,64.55,7.0,0
STU0180,4,2023-24,DS401,0.781,74.68,73.74,70.95,98.0,91.72,88.76,85.71,9.0,0
STU0180,4,2023-24,DS402,0.861,74.8,73.53,76.86,97.66,98.0,98.0,96.83,10.0,0
STU0180,4,2023-24,DS403,1.16,74.75,76.32,81.9,76.9,76.29,78.65,77.48,8.0,0
STU0180,4,2023-24,DS404,1.061,77.4,74.55,73.73,86.58,87.51,89.87,90.24,10.0,0
STU0180,4,2023-24,MA401,0.876,66.21,67.84,62.52,92.69,94.95,93.61,91.05,10.0,0
STU0180,4,2023-24,DS405,1.039,72.67,75.98,75.77,79.48,84.7,83.46,79.88,8.0,0
STU0180,5,2024-25,DS501,1.024,78.48,81.19,80.78,77.97,80.95,79.96,75.35,8.0,0
STU0180,5,2024-25,DS502,0.913,82.63,87.59,91.62,70.38,70.8,73.0,84.32,9.0,0
STU0180,5,2024-25,DS503,1.052,78.99,76.63,76.52,63.33,70.98,69.73,67.74,7.0,0
STU0180,5,2024-25,DS504,1.123,73.85,80.24,74.67,69.43,69.47,67.63,80.06,9.0,0
STU0180,5,2024-25,DS505,0.95,79.76,82.51,84.46,70.97,64.79,67.14,67.43,7.0,0
STU0180,5,2024-25,DS506,1.014,75.06,75.88,73.82,68.19,60.19,67.28,67.91,7.0,0
STU0180,6,2024-25,DS601,1.155,71.22,69.21,65.12,63.02,65.58,66.6,68.04,7.0,0
STU0180,6,2024-25,DS602,1.128,74.7,71.62,68.4,59.91,65.15,68.48,61.02,7.0,0
STU0180,6,2024-25,DS603,1.03,77.21,74.71,73.27,64.99,59.42,57.09,61.92,7.0,0
STU0180,6,2024-25,DS604,0.918,74.27,71.12,64.3,77.53,81.75,83.57,82.0,9.0,0
STU0180,6,2024-25,DS605,1.063,73.62,68.95,61.41,66.64,77.04,71.69,69.43,7.0,0
STU0180,6,2024-25,DS606,1.109,71.06,71.59,68.25,57.34,51.72,51.85,57.35,6.0,0
STU0181,1,2023-24,CS101,0.899,93.26,88.59,87.73,98.0,98.0,96.78,96.58,10.0,0
STU0181,1,2023-24,CS102,1.143,96.01,98.48,93.47,88.98,95.51,98.0,99.5,10.0,0
STU0181,1,2023-24,MA101,1.052,99.0,99.0,99.0,93.47,95.35,98.0,98.34,10.0,0
STU0181,1,2023-24,PH101,1.112,96.64,95.89,97.77,77.11,80.02,68.54,72.5,8.0,0
STU0181,1,2023-24,EE101,0.827,92.49,96.78,98.6,98.0,96.34,98.0,95.56,10.0,0
STU0181,2,2023-24,CS201,1.059,90.87,89.57,86.45,87.27,81.54,75.28,78.0,8.0,0
STU0181,2,2023-24,CS202,1.047,86.07,90.78,92.9,93.45,98.0,98.0,99.5,10.0,0
STU0181,2,2023-24,MA201,0.991,88.76,82.66,83.78,98.0,97.74,88.43,82.05,9.0,0
STU0181,2,2023-24,CH101,0.734,82.82,83.4,83.45,98.0,96.46,92.78,91.16,10.0,0
STU0181,2,2023-24,ME101,0.978,91.53,94.18,94.46,88.35,87.55,88.47,85.95,9.0,0
STU0181,3,2024-25,CS301,0.955,87.5,82.98,76.81,98.0,84.46,85.23,83.85,9.0,0
STU0181,3,2024-25,CS302,0.923,90.36,87.74,84.49,97.37,90.58,94.9,92.74,10.0,0
STU0181,3,2024-25,CS303,0.98,86.53,88.68,85.57,94.95,87.54,88.43,90.66,10.0,0
STU0181,3,2024-25,MA301,1.064,92.46,92.74,94.59,96.21,91.41,96.6,97.87,10.0,0
STU0181,3,2024-25,EC301,1.115,91.64,86.06,88.67,89.08,87.02,89.29,91.14,10.0,0
STU0181,3,2024-25,CS304,1.169,95.66,97.48,99.0,87.35,84.91,89.27,87.53,9.0,0
STU0181,4,2024-25,CS401,0.909,92.83,93.18,94.81,98.0,93.21,87.36,92.58,10.0,0
STU0181,4,2024-25,CS402,0.91,90.25,89.65,89.41,98.0,93.81,92.14,95.89,10.0,0
STU0181,4,2024-25,CS403,0.996,94.36,96.6,99.0,96.34,98.0,94.84,89.92,9.0,0
STU0181,4,2024-25,CS404,0.898,88.03,96.99,99.0,98.0,88.25,86.24,88.19,9.0,0
STU0181,4,2024-25,MA401,1.023,82.68,84.04,81.46,93.89,87.97,87.8,91.69,10.0,0
STU0181,4,2024-25,CS405,0.954,94.57,90.43,88.97,98.0,95.06,93.57,90.03,10.0,0
STU0182,1,2023-24,EC101,0.96,95.7,91.71,90.18,69.18,64.86,70.83,67.85,7.0,0
STU0182,1,2023-24,EC102,1.0,91.71,88.17,91.01,64.12,69.21,66.18,58.43,6.0,0
STU0182,1,2023-24,MA101,0.888,93.62,94.82,93.3,78.35,83.8,83.48,83.46,9.0,0
STU0182,1,2023-24,PH101,1.183,95.31,93.07,96.81,58.17,53.44,59.31,57.18,6.0,0
STU0182,1,2023-24,EE101,0.939,89.5,96.63,93.3,71.38,69.84,72.21,72.0,8.0,0
STU0182,2,2023-24,EC201,1.163,85.74,83.36,85.15,57.39,56.7,62.41,64.28,7.0,0
STU0182,2,2023-24,EC202,1.063,95.22,96.36,95.18,74.38,72.24,71.51,66.54,7.0,0
STU0182,2,2023-24,MA201,0.943,92.55,92.64,95.88,76.21,74.42,71.98,72.71,8.0,0
STU0182,2,2023-24,CH101,1.186,82.99,81.29,80.06,51.68,51.12,49.53,48.21,5.0,0
STU0182,2,2023-24,ME101,0.868,91.89,87.8,84.86,84.18,88.78,90.63,92.47,10.0,0
STU0182,3,2024-25,EC301,0.874,89.25,86.25,85.78,94.49,90.25,94.41,97.39,10.0,0
STU0182,3,2024-25,EC302,1.022,87.49,87.92,85.78,89.07,83.69,86.65,88.56,9.0,0
STU0182,3,2024-25,EC303,1.108,92.29,91.13,99.0,71.83,75.07,75.15,76.18,8.0,0
STU0182,3,2024-25,MA301,1.041,87.17,82.47,78.0,78.9,80.02,76.93,72.62,8.0,0
STU0182,3,2024-25,CS301,1.11,85.35,87.03,84.4,82.13,79.76,71.84,62.72,7.0,0
STU0182,3,2024-25,EC304,1.076,90.71,85.86,88.85,84.75,86.58,88.05,88.78,9.0,0
STU0182,4,2024-25,EC401,0.86,92.04,92.33,91.97,94.0,95.11,95.99,94.13,10.0,0
STU0182,4,2024-25,EC402,0.924,99.0,97.73,99.0,77.18,74.75,77.08,78.39,8.0,0
STU0182,4,2024-25,EC403,0.882,99.0,96.77,93.96,89.51,84.36,80.71,78.65,8.0,0
STU0182,4,2024-25,EC404,0.826,94.71,90.76,91.79,90.78,95.66,98.0,99.5,10.0,0
STU0182,4,2024-25,MA401,0.99,99.0,99.0,97.26,74.31,76.51,72.34,73.85,8.0,0
STU0182,4,2024-25,EC405,0.991,93.77,96.7,99.0,78.34,78.83,84.0,88.75,9.0,0
STU0183,1,2023-24,AI101,0.863,88.29,80.54,77.6,97.09,98.0,98.0,99.5,10.0,0
STU0183,1,2023-24,AI102,1.06,84.59,79.78,78.86,81.73,82.96,76.65,75.63,8.0,0
STU0183,1,2023-24,MA101,1.134,91.82,92.09,95.53,75.02,68.84,63.78,57.78,6.0,0
STU0183,1,2023-24,PH101,0.799,92.52,91.14,93.53,98.0,98.0,98.0,93.75,10.0,0
STU0183,1,2023-24,EE101,1.001,91.21,90.06,92.0,84.08,91.01,84.81,80.6,9.0,0
STU0183,2,2023-24,AI201,0.925,92.92,96.72,95.93,92.93,98.0,98.0,99.5,10.0,0
STU0183,2,2023-24,AI202,0.849,92.86,96.21,97.92,98.0,98.0,98.0,99.5,10.0,0
STU0183,2,2023-24,MA201,1.096,88.85,89.75,91.78,69.26,70.11,75.55,72.79,8.0,0
STU0183,2,2023-24,CH101,0.868,92.46,88.45,92.41,98.0,98.0,93.9,99.5,10.0,0
STU0183,2,2023-24,ME101,1.265,95.6,93.21,92.97,60.0,65.88,66.41,66.14,7.0,0
STU0183,3,2024-25,AI301,1.065,86.61,88.12,94.88,72.89,67.23,63.72,67.32,7.0,0
STU0183,3,2024-25,AI302,1.034,83.35,85.19,83.45,80.64,82.78,80.04,74.59,8.0,0
STU0183,3,2024-25,AI303,1.029,85.66,83.49,84.35,83.24,73.43,73.92,73.56,8.0,0
STU0183,3,2024-25,MA301,0.955,89.04,82.5,72.21,78.26,81.45,79.29,78.56,8.0,0
STU0183,3,2024-25,CS301,1.205,88.16,91.73,91.5,57.67,56.66,52.92,50.51,6.0,0
STU0183,3,2024-25,AI304,1.047,77.58,75.13,73.59,81.98,91.34,81.87,82.17,9.0,0
STU0183,4,2024-25,AI401,1.314,77.86,75.75,80.22,66.68,70.27,68.33,71.24,8.0,0
STU0183,4,2024-25,AI402,1.108,84.9,91.82,92.77,78.59,76.6,78.58,79.45,8.0,0
STU0183,4,2024-25,AI403,1.08,84.97,86.33,84.87,81.77,82.6,81.14,78.79,8.0,0
STU0183,4,2024-25,AI404,1.1,86.81,86.4,81.93,84.42,90.38,98.0,92.37,10.0,0
STU0183,4,2024-25,MA401,0.967,80.53,74.28,74.49,88.83,88.5,81.22,83.06,9.0,0
STU0183,4,2024-25,AI405,0.857,87.66,91.13,92.5,96.74,97.38,94.62,96.51,10.0,0
STU0184,1,2023-24,DS101,1.003,87.63,88.82,80.67,82.03,82.86,84.96,83.77,9.0,0
STU0184,1,2023-24,DS102,1.161,79.03,83.41,79.97,66.61,72.83,79.52,82.08,9.0,0
STU0184,1,2023-24,MA101,1.134,85.69,84.24,86.05,68.24,73.17,78.39,78.56,8.0,0
STU0184,1,2023-24,PH101,0.989,86.19,85.56,89.56,77.35,74.89,73.18,64.68,7.0,0
STU0184,1,2023-24,EE101,0.993,84.54,93.48,91.32,74.62,71.62,68.17,69.91,7.0,0
STU0184,2,2023-24,DS201,1.048,76.11,73.66,77.47,73.73,76.93,79.36,72.49,8.0,0
STU0184,2,2023-24,DS202,0.898,68.38,71.63,75.06,78.54,77.41,76.22,87.79,9.0,0
STU0184,2,2023-24,MA201,1.096,73.53,75.24,70.76,65.42,64.29,66.56,63.72,7.0,0
STU0184,2,2023-24,CH101,1.219,70.36,69.17,65.31,52.62,52.0,52.22,51.5,6.0,0
STU0184,2,2023-24,ME101,1.061,83.32,82.63,80.88,71.5,67.23,74.66,69.15,7.0,0
STU0184,3,2024-25,DS301,0.883,74.58,77.78,80.21,80.55,84.44,80.69,79.93,8.0,0
STU0184,3,2024-25,DS302,0.931,72.41,70.51,71.14,72.87,75.52,73.26,70.1,8.0,0
STU0184,3,2024-25,DS303,1.124,80.45,82.4,83.24,64.01,58.02,60.61,63.12,7.0,0
STU0184,3,2024-25,MA301,1.051,73.53,74.74,68.87,64.68,59.99,68.25,68.4,7.0,0
STU0184,3,2024-25,CS301,0.889,74.02,74.78,76.31,77.92,79.02,77.17,74.98,8.0,0
STU0184,3,2024-25,DS304,1.152,78.42,79.36,77.5,64.9,49.2,55.95,60.71,7.0,0
STU0184,4,2024-25,DS401,0.998,78.5,73.48,74.25,74.14,64.5,66.91,67.5,7.0,0
STU0184,4,2024-25,DS402,1.011,68.91,72.96,74.35,77.71,81.99,84.63,82.71,9.0,0
STU0184,4,2024-25,DS403,1.061,73.75,73.99,76.09,66.85,55.44,53.92,49.0,5.0,0
STU0184,4,2024-25,DS404,0.954,66.66,66.91,66.53,79.59,82.15,87.2,85.43,9.0,0
STU0184,4,2024-25,MA401,1.026,74.31,69.17,72.3,69.77,66.38,64.94,61.78,7.0,0
STU0184,4,2024-25,DS405,0.898,75.31,71.14,74.36,80.18,83.71,85.61,82.45,9.0,0
STU0185,1,2023-24,CS101,1.125,49.78,57.16,65.5,29.45,35.2,40.43,42.83,5.0,0
STU0185,1,2023-24,CS102,1.072,48.3,56.28,62.36,36.79,43.48,50.82,50.29,6.0,0
STU0185,1,2023-24,MA101,1.084,52.72,59.69,66.56,32.79,37.0,46.3,47.46,5.0,0
STU0185,1,2023-24,PH101,0.978,50.12,58.18,64.94,34.69,42.6,51.13,50.53,6.0,0
STU0185,1,2023-24,EE101,1.013,52.32,59.38,66.57,26.63,31.51,40.0,40.94,5.0,0
STU0185,2,2023-24,CS201,1.084,66.5,72.42,77.82,40.2,46.92,56.54,54.89,6.0,0
STU0185,2,2023-24,CS202,1.04,66.48,74.1,81.69,42.56,48.05,53.31,54.05,6.0,0
STU0185,2,2023-24,MA201,1.183,62.42,66.68,73.95,42.99,49.95,56.29,59.77,6.0,0
STU0185,2,2023-24,CH101,0.932,64.2,73.19,82.26,51.13,58.35,66.39,65.37,7.0,0
STU0185,2,2023-24,ME101,1.043,67.66,72.77,81.23,54.42,61.48,71.26,69.18,7.0,0
STU0185,3,2024-25,CS301,1.003,63.8,69.14,75.78,48.71,56.2,65.24,66.48,7.0,0
STU0185,3,2024-25,CS302,1.166,60.6,68.07,77.1,51.09,55.46,65.2,62.74,7.0,0
STU0185,3,2024-25,CS303,1.119,63.48,67.64,74.59,48.01,55.64,60.04,60.87,7.0,0
STU0185,3,2024-25,MA301,0.89,60.76,67.11,75.97,62.8,67.59,75.03,74.13,8.0,0
STU0185,3,2024-25,EC301,0.885,65.21,71.64,80.27,59.05,67.57,75.99,74.22,8.0,0
STU0185,3,2024-25,CS304,0.963,63.2,68.93,76.31,47.54,56.1,64.1,59.95,6.0,0
STU0185,4,2024-25,CS401,1.166,71.06,77.36,87.19,42.16,46.84,51.81,45.74,5.0,0
STU0185,4,2024-25,CS402,1.162,71.66,78.4,83.16,45.75,50.72,59.76,54.58,6.0,0
STU0185,4,2024-25,CS403,1.041,71.56,80.21,88.72,55.52,59.71,65.05,61.89,7.0,0
STU0185,4,2024-25,CS404,0.973,72.52,81.42,86.27,47.94,55.89,60.04,57.48,6.0,0
STU0185,4,2024-25,MA401,1.093,72.04,77.5,83.95,46.42,54.55,61.92,65.51,7.0,0
STU0185,4,2024-25,CS405,1.048,69.04,77.15,84.23,50.54,59.15,67.66,58.46,6.0,0
STU0186,1,2023-24,EC101,0.805,80.55,81.68,76.61,96.83,98.0,98.0,99.5,10.0,0
STU0186,1,2023-24,EC102,0.956,72.84,73.24,76.05,86.26,93.37,93.53,90.2,10.0,0
STU0186,1,2023-24,MA101,1.13,76.56,72.07,74.25,76.22,77.94,84.35,82.89,9.0,0
STU0186,1,2023-24,PH101,0.913,79.65,78.41,82.63,86.5,91.99,94.83,92.13,10.0,0
STU0186,1,2023-24,EE101,0.761,79.36,81.33,77.77,98.0,98.0,94.82,89.02,9.0,0
STU0186,2,2023-24,EC201,0.912,88.84,90.0,89.61,89.64,87.38,82.43,83.64,9.0,0
STU0186,2,2023-24,EC202,1.032,75.55,71.42,69.07,79.26,72.41,70.97,76.78,8.0,0
STU0186,2,2023-24,MA201,1.008,86.26,86.04,89.48,78.68,77.69,78.37,73.35,8.0,0
STU0186,2,2023-24,CH101,1.017,75.11,74.22,77.19,83.7,86.91,89.39,91.78,10.0,0
STU0186,2,2023-24,ME101,1.231,85.79,85.64,87.95,59.42,64.16,60.9,61.35,7.0,0
STU0186,3,2024-25,EC301,0.922,76.75,78.57,77.91,63.72,64.01,61.7,71.14,8.0,0
STU0186,3,2024-25,EC302,1.08,72.75,73.35,71.67,67.29,67.55,65.23,70.29,8.0,0
STU0186,3,2024-25,EC303,1.077,74.14,67.43,72.07,62.35,66.24,71.53,73.34,8.0,0
STU0186,3,2024-25,MA301,1.037,78.16,79.68,78.54,69.73,72.91,79.6,80.6,9.0,0
STU0186,3,2024-25,CS301,1.01,78.27,84.26,80.13,55.51,54.65,54.19,57.52,6.0,0
STU0186,3,2024-25,EC304,1.167,78.13,76.7,68.31,67.86,70.71,76.73,80.06,9.0,0
STU0186,4,2024-25,EC401,1.001,78.05,81.02,76.33,65.96,65.97,61.75,64.6,7.0,0
STU0186,4,2024-25,EC402,1.035,83.57,90.69,90.08,70.03,61.49,54.91,55.88,6.0,0
STU0186,4,2024-25,EC403,0.963,85.15,87.33,82.32,72.25,70.22,76.24,75.63,8.0,0
STU0186,4,2024-25,EC404,0.961,74.72,70.71,67.95,75.67,83.33,90.65,99.27,10.0,0
STU0186,4,2024-25,MA401,1.278,81.49,83.73,82.63,57.47,58.49,55.93,63.16,7.0,0
STU0186,4,2024-25,EC405,1.131,78.9,76.68,76.69,55.15,58.69,57.84,54.52,6.0,0
STU0187,1,2023-24,AI101,0.91,87.03,91.43,84.83,98.0,98.0,98.0,97.8,10.0,0
STU0187,1,2023-24,AI102,1.046,81.24,84.71,82.36,86.5,87.3,90.71,87.68,9.0,0
STU0187,1,2023-24,MA101,1.051,84.59,91.08,93.52,78.02,75.19,78.62,77.0,8.0,0
STU0187,1,2023-24,PH101,0.938,79.02,79.49,80.25,89.1,96.72,98.0,99.5,10.0,0
STU0187,1,2023-24,EE101,1.016,79.53,76.05,75.62,87.52,86.19,90.04,94.25,10.0,0
STU0187,2,2023-24,AI201,1.114,79.19,80.33,82.77,61.04,63.02,63.84,65.22,7.0,0
STU0187,2,2023-24,AI202,0.885,78.44,76.75,80.4,85.94,83.24,78.79,81.4,9.0,0
STU0187,2,2023-24,MA201,1.118,85.81,84.68,81.14,67.79,64.66,61.82,63.25,7.0,0
STU0187,2,2023-24,CH101,1.131,79.77,80.17,83.04,66.48,73.01,86.5,84.61,9.0,0
STU0187,2,2023-24,ME101,1.145,82.96,84.8,89.31,68.56,71.48,71.85,72.27,8.0,0
STU0187,3,2024-25,AI301,0.874,86.24,85.38,83.43,98.0,93.8,92.58,89.38,9.0,0
STU0187,3,2024-25,AI302,0.952,93.77,91.09,90.56,93.38,95.36,94.73,92.65,10.0,0
STU0187,3,2024-25,AI303,1.081,82.9,90.52,89.53,84.55,88.5,92.41,91.94,10.0,0
STU0187,3,2024-25,MA301,0.945,83.16,86.82,88.65,77.72,71.92,71.32,72.92,8.0,0
STU0187,3,2024-25,CS301,0.972,82.19,78.74,81.94,85.08,92.64,86.79,88.86,9.0,0
STU0187,3,2024-25,AI304,1.066,87.59,90.48,88.71,76.28,77.03,72.51,75.61,8.0,0
STU0187,4,2024-25,AI401,0.799,82.26,83.02,81.15,87.89,89.08,83.5,83.94,9.0,0
STU0187,4,2024-25,AI402,1.167,84.12,87.11,88.02,64.46,67.64,62.58,59.84,6.0,0
STU0187,4,2024-25,AI403,1.076,75.19,71.6,76.12,65.18,64.89,59.48,58.13,6.0,0
STU0187,4,2024-25,AI404,0.959,74.24,69.99,76.11,79.86,79.39,73.41,68.23,7.0,0
STU0187,4,2024-25,MA401,0.946,68.85,67.27,60.19,73.34,74.22,73.38,79.9,8.0,0
STU0187,4,2024-25,AI405,0.975,84.79,85.82,92.87,62.8,57.93,56.64,61.45,7.0,0
STU0188,1,2023-24,DS101,1.073,89.03,86.34,83.93,87.76,93.38,98.0,99.5,10.0,0
STU0188,1,2023-24,DS102,0.898,85.27,81.56,84.97,92.05,84.35,84.86,88.23,9.0,0
STU0188,1,2023-24,MA101,0.835,84.9,82.96,86.43,91.66,96.77,93.6,93.12,10.0,0
STU0188,1,2023-24,PH101,1.103,91.32,91.5,88.96,74.46,79.7,75.73,76.71,8.0,0
STU0188,1,2023-24,EE101,1.001,88.44,88.56,87.04,82.46,80.11,73.9,75.42,8.0,0
STU0188,2,2023-24,DS201,0.951,81.94,79.89,79.47,90.29,94.32,94.3,96.08,10.0,0
STU0188,2,2023-24,DS202,0.833,78.8,73.99,72.61,98.0,98.0,94.27,96.81,10.0,0
STU0188,2,2023-24,MA201,0.9,83.14,82.61,79.37,91.77,98.0,95.6,98.6,10.0,0
STU0188,2,2023-24,CH101,1.081,80.6,80.59,81.01,82.33,80.51,73.73,71.63,8.0,0
STU0188,2,2023-24,ME101,1.14,82.92,81.45,76.28,81.99,81.06,85.95,88.0,9.0,0
STU0188,3,2024-25,DS301,1.015,91.89,97.36,99.0,83.38,88.07,94.89,87.99,9.0,0
STU0188,3,2024-25,DS302,0.851,89.18,91.71,94.47,98.0,98.0,93.01,89.39,9.0,0
STU0188,3,2024-25,DS303,1.15,92.84,97.07,94.62,71.36,65.64,69.24,72.64,8.0,0
STU0188,3,2024-25,MA301,1.065,90.49,92.72,94.85,72.65,71.08,72.33,82.86,9.0,0
STU0188,3,2024-25,CS301,1.177,96.48,93.45,93.26,75.85,74.26,72.06,74.36,8.0,0
STU0188,3,2024-25,DS304,1.157,96.79,99.0,99.0,73.75,71.92,74.38,75.69,8.0,0
STU0188,4,2024-25,DS401,0.957,85.74,87.62,87.57,77.49,78.41,79.41,81.79,9.0,0
STU0188,4,2024-25,DS402,1.021,88.26,81.74,81.79,82.5,85.59,89.76,88.87,9.0,0
STU0188,4,2024-25,DS403,1.201,87.63,88.64,88.6,65.71,64.78,66.64,68.38,7.0,0
STU0188,4,2024-25,DS404,1.002,82.36,79.34,85.32,84.19,89.11,98.0,94.32,10.0,0
STU0188,4,2024-25,MA401,0.888,86.83,84.3,84.24,90.61,88.98,89.18,77.67,8.0,0
STU0188,4,2024-25,DS405,1.047,78.06,81.81,83.05,72.58,79.18,79.87,85.67,9.0,0
STU0189,1,2023-24,CS101,0.927,86.28,86.8,80.5,85.25,93.05,94.06,90.11,10.0,0
STU0189,1,2023-24,CS102,0.965,88.42,86.02,89.03,72.48,72.15,75.66,70.49,8.0,0
STU0189,1,2023-24,MA101,0.905,87.03,84.41,79.45,70.7,70.68,71.85,78.75,8.0,0
STU0189,1,2023-24,PH101,1.13,83.07,87.4,87.57,60.57,57.51,50.36,50.39,6.0,0
STU0189,1,2023-24,EE101,0.845,86.31,90.37,93.97,80.72,85.22,86.44,90.94,10.0,0
STU0189,2,2023-24,CS201,0.942,87.66,88.87,88.83,87.52,82.31,78.41,81.3,9.0,0
STU0189,2,2023-24,CS202,1.045,82.61,87.16,87.31,69.08,66.4,68.38,64.83,7.0,0
STU0189,2,2023-24,MA201,0.904,89.55,80.37,78.27,82.34,88.84,89.55,83.01,9.0,0
STU0189,2,2023-24,CH101,1.155,86.28,86.42,89.14,65.1,62.91,63.52,70.37,8.0,0
STU0189,2,2023-24,ME101,0.936,88.3,90.05,90.35,82.93,90.53,97.44,99.5,10.0,0
STU0189,3,2024-25,CS301,0.798,72.75,70.9,76.66,98.0,94.3,98.0,95.46,10.0,0
STU0189,3,2024-25,CS302,0.895,80.82,83.76,79.38,91.55,86.32,88.62,90.55,10.0,0
STU0189,3,2024-25,CS303,0.935,82.29,75.04,76.15,84.61,79.79,86.71,87.14,9.0,0
STU0189,3,2024-25,MA301,0.983,88.84,82.11,79.07,79.05,70.27,68.59,62.5,7.0,0
STU0189,3,2024-25,EC301,0.856,84.44,83.6,84.24,87.2,85.72,83.92,78.31,8.0,0
STU0189,3,2024-25,CS304,1.083,88.77,92.78,86.63,77.66,75.41,83.6,83.18,9.0,0
STU0189,4,2024-25,CS401,1.003,93.33,88.5,89.15,82.23,80.2,76.63,80.48,9.0,0
STU0189,4,2024-25,CS402,1.041,90.36,89.32,90.56,70.67,75.03,71.22,72.97,8.0,0
STU0189,4,2024-25,CS403,0.967,82.73,83.09,83.35,81.97,76.11,77.97,76.41,8.0,0
STU0189,4,2024-25,CS404,1.062,85.21,82.44,78.21,76.37,76.21,76.91,75.68,8.0,0
STU0189,4,2024-25,MA401,0.964,79.8,80.21,78.32,72.16,72.34,72.75,78.34,8.0,0
STU0189,4,2024-25,CS405,0.889,82.76,86.48,87.22,92.15,93.12,93.31,93.3,10.0,0
STU0190,1,2023-24,EC101,1.188,78.02,69.65,64.59,62.5,53.74,47.64,47.95,5.0,0
STU0190,1,2023-24,EC102,1.052,81.61,76.12,72.73,60.34,53.77,50.75,48.42,5.0,0
STU0190,1,2023-24,MA101,0.927,91.38,85.82,81.2,73.86,67.39,60.28,57.28,6.0,0
STU0190,1,2023-24,PH101,1.236,89.8,85.22,80.12,57.89,52.02,46.86,50.87,6.0,0
STU0190,1,2023-24,EE101,0.947,80.77,75.07,67.85,74.92,67.38,63.62,61.73,7.0,0
STU0190,2,2023-24,EC201,1.031,78.32,69.56,60.79,67.0,60.69,56.14,60.98,7.0,0
STU0190,2,2023-24,EC202,0.947,78.54,72.54,65.12,62.58,53.72,50.36,49.59,5.0,0
STU0190,2,2023-24,MA201,0.722,84.95,78.55,71.34,84.59,77.0,70.96,71.46,8.0,0
STU0190,2,2023-24,CH101,0.989,76.43,69.45,62.62,56.96,48.56,45.4,44.29,5.0,0
STU0190,2,2023-24,ME101,0.984,77.27,67.94,64.32,57.59,53.21,45.73,48.72,5.0,0
STU0190,3,2024-25,EC301,1.073,72.77,63.9,57.93,59.98,55.05,48.51,51.17,6.0,0
STU0190,3,2024-25,EC302,1.133,82.59,73.31,67.14,57.09,52.4,47.46,47.6,5.0,0
STU0190,3,2024-25,EC303,0.918,72.66,65.6,57.53,74.28,66.22,58.58,52.29,6.0,0
STU0190,3,2024-25,MA301,0.873,75.03,67.53,59.16,72.95,66.52,58.89,53.91,6.0,0
STU0190,3,2024-25,CS301,1.228,67.95,63.12,57.37,47.82,41.28,34.42,32.44,0.0,1
STU0190,3,2024-25,EC304,0.967,76.0,71.25,63.67,67.26,58.44,53.55,54.2,6.0,0
STU0190,4,2024-25,EC401,0.839,63.02,55.19,47.72,73.18,67.33,62.05,64.91,7.0,0
STU0190,4,2024-25,EC402,0.91,71.91,63.63,54.93,61.18,54.27,47.68,44.15,5.0,0
STU0190,4,2024-25,EC403,1.062,64.0,54.39,49.24,61.86,53.42,48.87,52.14,6.0,0
STU0190,4,2024-25,EC404,1.045,73.29,64.99,61.59,51.51,44.71,37.52,43.77,5.0,0
STU0190,4,2024-25,MA401,0.777,66.38,61.8,57.92,66.63,60.48,54.34,56.78,6.0,0
STU0190,4,2024-25,EC405,0.976,69.09,61.69,53.06,67.09,61.63,54.57,52.32,6.0,0
STU0191,1,2023-24,AI101,1.225,87.26,85.06,81.07,61.98,52.41,56.33,55.08,6.0,0
STU0191,1,2023-24,AI102,0.947,81.33,76.3,76.1,77.49,77.08,82.0,82.18,9.0,0
STU0191,1,2023-24,MA101,1.086,79.75,78.2,83.39,71.61,73.11,71.4,68.59,7.0,0
STU0191,1,2023-24,PH101,0.936,88.17,81.23,87.52,83.59,89.06,91.83,92.15,10.0,0
STU0191,1,2023-24,EE101,1.045,84.16,91.57,91.09,66.96,65.76,62.51,64.93,7.0,0
STU0191,2,2023-24,AI201,1.16,85.25,81.67,85.8,58.18,51.42,49.95,50.83,6.0,0
STU0191,2,2023-24,AI202,0.973,82.72,81.4,74.2,76.87,70.03,70.04,66.28,7.0,0
STU0191,2,2023-24,MA201,1.062,86.38,80.33,73.19,69.8,74.88,75.58,74.3,8.0,0
STU0191,2,2023-24,CH101,0.871,83.86,89.24,82.7,88.42,98.0,95.27,94.7,10.0,0
STU0191,2,2023-24,ME101,0.996,79.33,83.17,89.48,67.52,63.32,68.92,70.72,8.0,0
STU0191,3,2024-25,AI301,1.012,85.36,84.22,83.42,77.22,75.39,77.5,78.39,8.0,0
STU0191,3,2024-25,AI302,0.776,82.62,82.69,88.05,98.0,98.0,97.65,99.5,10.0,0
STU0191,3,2024-25,AI303,0.857,80.29,77.31,77.36,84.28,90.87,92.74,94.5,10.0,0
STU0191,3,2024-25,MA301,1.252,82.06,85.05,87.09,70.46,73.57,71.28,72.55,8.0,0
STU0191,3,2024-25,CS301,0.922,81.57,81.52,80.87,80.74,70.53,71.86,80.16,9.0,0
STU0191,3,2024-25,AI304,0.816,83.54,79.49,88.27,93.72,90.29,87.8,96.32,10.0,0
STU0191,4,2024-25,AI401,0.868,82.86,83.49,86.96,94.88,95.82,93.2,89.75,9.0,0
STU0191,4,2024-25,AI402,0.82,84.29,81.83,79.75,98.0,98.0,95.37,96.34,10.0,0
STU0191,4,2024-25,AI403,1.063,83.68,81.68,81.97,70.76,82.57,83.92,80.58,9.0,0
STU0191,4,2024-25,AI404,1.053,83.91,87.24,88.3,78.56,66.37,67.63,72.34,8.0,0
STU0191,4,2024-25,MA401,1.187,94.19,99.0,98.86,72.48,72.32,75.01,77.88,8.0,0
STU0191,4,2024-25,AI405,1.01,89.52,87.6,89.99,80.72,78.5,82.84,78.58,8.0,0
STU0192,1,2023-24,DS101,1.176,87.51,87.1,90.97,63.86,60.33,71.16,73.93,8.0,0
STU0192,1,2023-24,DS102,0.962,87.48,83.53,84.44,82.02,73.92,74.87,70.55,8.0,0
STU0192,1,2023-24,MA101,0.962,88.63,89.28,97.62,78.8,76.26,72.01,70.33,8.0,0
STU0192,1,2023-24,PH101,1.045,80.95,76.73,77.75,70.27,72.39,68.78,67.0,7.0,0
STU0192,1,2023-24,EE101,1.129,90.62,85.3,79.17,60.69,58.05,62.27,58.53,6.0,0
STU0192,2,2023-24,DS201,0.983,85.09,86.26,89.72,75.16,80.14,83.94,83.09,9.0,0
STU0192,2,2023-24,DS202,0.922,92.45,91.49,90.8,86.08,89.55,95.61,97.18,10.0,0
STU0192,2,2023-24,MA201,1.018,87.78,83.45,82.38,71.18,74.9,71.98,75.39,8.0,0
STU0192,2,2023-24,CH101,0.942,84.16,81.58,76.6,77.97,74.65,79.09,78.22,8.0,0
STU0192,2,2023-24,ME101,0.977,85.22,88.84,89.45,74.66,68.76,66.43,70.07,8.0,0
STU0192,3,2024-25,DS301,1.206,99.0,97.87,94.91,65.88,60.92,60.98,58.29,6.0,0
STU0192,3,2024-25,DS302,0.949,91.06,89.44,92.03,79.96,75.57,71.58,69.64,7.0,0
STU0192,3,2024-25,DS303,1.155,94.39,87.43,88.48,77.27,78.69,78.34,76.44,8.0,0
STU0192,3,2024-25,MA301,0.88,92.52,85.46,83.11,84.76,89.74,82.88,81.56,9.0,0
STU0192,3,2024-25,CS301,1.075,90.69,95.22,97.13,65.5,65.62,61.99,61.75,7.0,0
STU0192,3,2024-25,DS304,1.021,94.15,94.88,90.74,63.4,65.74,56.27,56.76,6.0,0
STU0192,4,2024-25,DS401,0.98,89.01,88.98,91.28,75.02,79.96,77.65,74.35,8.0,0
STU0192,4,2024-25,DS402,1.029,87.41,88.65,88.38,75.36,77.4,71.87,70.6,8.0,0
STU0192,4,2024-25,DS403,1.018,86.18,83.98,88.4,74.84,71.46,75.43,77.79,8.0,0
STU0192,4,2024-25,DS404,1.07,81.72,82.25,78.78,66.63,71.69,69.88,69.4,7.0,0
STU0192,4,2024-25,MA401,0.83,88.4,93.29,99.0,91.76,89.86,91.96,90.56,10.0,0
STU0192,4,2024-25,DS405,1.019,89.93,85.11,87.79,73.14,69.78,60.8,61.42,7.0,0
STU0193,1,2023-24,CS101,0.961,90.86,88.63,91.03,87.8,88.83,90.34,95.03,10.0,0
STU0193,1,2023-24,CS102,1.033,84.99,83.13,81.26,85.56,85.3,85.26,88.82,9.0,0
STU0193,1,2023-24,MA101,1.105,87.47,93.5,99.0,73.32,70.92,66.06,70.28,8.0,0
STU0193,1,2023-24,PH101,0.897,86.62,95.0,98.33,94.19,94.05,86.09,85.89,9.0,0
STU0193,1,2023-24,EE101,1.028,84.32,85.11,92.29,90.75,97.85,96.53,95.36,10.0,0
STU0193,2,2023-24,CS201,1.085,91.89,99.0,94.4,83.93,81.77,88.61,89.71,9.0,0
STU0193,2,2023-24,CS202,1.018,91.84,95.28,93.99,84.4,81.74,82.44,85.27,9.0,0
STU0193,2,2023-24,MA201,1.186,80.69,84.73,87.4,66.12,59.0,59.1,58.89,6.0,0
STU0193,2,2023-24,CH101,1.007,94.14,88.87,84.96,77.92,83.18,86.36,86.86,9.0,0
STU0193,2,2023-24,ME101,0.939,87.2,85.87,88.06,98.0,93.08,91.16,90.47,10.0,0
STU0193,3,2024-25,CS301,1.01,93.83,91.77,93.17,74.46,74.78,79.74,80.84,9.0,0
STU0193,3,2024-25,CS302,0.821,91.89,96.08,95.39,96.3,98.0,98.0,99.5,10.0,0
STU0193,3,2024-25,CS303,1.026,91.35,91.0,95.86,77.35,76.67,75.41,75.67,8.0,0
STU0193,3,2024-25,MA301,1.039,90.82,86.76,88.63,71.01,68.26,66.3,64.33,7.0,0
STU0193,3,2024-25,EC301,1.089,96.04,98.58,99.0,63.41,65.73,74.63,74.08,8.0,0
STU0193,3,2024-25,CS304,0.808,95.16,88.95,85.62,92.71,97.71,98.0,99.5,10.0,0
STU0193,4,2024-25,CS401,0.949,85.81,88.84,87.57,90.7,98.0,98.0,99.5,10.0,0
STU0193,4,2024-25,CS402,1.09,88.78,91.42,91.29,66.06,68.34,71.54,69.81,7.0,0
STU0193,4,2024-25,CS403,0.803,97.15,98.24,99.0,98.0,97.31,92.67,97.77,10.0,0
STU0193,4,2024-25,CS404,1.343,90.2,90.94,96.37,51.04,63.15,71.83,68.43,7.0,0
STU0193,4,2024-25,MA401,0.878,84.87,79.97,82.18,88.64,90.26,96.19,98.91,10.0,0
STU0193,4,2024-25,CS405,1.121,93.69,97.61,97.79,69.83,63.76,67.69,70.69,8.0,0
STU0194,1,2023-24,EC101,0.994,77.57,74.05,79.67,60.36,62.53,60.14,57.88,6.0,0
STU0194,1,2023-24,EC102,0.962,74.49,69.01,68.25,66.66,69.12,68.86,67.54,7.0,0
STU0194,1,2023-24,MA101,1.043,74.63,79.49,79.39,64.69,67.18,66.52,67.04,7.0,0
STU0194,1,2023-24,PH101,0.861,79.53,76.78,74.2,78.43,75.73,80.79,78.28,8.0,0
STU0194,1,2023-24,EE101,1.116,74.88,74.94,75.82,58.21,58.35,52.87,47.92,5.0,0
STU0194,2,2023-24,EC201,0.943,93.62,97.32,99.0,63.38,65.88,68.24,68.3,7.0,0
STU0194,2,2023-24,EC202,1.037,85.48,87.77,91.52,52.78,53.12,46.42,44.26,5.0,0
STU0194,2,2023-24,MA201,1.041,89.14,87.33,94.19,63.91,61.21,62.78,57.78,6.0,0
STU0194,2,2023-24,CH101,1.049,86.7,91.36,87.59,66.56,66.5,70.22,73.32,8.0,0
STU0194,2,2023-24,ME101,1.053,91.85,93.01,90.73,70.74,61.57,56.21,55.22,6.0,0
STU0194,3,2024-25,EC301,1.006,77.41,78.96,74.95,64.87,62.47,61.66,58.23,6.0,0
STU0194,3,2024-25,EC302,1.272,77.48,83.41,79.72,46.92,48.39,49.36,47.8,5.0,0
STU0194,3,2024-25,EC303,0.992,84.76,79.77,83.05,64.75,66.78,59.19,61.47,7.0,0
STU0194,3,2024-25,MA301,0.796,78.16,76.04,75.72,77.66,76.39,76.04,78.78,8.0,0
STU0194,3,2024-25,CS301,1.325,72.74,69.7,69.7,44.85,43.96,43.11,43.91,5.0,0
STU0194,3,2024-25,EC304,1.183,85.96,82.79,79.4,46.83,40.74,32.87,37.16,0.0,1
STU0194,4,2024-25,EC401,0.983,74.64,70.46,73.23,71.97,67.95,75.42,79.57,8.0,0
STU0194,4,2024-25,EC402,0.867,72.51,73.86,81.76,75.03,78.41,76.3,78.35,8.0,0
STU0194,4,2024-25,EC403,0.749,74.74,75.72,76.8,81.96,78.26,75.32,77.28,8.0,0
STU0194,4,2024-25,EC404,0.98,79.64,84.44,83.87,73.58,78.03,76.63,75.24,8.0,0
STU0194,4,2024-25,MA401,1.087,79.77,83.79,85.3,62.03,62.93,60.5,54.35,6.0,0
STU0194,4,2024-25,EC405,1.103,73.51,74.73,74.88,63.74,57.9,51.19,58.36,6.0,0
STU0195,1,2023-24,AI101,1.06,82.6,84.34,83.83,56.53,53.73,55.75,53.38,6.0,0
STU0195,1,2023-24,AI102,0.885,73.27,75.14,76.94,80.33,70.68,75.96,79.3,8.0,0
STU0195,1,2023-24,MA101,1.145,79.53,80.31,81.07,53.04,49.12,50.13,49.39,5.0,0
STU0195,1,2023-24,PH101,1.086,77.63,72.49,67.51,56.93,60.2,57.86,58.76,6.0,0
STU0195,1,2023-24,EE101,0.799,79.7,79.83,84.0,83.28,86.72,95.47,95.59,10.0,0
STU0195,2,2023-24,AI201,0.936,84.97,83.19,81.55,76.16,74.79,77.99,72.89,8.0,0
STU0195,2,2023-24,AI202,1.034,85.88,90.73,89.45,77.16,73.29,71.24,72.49,8.0,0
STU0195,2,2023-24,MA201,1.073,84.34,85.12,84.55,72.89,72.23,71.23,74.2,8.0,0
STU0195,2,2023-24,CH101,1.025,88.08,96.82,89.87,67.0,62.83,58.99,63.26,7.0,0
STU0195,2,2023-24,ME101,0.68,87.33,81.96,82.05,98.0,98.0,96.81,96.29,10.0,0
STU0195,3,2024-25,AI301,1.037,95.78,99.0,98.76,59.63,62.85,56.21,57.81,6.0,0
STU0195,3,2024-25,AI302,1.249,99.0,99.0,99.0,41.44,39.08,34.98,45.46,5.0,0
STU0195,3,2024-25,AI303,1.029,88.37,84.51,84.89,51.12,59.53,63.08,64.02,7.0,0
STU0195,3,2024-25,MA301,0.874,88.74,89.97,90.45,61.84,61.6,61.37,63.58,7.0,0
STU0195,3,2024-25,CS301,1.253,85.71,88.51,86.08,49.7,50.29,52.54,48.81,5.0,0
STU0195,3,2024-25,AI304,1.116,94.19,99.0,99.0,54.6,59.05,63.12,67.13,7.0,0
STU0195,4,2024-25,AI401,1.033,74.7,72.87,71.19,73.46,72.42,71.71,74.7,8.0,0
STU0195,4,2024-25,AI402,1.106,81.35,83.98,86.24,75.76,74.82,71.43,72.04,8.0,0
STU0195,4,2024-25,AI403,0.886,78.78,80.35,78.58,81.13,79.9,77.95,74.66,8.0,0
STU0195,4,2024-25,AI404,1.121,85.73,89.06,92.36,62.92,63.71,60.2,59.79,6.0,0
STU0195,4,2024-25,MA401,0.994,74.71,75.17,73.31,74.62,73.56,75.12,77.21,8.0,0
STU0195,4,2024-25,AI405,0.85,78.97,76.7,80.83,94.28,94.47,96.29,91.87,10.0,0
STU0196,1,2023-24,DS101,1.163,74.4,71.53,66.83,60.8,58.36,63.83,65.73,7.0,0
STU0196,1,2023-24,DS102,0.988,77.82,83.92,79.86,67.34,76.08,72.68,74.67,8.0,0
STU0196,1,2023-24,MA101,1.142,75.24,77.66,76.63,70.06,68.07,63.77,66.44,7.0,0
STU0196,1,2023-24,PH101,1.085,75.9,76.02,74.28,60.52,57.79,59.2,58.58,6.0,0
STU0196,1,2023-24,EE101,0.821,73.63,72.88,74.67,86.3,94.2,89.79,91.45,10.0,0
STU0196,2,2023-24,DS201,0.964,74.73,74.58,68.33,68.99,64.61,66.87,68.75,7.0,0
STU0196,2,2023-24,DS202,0.871,72.23,67.11,70.53,86.05,88.97,95.73,99.5,10.0,0
STU0196,2,2023-24,MA201,0.881,75.88,78.61,68.95,79.34,83.67,82.1,84.3,9.0,0
STU0196,2,2023-24,CH101,0.76,78.6,76.98,76.19,88.67,95.87,96.18,96.61,10.0,0
STU0196,2,2023-24,ME101,1.247,73.76,74.25,71.87,53.26,54.65,53.38,59.31,6.0,0
STU0196,3,2024-25,DS301,0.815,74.53,78.19,75.09,98.0,98.0,92.73,90.75,10.0,0
STU0196,3,2024-25,DS302,0.938,72.47,68.46,66.45,78.69,84.54,86.51,88.01,9.0,0
STU0196,3,2024-25,DS303,1.042,72.51,76.52,75.0,70.85,72.56,83.81,82.11,9.0,0
STU0196,3,2024-25,MA301,0.804,76.85,79.24,77.72,90.98,85.26,86.77,92.61,10.0,0
STU0196,3,2024-25,CS301,1.205,76.9,75.44,76.78,61.07,58.19,58.92,62.75,7.0,0
STU0196,3,2024-25,DS304,0.977,74.89,73.96,76.74,81.59,76.75,75.96,79.27,8.0,0
STU0196,4,2024-25,DS401,1.082,88.94,87.85,90.31,65.67,70.51,72.1,75.44,8.0,0
STU0196,4,2024-25,DS402,0.924,81.69,76.48,75.54,68.35,69.84,74.28,75.97,8.0,0
STU0196,4,2024-25,DS403,1.094,82.3,81.8,77.7,51.74,44.96,41.97,44.71,5.0,0
STU0196,4,2024-25,DS404,0.853,78.63,76.98,81.49,78.52,79.13,80.98,85.16,9.0,0
STU0196,4,2024-25,MA401,1.01,74.85,75.3,80.34,69.65,70.61,72.21,66.69,7.0,0
STU0196,4,2024-25,DS405,0.763,85.49,89.99,87.79,88.94,91.74,98.0,97.76,10.0,0
STU0197,1,2023-24,CS101,0.966,76.38,72.51,68.82,78.27,83.64,88.88,85.78,9.0,0
STU0197,1,2023-24,CS102,0.975,78.03,70.07,71.67,82.61,87.73,76.88,78.07,8.0,0
STU0197,1,2023-24,MA101,1.026,77.21,77.58,76.44,57.97,59.37,62.19,60.53,7.0,0
STU0197,1,2023-24,PH101,1.151,69.56,63.52,63.82,58.63,63.0,61.08,72.35,8.0,0
STU0197,1,2023-24,EE101,1.011,72.95,71.05,74.99,66.2,66.31,63.55,63.54,7.0,0
STU0197,2,2023-24,CS201,1.142,70.76,64.74,55.58,65.49,64.86,65.01,69.14,7.0,0
STU0197,2,2023-24,CS202,0.891,66.95,66.98,70.88,76.32,74.76,71.96,73.17,8.0,0
STU0197,2,2023-24,MA201,0.95,59.67,59.99,50.69,77.14,72.42,74.39,76.87,8.0,0
STU0197,2,2023-24,CH101,1.099,73.83,72.33,73.97,61.86,61.83,62.48,59.81,6.0,0
STU0197,2,2023-24,ME101,1.077,64.99,69.11,69.19,63.94,66.73,64.87,59.62,6.0,0
STU0197,3,2024-25,CS301,0.977,70.94,63.74,65.17,69.79,71.14,70.76,70.03,8.0,0
STU0197,3,2024-25,CS302,0.973,73.3,67.74,72.01,73.44,72.0,67.05,68.21,7.0,0
STU0197,3,2024-25,CS303,1.019,64.76,67.05,72.6,71.99,64.34,61.54,58.01,6.0,0
STU0197,3,2024-25,MA301,1.067,71.98,72.54,77.68,71.3,65.91,64.41,64.1,7.0,0
STU0197,3,2024-25,EC301,0.868,76.58,79.09,75.01,83.52,86.52,88.17,88.96,9.0,0
STU0197,3,2024-25,CS304,0.889,70.34,65.96,63.72,78.69,90.19,95.63,98.38,10.0,0
STU0197,4,2024-25,CS401,0.898,75.94,75.35,71.26,84.38,85.84,83.8,84.7,9.0,0
STU0197,4,2024-25,CS402,1.001,73.09,78.08,81.66,61.03,55.33,54.27,58.41,6.0,0
STU0197,4,2024-25,CS403,0.704,72.94,74.41,73.13,98.0,93.49,85.83,88.55,9.0,0
STU0197,4,2024-25,CS404,0.997,78.78,80.98,77.84,67.81,74.58,82.73,85.27,9.0,0
STU0197,4,2024-25,MA401,0.985,70.42,76.64,77.33,69.04,67.22,60.21,59.85,6.0,0
STU0197,4,2024-25,CS405,1.063,75.15,72.24,73.4,72.6,71.01,72.67,70.58,8.0,0
STU0198,1,2023-24,EC101,0.911,95.0,95.46,95.14,81.28,80.21,79.77,81.22,9.0,0
STU0198,1,2023-24,EC102,0.912,95.77,99.0,99.0,70.88,74.98,78.53,77.28,8.0,0
STU0198,1,2023-24,MA101,1.108,90.18,84.67,82.78,68.51,69.61,61.51,61.54,7.0,0
STU0198,1,2023-24,PH101,0.968,83.67,82.1,84.7,67.04,67.97,66.72,71.69,8.0,0
STU0198,1,2023-24,EE101,1.094,86.39,93.7,89.12,68.34,66.51,71.59,69.69,7.0,0
STU0198,2,2023-24,EC201,0.923,89.43,91.99,90.44,70.46,68.0,66.18,63.96,7.0,0
STU0198,2,2023-24,EC202,1.072,85.44,87.87,90.01,68.14,75.58,71.8,78.33,8.0,0
STU0198,2,2023-24,MA201,0.996,90.23,91.05,90.16,83.56,84.39,82.47,83.41,9.0,0
STU0198,2,2023-24,CH101,0.924,93.56,95.36,99.0,84.41,91.17,81.43,78.36,8.0,0
STU0198,2,2023-24,ME101,1.085,87.39,92.76,91.92,73.27,75.46,75.07,72.98,8.0,0
STU0198,3,2024-25,EC301,0.904,80.75,81.09,84.56,84.72,87.97,87.42,85.04,9.0,0
STU0198,3,2024-25,EC302,1.091,85.49,85.66,88.25,72.79,73.26,77.22,78.83,8.0,0
STU0198,3,2024-25,EC303,1.067,91.83,93.9,99.0,63.82,59.74,57.58,54.38,6.0,0
STU0198,3,2024-25,MA301,1.218,92.79,95.4,96.66,56.68,58.82,59.46,62.03,7.0,0
STU0198,3,2024-25,CS301,0.947,88.73,92.28,95.51,80.26,86.41,82.5,83.34,9.0,0
STU0198,3,2024-25,EC304,1.069,86.42,89.09,92.71,61.46,68.43,66.1,69.64,7.0,0
STU0198,4,2024-25,EC401,1.063,87.83,86.28,96.44,65.52,72.33,85.3,84.3,9.0,0
STU0198,4,2024-25,EC402,0.811,88.5,86.92,89.35,86.94,86.13,85.97,82.42,9.0,0
STU0198,4,2024-25,EC403,0.978,88.17,85.78,87.03,79.73,78.7,78.65,77.91,8.0,0
STU0198,4,2024-25,EC404,1.216,85.96,83.67,81.82,65.89,72.06,68.36,70.81,8.0,0
STU0198,4,2024-25,MA401,0.955,83.01,78.26,77.79,80.07,80.27,80.97,75.7,8.0,0
STU0198,4,2024-25,EC405,0.961,87.5,86.23,82.81,85.01,87.77,91.72,92.13,10.0,0
STU0199,1,2023-24,AI101,1.108,69.99,70.33,70.5,63.19,63.43,53.82,52.74,6.0,0
STU0199,1,2023-24,AI102,0.996,72.73,67.4,66.3,72.77,79.7,79.21,78.62,8.0,0
STU0199,1,2023-24,MA101,0.911,80.9,78.47,77.4,78.35,82.75,80.53,80.0,8.0,0
STU0199,1,2023-24,PH101,0.974,69.21,70.79,68.71,68.9,70.43,70.86,76.18,8.0,0
STU0199,1,2023-24,EE101,1.212,80.4,87.45,93.08,48.87,51.36,52.8,53.62,6.0,0
STU0199,2,2023-24,AI201,0.934,68.5,70.93,69.94,72.36,80.37,76.68,73.51,8.0,0
STU0199,2,2023-24,AI202,1.059,73.62,74.01,69.95,60.04,59.08,62.22,61.54,7.0,0
STU0199,2,2023-24,MA201,1.1,74.53,72.49,75.09,58.82,58.07,63.45,59.62,6.0,0
STU0199,2,2023-24,CH101,0.948,75.86,76.49,76.02,63.81,60.23,66.45,67.0,7.0,0
STU0199,2,2023-24,ME101,1.004,75.6,79.51,80.32,73.88,67.68,75.13,76.59,8.0,0
STU0199,3,2024-25,AI301,0.881,72.87,74.04,75.18,75.0,72.16,72.77,67.34,7.0,0
STU0199,3,2024-25,AI302,1.258,72.66,69.89,67.38,47.47,52.15,54.48,54.12,6.0,0
STU0199,3,2024-25,AI303,0.983,71.68,64.59,67.33,67.96,70.65,74.73,77.88,8.0,0
STU0199,3,2024-25,MA301,1.018,73.84,77.75,77.39,72.15,77.04,74.64,72.59,8.0,0
STU0199,3,2024-25,CS301,0.866,76.85,67.47,58.15,78.95,72.18,67.45,67.99,7.0,0
STU0199,3,2024-25,AI304,0.818,67.9,73.45,74.83,86.26,83.59,91.33,82.09,9.0,0
STU0199,4,2024-25,AI401,0.89,76.0,82.87,83.37,67.14,56.3,58.6,56.6,6.0,0
STU0199,4,2024-25,AI402,0.87,69.57,68.97,73.47,57.88,53.22,58.64,45.89,5.0,0
STU0199,4,2024-25,AI403,0.828,73.66,79.06,74.82,70.82,72.67,74.93,75.58,8.0,0
STU0199,4,2024-25,AI404,1.149,68.2,66.01,60.37,49.1,53.78,54.36,57.35,6.0,0
STU0199,4,2024-25,MA401,0.988,64.37,64.21,61.13,55.81,49.19,52.79,55.25,6.0,0
STU0199,4,2024-25,AI405,1.054,67.59,66.42,62.09,46.0,47.21,50.83,52.12,6.0,0
STU0200,1,2023-24,DS101,1.195,69.07,73.08,70.9,54.2,42.39,44.34,45.34,5.0,0
STU0200,1,2023-24,DS102,0.949,68.51,63.21,62.4,72.71,69.57,70.56,70.41,8.0,0
STU0200,1,2023-24,MA101,1.06,68.3,65.12,68.11,62.5,69.76,72.62,80.47,9.0,0
STU0200,1,2023-24,PH101,0.902,68.06,67.16,66.64,77.1,78.93,82.12,84.53,9.0,0
STU0200,1,2023-24,EE101,1.133,60.62,65.8,64.38,67.24,67.67,75.05,79.96,8.0,0
STU0200,2,2023-24,DS201,0.884,79.94,79.11,76.52,81.91,80.49,69.79,68.91,7.0,0
STU0200,2,2023-24,DS202,0.994,73.55,71.73,67.99,79.61,83.16,84.21,78.16,8.0,0
STU0200,2,2023-24,MA201,1.089,77.05,80.44,84.82,77.63,77.62,76.8,78.61,8.0,0
STU0200,2,2023-24,CH101,1.033,74.05,71.93,71.59,78.57,79.9,71.87,76.41,8.0,0
STU0200,2,2023-24,ME101,1.216,69.61,67.6,65.55,63.7,63.41,60.72,66.57,7.0,0
STU0200,3,2024-25,DS301,1.122,72.65,75.1,74.63,67.15,71.04,76.02,71.53,8.0,0
STU0200,3,2024-25,DS302,1.164,77.12,75.52,75.58,70.36,64.98,67.23,68.42,7.0,0
STU0200,3,2024-25,DS303,0.8,62.26,69.55,71.13,95.91,98.0,98.0,85.35,9.0,0
STU0200,3,2024-25,MA301,0.942,73.72,78.59,82.6,84.57,80.59,78.56,67.25,7.0,0
STU0200,3,2024-25,CS301,1.155,67.98,68.46,72.77,70.91,68.49,59.96,60.09,7.0,0
STU0200,3,2024-25,DS304,0.984,65.46,66.61,68.27,75.52,76.79,81.91,86.94,9.0,0
STU0200,4,2024-25,DS401,0.962,65.48,67.84,64.81,66.64,65.58,63.11,63.71,7.0,0
STU0200,4,2024-25,DS402,1.018,72.26,66.56,65.68,61.43,63.23,67.28,66.55,7.0,0
STU0200,4,2024-25,DS403,0.934,64.67,69.13,72.23,80.44,83.76,84.97,91.2,10.0,0
STU0200,4,2024-25,DS404,1.096,67.1,61.45,52.68,63.75,66.48,70.76,77.38,8.0,0
STU0200,4,2024-25,MA401,1.05,65.94,70.88,74.06,71.31,70.2,73.99,77.46,8.0,0
STU0200,4,2024-25,DS405,0.927,69.06,68.49,67.78,84.18,89.56,94.18,95.98,10.0,0
STU0201,1,2023-24,CS101,1.054,85.05,88.18,91.57,76.45,70.38,72.85,68.26,7.0,0
STU0201,1,2023-24,CS102,1.036,88.23,83.28,85.82,89.47,87.71,91.48,89.19,9.0,0
STU0201,1,2023-24,MA101,1.107,89.37,94.38,86.52,74.52,72.89,65.83,67.97,7.0,0
STU0201,1,2023-24,PH101,0.995,94.42,91.83,87.99,83.08,77.66,76.17,80.2,9.0,0
STU0201,1,2023-24,EE101,1.033,93.96,92.41,89.13,83.63,83.87,88.77,92.56,10.0,0
STU0201,2,2023-24,CS201,1.007,99.0,99.0,99.0,92.46,92.79,92.49,91.6,10.0,0
STU0201,2,2023-24,CS202,0.977,98.26,95.92,92.01,84.47,90.24,88.33,90.14,10.0,0
STU0201,2,2023-24,MA201,0.982,99.0,94.61,93.99,87.12,87.09,91.19,90.89,10.0,0
STU0201,2,2023-24,CH101,0.928,98.06,96.95,98.58,82.21,80.65,80.9,83.26,9.0,0
STU0201,2,2023-24,ME101,1.108,95.37,93.9,88.0,80.09,91.29,92.15,90.07,10.0,0
STU0201,3,2024-25,CS301,1.09,90.91,90.16,87.25,76.48,74.8,77.1,77.9,8.0,0
STU0201,3,2024-25,CS302,0.989,85.66,83.38,85.52,86.8,79.77,83.06,82.17,9.0,0
STU0201,3,2024-25,CS303,0.951,92.92,94.39,96.73,87.24,84.59,91.01,98.43,10.0,0
STU0201,3,2024-25,MA301,1.113,75.5,72.89,72.67,76.26,75.55,69.14,74.91,8.0,0
STU0201,3,2024-25,EC301,1.067,82.6,80.57,82.69,79.08,79.66,81.58,80.04,9.0,0
STU0201,3,2024-25,CS304,1.208,76.25,73.54,76.39,67.59,66.87,72.47,73.9,8.0,0
STU0201,4,2024-25,CS401,0.931,97.04,98.84,94.77,87.66,79.95,81.17,84.9,9.0,0
STU0201,4,2024-25,CS402,0.904,85.89,85.72,89.91,92.91,95.27,85.3,87.01,9.0,0
STU0201,4,2024-25,CS403,1.184,99.0,99.0,99.0,76.68,76.25,74.15,69.22,7.0,0
STU0201,4,2024-25,CS404,0.923,90.91,93.69,89.58,87.56,91.87,89.46,92.01,10.0,0
STU0201,4,2024-25,MA401,1.211,91.6,92.7,99.0,74.0,78.21,77.67,78.22,8.0,0
STU0201,4,2024-25,CS405,1.094,90.61,85.92,87.33,77.08,71.13,64.17,67.27,7.0,0
STU0202,1,2023-24,EC101,0.998,41.71,48.05,52.94,37.76,44.95,53.99,55.68,6.0,0
STU0202,1,2023-24,EC102,0.87,37.25,45.77,53.09,44.86,52.53,61.06,58.23,6.0,0
STU0202,1,2023-24,MA101,1.02,40.21,46.72,52.65,39.31,43.59,51.9,53.48,6.0,0
STU0202,1,2023-24,PH101,0.976,40.09,45.16,54.55,30.74,38.31,44.96,48.15,5.0,0
STU0202,1,2023-24,EE101,0.895,42.42,48.72,54.64,44.78,51.8,60.53,61.22,7.0,0
STU0202,2,2023-24,EC201,0.895,59.09,67.62,75.87,47.55,52.39,61.18,63.26,7.0,0
STU0202,2,2023-24,EC202,0.912,60.97,68.35,76.24,54.12,59.43,65.48,67.03,7.0,0
STU0202,2,2023-24,MA201,0.975,57.11,62.78,70.95,53.18,60.37,67.49,67.42,7.0,0
STU0202,2,2023-24,CH101,0.852,60.66,68.22,72.72,61.32,66.83,74.55,74.56,8.0,0
STU0202,2,2023-24,ME101,1.153,57.17,63.96,70.72,50.17,54.87,61.46,64.26,7.0,0
STU0202,3,2024-25,EC301,0.977,63.02,68.53,75.69,50.86,55.82,65.44,64.72,7.0,0
STU0202,3,2024-25,EC302,1.05,61.09,67.6,73.1,48.5,55.63,61.64,62.65,7.0,0
STU0202,3,2024-25,EC303,1.05,59.83,65.56,69.63,53.92,59.03,67.92,64.48,7.0,0
STU0202,3,2024-25,MA301,0.861,62.51,67.88,76.72,64.07,70.33,76.05,71.17,8.0,0
STU0202,3,2024-25,CS301,1.002,64.18,69.91,74.14,44.83,52.78,57.04,58.26,6.0,0
STU0202,3,2024-25,EC304,1.118,62.11,66.84,72.38,46.9,53.47,58.27,64.15,7.0,0
STU0202,4,2024-25,EC401,0.938,60.71,67.5,72.14,71.51,77.7,82.95,84.24,9.0,0
STU0202,4,2024-25,EC402,0.981,60.79,65.13,73.16,68.66,76.88,85.13,77.73,8.0,0
STU0202,4,2024-25,EC403,1.007,63.7,70.01,75.86,60.97,66.27,76.01,74.98,8.0,0
STU0202,4,2024-25,EC404,1.031,62.44,69.96,78.9,65.42,71.23,75.69,75.87,8.0,0
STU0202,4,2024-25,MA401,0.985,64.49,72.09,77.6,67.13,71.59,80.65,81.46,9.0,0
STU0202,4,2024-25,EC405,0.809,60.37,69.09,75.47,70.92,77.25,81.29,81.34,9.0,0
STU0203,1,2023-24,AI101,1.155,87.24,89.99,90.02,78.19,77.79,76.76,76.83,8.0,0
STU0203,1,2023-24,AI102,1.044,89.45,87.38,87.94,81.63,83.13,75.65,72.97,8.0,0
STU0203,1,2023-24,MA101,0.96,77.99,75.3,77.94,84.31,85.05,88.79,94.54,10.0,0
STU0203,1,2023-24,PH101,0.885,84.4,89.01,85.98,98.0,98.0,98.0,97.79,10.0,0
STU0203,1,2023-24,EE101,0.981,82.73,82.58,88.73,95.36,86.7,85.39,92.03,10.0,0
STU0203,2,2023-24,AI201,0.753,91.23,99.0,99.0,98.0,94.93,94.67,93.81,10.0,0
STU0203,2,2023-24,AI202,1.102,88.72,89.77,91.21,77.51,85.03,80.83,79.02,8.0,0
STU0203,2,2023-24,MA201,1.099,84.54,84.75,84.34,85.09,80.38,83.3,79.46,8.0,0
STU0203,2,2023-24,CH101,1.257,83.1,82.6,78.35,67.91,59.26,55.8,54.48,6.0,0
STU0203,2,2023-24,ME101,1.147,90.76,92.59,87.02,78.79,81.27,76.16,63.85,7.0,0
STU0203,3,2024-25,AI301,0.966,91.96,92.04,84.54,77.8,74.6,76.64,75.16,8.0,0
STU0203,3,2024-25,AI302,1.059,85.86,93.08,92.42,83.01,78.7,76.82,78.3,8.0,0
STU0203,3,2024-25,AI303,0.994,77.38,79.13,81.26,90.63,95.57,96.39,99.5,10.0,0
STU0203,3,2024-25,MA301,1.028,79.3,80.08,84.01,77.24,76.02,81.48,79.79,8.0,0
STU0203,3,2024-25,CS301,0.971,91.63,87.15,87.1,84.17,82.96,84.03,87.21,9.0,0
STU0203,3,2024-25,AI304,1.037,86.25,90.44,92.59,73.65,77.43,77.72,77.62,8.0,0
STU0203,4,2024-25,AI401,1.107,91.7,91.92,93.49,87.23,89.31,93.32,90.18,10.0,0
STU0203,4,2024-25,AI402,0.923,81.56,87.46,81.59,98.0,98.0,94.06,90.24,10.0,0
STU0203,4,2024-25,AI403,0.995,85.7,87.08,79.38,92.23,88.29,94.03,95.26,10.0,0
STU0203,4,2024-25,AI404,0.939,92.28,90.75,90.39,98.0,98.0,98.0,99.5,10.0,0
STU0203,4,2024-25,MA401,0.952,82.67,88.24,87.15,98.0,98.0,98.0,97.11,10.0,0
STU0203,4,2024-25,AI405,1.063,83.46,81.78,79.13,91.46,95.6,97.26,94.93,10.0,0
STU0204,1,2023-24,DS101,1.043,62.64,61.25,56.56,59.45,54.99,63.8,66.94,7.0,0
STU0204,1,2023-24,DS102,0.989,70.62,72.25,68.89,66.19,65.76,62.3,63.93,7.0,0
STU0204,1,2023-24,MA101,0.865,71.58,72.79,70.51,73.38,76.56,75.11,76.72,8.0,0
STU0204,1,2023-24,PH101,0.84,70.93,65.82,66.27,74.1,75.62,82.61,80.23,9.0,0
STU0204,1,2023-24,EE101,1.049,60.43,58.64,57.58,64.42,64.31,68.42,65.71,7.0,0
STU0204,2,2023-24,DS201,0.881,64.72,62.57,69.72,68.55,62.46,60.1,63.15,7.0,0
STU0204,2,2023-24,DS202,0.916,74.37,77.98,77.3,62.92,58.64,59.51,60.75,7.0,0
STU0204,2,2023-24,MA201,1.161,69.85,68.62,73.43,56.33,53.23,52.86,54.84,6.0,0
STU0204,2,2023-24,CH101,1.037,64.39,65.01,62.64,58.81,52.96,48.95,55.24,6.0,0
STU0204,2,2023-24,ME101,0.949,72.88,72.43,68.22,58.5,54.93,64.58,63.89,7.0,0
STU0204,3,2024-25,DS301,1.061,77.96,76.12,71.97,54.38,47.49,45.15,41.17,5.0,0
STU0204,3,2024-25,DS302,1.049,67.11,63.44,64.65,55.63,55.09,60.76,57.53,6.0,0
STU0204,3,2024-25,DS303,1.031,79.78,73.04,70.31,56.67,58.57,57.24,58.89,6.0,0
STU0204,3,2024-25,MA301,0.863,72.64,70.92,70.82,73.49,70.47,70.77,71.24,8.0,0
STU0204,3,2024-25,CS301,0.744,75.37,75.64,83.55,85.23,84.39,90.43,79.69,8.0,0
STU0204,3,2024-25,DS304,1.041,69.96,65.1,62.34,59.71,65.88,67.07,66.7,7.0,0
STU0204,4,2024-25,DS401,1.101,66.79,70.78,73.39,54.17,66.47,71.09,70.53,8.0,0
STU0204,4,2024-25,DS402,1.092,69.78,67.16,65.45,55.96,48.35,42.03,43.22,5.0,0
STU0204,4,2024-25,DS403,0.953,78.91,81.26,82.8,66.53,65.72,68.99,68.83,7.0,0
STU0204,4,2024-25,DS404,1.04,70.09,74.25,71.49,48.36,46.16,53.03,55.54,6.0,0
STU0204,4,2024-25,MA401,1.142,71.55,72.03,69.88,50.71,50.85,50.95,50.65,6.0,0
STU0204,4,2024-25,DS405,1.036,69.29,70.7,75.29,69.12,65.97,71.46,73.84,8.0,0
STU0205,1,2023-24,CS101,1.183,94.08,94.38,91.6,70.31,79.64,82.85,83.21,9.0,0
STU0205,1,2023-24,CS102,0.911,97.76,99.0,96.19,97.28,98.0,92.82,97.25,10.0,0
STU0205,1,2023-24,MA101,0.842,92.56,94.83,98.21,95.51,92.1,91.23,92.18,10.0,0
STU0205,1,2023-24,PH101,1.014,96.18,91.86,90.58,75.52,77.52,82.7,80.96,9.0,0
STU0205,1,2023-24,EE101,1.111,99.0,96.52,97.76,73.56,68.48,68.48,67.15,7.0,0
STU0205,2,2023-24,CS201,0.938,97.76,90.49,87.25,81.01,77.23,80.31,81.15,9.0,0
STU0205,2,2023-24,CS202,0.983,92.81,92.63,88.98,80.81,75.43,75.88,76.57,8.0,0
STU0205,2,2023-24,MA201,0.946,90.25,88.35,82.56,89.72,92.87,93.69,91.59,10.0,0
STU0205,2,2023-24,CH101,0.987,90.61,96.36,89.83,70.21,62.96,66.43,64.31,7.0,0
STU0205,2,2023-24,ME101,1.06,92.34,95.8,98.97,72.87,76.95,71.91,65.29,7.0,0
STU0205,3,2024-25,CS301,0.905,92.08,85.79,83.34,94.5,98.0,98.0,96.96,10.0,0
STU0205,3,2024-25,CS302,1.074,98.94,99.0,99.0,61.74,64.61,63.48,60.53,7.0,0
STU0205,3,2024-25,CS303,1.077,93.31,94.93,92.75,66.59,75.46,70.39,68.66,7.0,0
STU0205,3,2024-25,MA301,1.106,98.58,99.0,99.0,74.22,70.05,64.9,67.92,7.0,0
STU0205,3,2024-25,EC301,1.076,99.0,96.11,96.19,74.19,67.91,65.48,67.0,7.0,0
STU0205,3,2024-25,CS304,1.059,90.46,89.93,96.77,74.59,71.69,81.08,82.04,9.0,0
STU0205,4,2024-25,CS401,0.874,92.76,90.96,87.88,82.38,77.41,77.87,74.14,8.0,0
STU0205,4,2024-25,CS402,0.838,98.18,97.4,97.41,88.71,98.0,98.0,97.45,10.0,0
STU0205,4,2024-25,CS403,1.045,97.64,99.0,99.0,74.27,77.73,82.59,81.23,9.0,0
STU0205,4,2024-25,CS404,0.822,89.71,91.49,92.23,85.11,85.11,83.15,80.79,9.0,0
STU0205,4,2024-25,MA401,0.779,94.81,96.07,99.0,90.02,88.04,95.34,98.28,10.0,0
STU0205,4,2024-25,CS405,1.097,96.35,99.0,96.17,63.92,56.76,56.5,58.46,6.0,0
STU0206,1,2023-24,EC101,0.909,95.7,96.17,99.0,83.33,83.25,84.41,84.49,9.0,0
STU0206,1,2023-24,EC102,1.173,82.72,80.42,78.23,69.5,67.31,67.1,66.01,7.0,0
STU0206,1,2023-24,MA101,1.083,90.82,93.83,97.28,79.94,83.84,86.01,82.48,9.0,0
STU0206,1,2023-24,PH101,0.949,93.49,97.66,97.42,82.36,79.73,77.39,74.74,8.0,0
STU0206,1,2023-24,EE101,1.043,88.21,86.43,85.35,65.73,62.11,63.13,61.3,7.0,0
STU0206,2,2023-24,EC201,1.124,83.31,80.89,79.39,72.44,80.09,72.62,72.21,8.0,0
STU0206,2,2023-24,EC202,0.928,88.23,88.39,86.4,87.98,87.87,82.97,89.3,9.0,0
STU0206,2,2023-24,MA201,0.981,95.21,97.7,97.62,81.5,82.59,73.71,69.08,7.0,0
STU0206,2,2023-24,CH101,0.901,82.48,82.28,82.44,98.0,98.0,98.0,98.33,10.0,0
STU0206,2,2023-24,ME101,1.027,86.64,85.93,82.95,71.08,69.08,70.21,80.56,9.0,0
STU0206,3,2024-25,EC301,1.018,82.76,85.76,87.6,72.34,80.19,85.61,83.01,9.0,0
STU0206,3,2024-25,EC302,0.959,82.58,85.43,82.6,76.81,80.76,83.28,77.43,8.0,0
STU0206,3,2024-25,EC303,1.079,77.31,75.09,73.82,68.88,65.96,61.29,62.82,7.0,0
STU0206,3,2024-25,MA301,0.806,81.08,83.85,85.24,88.37,79.69,74.78,68.25,7.0,0
STU0206,3,2024-25,CS301,1.011,81.37,80.03,81.82,80.38,81.45,80.45,78.34,8.0,0
STU0206,3,2024-25,EC304,0.958,84.04,87.28,82.42,74.58,74.56,65.06,65.91,7.0,0
STU0206,4,2024-25,EC401,1.01,97.32,97.4,99.0,75.79,77.27,79.99,81.16,9.0,0
STU0206,4,2024-25,EC402,0.907,88.39,91.97,92.84,87.08,91.09,94.9,95.97,10.0,0
STU0206,4,2024-25,EC403,1.076,91.79,93.65,88.16,73.2,76.56,73.33,73.75,8.0,0
STU0206,4,2024-25,EC404,1.036,90.32,94.28,95.4,67.55,67.96,74.5,74.49,8.0,0
STU0206,4,2024-25,MA401,0.922,91.71,91.15,86.9,92.35,96.51,98.0,93.49,10.0,0
STU0206,4,2024-25,EC405,1.015,98.2,94.88,94.63,71.98,75.74,74.77,74.49,8.0,0
STU0207,1,2023-24,AI101,1.006,92.42,93.77,90.58,72.67,71.81,76.79,70.88,8.0,0
STU0207,1,2023-24,AI102,1.234,92.59,93.26,92.85,70.25,64.76,66.75,67.67,7.0,0
STU0207,1,2023-24,MA101,1.215,87.79,87.95,87.72,64.37,71.02,66.63,62.08,7.0,0
STU0207,1,2023-24,PH101,1.029,86.36,87.25,89.46,79.79,79.9,70.62,72.3,8.0,0
STU0207,1,2023-24,EE101,1.024,96.75,99.0,93.81,84.81,78.96,82.71,87.07,9.0,0
STU0207,2,2023-24,AI201,1.085,87.46,89.11,83.26,84.08,86.64,86.63,84.05,9.0,0
STU0207,2,2023-24,AI202,0.976,87.03,88.41,90.03,91.35,93.27,83.79,83.66,9.0,0
STU0207,2,2023-24,MA201,0.954,83.53,79.43,80.72,98.0,98.0,98.0,99.5,10.0,0
STU0207,2,2023-24,CH101,0.886,85.4,90.93,89.57,98.0,98.0,93.16,92.67,10.0,0
STU0207,2,2023-24,ME101,0.996,80.88,75.26,73.81,83.23,85.67,88.14,84.32,9.0,0
STU0207,3,2024-25,AI301,0.957,77.9,79.58,73.92,93.78,98.0,97.35,93.31,10.0,0
STU0207,3,2024-25,AI302,0.749,84.96,91.9,92.06,98.0,93.07,98.0,98.51,10.0,0
STU0207,3,2024-25,AI303,0.884,89.78,93.44,95.36,93.4,98.0,98.0,97.68,10.0,0
STU0207,3,2024-25,MA301,1.131,84.76,85.72,81.71,70.08,62.95,68.91,64.53,7.0,0
STU0207,3,2024-25,CS301,1.004,74.22,80.11,76.04,86.27,79.22,83.14,86.39,9.0,0
STU0207,3,2024-25,AI304,1.002,80.32,83.15,81.02,90.27,91.61,84.53,90.07,10.0,0
STU0207,4,2024-25,AI401,1.02,80.72,80.19,82.95,87.09,89.88,87.17,84.59,9.0,0
STU0207,4,2024-25,AI402,1.047,86.68,84.12,83.32,83.48,83.05,88.26,84.33,9.0,0
STU0207,4,2024-25,AI403,0.826,87.98,90.14,90.46,98.0,98.0,98.0,98.9,10.0,0
STU0207,4,2024-25,AI404,0.992,85.74,88.95,92.12,88.3,88.28,90.28,93.86,10.0,0
STU0207,4,2024-25,MA401,0.981,82.51,84.23,86.82,86.42,88.45,84.67,75.63,8.0,0
STU0207,4,2024-25,AI405,1.004,79.7,80.94,79.52,82.83,77.7,76.56,73.25,8.0,0
STU0208,1,2023-24,DS101,1.08,74.85,74.48,68.2,85.0,84.76,87.48,85.65,9.0,0
STU0208,1,2023-24,DS102,1.057,88.0,89.36,88.34,77.89,70.3,70.31,70.72,8.0,0
STU0208,1,2023-24,MA101,1.085,83.5,82.27,85.05,85.06,92.59,90.38,90.6,10.0,0
STU0208,1,2023-24,PH101,1.096,76.29,76.61,75.2,80.58,78.72,78.03,75.82,8.0,0
STU0208,1,2023-24,EE101,0.7,78.36,82.45,76.87,98.0,98.0,95.06,97.74,10.0,0
STU0208,2,2023-24,DS201,1.172,71.94,65.31,70.87,72.69,77.27,90.18,92.68,10.0,0
STU0208,2,2023-24,DS202,1.029,75.21,75.65,72.98,75.51,63.14,55.68,54.69,6.0,0
STU0208,2,2023-24,MA201,1.031,77.71,77.28,74.67,71.1,74.35,70.16,66.65,7.0,0
STU0208,2,2023-24,CH101,1.273,81.98,82.76,80.7,65.42,65.4,60.12,65.2,7.0,0
STU0208,2,2023-24,ME101,0.816,82.86,77.44,79.38,98.0,91.56,98.0,96.84,10.0,0
STU0208,3,2024-25,DS301,1.071,70.6,69.4,72.7,72.09,65.82,71.98,70.93,8.0,0
STU0208,3,2024-25,DS302,0.959,77.0,79.7,86.94,80.3,75.88,77.23,79.23,8.0,0
STU0208,3,2024-25,DS303,1.001,74.63,75.51,74.83,76.07,72.27,68.42,69.52,7.0,0
STU0208,3,2024-25,MA301,0.813,77.8,82.05,83.85,89.73,85.15,79.92,75.77,8.0,0
STU0208,3,2024-25,CS301,0.958,80.03,83.51,86.61,71.09,79.0,85.84,82.26,9.0,0
STU0208,3,2024-25,DS304,0.776,74.85,82.14,83.65,98.0,98.0,98.0,95.65,10.0,0
STU0208,4,2024-25,DS401,0.871,87.04,91.33,85.1,91.73,87.83,83.52,88.23,9.0,0
STU0208,4,2024-25,DS402,1.113,90.44,94.02,94.97,75.54,81.03,80.54,82.84,9.0,0
STU0208,4,2024-25,DS403,1.256,88.87,87.87,86.96,61.09,54.71,41.03,37.88,0.0,1
STU0208,4,2024-25,DS404,0.952,86.73,88.55,88.01,82.98,89.58,85.48,92.94,10.0,0
STU0208,4,2024-25,MA401,0.883,84.23,82.4,79.52,84.92,81.67,90.0,94.37,10.0,0
STU0208,4,2024-25,DS405,1.016,83.86,92.34,86.49,77.62,66.22,73.9,76.52,8.0,0
STU0209,1,2023-24,CS101,1.201,84.14,84.01,90.91,70.42,65.41,68.76,64.92,7.0,0
STU0209,1,2023-24,CS102,1.169,89.0,82.89,83.77,64.15,58.57,65.53,62.61,7.0,0
STU0209,1,2023-24,MA101,0.891,79.29,73.89,75.74,83.25,83.66,81.91,85.22,9.0,0
STU0209,1,2023-24,PH101,1.101,82.45,80.38,77.15,64.58,62.47,54.57,53.46,6.0,0
STU0209,1,2023-24,EE101,1.076,80.34,74.6,73.66,75.02,78.14,71.46,73.91,8.0,0
STU0209,2,2023-24,CS201,1.076,77.41,68.12,65.41,72.9,73.11,60.02,59.71,6.0,0
STU0209,2,2023-24,CS202,0.946,88.8,89.71,90.86,86.05,93.78,95.92,99.5,10.0,0
STU0209,2,2023-24,MA201,0.791,89.7,87.53,84.95,98.0,97.0,95.89,97.6,10.0,0
STU0209,2,2023-24,CH101,0.916,84.13,77.9,79.81,88.22,85.99,81.04,78.5,8.0,0
STU0209,2,2023-24,ME101,0.919,79.45,79.36,80.28,87.75,84.05,85.77,80.85,9.0,0
STU0209,3,2024-25,CS301,0.814,79.66,73.19,74.27,84.49,86.19,87.32,85.32,9.0,0
STU0209,3,2024-25,CS302,0.927,80.14,82.61,83.49,68.28,75.27,68.24,69.09,7.0,0
STU0209,3,2024-25,CS303,0.737,82.69,76.19,78.95,98.0,92.91,89.22,96.43,10.0,0
STU0209,3,2024-25,MA301,0.906,93.55,96.22,98.7,84.54,87.57,80.51,77.74,8.0,0
STU0209,3,2024-25,EC301,0.877,84.11,87.97,84.83,79.29,76.81,78.99,75.41,8.0,0
STU0209,3,2024-25,CS304,1.192,94.08,91.14,89.55,53.8,57.17,58.71,56.86,6.0,0
STU0209,4,2024-25,CS401,1.074,91.1,95.63,95.32,75.01,75.09,72.04,71.77,8.0,0
STU0209,4,2024-25,CS402,0.915,85.14,81.2,72.0,79.77,81.75,75.23,71.22,8.0,0
STU0209,4,2024-25,CS403,0.968,92.74,90.32,93.08,84.57,76.71,85.52,90.27,10.0,0
STU0209,4,2024-25,CS404,1.009,96.0,97.13,92.71,67.18,62.36,66.63,69.76,7.0,0
STU0209,4,2024-25,MA401,1.154,86.0,92.18,91.85,71.83,73.33,69.96,72.79,8.0,0
STU0209,4,2024-25,CS405,1.011,79.48,78.73,73.87,73.16,76.23,72.71,72.06,8.0,0
STU0210,1,2023-24,EC101,0.996,84.74,82.22,84.22,79.2,76.11,76.29,72.53,8.0,0
STU0210,1,2023-24,EC102,0.883,93.17,91.81,91.34,93.8,95.46,89.5,85.99,9.0,0
STU0210,1,2023-24,MA101,1.089,94.2,94.92,98.22,81.91,87.98,98.0,99.5,10.0,0
STU0210,1,2023-24,PH101,0.996,89.75,91.16,96.01,80.8,76.77,77.83,80.18,9.0,0
STU0210,1,2023-24,EE101,0.976,98.65,95.16,92.98,84.18,87.72,88.66,84.78,9.0,0
STU0210,2,2023-24,EC201,1.097,99.0,96.05,99.0,75.64,73.53,71.44,74.71,8.0,0
STU0210,2,2023-24,EC202,1.205,98.1,99.0,99.0,67.12,66.53,73.71,74.64,8.0,0
STU0210,2,2023-24,MA201,1.251,93.93,91.35,93.41,62.79,60.08,59.45,60.26,7.0,0
STU0210,2,2023-24,CH101,1.12,99.0,98.31,90.4,77.18,74.22,71.87,73.9,8.0,0
STU0210,2,2023-24,ME101,0.977,99.0,99.0,99.0,74.92,77.5,74.77,74.87,8.0,0
STU0210,3,2024-25,EC301,0.999,92.22,89.65,95.77,88.89,83.98,89.26,89.97,9.0,0
STU0210,3,2024-25,EC302,1.079,99.0,98.76,98.98,79.55,78.88,77.1,73.92,8.0,0
STU0210,3,2024-25,EC303,0.905,94.69,94.72,93.22,79.84,72.51,66.47,61.93,7.0,0
STU0210,3,2024-25,MA301,1.208,88.56,87.44,89.0,74.46,73.93,73.71,77.88,8.0,0
STU0210,3,2024-25,CS301,1.119,95.87,94.32,98.76,69.97,67.39,62.68,62.74,7.0,0
STU0210,3,2024-25,EC304,1.259,97.31,98.77,99.0,62.05,62.42,66.63,62.48,7.0,0
STU0210,4,2024-25,EC401,1.043,99.0,99.0,99.0,74.12,61.98,61.34,61.28,7.0,0
STU0210,4,2024-25,EC402,1.075,91.33,94.91,99.0,75.14,80.01,85.55,89.63,9.0,0
STU0210,4,2024-25,EC403,1.153,99.0,99.0,99.0,71.22,75.78,84.91,80.64,9.0,0
STU0210,4,2024-25,EC404,0.829,94.34,96.73,94.65,98.0,98.0,98.0,94.1,10.0,0
STU0210,4,2024-25,MA401,1.275,97.67,99.0,99.0,70.21,68.93,74.09,74.27,8.0,0
STU0210,4,2024-25,EC405,1.164,93.47,92.53,94.22,67.64,63.65,60.89,63.85,7.0,0
STU0211,1,2023-24,AI101,0.898,88.09,88.47,85.93,92.59,93.85,98.0,97.76,10.0,0
STU0211,1,2023-24,AI102,1.309,91.49,84.96,86.19,56.9,65.63,61.91,66.7,7.0,0
STU0211,1,2023-24,MA101,0.847,87.74,83.98,85.07,98.0,94.19,87.65,89.44,9.0,0
STU0211,1,2023-24,PH101,0.967,86.71,85.69,88.33,86.92,83.7,86.6,85.41,9.0,0
STU0211,1,2023-24,EE101,0.979,88.66,86.21,91.49,71.79,73.56,79.17,74.29,8.0,0
STU0211,2,2023-24,AI201,1.159,83.7,91.25,91.15,72.36,78.99,71.11,69.49,7.0,0
STU0211,2,2023-24,AI202,1.142,88.34,91.47,90.11,67.08,61.52,60.88,58.0,6.0,0
STU0211,2,2023-24,MA201,1.01,90.69,97.93,97.95,69.1,71.4,65.3,63.96,7.0,0
STU0211,2,2023-24,CH101,1.027,84.3,82.24,80.19,66.91,74.51,72.31,68.57,7.0,0
STU0211,2,2023-24,ME101,1.219,95.32,95.16,90.11,69.52,68.12,65.48,63.51,7.0,0
STU0211,3,2024-25,AI301,0.949,80.08,75.42,78.64,79.78,75.32,73.47,63.28,7.0,0
STU0211,3,2024-25,AI302,0.883,73.58,73.39,66.05,89.6,87.72,83.95,81.36,9.0,0
STU0211,3,2024-25,AI303,1.009,89.68,88.64,85.99,72.03,79.33,79.12,70.91,8.0,0
STU0211,3,2024-25,MA301,0.953,80.11,77.95,73.83,89.77,91.2,96.01,99.5,10.0,0
STU0211,3,2024-25,CS301,1.035,96.05,90.69,95.63,74.86,78.78,78.13,80.1,9.0,0
STU0211,3,2024-25,AI304,1.051,85.46,85.96,92.11,69.11,76.04,72.68,74.68,8.0,0
STU0211,4,2024-25,AI401,1.036,93.33,95.56,96.24,77.91,80.27,88.16,87.49,9.0,0
STU0211,4,2024-25,AI402,0.912,93.09,88.09,91.9,79.7,83.83,85.47,85.35,9.0,0
STU0211,4,2024-25,AI403,1.039,85.53,84.1,86.91,64.84,67.5,71.38,69.45,7.0,0
STU0211,4,2024-25,AI404,1.16,94.5,99.0,99.0,62.0,67.26,67.32,70.13,8.0,0
STU0211,4,2024-25,MA401,0.946,89.07,86.47,91.43,81.79,75.13,73.73,74.4,8.0,0
STU0211,4,2024-25,AI405,1.182,90.11,93.82,99.0,56.66,56.95,54.04,58.42,6.0,0
STU0212,1,2023-24,DS101,0.883,74.51,71.2,69.25,80.9,83.34,79.78,81.3,9.0,0
STU0212,1,2023-24,DS102,0.919,72.3,71.43,69.23,74.99,72.23,79.35,78.12,8.0,0
STU0212,1,2023-24,MA101,1.035,74.27,77.01,72.41,77.42,81.54,81.01,85.85,9.0,0
STU0212,1,2023-24,PH101,1.096,86.4,89.11,85.28,64.48,68.61,61.91,52.72,6.0,0
STU0212,1,2023-24,EE101,0.93,70.61,74.06,70.52,71.19,71.61,79.91,78.9,8.0,0
STU0212,2,2023-24,DS201,0.998,66.6,60.54,64.61,71.28,73.25,81.98,78.92,8.0,0
STU0212,2,2023-24,DS202,1.062,69.24,66.55,68.69,66.18,64.57,59.87,58.17,6.0,0
STU0212,2,2023-24,MA201,0.944,75.31,75.28,75.21,80.24,85.51,74.55,79.85,8.0,0
STU0212,2,2023-24,CH101,0.986,82.68,84.33,85.58,71.21,68.35,73.37,73.5,8.0,0
STU0212,2,2023-24,ME101,1.123,70.9,69.27,57.7,55.38,56.43,49.53,51.79,6.0,0
STU0212,3,2024-25,DS301,0.942,79.49,83.77,76.06,76.78,79.2,79.71,87.08,9.0,0
STU0212,3,2024-25,DS302,1.107,79.63,76.82,73.67,71.78,73.46,69.81,60.68,7.0,0
STU0212,3,2024-25,DS303,0.984,81.92,79.98,84.17,69.34,75.72,81.17,84.09,9.0,0
STU0212,3,2024-25,MA301,0.929,77.43,81.84,79.72,77.2,79.82,78.02,75.49,8.0,0
STU0212,3,2024-25,CS301,0.883,83.25,87.74,91.27,86.72,89.15,87.39,86.59,9.0,0
STU0212,3,2024-25,DS304,0.886,80.06,77.53,77.4,80.78,81.07,85.02,89.44,9.0,0
STU0212,4,2024-25,DS401,1.015,82.31,83.65,91.23,78.19,80.15,79.49,78.36,8.0,0
STU0212,4,2024-25,DS402,0.978,85.11,85.18,84.5,74.76,74.4,73.49,84.63,9.0,0
STU0212,4,2024-25,DS403,0.636,84.0,87.61,90.12,98.0,98.0,98.0,93.52,10.0,0
STU0212,4,2024-25,DS404,0.953,82.42,83.03,84.92,78.1,78.84,81.73,81.2,9.0,0
STU0212,4,2024-25,MA401,1.166,89.4,93.84,96.39,63.54,63.36,66.38,67.16,7.0,0
STU0212,4,2024-25,DS405,1.131,80.28,84.21,85.59,66.58,65.48,65.26,67.68,7.0,0
STU0213,1,2023-24,CS101,0.998,75.25,74.31,77.09,88.78,95.12,96.13,91.05,10.0,0
STU0213,1,2023-24,CS102,1.021,85.56,89.12,91.66,81.78,87.71,88.32,84.28,9.0,0
STU0213,1,2023-24,MA101,0.935,82.57,78.74,76.79,86.29,87.96,84.99,86.89,9.0,0
STU0213,1,2023-24,PH101,1.004,72.59,72.42,69.11,87.37,85.32,89.62,93.38,10.0,0
STU0213,1,2023-24,EE101,0.915,84.85,81.86,81.53,91.84,89.58,91.22,94.82,10.0,0
STU0213,2,2023-24,CS201,0.838,76.35,75.26,69.51,92.3,93.32,88.34,86.31,9.0,0
STU0213,2,2023-24,CS202,1.03,87.43,86.09,80.73,77.62,78.25,78.38,81.46,9.0,0
STU0213,2,2023-24,MA201,0.938,80.91,79.79,78.5,88.07,94.1,89.17,90.17,10.0,0
STU0213,2,2023-24,CH101,1.05,85.5,85.72,85.56,78.32,87.84,90.17,87.26,9.0,0
STU0213,2,2023-24,ME101,1.009,96.52,95.92,85.03,77.77,76.81,76.01,80.58,9.0,0
STU0213,3,2024-25,CS301,1.049,83.96,83.11,88.07,86.52,88.96,86.23,91.21,10.0,0
STU0213,3,2024-25,CS302,1.055,85.83,83.42,82.9,89.24,80.62,93.34,98.37,10.0,0
STU0213,3,2024-25,CS303,1.177,86.7,85.05,83.28,63.35,62.06,61.13,62.63,7.0,0
STU0213,3,2024-25,MA301,0.845,81.13,76.69,77.88,98.0,98.0,94.31,93.63,10.0,0
STU0213,3,2024-25,EC301,0.888,81.59,83.22,92.57,89.81,82.27,90.98,85.96,9.0,0
STU0213,3,2024-25,CS304,0.959,85.19,88.62,93.48,84.41,93.06,92.07,88.08,9.0,0
STU0213,4,2024-25,CS401,0.945,89.7,84.35,86.41,85.51,80.5,81.2,85.77,9.0,0
STU0213,4,2024-25,CS402,1.075,83.54,86.49,81.96,77.14,84.58,78.91,81.88,9.0,0
STU0213,4,2024-25,CS403,0.874,85.65,80.28,84.34,86.44,85.26,90.89,92.54,10.0,0
STU0213,4,2024-25,CS404,1.11,89.93,91.35,98.13,75.31,74.62,73.27,72.3,8.0,0
STU0213,4,2024-25,MA401,0.993,89.57,84.89,78.2,72.04,67.86,68.02,72.15,8.0,0
STU0213,4,2024-25,CS405,1.001,86.89,88.88,91.48,87.03,84.98,83.18,88.98,9.0,0
STU0214,1,2023-24,EC101,0.912,92.44,95.2,92.69,98.0,98.0,98.0,99.5,10.0,0
STU0214,1,2023-24,EC102,1.151,91.66,89.96,89.27,72.44,70.72,74.83,74.65,8.0,0
STU0214,1,2023-24,MA101,1.021,82.51,83.38,84.12,85.1,77.05,74.75,70.1,8.0,0
STU0214,1,2023-24,PH101,0.924,89.72,89.99,88.9,91.61,90.41,84.79,82.81,9.0,0
STU0214,1,2023-24,EE101,1.093,95.44,95.09,96.72,76.82,74.14,71.23,85.0,9.0,0
STU0214,2,2023-24,EC201,1.38,81.08,81.02,82.7,61.43,64.03,65.63,64.64,7.0,0
STU0214,2,2023-24,EC202,1.001,82.66,80.07,75.45,86.13,91.1,88.46,88.22,9.0,0
STU0214,2,2023-24,MA201,1.192,89.78,92.89,93.84,65.91,63.59,64.65,65.96,7.0,0
STU0214,2,2023-24,CH101,0.884,90.27,95.2,97.98,98.0,98.0,98.0,98.15,10.0,0
STU0214,2,2023-24,ME101,0.962,85.27,81.62,81.33,79.71,76.11,81.64,85.19,9.0,0
STU0214,3,2024-25,EC301,0.929,87.12,91.99,88.16,78.31,75.31,72.6,71.48,8.0,0
STU0214,3,2024-25,EC302,0.794,91.18,97.82,98.87,98.0,98.0,98.0,98.17,10.0,0
STU0214,3,2024-25,EC303,0.99,90.64,89.21,83.51,91.14,93.52,90.36,91.42,10.0,0
STU0214,3,2024-25,MA301,0.864,91.3,93.9,97.51,96.65,95.79,98.0,96.34,10.0,0
STU0214,3,2024-25,CS301,1.036,86.86,87.66,92.89,82.15,86.3,91.31,91.1,10.0,0
STU0214,3,2024-25,EC304,0.895,82.36,78.57,78.98,80.41,81.2,83.43,78.73,8.0,0
STU0214,4,2024-25,EC401,0.804,79.13,78.93,79.23,98.0,98.0,98.0,96.26,10.0,0
STU0214,4,2024-25,EC402,0.962,90.23,86.3,86.86,90.71,95.31,95.81,92.94,10.0,0
STU0214,4,2024-25,EC403,1.023,88.78,89.27,93.1,77.76,77.05,77.07,79.39,8.0,0
STU0214,4,2024-25,EC404,1.108,86.0,84.73,85.39,72.13,69.93,72.49,73.55,8.0,0
STU0214,4,2024-25,MA401,0.921,82.77,79.97,77.42,94.41,98.0,98.0,95.23,10.0,0
STU0214,4,2024-25,EC405,1.04,87.03,87.77,84.35,79.24,80.79,79.06,79.33,8.0,0
STU0215,1,2023-24,AI101,0.84,86.31,77.58,73.85,78.22,72.01,65.51,66.22,7.0,0
STU0215,1,2023-24,AI102,1.059,82.62,72.9,67.66,64.75,57.23,50.27,52.34,6.0,0
STU0215,1,2023-24,MA101,1.11,86.11,77.45,72.96,59.23,53.18,49.25,51.33,6.0,0
STU0215,1,2023-24,PH101,0.917,86.83,79.9,76.66,72.57,64.85,57.38,60.46,7.0,0
STU0215,1,2023-24,EE101,1.002,82.19,77.05,73.64,63.58,57.12,53.14,53.97,6.0,0
STU0215,2,2023-24,AI201,0.993,78.6,71.59,64.57,73.19,64.71,58.6,59.94,6.0,0
STU0215,2,2023-24,AI202,0.827,78.22,73.46,66.8,83.13,78.63,73.51,73.79,8.0,0
STU0215,2,2023-24,MA201,0.91,77.29,69.6,60.8,76.72,70.92,67.34,66.65,7.0,0
STU0215,2,2023-24,CH101,0.9,66.46,62.41,56.56,81.64,77.15,69.77,71.84,8.0,0
STU0215,2,2023-24,ME101,1.057,74.57,67.26,58.98,64.17,58.48,55.03,52.68,6.0,0
STU0215,3,2024-25,AI301,0.98,84.11,78.41,72.52,62.18,57.22,52.7,49.31,5.0,0
STU0215,3,2024-25,AI302,1.251,80.01,70.5,61.96,53.0,48.53,44.54,43.62,5.0,0
STU0215,3,2024-25,AI303,0.973,79.47,70.22,66.27,61.1,55.72,52.63,50.61,6.0,0
STU0215,3,2024-25,MA301,1.045,81.13,74.44,66.56,58.5,51.57,43.84,43.96,5.0,0
STU0215,3,2024-25,CS301,1.161,91.68,83.66,75.43,45.82,41.64,38.08,42.24,5.0,0
STU0215,3,2024-25,AI304,1.147,87.51,82.07,74.76,50.61,46.3,40.55,37.28,0.0,1
STU0215,4,2024-25,AI401,0.961,76.98,72.02,67.1,62.64,56.89,53.19,55.98,6.0,0
STU0215,4,2024-25,AI402,0.955,67.68,57.77,49.75,71.43,65.63,58.34,62.56,7.0,0
STU0215,4,2024-25,AI403,1.127,68.99,63.45,55.79,63.78,56.94,53.12,53.22,6.0,0
STU0215,4,2024-25,AI404,1.0,76.88,71.38,66.4,69.69,65.07,57.56,57.36,6.0,0
STU0215,4,2024-25,MA401,1.069,78.15,69.89,63.33,63.84,58.08,54.55,42.56,5.0,0
STU0215,4,2024-25,AI405,0.843,70.42,65.33,59.35,81.82,75.49,70.92,72.66,8.0,0
STU0216,1,2023-24,DS101,1.011,69.58,66.1,66.47,61.62,60.77,63.17,59.79,6.0,0
STU0216,1,2023-24,DS102,0.893,75.98,69.28,73.13,71.05,72.24,71.7,70.75,8.0,0
STU0216,1,2023-24,MA101,1.06,70.07,69.01,69.58,62.59,61.67,56.44,55.82,6.0,0
STU0216,1,2023-24,PH101,0.866,75.54,74.82,70.53,73.79,73.75,74.37,71.91,8.0,0
STU0216,1,2023-24,EE101,1.031,77.77,82.04,88.19,62.71,62.06,59.31,56.13,6.0,0
STU0216,2,2023-24,DS201,1.223,65.06,59.89,59.2,56.23,60.15,61.67,63.96,7.0,0
STU0216,2,2023-24,DS202,1.135,65.98,72.13,72.36,63.97,64.19,60.96,68.21,7.0,0
STU0216,2,2023-24,MA201,1.071,73.38,76.19,71.27,57.6,56.07,51.11,52.45,6.0,0
STU0216,2,2023-24,CH101,0.998,69.89,74.43,73.26,62.77,61.92,52.42,51.98,6.0,0
STU0216,2,2023-24,ME101,0.704,69.53,73.47,75.39,98.0,98.0,94.73,88.59,9.0,0
STU0216,3,2024-25,DS301,1.119,84.62,80.11,84.34,49.54,51.46,54.08,52.06,6.0,0
STU0216,3,2024-25,DS302,1.097,70.55,67.07,64.34,60.3,63.13,64.12,64.75,7.0,0
STU0216,3,2024-25,DS303,1.153,77.83,76.27,75.74,49.28,52.07,46.53,46.0,5.0,0
STU0216,3,2024-25,MA301,1.109,78.27,74.6,75.78,60.01,62.13,64.44,53.33,6.0,0
STU0216,3,2024-25,CS301,0.946,70.32,70.96,77.77,72.6,67.41,62.02,57.98,6.0,0
STU0216,3,2024-25,DS304,0.844,75.14,72.05,73.96,78.82,74.12,66.99,69.46,7.0,0
STU0216,4,2024-25,DS401,0.915,77.76,80.72,86.27,78.41,84.69,82.85,81.75,9.0,0
STU0216,4,2024-25,DS402,1.168,82.7,85.22,81.79,59.05,52.0,52.03,49.86,5.0,0
STU0216,4,2024-25,DS403,1.037,81.09,87.58,88.65,69.29,66.03,66.23,68.42,7.0,0
STU0216,4,2024-25,DS404,0.817,86.56,89.64,90.56,92.99,89.81,82.68,84.06,9.0,0
STU0216,4,2024-25,MA401,0.807,77.36,73.85,73.57,86.71,82.04,91.2,94.41,10.0,0
STU0216,4,2024-25,DS405,1.017,85.66,85.18,91.32,82.76,85.7,76.95,77.63,8.0,0
STU0217,1,2023-24,CS101,1.135,79.6,79.05,79.44,38.22,41.23,36.5,37.8,0.0,1
STU0217,1,2023-24,CS102,1.119,85.14,85.0,89.15,33.87,35.09,48.22,52.54,6.0,0
STU0217,1,2023-24,MA101,1.073,85.46,86.17,86.23,46.23,48.5,54.26,54.18,6.0,0
STU0217,1,2023-24,PH101,1.015,87.26,85.09,85.42,50.57,46.71,46.95,41.19,5.0,0
STU0217,1,2023-24,EE101,0.943,78.74,76.81,82.34,38.92,42.84,40.94,42.09,5.0,0
STU0217,2,2023-24,CS201,0.944,80.67,80.32,79.48,40.43,40.4,36.24,34.94,0.0,1
STU0217,2,2023-24,CS202,1.089,88.88,89.01,88.42,45.4,51.08,51.12,43.93,5.0,0
STU0217,2,2023-24,MA201,1.094,85.2,83.64,82.31,45.08,47.24,48.45,47.28,5.0,0
STU0217,2,2023-24,CH101,1.154,85.44,91.65,92.07,42.29,38.41,37.24,43.39,5.0,0
STU0217,2,2023-24,ME101,1.191,91.79,92.44,96.41,44.97,51.56,51.33,55.99,6.0,0
STU0217,3,2024-25,CS301,0.932,71.49,73.17,74.68,42.47,37.21,38.08,32.04,0.0,1
STU0217,3,2024-25,CS302,1.12,71.8,67.16,67.07,41.88,43.62,49.83,51.54,6.0,0
STU0217,3,2024-25,CS303,1.034,71.35,68.81,67.97,48.72,46.03,57.71,55.39,6.0,0
STU0217,3,2024-25,MA301,1.15,78.75,73.43,77.71,36.49,29.44,22.45,25.32,0.0,1
STU0217,3,2024-25,EC301,1.163,72.12,78.31,72.28,38.55,41.57,44.54,30.18,0.0,1
STU0217,3,2024-25,CS304,1.115,74.42,69.97,67.44,38.42,37.57,37.39,35.53,0.0,1
STU0217,4,2024-25,CS401,0.855,69.24,67.01,64.52,70.45,67.49,66.94,63.15,7.0,0
STU0217,4,2024-25,CS402,0.944,75.41,77.8,81.24,51.26,48.23,51.91,51.84,6.0,0
STU0217,4,2024-25,CS403,0.993,75.37,78.86,76.41,52.95,52.41,48.05,48.95,5.0,0
STU0217,4,2024-25,CS404,0.935,72.99,75.26,76.2,52.32,53.23,53.86,52.18,6.0,0
STU0217,4,2024-25,MA401,0.896,73.62,68.73,65.0,52.8,47.34,45.19,48.37,5.0,0
STU0217,4,2024-25,CS405,1.074,77.5,75.36,68.33,46.43,51.5,49.73,49.67,5.0,0
STU0218,1,2023-24,EC101,1.1,83.2,74.7,76.99,77.83,80.78,79.52,81.08,9.0,0
STU0218,1,2023-24,EC102,0.984,86.52,85.13,84.54,91.25,90.47,85.65,90.64,10.0,0
STU0218,1,2023-24,MA101,1.037,94.84,91.02,90.13,84.59,87.55,79.05,73.48,8.0,0
STU0218,1,2023-24,PH101,0.921,91.59,89.23,88.79,94.5,90.77,97.36,94.97,10.0,0
STU0218,1,2023-24,EE101,0.752,85.47,82.55,83.16,98.0,98.0,98.0,98.09,10.0,0
STU0218,2,2023-24,EC201,1.035,84.58,84.06,84.64,91.83,91.59,91.34,92.28,10.0,0
STU0218,2,2023-24,EC202,1.105,80.34,81.19,76.54,87.9,89.43,94.95,89.95,9.0,0
STU0218,2,2023-24,MA201,0.98,89.45,94.37,95.6,89.66,88.44,83.75,88.14,9.0,0
STU0218,2,2023-24,CH101,1.078,85.26,87.16,86.77,81.91,78.51,75.19,76.33,8.0,0
STU0218,2,2023-24,ME101,1.126,84.63,81.85,85.19,80.29,70.24,67.07,68.47,7.0,0
STU0218,3,2024-25,EC301,0.851,85.82,82.01,77.7,96.16,98.0,98.0,99.5,10.0,0
STU0218,3,2024-25,EC302,0.928,91.54,98.04,99.0,97.28,97.83,98.0,95.24,10.0,0
STU0218,3,2024-25,EC303,0.679,88.28,84.92,83.43,98.0,98.0,97.1,99.5,10.0,0
STU0218,3,2024-25,MA301,0.913,88.18,87.51,86.48,92.73,98.0,98.0,96.63,10.0,0
STU0218,3,2024-25,CS301,0.927,84.33,84.74,79.43,90.68,92.4,89.13,89.26,9.0,0
STU0218,3,2024-25,EC304,1.032,80.41,81.14,79.53,91.65,92.54,88.4,82.95,9.0,0
STU0218,4,2024-25,EC401,0.927,92.48,95.08,97.48,94.06,91.1,89.93,86.72,9.0,0
STU0218,4,2024-25,EC402,0.887,95.18,96.36,97.36,94.8,98.0,96.95,97.35,10.0,0
STU0218,4,2024-25,EC403,1.14,88.34,86.11,89.73,80.62,82.17,72.37,76.21,8.0,0
STU0218,4,2024-25,EC404,0.927,88.91,88.21,84.01,98.0,98.0,98.0,95.68,10.0,0
STU0218,4,2024-25,MA401,1.118,96.92,92.46,88.52,73.99,78.15,78.97,78.77,8.0,0
STU0218,4,2024-25,EC405,1.044,98.95,92.84,91.76,68.19,70.47,75.36,74.44,8.0,0
STU0219,1,2023-24,AI101,1.057,85.44,76.39,72.26,75.27,67.97,60.99,61.52,7.0,0
STU0219,1,2023-24,AI102,0.988,75.14,66.12,62.38,78.16,72.92,66.67,69.72,7.0,0
STU0219,1,2023-24,MA101,1.021,71.91,62.36,54.26,78.5,70.99,64.09,66.52,7.0,0
STU0219,1,2023-24,PH101,0.968,77.46,68.9,64.5,84.58,76.75,72.68,78.46,8.0,0
STU0219,1,2023-24,EE101,0.714,72.57,64.15,58.19,98.0,90.13,83.27,81.24,9.0,0
STU0219,2,2023-24,AI201,0.877,85.76,80.41,75.47,80.05,71.68,65.57,65.74,7.0,0
STU0219,2,2023-24,AI202,0.959,84.53,77.16,68.67,75.5,66.93,59.77,57.69,6.0,0
STU0219,2,2023-24,MA201,1.138,87.99,83.63,76.06,68.6,61.75,56.18,59.75,6.0,0
STU0219,2,2023-24,CH101,0.81,84.75,80.73,71.98,90.0,84.34,79.48,70.33,8.0,0
STU0219,2,2023-24,ME101,1.059,83.46,74.39,69.8,73.48,67.85,64.36,65.87,7.0,0
STU0219,3,2024-25,AI301,1.042,72.69,67.45,63.66,67.41,62.29,57.41,53.9,6.0,0
STU0219,3,2024-25,AI302,0.965,76.65,67.69,60.04,69.34,62.98,56.45,59.51,6.0,0
STU0219,3,2024-25,AI303,1.011,74.34,69.62,64.89,70.05,62.94,58.81,62.25,7.0,0
STU0219,3,2024-25,MA301,0.9,76.9,67.11,62.59,77.59,72.82,65.67,67.12,7.0,0
STU0219,3,2024-25,CS301,0.98,80.81,71.13,64.63,69.04,60.27,56.63,56.53,6.0,0
STU0219,3,2024-25,AI304,1.125,71.66,67.63,61.37,66.15,58.48,52.39,57.36,6.0,0
STU0219,4,2024-25,AI401,1.051,65.09,60.35,55.77,66.03,57.68,51.55,55.73,6.0,0
STU0219,4,2024-25,AI402,1.106,64.06,57.94,50.23,59.2,51.15,45.33,43.64,5.0,0
STU0219,4,2024-25,AI403,1.083,51.78,41.91,33.54,74.93,67.86,60.9,62.36,7.0,0
STU0219,4,2024-25,AI404,0.845,64.33,56.6,52.57,82.13,73.8,66.08,69.29,7.0,0
STU0219,4,2024-25,MA401,0.962,52.56,43.83,40.74,69.86,62.71,54.8,56.98,6.0,0
STU0219,4,2024-25,AI405,0.963,65.33,58.42,50.8,73.85,69.79,65.8,68.89,7.0,0
STU0220,1,2023-24,DS101,1.14,67.61,58.02,53.14,62.4,56.92,51.19,50.9,6.0,0
STU0220,1,2023-24,DS102,1.018,65.02,59.14,50.2,71.79,65.42,60.75,60.42,7.0,0
STU0220,1,2023-24,MA101,0.83,64.62,55.33,49.34,92.77,86.56,82.83,80.83,9.0,0
STU0220,1,2023-24,PH101,1.094,72.18,66.05,62.11,65.47,56.47,53.38,45.14,5.0,0
STU0220,1,2023-24,EE101,1.132,72.54,64.83,58.05,67.01,58.6,54.55,57.63,6.0,0
STU0220,2,2023-24,DS201,1.072,73.19,65.96,60.58,63.49,57.35,52.83,51.27,6.0,0
STU0220,2,2023-24,DS202,1.167,72.09,63.93,57.84,60.03,52.67,46.04,46.76,5.0,0
STU0220,2,2023-24,MA201,1.079,75.09,70.36,67.09,71.48,67.31,63.56,65.51,7.0,0
STU0220,2,2023-24,CH101,0.855,70.86,64.94,57.25,82.31,76.77,70.01,70.21,8.0,0
STU0220,2,2023-24,ME101,0.914,63.18,53.75,44.84,76.56,71.34,66.82,69.18,7.0,0
STU0220,3,2024-25,DS301,1.097,61.08,53.41,48.36,67.08,62.43,58.7,55.09,6.0,0
STU0220,3,2024-25,DS302,1.137,58.06,49.69,42.57,68.92,63.86,58.39,54.81,6.0,0
STU0220,3,2024-25,DS303,1.17,68.67,64.19,60.59,61.48,54.63,51.57,49.23,5.0,0
STU0220,3,2024-25,MA301,1.144,68.86,64.16,59.13,64.29,58.77,52.06,45.6,5.0,0
STU0220,3,2024-25,CS301,0.916,68.47,63.68,57.0,81.02,75.45,68.59,64.0,7.0,0
STU0220,3,2024-25,DS304,1.029,65.84,59.59,55.71,74.72,69.0,62.27,64.7,7.0,0
STU0220,4,2024-25,DS401,0.994,60.0,50.1,43.91,72.17,63.44,59.56,59.86,6.0,0
STU0220,4,2024-25,DS402,1.047,60.22,52.55,47.47,64.77,59.91,54.96,57.81,6.0,0
STU0220,4,2024-25,DS403,0.832,59.91,54.92,51.68,76.7,68.23,62.95,64.48,7.0,0
STU0220,4,2024-25,DS404,0.967,68.88,62.11,53.4,66.87,58.55,54.19,58.79,6.0,0
STU0220,4,2024-25,MA401,1.099,68.61,61.09,55.29,68.75,61.58,57.2,58.84,6.0,0
STU0220,4,2024-25,DS405,1.102,58.18,53.26,44.41,60.62,53.99,49.22,52.77,6.0,0
STU0221,1,2023-24,CS101,1.068,47.15,47.12,48.43,46.8,46.0,44.2,44.76,5.0,0
STU0221,1,2023-24,CS102,0.91,55.32,52.0,53.88,50.4,65.41,62.13,74.87,8.0,0
STU0221,1,2023-24,MA101,0.896,41.42,44.33,48.99,53.96,58.65,62.11,56.99,6.0,0
STU0221,1,2023-24,PH101,0.924,45.07,52.03,53.81,52.18,49.04,41.98,45.18,5.0,0
STU0221,1,2023-24,EE101,1.047,49.45,44.95,47.53,47.04,43.77,46.08,42.48,5.0,0
STU0221,2,2023-24,CS201,1.129,55.62,55.94,56.92,47.25,47.21,43.53,42.08,5.0,0
STU0221,2,2023-24,CS202,0.854,55.75,57.15,55.67,54.9,55.96,49.6,46.4,5.0,0
STU0221,2,2023-24,MA201,0.998,61.82,63.4,64.05,44.22,40.02,46.12,44.73,5.0,0
STU0221,2,2023-24,CH101,1.008,54.42,52.95,51.17,40.91,35.44,38.08,36.76,0.0,1
STU0221,2,2023-24,ME101,1.08,45.71,48.55,48.41,38.89,43.97,37.64,40.87,5.0,0
STU0221,3,2024-25,CS301,1.222,49.9,54.15,55.67,38.94,35.02,34.2,34.69,0.0,1
STU0221,3,2024-25,CS302,1.098,46.71,48.51,54.38,45.32,36.51,36.72,36.44,0.0,1
STU0221,3,2024-25,CS303,0.985,41.9,42.87,41.01,49.12,53.39,49.73,49.43,5.0,0
STU0221,3,2024-25,MA301,0.976,47.62,46.07,44.7,58.49,56.58,57.8,58.12,6.0,0
STU0221,3,2024-25,EC301,1.009,50.2,47.99,52.89,43.87,43.13,37.79,40.48,5.0,0
STU0221,3,2024-25,CS304,0.889,51.31,52.23,52.85,60.55,57.83,64.43,63.28,7.0,0
STU0221,4,2024-25,CS401,1.074,48.47,48.85,48.91,49.86,51.69,47.82,51.73,6.0,0
STU0221,4,2024-25,CS402,0.993,55.41,50.99,49.54,56.96,64.32,66.23,65.97,7.0,0
STU0221,4,2024-25,CS403,0.873,55.67,56.75,48.51,50.03,51.61,47.86,44.75,5.0,0
STU0221,4,2024-25,CS404,0.988,53.86,58.86,56.0,54.04,49.42,47.19,47.76,5.0,0
STU0221,4,2024-25,MA401,0.982,47.02,48.82,51.41,63.94,64.93,65.72,66.63,7.0,0
STU0221,4,2024-25,CS405,0.836,47.3,47.01,38.97,55.59,53.35,57.89,58.67,6.0,0
STU0222,1,2023-24,EC101,1.07,45.88,49.54,53.74,46.41,48.6,49.65,52.18,6.0,0
STU0222,1,2023-24,EC102,0.905,42.21,39.76,41.28,50.18,54.74,54.98,58.17,6.0,0
STU0222,1,2023-24,MA101,0.747,40.15,43.43,43.5,67.71,68.83,64.63,70.01,8.0,0
STU0222,1,2023-24,PH101,0.92,40.04,42.91,39.72,44.18,40.72,44.41,50.83,6.0,0
STU0222,1,2023-24,EE101,1.001,40.13,44.45,42.3,44.36,46.24,51.37,51.58,6.0,0
STU0222,2,2023-24,EC201,0.92,54.96,53.6,55.53,54.68,58.36,58.12,57.17,6.0,0
STU0222,2,2023-24,EC202,0.933,57.1,58.66,58.54,57.38,53.89,50.67,50.66,6.0,0
STU0222,2,2023-24,MA201,1.014,57.39,55.32,55.58,51.81,51.27,48.33,49.89,5.0,0
STU0222,2,2023-24,CH101,0.999,54.2,53.76,51.72,52.52,58.94,59.61,60.21,7.0,0
STU0222,2,2023-24,ME101,1.171,58.28,59.8,60.3,42.85,44.87,52.53,48.56,5.0,0
STU0222,3,2024-25,EC301,0.911,43.04,42.49,45.02,53.65,50.75,46.17,50.5,6.0,0
STU0222,3,2024-25,EC302,1.093,35.0,39.0,38.09,49.76,49.97,43.51,41.03,5.0,0
STU0222,3,2024-25,EC303,1.162,41.91,38.33,39.06,43.59,48.72,47.8,45.5,5.0,0
STU0222,3,2024-25,MA301,1.088,42.91,44.28,46.29,41.72,35.97,29.89,33.05,0.0,1
STU0222,3,2024-25,CS301,0.954,41.46,39.36,39.3,50.42,48.94,41.25,40.3,5.0,0
STU0222,3,2024-25,EC304,0.951,35.0,36.49,38.5,51.26,45.84,53.63,54.39,6.0,0
STU0222,4,2024-25,EC401,0.922,37.8,41.62,42.51,49.06,48.44,52.28,51.16,6.0,0
STU0222,4,2024-25,EC402,1.028,42.65,40.47,33.13,32.68,43.09,46.02,48.11,5.0,0
STU0222,4,2024-25,EC403,1.171,36.2,33.66,29.8,47.92,43.43,49.07,47.1,5.0,0
STU0222,4,2024-25,EC404,1.01,45.78,46.78,46.32,53.21,44.96,40.71,39.78,0.0,1
STU0222,4,2024-25,MA401,1.125,38.68,42.07,36.04,43.33,47.35,42.52,42.41,5.0,0
STU0222,4,2024-25,EC405,0.968,42.5,46.56,44.17,45.56,46.67,47.23,51.59,6.0,0
STU0223,1,2023-24,AI101,1.089,93.58,94.07,98.8,70.88,72.74,65.71,63.88,7.0,0
STU0223,1,2023-24,AI102,1.02,89.86,91.38,95.86,70.22,76.83,73.62,60.93,7.0,0
STU0223,1,2023-24,MA101,1.129,84.96,85.66,85.12,80.56,86.62,83.26,82.5,9.0,0
STU0223,1,2023-24,PH101,0.988,84.25,81.39,84.79,69.15,68.99,72.52,77.09,8.0,0
STU0223,1,2023-24,EE101,1.119,81.41,83.57,90.55,66.56,63.7,63.59,65.37,7.0,0
STU0223,2,2023-24,AI201,1.146,89.59,84.67,85.82,72.73,72.67,75.84,75.55,8.0,0
STU0223,2,2023-24,AI202,1.133,98.95,99.0,99.0,62.15,64.83,65.28,64.09,7.0,0
STU0223,2,2023-24,MA201,0.797,93.64,90.68,85.99,98.0,95.97,90.59,81.72,9.0,0
STU0223,2,2023-24,CH101,1.035,88.25,85.04,86.51,89.77,83.49,81.04,81.08,9.0,0
STU0223,2,2023-24,ME101,1.012,90.87,99.0,98.1,74.87,81.36,76.27,75.97,8.0,0
STU0223,3,2024-25,AI301,0.842,91.51,94.94,96.78,97.37,93.85,92.47,90.36,10.0,0
STU0223,3,2024-25,AI302,1.056,89.61,84.2,88.8,67.13,60.0,54.07,57.56,6.0,0
STU0223,3,2024-25,AI303,1.192,88.08,90.85,87.5,66.24,67.98,62.25,62.11,7.0,0
STU0223,3,2024-25,MA301,1.001,85.36,87.92,83.77,79.68,87.41,89.7,92.3,10.0,0
STU0223,3,2024-25,CS301,1.102,92.32,91.01,92.56,70.76,64.3,62.14,59.7,6.0,0
STU0223,3,2024-25,AI304,0.934,92.98,91.27,89.48,81.37,80.09,76.09,76.49,8.0,0
STU0223,4,2024-25,AI401,1.025,87.74,90.62,84.18,74.09,74.65,73.11,68.81,7.0,0
STU0223,4,2024-25,AI402,1.233,89.49,85.17,87.89,61.97,66.76,64.95,67.44,7.0,0
STU0223,4,2024-25,AI403,1.003,89.51,87.21,85.7,80.19,78.95,74.63,72.34,8.0,0
STU0223,4,2024-25,AI404,1.062,92.22,95.62,94.44,82.94,87.38,87.19,87.32,9.0,0
STU0223,4,2024-25,MA401,1.078,86.32,81.3,81.85,73.56,69.95,66.94,69.75,7.0,0
STU0223,4,2024-25,AI405,1.013,82.97,73.99,66.12,85.48,82.57,81.41,88.64,9.0,0
STU0224,1,2023-24,DS101,0.969,82.11,83.8,76.89,67.5,63.35,64.36,53.5,6.0,0
STU0224,1,2023-24,DS102,0.932,82.12,85.31,81.87,88.58,92.62,90.85,88.81,9.0,0
STU0224,1,2023-24,MA101,1.036,78.32,76.17,73.04,65.2,69.97,74.57,79.99,8.0,0
STU0224,1,2023-24,PH101,1.112,80.82,83.32,81.98,64.42,64.61,63.62,61.28,7.0,0
STU0224,1,2023-24,EE101,0.979,78.22,76.89,79.97,69.84,65.37,61.15,60.25,7.0,0
STU0224,2,2023-24,DS201,1.078,71.91,75.44,70.67,65.66,59.07,65.76,66.56,7.0,0
STU0224,2,2023-24,DS202,1.119,78.36,85.1,84.57,66.72,65.1,61.11,61.63,7.0,0
STU0224,2,2023-24,MA201,1.158,74.0,71.56,69.58,54.86,52.92,48.17,49.07,5.0,0
STU0224,2,2023-24,CH101,1.072,81.83,83.68,82.43,60.06,60.81,56.48,59.89,6.0,0
STU0224,2,2023-24,ME101,0.941,80.92,81.63,79.32,76.25,75.54,73.46,76.6,8.0,0
STU0224,3,2024-25,DS301,1.164,77.65,74.42,73.06,60.55,73.33,73.36,73.5,8.0,0
STU0224,3,2024-25,DS302,0.942,68.87,73.22,73.62,85.58,85.18,83.53,80.33,9.0,0
STU0224,3,2024-25,DS303,0.948,73.37,75.66,77.44,79.3,78.86,82.3,83.9,9.0,0
STU0224,3,2024-25,MA301,1.126,75.35,83.13,81.63,67.06,79.17,77.64,82.14,9.0,0
STU0224,3,2024-25,CS301,0.98,73.02,72.73,72.3,80.71,84.25,80.32,80.9,9.0,0
STU0224,3,2024-25,DS304,1.134,65.98,66.34,67.22,69.69,71.42,72.6,71.66,8.0,0
STU0224,4,2024-25,DS401,1.202,73.13,69.3,67.12,60.39,61.43,66.38,66.96,7.0,0
STU0224,4,2024-25,DS402,0.936,70.96,71.0,75.6,77.99,78.2,83.2,78.43,8.0,0
STU0224,4,2024-25,DS403,0.988,78.38,77.25,77.65,77.4,79.21,86.14,85.51,9.0,0
STU0224,4,2024-25,DS404,1.042,76.28,82.72,83.54,74.72,77.45,74.61,75.84,8.0,0
STU0224,4,2024-25,MA401,1.127,67.07,64.33,69.8,56.04,63.0,61.07,61.72,7.0,0
STU0224,4,2024-25,DS405,1.095,78.3,78.37,77.31,66.12,59.06,62.76,64.97,7.0,0
STU0225,1,2023-24,CS101,0.819,91.07,89.85,87.33,84.0,84.75,87.83,85.61,9.0,0
STU0225,1,2023-24,CS102,0.804,85.15,84.58,84.76,77.68,74.96,79.41,78.67,8.0,0
STU0225,1,2023-24,MA101,1.249,86.72,87.14,89.4,50.28,40.47,46.83,46.39,5.0,0
STU0225,1,2023-24,PH101,0.961,87.62,90.68,92.17,62.26,62.28,62.3,59.92,6.0,0
STU0225,1,2023-24,EE101,0.855,84.43,82.56,79.49,80.05,87.14,87.86,87.07,9.0,0
STU0225,2,2023-24,CS201,1.057,90.88,87.54,91.36,56.13,60.35,55.54,57.59,6.0,0
STU0225,2,2023-24,CS202,0.916,94.97,96.04,92.11,69.39,71.22,70.14,70.8,8.0,0
STU0225,2,2023-24,MA201,0.854,85.59,80.14,79.2,84.89,85.95,80.8,79.77,8.0,0
STU0225,2,2023-24,CH101,0.945,93.38,89.56,88.25,62.26,67.95,59.83,56.82,6.0,0
STU0225,2,2023-24,ME101,1.027,91.16,94.72,97.79,63.43,63.96,69.77,73.73,8.0,0
STU0225,3,2024-25,CS301,0.836,88.49,89.41,85.19,83.03,78.43,77.54,80.87,9.0,0
STU0225,3,2024-25,CS302,1.16,83.31,81.16,84.48,60.79,63.83,50.92,47.41,5.0,0
STU0225,3,2024-25,CS303,1.063,93.62,91.45,91.4,57.64,64.72,59.99,62.6,7.0,0
STU0225,3,2024-25,MA301,0.881,78.14,79.44,79.11,79.17,80.08,75.4,74.61,8.0,0
STU0225,3,2024-25,EC301,1.137,90.52,92.48,99.0,61.88,66.19,59.31,62.28,7.0,0
STU0225,3,2024-25,CS304,1.044,90.45,91.23,94.18,65.57,66.45,74.48,75.51,8.0,0
STU0225,4,2024-25,CS401,1.171,91.59,89.58,87.63,62.92,53.88,49.83,53.01,6.0,0
STU0225,4,2024-25,CS402,1.109,92.68,99.0,96.67,70.15,73.43,72.42,71.12,8.0,0
STU0225,4,2024-25,CS403,0.994,89.4,97.16,96.83,78.27,76.6,85.44,85.57,9.0,0
STU0225,4,2024-25,CS404,0.847,87.79,90.95,91.62,93.7,98.0,96.94,96.93,10.0,0
STU0225,4,2024-25,MA401,0.96,93.09,88.24,87.83,76.31,76.94,75.58,77.01,8.0,0
STU0225,4,2024-25,CS405,1.151,96.78,95.73,99.0,53.72,56.39,50.51,53.73,6.0,0
STU0226,1,2023-24,EC101,0.963,88.13,88.37,87.85,75.29,76.35,81.6,79.54,8.0,0
STU0226,1,2023-24,EC102,0.863,92.05,91.87,92.47,85.37,85.68,82.18,83.03,9.0,0
STU0226,1,2023-24,MA101,1.184,92.07,92.92,97.32,56.54,56.2,61.31,63.81,7.0,0
STU0226,1,2023-24,PH101,1.095,82.81,80.55,75.55,73.21,75.59,75.55,73.41,8.0,0
STU0226,1,2023-24,EE101,0.962,99.0,99.0,96.96,69.36,77.75,77.81,76.86,8.0,0
STU0226,2,2023-24,EC201,1.147,79.3,74.99,73.81,56.46,57.1,54.86,53.26,6.0,0
STU0226,2,2023-24,EC202,0.928,85.28,82.44,83.48,73.1,78.13,71.08,59.08,6.0,0
STU0226,2,2023-24,MA201,0.88,89.5,97.56,96.39,68.21,63.92,72.2,70.01,8.0,0
STU0226,2,2023-24,CH101,0.884,83.03,80.89,78.87,66.03,62.81,63.45,67.5,7.0,0
STU0226,2,2023-24,ME101,0.881,80.32,81.46,83.33,77.9,84.24,77.11,71.11,8.0,0
STU0226,3,2024-25,EC301,1.178,92.81,90.84,94.47,53.63,62.66,63.88,52.67,6.0,0
STU0226,3,2024-25,EC302,0.979,93.17,90.91,95.65,77.18,76.22,73.74,78.74,8.0,0
STU0226,3,2024-25,EC303,1.051,87.57,87.72,91.23,71.84,72.74,73.02,66.02,7.0,0
STU0226,3,2024-25,MA301,0.971,89.55,90.98,96.52,75.15,71.44,76.04,79.45,8.0,0
STU0226,3,2024-25,CS301,1.071,97.79,97.23,99.0,66.11,55.74,65.76,62.3,7.0,0
STU0226,3,2024-25,EC304,0.988,89.51,88.55,88.54,74.98,77.05,77.02,75.67,8.0,0
STU0226,4,2024-25,EC401,1.032,90.67,92.69,98.77,60.21,52.0,52.21,54.02,6.0,0
STU0226,4,2024-25,EC402,1.188,90.47,89.74,88.26,59.41,54.52,60.9,62.6,7.0,0
STU0226,4,2024-25,EC403,0.851,92.46,93.02,90.48,74.35,71.31,68.16,61.76,7.0,0
STU0226,4,2024-25,EC404,1.109,98.69,92.62,93.07,58.2,56.62,52.58,51.44,6.0,0
STU0226,4,2024-25,MA401,1.27,96.58,96.29,91.37,49.83,49.7,45.86,46.49,5.0,0
STU0226,4,2024-25,EC405,0.983,96.8,94.06,95.75,70.37,71.62,70.52,72.5,8.0,0
STU0227,1,2023-24,AI101,0.954,77.7,74.81,74.47,73.5,76.27,78.93,78.85,8.0,0
STU0227,1,2023-24,AI102,1.152,73.91,76.67,78.04,66.26,65.53,65.18,65.98,7.0,0
STU0227,1,2023-24,MA101,1.015,72.09,74.96,78.13,78.32,82.72,78.85,83.79,9.0,0
STU0227,1,2023-24,PH101,0.897,81.59,82.27,83.61,94.24,97.06,93.64,95.26,10.0,0
STU0227,1,2023-24,EE101,1.254,85.11,88.68,90.33,58.95,60.89,60.55,58.93,6.0,0
STU0227,2,2023-24,AI201,1.281,79.45,82.28,82.32,56.17,55.8,56.13,60.69,7.0,0
STU0227,2,2023-24,AI202,0.988,76.9,72.94,76.58,77.91,78.34,70.66,75.71,8.0,0
STU0227,2,2023-24,MA201,0.886,84.64,88.48,95.93,85.33,85.65,98.0,96.23,10.0,0
STU0227,2,2023-24,CH101,0.991,84.08,87.43,94.2,78.19,75.92,76.66,81.77,9.0,0
STU0227,2,2023-24,ME101,0.929,79.76,77.86,77.18,83.78,85.55,84.47,87.59,9.0,0
STU0227,3,2024-25,AI301,1.189,81.08,85.26,84.29,78.2,81.62,85.05,78.57,8.0,0
STU0227,3,2024-25,AI302,0.98,80.38,81.47,79.52,68.64,69.49,70.96,75.36,8.0,0
STU0227,3,2024-25,AI303,1.078,78.59,79.03,79.64,72.61,70.71,71.64,75.46,8.0,0
STU0227,3,2024-25,MA301,1.096,79.86,74.8,78.18,75.61,86.86,87.28,89.49,9.0,0
STU0227,3,2024-25,CS301,1.061,77.73,77.84,76.27,79.19,73.61,86.41,86.18,9.0,0
STU0227,3,2024-25,AI304,0.943,77.19,80.7,83.34,85.64,83.98,79.48,79.49,8.0,0
STU0227,4,2024-25,AI401,1.121,79.15,78.24,78.51,68.96,69.72,60.73,63.87,7.0,0
STU0227,4,2024-25,AI402,0.981,69.52,73.44,72.04,81.0,79.33,77.11,79.06,8.0,0
STU0227,4,2024-25,AI403,0.989,75.33,74.38,78.85,79.7,79.51,75.21,79.08,8.0,0
STU0227,4,2024-25,AI404,0.927,83.15,91.83,94.44,85.25,81.1,86.63,87.6,9.0,0
STU0227,4,2024-25,MA401,1.004,79.1,75.95,75.33,77.02,78.84,82.03,85.51,9.0,0
STU0227,4,2024-25,AI405,0.929,81.13,75.22,71.55,91.55,94.2,96.22,91.58,10.0,0
STU0228,1,2023-24,DS101,1.028,85.39,84.02,88.43,74.42,76.37,80.12,82.4,9.0,0
STU0228,1,2023-24,DS102,1.012,88.28,82.35,79.09,80.0,86.67,87.78,86.02,9.0,0
STU0228,1,2023-24,MA101,1.053,82.09,84.49,84.32,68.02,63.14,59.28,50.84,6.0,0
STU0228,1,2023-24,PH101,1.046,80.58,80.04,79.2,69.72,74.97,85.66,84.12,9.0,0
STU0228,1,2023-24,EE101,0.945,81.91,77.09,78.94,80.13,80.8,72.47,65.68,7.0,0
STU0228,2,2023-24,DS201,0.787,87.07,86.01,83.11,88.09,82.25,70.83,74.45,8.0,0
STU0228,2,2023-24,DS202,0.994,80.61,78.58,75.87,67.61,67.11,70.2,68.11,7.0,0
STU0228,2,2023-24,MA201,0.873,81.35,89.97,90.52,80.99,79.85,87.65,90.22,10.0,0
STU0228,2,2023-24,CH101,0.875,84.12,82.77,84.21,83.79,78.29,79.91,77.48,8.0,0
STU0228,2,2023-24,ME101,1.17,87.36,80.39,76.45,52.23,51.95,53.31,55.69,6.0,0
STU0228,3,2024-25,DS301,1.034,92.32,87.02,80.44,64.49,61.25,57.93,57.89,6.0,0
STU0228,3,2024-25,DS302,0.86,77.33,76.3,75.35,80.1,79.43,75.79,75.03,8.0,0
STU0228,3,2024-25,DS303,0.999,83.56,78.37,78.46,70.32,71.15,72.19,68.25,7.0,0
STU0228,3,2024-25,MA301,1.019,80.14,82.06,81.47,65.44,69.95,64.47,60.35,7.0,0
STU0228,3,2024-25,CS301,0.851,81.1,78.57,78.18,88.53,83.24,75.58,78.07,8.0,0
STU0228,3,2024-25,DS304,0.9,75.03,74.65,73.98,72.85,75.38,71.87,76.6,8.0,0
STU0228,4,2024-25,DS401,0.973,71.12,63.5,63.93,70.62,70.51,75.7,70.74,8.0,0
STU0228,4,2024-25,DS402,1.206,78.39,78.45,79.66,50.99,48.99,55.61,56.97,6.0,0
STU0228,4,2024-25,DS403,0.99,73.32,68.72,67.08,68.74,73.36,77.35,80.87,9.0,0
STU0228,4,2024-25,DS404,0.97,74.06,71.64,72.0,71.75,67.24,65.35,62.61,7.0,0
STU0228,4,2024-25,MA401,1.244,81.99,81.1,79.74,62.4,58.24,57.82,55.47,6.0,0
STU0228,4,2024-25,DS405,0.922,80.56,72.92,78.81,76.51,75.78,70.86,64.42,7.0,0
STU0229,1,2023-24,CS101,0.968,74.59,77.47,79.94,74.88,80.92,80.21,80.65,9.0,0
STU0229,1,2023-24,CS102,1.177,81.78,82.34,81.62,66.9,66.87,65.44,65.05,7.0,0
STU0229,1,2023-24,MA101,1.125,74.6,73.99,71.14,60.59,63.29,66.53,62.3,7.0,0
STU0229,1,2023-24,PH101,1.027,78.78,71.52,73.15,73.1,77.94,81.57,80.25,9.0,0
STU0229,1,2023-24,EE101,0.854,75.61,77.31,75.11,84.01,81.99,83.76,83.18,9.0,0
STU0229,2,2023-24,CS201,1.103,82.19,81.13,82.78,53.25,62.97,55.76,49.31,5.0,0
STU0229,2,2023-24,CS202,1.136,82.7,83.14,90.04,61.91,59.15,62.27,58.9,6.0,0
STU0229,2,2023-24,MA201,0.925,84.02,83.79,83.21,73.86,78.47,86.78,86.39,9.0,0
STU0229,2,2023-24,CH101,0.855,81.65,76.69,76.62,71.99,72.59,68.26,66.45,7.0,0
STU0229,2,2023-24,ME101,0.908,67.11,64.9,71.89,76.51,79.29,72.51,70.83,8.0,0
STU0229,3,2024-25,CS301,0.736,83.98,78.23,78.84,98.0,97.66,98.0,90.77,10.0,0
STU0229,3,2024-25,CS302,0.893,82.29,79.43,74.78,72.06,74.05,76.41,70.61,8.0,0
STU0229,3,2024-25,CS303,1.162,82.99,80.14,81.55,58.52,62.06,63.51,65.21,7.0,0
STU0229,3,2024-25,MA301,0.882,88.31,93.53,91.11,78.06,68.58,60.54,62.1,7.0,0
STU0229,3,2024-25,EC301,0.906,87.61,91.22,89.88,85.13,86.99,91.64,85.47,9.0,0
STU0229,3,2024-25,CS304,0.98,88.09,83.25,86.24,74.98,79.87,78.95,79.92,8.0,0
STU0229,4,2024-25,CS401,1.037,76.36,73.36,66.05,61.48,64.45,62.21,64.03,7.0,0
STU0229,4,2024-25,CS402,0.854,80.21,80.29,82.41,82.67,82.18,80.44,78.63,8.0,0
STU0229,4,2024-25,CS403,1.086,85.82,84.31,82.52,60.26,60.55,56.59,64.09,7.0,0
STU0229,4,2024-25,CS404,0.846,74.04,68.86,68.77,77.83,73.03,81.75,80.22,9.0,0
STU0229,4,2024-25,MA401,0.703,79.32,82.51,76.07,96.72,94.12,96.7,99.5,10.0,0
STU0229,4,2024-25,CS405,1.174,73.51,78.81,82.45,49.11,40.87,37.55,44.15,5.0,0
STU0230,1,2023-24,EC101,1.021,99.0,99.0,96.75,77.94,72.74,69.55,68.35,7.0,0
STU0230,1,2023-24,EC102,1.014,91.59,87.47,88.35,79.73,71.82,65.81,65.89,7.0,0
STU0230,1,2023-24,MA101,1.197,88.77,80.38,80.42,77.33,73.51,72.72,76.29,8.0,0
STU0230,1,2023-24,PH101,1.258,85.59,85.52,87.14,58.06,61.2,70.72,71.66,8.0,0
STU0230,1,2023-24,EE101,1.015,87.54,83.1,86.25,86.24,85.57,78.93,79.53,8.0,0
STU0230,2,2023-24,EC201,0.821,94.49,92.79,94.09,98.0,98.0,98.0,94.9,10.0,0
STU0230,2,2023-24,EC202,1.01,91.91,91.42,97.3,79.22,77.34,76.02,72.8,8.0,0
STU0230,2,2023-24,MA201,0.934,89.87,89.08,88.18,74.45,78.4,82.39,80.44,9.0,0
STU0230,2,2023-24,CH101,1.037,92.54,96.49,99.0,92.31,90.34,87.3,89.2,9.0,0
STU0230,2,2023-24,ME101,0.841,96.82,99.0,99.0,90.41,89.19,90.51,93.09,10.0,0
STU0230,3,2024-25,EC301,0.911,97.02,96.14,95.52,88.78,94.78,89.19,88.31,9.0,0
STU0230,3,2024-25,EC302,1.242,97.83,95.02,91.1,59.56,54.18,53.79,48.88,5.0,0
STU0230,3,2024-25,EC303,0.984,95.87,89.57,85.32,91.32,93.32,95.5,93.99,10.0,0
STU0230,3,2024-25,MA301,1.003,99.0,95.04,92.09,76.66,72.94,68.96,76.37,8.0,0
STU0230,3,2024-25,CS301,1.118,95.04,97.09,91.54,71.39,66.77,68.52,65.34,7.0,0
STU0230,3,2024-25,EC304,1.056,96.84,96.54,96.33,78.77,79.81,81.11,80.83,9.0,0
STU0230,4,2024-25,EC401,1.051,96.47,96.09,96.27,64.26,67.43,75.71,77.56,8.0,0
STU0230,4,2024-25,EC402,0.843,93.8,91.16,95.63,95.71,88.22,87.3,85.64,9.0,0
STU0230,4,2024-25,EC403,0.954,90.9,90.86,87.8,77.77,78.33,81.27,75.48,8.0,0
STU0230,4,2024-25,EC404,0.832,99.0,98.13,94.1,89.24,90.29,92.35,88.88,9.0,0
STU0230,4,2024-25,MA401,0.979,96.64,99.0,95.26,74.26,73.02,72.21,68.89,7.0,0
STU0230,4,2024-25,EC405,1.083,99.0,99.0,99.0,71.09,66.01,65.79,67.77,7.0,0
STU0231,1,2023-24,AI101,1.055,99.0,95.67,96.44,79.29,77.64,67.96,72.96,8.0,0
STU0231,1,2023-24,AI102,0.798,94.54,93.49,97.94,98.0,93.94,97.99,96.41,10.0,0
STU0231,1,2023-24,MA101,0.842,93.97,97.28,99.0,98.0,98.0,98.0,97.84,10.0,0
STU0231,1,2023-24,PH101,1.129,94.17,96.51,92.3,79.85,83.4,82.04,87.54,9.0,0
STU0231,1,2023-24,EE101,0.964,99.0,99.0,99.0,94.8,91.1,89.47,85.61,9.0,0
STU0231,2,2023-24,AI201,1.042,91.98,98.26,98.05,80.82,80.32,85.67,90.86,10.0,0
STU0231,2,2023-24,AI202,0.896,98.33,95.62,99.0,90.25,84.45,85.75,84.33,9.0,0
STU0231,2,2023-24,MA201,1.051,99.0,99.0,94.12,80.39,83.85,88.89,84.36,9.0,0
STU0231,2,2023-24,CH101,0.947,99.0,97.67,99.0,97.7,98.0,97.68,99.5,10.0,0
STU0231,2,2023-24,ME101,0.972,89.18,81.12,80.12,90.75,87.17,89.87,86.86,9.0,0
STU0231,3,2024-25,AI301,1.057,93.34,90.52,89.99,86.49,86.59,80.56,84.09,9.0,0
STU0231,3,2024-25,AI302,1.195,99.0,99.0,94.75,62.67,63.26,65.14,69.89,7.0,0
STU0231,3,2024-25,AI303,1.094,99.0,99.0,99.0,75.87,79.06,78.08,78.73,8.0,0
STU0231,3,2024-25,MA301,1.092,96.92,92.22,91.85,77.02,81.45,86.2,88.14,9.0,0
STU0231,3,2024-25,CS301,1.17,99.0,99.0,99.0,78.44,74.93,78.74,71.44,8.0,0
STU0231,3,2024-25,AI304,1.172,99.0,94.59,96.9,79.74,82.48,84.09,80.37,9.0,0
STU0231,4,2024-25,AI401,0.94,83.91,84.63,83.4,89.42,98.0,91.75,91.61,10.0,0
STU0231,4,2024-25,AI402,0.986,87.0,87.1,87.31,90.48,83.44,80.86,82.54,9.0,0
STU0231,4,2024-25,AI403,0.935,88.27,87.0,87.29,98.0,98.0,98.0,99.5,10.0,0
STU0231,4,2024-25,AI404,1.074,88.12,87.31,87.19,91.64,85.28,84.86,84.73,9.0,0
STU0231,4,2024-25,MA401,0.883,88.94,86.8,90.61,98.0,93.45,85.68,84.57,9.0,0
STU0231,4,2024-25,AI405,1.135,87.4,83.15,85.22,78.98,80.22,91.3,94.77,10.0,0
STU0232,1,2023-24,DS101,0.798,89.19,92.34,86.93,98.0,98.0,98.0,96.29,10.0,0
STU0232,1,2023-24,DS102,1.015,92.44,94.22,94.63,78.26,83.06,80.08,81.73,9.0,0
STU0232,1,2023-24,MA101,1.195,87.1,85.74,79.48,65.52,69.85,72.48,60.47,7.0,0
STU0232,1,2023-24,PH101,0.857,88.94,91.36,84.54,87.26,90.72,85.75,91.06,10.0,0
STU0232,1,2023-24,EE101,0.739,89.57,84.12,81.02,98.0,96.92,98.0,95.61,10.0,0
STU0232,2,2023-24,DS201,0.996,97.25,99.0,99.0,71.72,75.26,70.84,72.17,8.0,0
STU0232,2,2023-24,DS202,0.971,90.3,94.41,88.54,90.9,93.74,94.5,94.05,10.0,0
STU0232,2,2023-24,MA201,0.956,94.93,90.05,79.29,83.57,80.21,76.09,71.36,8.0,0
STU0232,2,2023-24,CH101,1.145,99.0,98.82,98.27,71.53,73.16,70.82,74.46,8.0,0
STU0232,2,2023-24,ME101,1.136,96.03,99.0,99.0,66.66,67.01,71.24,68.09,7.0,0
STU0232,3,2024-25,DS301,1.241,89.45,91.53,86.25,69.89,71.29,63.19,64.56,7.0,0
STU0232,3,2024-25,DS302,0.883,88.04,90.68,91.36,81.25,82.44,86.28,85.67,9.0,0
STU0232,3,2024-25,DS303,1.062,89.95,82.87,87.25,72.4,69.14,66.02,69.71,7.0,0
STU0232,3,2024-25,MA301,1.177,89.71,88.02,98.21,67.77,64.83,69.44,69.08,7.0,0
STU0232,3,2024-25,CS301,1.251,84.43,83.8,89.17,66.28,64.95,60.8,57.39,6.0,0
STU0232,3,2024-25,DS304,0.845,91.71,94.46,96.28,89.02,87.71,89.18,92.96,10.0,0
STU0232,4,2024-25,DS401,0.889,96.57,95.6,90.66,87.58,90.66,93.88,85.84,9.0,0
STU0232,4,2024-25,DS402,0.989,87.79,89.18,91.24,77.29,77.34,81.1,84.17,9.0,0
STU0232,4,2024-25,DS403,0.899,97.28,98.18,96.46,90.53,94.13,97.66,99.5,10.0,0
STU0232,4,2024-25,DS404,0.919,93.86,93.02,93.76,86.4,93.54,93.46,93.04,10.0,0
STU0232,4,2024-25,MA401,1.053,97.4,97.56,96.46,82.07,89.91,96.3,93.35,10.0,0
STU0232,4,2024-25,DS405,1.093,92.68,97.14,99.0,62.95,63.01,60.96,58.82,6.0,0
STU0233,1,2023-24,CS101,0.965,89.68,82.6,83.05,72.29,69.78,62.39,62.68,7.0,0
STU0233,1,2023-24,CS102,1.127,91.71,89.16,85.49,60.91,59.87,57.53,55.71,6.0,0
STU0233,1,2023-24,MA101,1.026,91.55,91.74,88.36,57.9,54.97,56.27,57.92,6.0,0
STU0233,1,2023-24,PH101,1.176,87.73,90.27,84.25,56.76,49.95,44.44,46.69,5.0,0
STU0233,1,2023-24,EE101,1.018,89.81,84.93,86.22,63.95,67.21,59.39,61.25,7.0,0
STU0233,2,2023-24,CS201,0.992,89.89,88.45,85.38,63.7,59.61,61.42,58.84,6.0,0
STU0233,2,2023-24,CS202,1.067,99.0,98.1,92.56,72.22,73.79,73.2,72.08,8.0,0
STU0233,2,2023-24,MA201,0.874,91.94,89.21,86.51,78.26,82.63,81.61,83.12,9.0,0
STU0233,2,2023-24,CH101,1.251,89.93,84.21,87.13,48.93,46.56,47.11,50.83,6.0,0
STU0233,2,2023-24,ME101,1.016,84.82,86.07,86.88,60.51,52.85,51.13,51.42,6.0,0
STU0233,3,2024-25,CS301,1.016,86.43,81.44,82.05,65.44,66.0,63.71,60.64,7.0,0
STU0233,3,2024-25,CS302,1.021,91.82,96.89,92.2,74.46,69.2,73.59,74.25,8.0,0
STU0233,3,2024-25,CS303,1.108,88.82,93.18,89.62,66.8,70.41,74.65,71.43,8.0,0
STU0233,3,2024-25,MA301,0.962,86.7,87.72,89.42,76.71,73.88,77.82,75.59,8.0,0
STU0233,3,2024-25,EC301,0.818,87.34,85.02,82.84,90.86,87.05,90.73,91.09,10.0,0
STU0233,3,2024-25,CS304,0.966,91.85,88.61,88.63,72.56,71.51,70.36,68.34,7.0,0
STU0233,4,2024-25,CS401,0.994,97.0,98.25,90.38,60.45,60.31,60.91,59.91,6.0,0
STU0233,4,2024-25,CS402,0.946,92.21,96.55,99.0,68.97,70.35,66.19,63.8,7.0,0
STU0233,4,2024-25,CS403,0.894,91.89,84.66,84.49,75.23,79.23,78.56,73.5,8.0,0
STU0233,4,2024-25,CS404,0.902,94.43,87.98,87.47,71.87,76.06,74.81,73.52,8.0,0
STU0233,4,2024-25,MA401,0.72,94.86,90.62,86.91,91.23,84.21,89.27,92.59,10.0,0
STU0233,4,2024-25,CS405,0.923,91.91,85.25,82.62,74.05,78.15,75.07,81.08,9.0,0
STU0234,1,2023-24,EC101,1.197,68.54,71.26,78.51,58.74,60.69,60.53,58.63,6.0,0
STU0234,1,2023-24,EC102,0.943,72.91,71.09,71.74,71.34,76.03,79.3,75.99,8.0,0
STU0234,1,2023-24,MA101,0.948,68.31,67.5,70.21,71.33,68.68,67.33,68.61,7.0,0
STU0234,1,2023-24,PH101,0.756,72.33,64.74,64.69,90.75,83.05,87.31,85.91,9.0,0
STU0234,1,2023-24,EE101,0.852,72.07,75.7,71.41,88.09,81.02,71.79,70.79,8.0,0
STU0234,2,2023-24,EC201,0.941,74.53,72.35,79.82,70.42,67.76,66.37,65.64,7.0,0
STU0234,2,2023-24,EC202,0.763,70.98,66.41,63.84,97.66,87.88,81.93,83.51,9.0,0
STU0234,2,2023-24,MA201,0.899,78.59,82.61,76.14,69.29,77.66,79.71,75.48,8.0,0
STU0234,2,2023-24,CH101,0.891,77.55,77.23,78.04,73.58,71.52,76.43,78.83,8.0,0
STU0234,2,2023-24,ME101,0.82,72.86,76.03,66.08,72.23,79.87,79.83,79.37,8.0,0
STU0234,3,2024-25,EC301,1.021,66.79,65.3,71.01,78.82,84.86,86.43,86.1,9.0,0
STU0234,3,2024-25,EC302,0.944,62.41,65.96,61.31,76.91,80.38,76.63,76.47,8.0,0
STU0234,3,2024-25,EC303,1.099,64.79,63.09,59.81,59.31,59.0,61.04,60.79,7.0,0
STU0234,3,2024-25,MA301,0.905,64.77,64.34,61.15,73.34,71.99,70.23,69.12,7.0,0
STU0234,3,2024-25,CS301,1.188,64.28,65.09,63.23,62.5,60.33,68.87,73.42,8.0,0
STU0234,3,2024-25,EC304,0.845,59.0,64.6,63.8,86.76,84.84,72.36,68.85,7.0,0
STU0234,4,2024-25,EC401,0.963,70.27,66.05,61.3,62.87,63.27,67.67,70.38,8.0,0
STU0234,4,2024-25,EC402,1.13,62.45,60.83,62.5,62.05,60.29,64.06,69.57,7.0,0
STU0234,4,2024-25,EC403,0.801,76.41,75.13,75.55,86.41,81.17,81.91,83.42,9.0,0
STU0234,4,2024-25,EC404,0.927,62.02,62.54,66.72,74.95,72.39,76.12,75.42,8.0,0
STU0234,4,2024-25,MA401,0.952,69.73,68.33,67.89,75.05,80.35,70.53,69.1,7.0,0
STU0234,4,2024-25,EC405,1.165,68.86,72.74,73.41,66.96,68.27,73.58,74.52,8.0,0
STU0235,1,2023-24,AI101,1.082,96.87,94.75,94.76,75.0,77.3,81.03,77.62,8.0,0
STU0235,1,2023-24,AI102,1.211,91.55,94.98,93.98,71.59,59.16,59.2,55.97,6.0,0
STU0235,1,2023-24,MA101,1.094,89.98,87.83,87.8,85.06,85.75,84.04,85.67,9.0,0
STU0235,1,2023-24,PH101,1.042,91.34,83.48,88.25,81.61,84.99,87.43,83.42,9.0,0
STU0235,1,2023-24,EE101,0.937,86.53,81.56,80.8,96.44,98.0,97.64,94.1,10.0,0
STU0235,2,2023-24,AI201,0.99,88.43,95.78,97.79,78.4,78.88,71.87,73.44,8.0,0
STU0235,2,2023-24,AI202,1.003,82.6,81.62,81.35,94.01,86.9,87.5,95.26,10.0,0
STU0235,2,2023-24,MA201,0.806,83.77,89.95,89.91,98.0,92.96,98.0,99.5,10.0,0
STU0235,2,2023-24,CH101,1.025,88.97,90.14,91.38,87.02,84.36,77.4,81.36,9.0,0
STU0235,2,2023-24,ME101,0.866,90.39,91.84,90.94,94.91,96.08,98.0,94.08,10.0,0
STU0235,3,2024-25,AI301,1.097,88.59,85.73,89.17,70.86,69.53,66.56,66.27,7.0,0
STU0235,3,2024-25,AI302,1.108,92.8,91.2,91.85,76.55,72.68,70.85,65.91,7.0,0
STU0235,3,2024-25,AI303,0.934,98.82,99.0,97.9,95.1,98.0,98.0,95.64,10.0,0
STU0235,3,2024-25,MA301,0.957,95.38,98.93,99.0,87.38,91.74,87.35,87.4,9.0,0
STU0235,3,2024-25,CS301,1.135,93.74,93.17,88.69,72.4,73.04,77.27,73.27,8.0,0
STU0235,3,2024-25,AI304,0.921,92.0,93.05,90.27,89.4,96.16,96.92,95.81,10.0,0
STU0235,4,2024-25,AI401,0.952,80.59,78.28,75.4,89.96,89.08,86.84,81.72,9.0,0
STU0235,4,2024-25,AI402,0.906,81.06,76.23,81.03,87.67,94.86,86.78,83.03,9.0,0
STU0235,4,2024-25,AI403,0.959,87.59,84.88,93.15,83.72,85.48,86.51,83.63,9.0,0
STU0235,4,2024-25,AI404,0.841,83.68,84.12,79.21,98.0,98.0,98.0,95.06,10.0,0
STU0235,4,2024-25,MA401,1.281,81.85,81.2,77.52,67.53,62.74,63.33,57.2,6.0,0
STU0235,4,2024-25,AI405,1.074,76.95,78.45,76.2,84.16,84.47,85.06,89.13,9.0,0
STU0236,1,2023-24,DS101,1.088,75.66,78.72,75.38,50.52,51.97,47.82,44.86,5.0,0
STU0236,1,2023-24,DS102,1.062,74.2,75.43,68.65,51.03,51.72,49.65,48.34,5.0,0
STU0236,1,2023-24,MA101,0.844,76.97,82.98,83.48,72.17,74.4,66.87,69.11,7.0,0
STU0236,1,2023-24,PH101,1.243,72.95,74.87,73.41,53.88,55.59,50.97,45.93,5.0,0
STU0236,1,2023-24,EE101,0.922,76.63,75.74,74.3,65.69,55.18,57.1,56.59,6.0,0
STU0236,2,2023-24,DS201,0.955,79.93,82.33,86.35,70.99,72.91,73.06,72.18,8.0,0
STU0236,2,2023-24,DS202,0.769,80.12,76.94,79.98,84.07,81.51,77.81,79.41,8.0,0
STU0236,2,2023-24,MA201,0.964,81.57,72.23,79.21,65.53,68.99,71.24,73.37,8.0,0
STU0236,2,2023-24,CH101,0.902,77.94,79.34,79.35,70.87,73.45,83.72,82.46,9.0,0
STU0236,2,2023-24,ME101,1.059,80.21,78.91,81.74,68.21,65.74,72.19,72.22,8.0,0
STU0236,3,2024-25,DS301,1.005,82.55,84.91,81.06,70.04,75.94,78.24,73.0,8.0,0
STU0236,3,2024-25,DS302,0.834,82.66,79.91,83.02,79.77,82.25,90.98,91.05,10.0,0
STU0236,3,2024-25,DS303,0.879,84.16,85.15,86.03,84.82,79.48,83.98,82.16,9.0,0
STU0236,3,2024-25,MA301,1.166,74.09,81.9,80.95,52.72,56.81,59.11,60.47,7.0,0
STU0236,3,2024-25,CS301,1.112,82.73,81.7,77.64,61.06,58.76,58.73,59.06,6.0,0
STU0236,3,2024-25,DS304,1.208,79.59,79.1,77.57,49.68,62.78,58.57,59.67,6.0,0
STU0236,4,2024-25,DS401,1.105,70.09,67.28,69.24,62.89,69.43,70.01,71.58,8.0,0
STU0236,4,2024-25,DS402,0.917,72.09,68.05,64.77,73.94,79.15,80.96,77.13,8.0,0
STU0236,4,2024-25,DS403,0.951,76.12,86.39,86.42,76.97,72.5,75.75,79.89,8.0,0
STU0236,4,2024-25,DS404,0.982,78.71,80.72,80.97,78.77,75.18,71.25,71.27,8.0,0
STU0236,4,2024-25,MA401,0.955,64.6,62.04,54.59,72.74,75.94,76.19,76.59,8.0,0
STU0236,4,2024-25,DS405,0.981,77.09,86.98,85.75,72.29,68.4,59.84,60.63,7.0,0
STU0237,1,2023-24,CS101,0.977,92.09,95.36,99.0,82.27,85.26,93.48,92.73,10.0,0
STU0237,1,2023-24,CS102,0.861,96.27,91.56,95.72,98.0,95.75,98.0,99.5,10.0,0
STU0237,1,2023-24,MA101,1.166,90.53,92.71,93.56,70.2,68.61,71.21,67.83,7.0,0
STU0237,1,2023-24,PH101,0.856,88.02,85.3,86.3,98.0,98.0,91.5,93.04,10.0,0
STU0237,1,2023-24,EE101,0.956,92.71,95.1,85.88,79.75,79.47,78.46,74.18,8.0,0
STU0237,2,2023-24,CS201,0.936,87.29,84.93,81.89,97.1,93.75,95.53,97.07,10.0,0
STU0237,2,2023-24,CS202,1.046,87.4,86.05,84.29,84.77,72.04,73.0,72.01,8.0,0
STU0237,2,2023-24,MA201,1.046,79.1,83.81,83.09,89.34,87.06,89.16,84.49,9.0,0
STU0237,2,2023-24,CH101,0.736,81.86,81.79,81.45,98.0,96.19,98.0,99.5,10.0,0
STU0237,2,2023-24,ME101,1.015,76.68,75.17,70.22,81.2,84.05,82.46,84.43,9.0,0
STU0237,3,2024-25,CS301,0.88,84.26,77.74,74.81,98.0,97.53,98.0,95.06,10.0,0
STU0237,3,2024-25,CS302,1.102,83.49,83.59,79.98,80.44,81.46,85.75,86.77,9.0,0
STU0237,3,2024-25,CS303,1.234,86.4,87.19,89.07,81.2,79.07,73.94,73.26,8.0,0
STU0237,3,2024-25,MA301,0.945,91.23,92.21,90.26,87.53,88.66,83.28,74.82,8.0,0
STU0237,3,2024-25,EC301,1.085,82.97,91.73,95.46,71.51,68.29,68.97,73.18,8.0,0
STU0237,3,2024-25,CS304,0.948,79.43,86.13,92.9,82.93,83.91,74.95,77.07,8.0,0
STU0237,4,2024-25,CS401,0.948,87.19,92.78,95.8,91.66,94.17,93.75,92.22,10.0,0
STU0237,4,2024-25,CS402,1.223,88.2,89.06,93.72,77.81,79.82,77.13,76.79,8.0,0
STU0237,4,2024-25,CS403,1.009,87.97,89.59,88.29,83.66,79.74,83.62,88.16,9.0,0
STU0237,4,2024-25,CS404,1.027,87.62,88.66,82.36,83.92,89.12,91.81,90.57,10.0,0
STU0237,4,2024-25,MA401,1.025,86.03,87.79,90.62,88.97,88.34,90.22,88.07,9.0,0
STU0237,4,2024-25,CS405,1.093,94.44,96.65,96.58,70.99,69.14,75.54,75.75,8.0,0
STU0238,1,2023-24,EC101,1.141,53.43,60.18,64.92,37.97,42.45,47.73,44.62,5.0,0
STU0238,1,2023-24,EC102,1.08,50.09,58.58,64.18,38.37,46.34,50.98,48.29,5.0,0
STU0238,1,2023-24,MA101,0.971,51.38,57.25,65.67,42.05,48.08,52.55,52.21,6.0,0
STU0238,1,2023-24,PH101,1.277,55.65,64.57,71.37,32.67,36.84,43.88,42.88,5.0,0
STU0238,1,2023-24,EE101,0.942,53.8,60.4,68.51,47.84,55.53,64.62,63.54,7.0,0
STU0238,2,2023-24,EC201,0.904,71.79,76.34,83.5,65.8,71.76,79.09,76.79,8.0,0
STU0238,2,2023-24,EC202,1.014,70.1,74.76,82.12,58.83,63.32,67.95,71.28,8.0,0
STU0238,2,2023-24,MA201,0.665,67.93,74.22,81.95,80.33,86.98,93.66,88.61,9.0,0
STU0238,2,2023-24,CH101,0.871,68.75,74.39,83.23,62.5,67.15,76.43,70.64,8.0,0
STU0238,2,2023-24,ME101,0.825,67.82,73.33,82.47,69.59,73.86,82.07,79.3,8.0,0
STU0238,3,2024-25,EC301,0.954,74.21,81.94,86.96,65.75,69.84,74.21,74.71,8.0,0
STU0238,3,2024-25,EC302,1.131,71.8,77.01,84.01,54.62,58.91,63.13,65.3,7.0,0
STU0238,3,2024-25,EC303,0.962,75.35,83.07,91.98,65.31,70.74,79.73,79.55,8.0,0
STU0238,3,2024-25,MA301,1.169,68.81,77.04,81.21,52.77,59.11,68.86,71.65,8.0,0
STU0238,3,2024-25,CS301,0.941,74.1,82.46,86.86,58.15,62.23,67.14,64.54,7.0,0
STU0238,3,2024-25,EC304,1.036,68.94,76.33,84.43,62.04,69.13,75.89,76.74,8.0,0
STU0238,4,2024-25,EC401,0.852,81.39,89.55,99.0,75.84,81.89,86.65,85.36,9.0,0
STU0238,4,2024-25,EC402,1.114,78.58,87.54,95.61,54.38,59.66,65.43,68.36,7.0,0
STU0238,4,2024-25,EC403,1.077,77.19,82.63,90.48,60.81,65.51,72.07,71.16,8.0,0
STU0238,4,2024-25,EC404,1.056,78.08,82.47,86.99,64.83,70.57,78.36,78.09,8.0,0
STU0238,4,2024-25,MA401,0.864,78.66,83.36,89.22,75.86,80.36,85.66,89.91,9.0,0
STU0238,4,2024-25,EC405,0.825,81.02,88.0,93.45,74.71,82.3,87.88,90.95,10.0,0
STU0239,1,2023-24,AI101,1.101,77.43,77.17,75.84,52.06,58.75,54.51,56.69,6.0,0
STU0239,1,2023-24,AI102,1.006,69.16,66.21,67.52,61.81,57.42,59.86,59.81,6.0,0
STU0239,1,2023-24,MA101,1.123,74.81,69.01,65.75,61.49,59.16,63.71,60.52,7.0,0
STU0239,1,2023-24,PH101,1.054,73.85,71.45,68.94,58.97,56.53,61.42,70.33,8.0,0
STU0239,1,2023-24,EE101,1.04,76.44,75.46,72.26,69.57,69.57,64.61,70.22,8.0,0
STU0239,2,2023-24,AI201,0.865,74.72,70.95,77.54,81.73,79.01,82.04,81.61,9.0,0
STU0239,2,2023-24,AI202,0.831,80.4,86.57,83.83,87.7,92.75,96.14,92.84,10.0,0
STU0239,2,2023-24,MA201,1.246,74.52,76.4,71.68,64.83,60.29,58.1,55.73,6.0,0
STU0239,2,2023-24,CH101,0.784,73.92,73.12,68.55,87.9,88.03,97.89,99.09,10.0,0
STU0239,2,2023-24,ME101,1.114,78.3,78.7,78.28,66.86,61.82,63.3,60.04,7.0,0
STU0239,3,2024-25,AI301,0.988,62.51,63.15,63.5,63.8,56.13,57.47,61.82,7.0,0
STU0239,3,2024-25,AI302,1.1,70.31,68.28,69.52,51.38,46.22,50.75,47.34,5.0,0
STU0239,3,2024-25,AI303,1.001,67.32,61.4,62.94,72.14,81.37,84.78,85.92,9.0,0
STU0239,3,2024-25,MA301,1.033,69.67,70.64,78.39,67.15,71.12,70.82,64.35,7.0,0
STU0239,3,2024-25,CS301,0.673,64.61,68.07,70.09,96.98,98.0,98.0,99.5,10.0,0
STU0239,3,2024-25,AI304,0.933,63.83,65.07,66.47,70.5,71.54,79.37,79.5,8.0,0
STU0239,4,2024-25,AI401,0.857,70.64,75.56,75.29,75.49,79.67,78.37,82.22,9.0,0
STU0239,4,2024-25,AI402,1.068,69.08,72.25,72.93,61.47,62.12,62.23,57.99,6.0,0
STU0239,4,2024-25,AI403,0.969,72.23,66.64,65.47,68.48,80.95,74.01,73.18,8.0,0
STU0239,4,2024-25,AI404,0.928,69.95,75.4,81.65,68.2,72.8,75.73,76.8,8.0,0
STU0239,4,2024-25,MA401,0.987,78.29,81.76,83.45,59.87,63.15,70.87,71.39,8.0,0
STU0239,4,2024-25,AI405,0.934,77.41,81.08,79.26,73.91,77.88,72.86,75.33,8.0,0
STU0240,1,2023-24,DS101,0.996,78.15,70.06,61.67,68.91,63.07,56.2,54.22,6.0,0
STU0240,1,2023-24,DS102,0.901,70.67,64.39,55.92,77.97,73.52,68.15,70.18,8.0,0
STU0240,1,2023-24,MA101,0.949,70.47,63.53,55.94,70.59,62.96,55.09,58.02,6.0,0
STU0240,1,2023-24,PH101,0.794,82.24,73.51,68.55,87.47,81.18,77.52,71.2,8.0,0
STU0240,1,2023-24,EE101,1.008,75.94,69.93,63.79,70.56,64.91,58.85,54.7,6.0,0
STU0240,2,2023-24,DS201,0.916,76.26,67.34,60.44,81.7,75.83,68.23,69.11,7.0,0
STU0240,2,2023-24,DS202,1.205,65.9,56.94,51.18,55.52,46.71,38.99,37.55,0.0,1
STU0240,2,2023-24,MA201,0.759,69.02,64.25,58.38,97.9,89.82,82.64,79.56,8.0,0
STU0240,2,2023-24,CH101,1.066,70.19,64.56,59.56,71.29,64.64,57.55,52.99,6.0,0
STU0240,2,2023-24,ME101,0.819,68.5,59.51,52.62,92.0,85.7,78.47,74.97,8.0,0
STU0240,3,2024-25,DS301,1.046,71.34,62.54,55.95,65.75,56.86,51.79,54.76,6.0,0
STU0240,3,2024-25,DS302,1.149,69.22,61.44,53.83,64.56,56.34,49.7,53.42,6.0,0
STU0240,3,2024-25,DS303,1.179,73.23,66.24,60.33,64.33,58.83,54.58,44.27,5.0,0
STU0240,3,2024-25,MA301,0.989,70.74,65.96,60.75,73.81,66.22,62.62,65.23,7.0,0
STU0240,3,2024-25,CS301,0.915,66.19,61.89,53.96,73.82,67.81,60.89,57.34,6.0,0
STU0240,3,2024-25,DS304,0.987,74.51,68.7,64.24,68.88,61.01,55.26,52.27,6.0,0
STU0240,4,2024-25,DS401,1.059,65.08,60.66,56.21,59.99,55.86,49.14,44.98,5.0,0
STU0240,4,2024-25,DS402,1.115,59.6,52.5,43.57,63.12,54.26,48.9,49.92,5.0,0
STU0240,4,2024-25,DS403,1.085,60.8,53.35,50.03,63.6,55.7,48.74,49.26,5.0,0
STU0240,4,2024-25,DS404,1.022,58.59,54.4,45.82,67.33,60.43,54.65,49.04,5.0,0
STU0240,4,2024-25,MA401,1.024,59.74,50.42,43.76,70.97,63.95,57.41,60.16,7.0,0
STU0240,4,2024-25,DS405,1.256,62.88,57.29,51.44,53.54,47.96,40.41,40.92,5.0,0
STU0241,1,2024-25,CS101,1.162,79.66,82.49,84.16,70.78,71.08,77.93,83.62,9.0,0
STU0241,1,2024-25,CS102,0.796,67.06,70.57,77.03,98.0,98.0,94.89,91.69,10.0,0
STU0241,1,2024-25,MA101,0.927,80.49,88.06,83.95,90.44,96.49,94.61,95.3,10.0,0
STU0241,1,2024-25,PH101,0.905,79.0,81.41,76.61,87.45,85.77,92.41,84.24,9.0,0
STU0241,1,2024-25,EE101,0.797,77.14,78.68,75.86,94.69,98.0,98.0,95.63,10.0,0
STU0241,2,2024-25,CS201,1.065,80.18,71.2,71.58,76.36,73.03,67.34,66.69,7.0,0
STU0241,2,2024-25,CS202,0.958,81.53,81.02,81.33,87.51,85.42,80.94,87.58,9.0,0
STU0241,2,2024-25,MA201,0.991,78.08,83.03,89.64,90.24,88.48,90.05,91.8,10.0,0
STU0241,2,2024-25,CH101,1.268,80.6,82.23,78.68,58.56,64.65,66.21,67.55,7.0,0
STU0241,2,2024-25,ME101,1.129,82.33,84.86,87.08,73.54,74.49,78.61,66.79,7.0,0
STU0242,1,2024-25,EC101,1.178,77.17,77.82,75.47,51.51,47.03,55.28,52.27,6.0,0
STU0242,1,2024-25,EC102,0.857,73.92,80.18,80.62,73.74,69.3,73.08,67.86,7.0,0
STU0242,1,2024-25,MA101,1.201,77.41,79.48,83.65,50.8,53.07,49.13,54.69,6.0,0
STU0242,1,2024-25,PH101,1.025,78.29,86.42,90.74,63.82,75.88,71.72,70.75,8.0,0
STU0242,1,2024-25,EE101,1.043,73.06,74.25,71.8,62.66,59.1,54.93,58.25,6.0,0
STU0242,2,2024-25,EC201,0.99,81.09,81.99,79.84,71.05,71.19,67.1,68.15,7.0,0
STU0242,2,2024-25,EC202,1.062,78.53,78.7,76.42,69.38,71.37,68.14,70.36,8.0,0
STU0242,2,2024-25,MA201,1.203,80.48,75.36,79.46,59.39,56.85,44.47,46.33,5.0,0
STU0242,2,2024-25,CH101,1.091,72.69,69.49,68.37,68.63,74.47,70.69,69.31,7.0,0
STU0242,2,2024-25,ME101,0.914,74.25,72.62,70.09,85.25,77.35,72.35,72.0,8.0,0
STU0243,1,2024-25,AI101,0.98,74.87,68.2,65.1,57.68,62.01,63.87,63.84,7.0,0
STU0243,1,2024-25,AI102,1.002,71.33,71.66,71.67,57.37,54.61,54.87,52.22,6.0,0
STU0243,1,2024-25,MA101,1.074,70.25,64.19,63.36,60.22,63.32,58.87,56.68,6.0,0
STU0243,1,2024-25,PH101,1.089,74.14,72.25,68.39,57.85,50.36,40.21,51.12,6.0,0
STU0243,1,2024-25,EE101,0.942,73.52,75.57,80.16,66.47,66.38,61.83,51.97,6.0,0
STU0243,2,2024-25,AI201,1.028,69.78,70.83,69.64,59.15,66.22,63.94,65.1,7.0,0
STU0243,2,2024-25,AI202,1.103,80.74,84.19,80.29,47.29,50.73,49.0,46.05,5.0,0
STU0243,2,2024-25,MA201,1.143,73.85,79.56,78.01,47.32,47.03,50.44,51.32,6.0,0
STU0243,2,2024-25,CH101,1.227,76.01,75.4,80.68,50.52,48.66,49.73,50.39,6.0,0
STU0243,2,2024-25,ME101,0.975,76.06,71.55,70.31,61.97,59.59,55.58,55.46,6.0,0
STU0244,1,2024-25,DS101,0.844,72.48,72.8,73.9,77.78,70.97,67.04,66.07,7.0,0
STU0244,1,2024-25,DS102,1.052,63.86,55.77,60.84,66.59,62.65,61.6,60.33,7.0,0
STU0244,1,2024-25,MA101,1.035,68.82,64.8,66.51,73.76,76.14,76.48,75.84,8.0,0
STU0244,1,2024-25,PH101,0.905,69.22,70.59,74.75,80.09,80.86,81.7,81.85,9.0,0
STU0244,1,2024-25,EE101,1.069,71.04,71.27,68.26,58.22,55.11,56.19,55.27,6.0,0
STU0244,2,2024-25,DS201,1.188,83.63,85.12,84.97,62.1,59.4,63.18,63.99,7.0,0
STU0244,2,2024-25,DS202,0.923,76.86,78.01,78.1,84.57,84.33,73.46,80.71,9.0,0
STU0244,2,2024-25,MA201,1.016,82.37,83.35,77.82,80.37,84.49,77.12,77.29,8.0,0
STU0244,2,2024-25,CH101,0.832,81.48,82.1,81.63,93.44,89.79,87.29,85.85,9.0,0
STU0244,2,2024-25,ME101,1.047,77.67,76.85,68.5,82.66,87.16,83.5,83.21,9.0,0
STU0245,1,2024-25,CS101,1.147,86.94,82.26,83.86,62.9,59.69,59.8,60.12,7.0,0
STU0245,1,2024-25,CS102,0.923,80.39,76.18,77.87,67.09,66.86,61.97,62.27,7.0,0
STU0245,1,2024-25,MA101,1.032,85.22,85.45,84.18,60.84,66.68,63.27,69.74,7.0,0
STU0245,1,2024-25,PH101,1.391,90.04,93.74,92.15,44.63,45.63,49.22,49.18,5.0,0
STU0245,1,2024-25,EE101,1.144,93.01,92.95,90.41,60.31,62.05,62.45,60.03,7.0,0
STU0245,2,2024-25,CS201,0.804,84.0,86.58,86.22,77.83,84.61,85.8,87.06,9.0,0
STU0245,2,2024-25,CS202,1.021,87.52,91.04,95.88,63.55,67.61,63.72,63.74,7.0,0
STU0245,2,2024-25,MA201,1.071,87.37,91.35,90.61,56.45,54.89,48.6,49.67,5.0,0
STU0245,2,2024-25,CH101,0.973,80.66,85.43,84.57,60.78,65.37,72.21,72.21,8.0,0
STU0245,2,2024-25,ME101,0.964,81.6,84.91,84.19,65.96,62.48,77.34,76.49,8.0,0
STU0246,1,2024-25,EC101,1.102,85.88,87.12,88.43,72.19,71.71,65.43,62.89,7.0,0
STU0246,1,2024-25,EC102,0.849,89.43,90.58,90.92,98.0,98.0,98.0,98.14,10.0,0
STU0246,1,2024-25,MA101,1.152,86.58,84.87,84.02,74.58,82.59,87.0,84.53,9.0,0
STU0246,1,2024-25,PH101,1.225,85.56,86.25,90.33,71.73,71.11,74.89,79.68,8.0,0
STU0246,1,2024-25,EE101,1.042,89.83,93.44,90.27,77.53,79.55,83.39,78.02,8.0,0
STU0246,2,2024-25,EC201,1.064,89.05,83.61,83.93,88.68,92.79,89.49,92.54,10.0,0
STU0246,2,2024-25,EC202,1.145,86.55,85.4,79.19,71.82,70.0,73.4,75.37,8.0,0
STU0246,2,2024-25,MA201,1.08,87.49,88.42,95.43,86.43,94.39,97.43,93.85,10.0,0
STU0246,2,2024-25,CH101,1.02,86.98,88.26,89.78,89.83,92.32,96.34,96.05,10.0,0
STU0246,2,2024-25,ME101,0.944,88.5,91.51,93.35,86.73,81.9,84.88,90.13,10.0,0
STU0247,1,2024-25,AI101,0.857,99.0,98.33,99.0,98.0,98.0,94.24,90.87,10.0,0
STU0247,1,2024-25,AI102,0.788,99.0,96.06,89.92,98.0,98.0,98.0,95.05,10.0,0
STU0247,1,2024-25,MA101,1.106,97.58,94.39,95.84,78.12,84.55,85.5,79.23,8.0,0
STU0247,1,2024-25,PH101,1.065,99.0,95.87,90.37,93.03,89.48,90.11,86.14,9.0,0
STU0247,1,2024-25,EE101,0.908,97.59,98.64,95.32,98.0,93.47,94.88,94.08,10.0,0
STU0247,2,2024-25,AI201,1.094,99.0,97.81,96.42,90.61,92.77,95.73,99.5,10.0,0
STU0247,2,2024-25,AI202,0.963,99.0,92.22,98.37,88.8,91.2,94.27,92.76,10.0,0
STU0247,2,2024-25,MA201,1.119,99.0,98.87,95.59,86.53,88.03,93.54,86.53,9.0,0
STU0247,2,2024-25,CH101,1.077,95.38,95.12,98.12,72.95,69.85,71.57,66.55,7.0,0
STU0247,2,2024-25,ME101,1.038,92.67,99.0,99.0,89.12,84.63,84.75,83.68,9.0,0
STU0248,1,2024-25,DS101,0.986,84.39,83.51,89.77,69.55,63.37,64.74,62.89,7.0,0
STU0248,1,2024-25,DS102,0.878,85.48,81.72,82.17,83.3,82.89,78.9,76.17,8.0,0
STU0248,1,2024-25,MA101,0.961,90.41,84.99,86.57,71.26,71.97,72.01,72.74,8.0,0
STU0248,1,2024-25,PH101,1.207,87.58,87.32,92.5,56.63,51.43,59.16,59.59,6.0,0
STU0248,1,2024-25,EE101,1.089,79.78,77.68,83.15,58.21,59.4,65.09,59.78,6.0,0
STU0248,2,2024-25,DS201,0.978,73.09,73.91,77.61,74.71,75.62,77.52,76.49,8.0,0
STU0248,2,2024-25,DS202,1.006,66.87,79.44,81.01,68.28,75.14,84.29,82.63,9.0,0
STU0248,2,2024-25,MA201,0.924,79.33,75.53,77.33,76.85,81.24,84.48,85.15,9.0,0
STU0248,2,2024-25,CH101,1.043,68.14,68.31,68.23,66.27,63.52,59.94,62.72,7.0,0
STU0248,2,2024-25,ME101,1.01,67.86,70.88,74.84,69.97,66.9,73.0,78.41,8.0,0
STU0249,1,2024-25,CS101,0.912,76.75,80.98,75.74,75.57,73.55,76.15,67.86,7.0,0
STU0249,1,2024-25,CS102,1.01,91.65,89.39,91.89,69.74,71.0,70.34,67.32,7.0,0
STU0249,1,2024-25,MA101,1.059,85.72,85.91,91.18,68.35,69.99,66.77,68.86,7.0,0
STU0249,1,2024-25,PH101,0.857,85.21,83.61,85.1,81.1,83.19,83.25,87.27,9.0,0
STU0249,1,2024-25,EE101,0.789,80.99,78.98,79.9,94.39,96.94,97.88,97.71,10.0,0
STU0249,2,2024-25,CS201,0.908,88.83,89.45,83.97,76.61,88.45,97.54,99.5,10.0,0
STU0249,2,2024-25,CS202,1.074,82.75,84.2,91.59,60.35,53.37,57.43,55.14,6.0,0
STU0249,2,2024-25,MA201,0.874,88.67,91.77,92.29,81.82,87.85,90.04,91.86,10.0,0
STU0249,2,2024-25,CH101,0.965,94.84,96.72,98.48,68.68,65.6,62.17,61.05,7.0,0
STU0249,2,2024-25,ME101,1.008,88.71,82.57,87.26,66.46,73.5,75.99,77.05,8.0,0
STU0250,1,2024-25,EC101,1.002,97.29,97.77,97.48,79.46,73.76,62.08,60.26,7.0,0
STU0250,1,2024-25,EC102,1.047,93.61,87.41,89.46,71.61,75.95,78.41,74.89,8.0,0
STU0250,1,2024-25,MA101,0.938,85.88,88.54,88.5,84.11,82.02,88.78,89.08,9.0,0
STU0250,1,2024-25,PH101,1.09,91.48,90.55,98.42,67.72,63.64,64.46,60.05,7.0,0
STU0250,1,2024-25,EE101,0.804,90.51,87.14,90.83,98.0,98.0,98.0,92.23,10.0,0
STU0250,2,2024-25,EC201,0.931,98.19,99.0,99.0,82.78,87.03,84.95,96.51,10.0,0
STU0250,2,2024-25,EC202,1.148,92.23,92.01,90.42,58.15,64.1,67.17,69.83,7.0,0
STU0250,2,2024-25,MA201,0.863,81.9,92.53,90.51,83.01,79.65,88.88,87.67,9.0,0
STU0250,2,2024-25,CH101,0.937,98.12,99.0,99.0,83.18,82.95,78.71,82.46,9.0,0
STU0250,2,2024-25,ME101,0.962,88.28,84.67,88.79,79.24,82.14,88.38,88.72,9.0,0
STU0251,1,2024-25,AI101,1.012,99.0,98.76,99.0,86.25,89.67,87.84,90.74,10.0,0
STU0251,1,2024-25,AI102,0.89,99.0,90.63,92.78,94.77,95.67,90.69,90.72,10.0,0
STU0251,1,2024-25,MA101,1.087,94.11,92.96,81.36,91.49,98.0,98.0,97.38,10.0,0
STU0251,1,2024-25,PH101,1.153,99.0,99.0,98.77,82.33,79.88,71.28,77.06,8.0,0
STU0251,1,2024-25,EE101,1.202,99.0,97.23,96.25,76.86,87.42,86.9,85.07,9.0,0
STU0251,2,2024-25,AI201,0.896,96.41,90.33,91.59,96.0,95.16,90.84,92.51,10.0,0
STU0251,2,2024-25,AI202,1.017,93.89,95.29,91.32,82.84,83.8,76.53,79.26,8.0,0
STU0251,2,2024-25,MA201,1.172,91.89,90.47,85.27,70.89,73.59,77.81,79.88,8.0,0
STU0251,2,2024-25,CH101,0.56,86.73,88.84,84.29,98.0,94.34,87.31,89.34,9.0,0
STU0251,2,2024-25,ME101,1.076,90.74,95.9,97.86,80.62,80.94,84.83,86.22,9.0,0
STU0252,1,2024-25,DS101,1.126,80.6,88.98,93.81,53.01,54.81,59.59,62.04,7.0,0
STU0252,1,2024-25,DS102,0.983,75.15,76.12,70.0,64.47,64.28,75.01,76.92,8.0,0
STU0252,1,2024-25,MA101,1.132,74.27,79.3,80.3,62.78,63.57,66.05,64.62,7.0,0
STU0252,1,2024-25,PH101,1.22,72.78,69.46,70.02,63.81,60.74,59.93,60.69,7.0,0
STU0252,1,2024-25,EE101,0.841,69.2,73.14,73.41,73.65,72.23,69.72,69.74,7.0,0
STU0252,2,2024-25,DS201,1.16,64.63,62.39,65.49,54.94,53.53,48.05,50.28,6.0,0
STU0252,2,2024-25,DS202,1.143,65.87,65.21,60.74,58.71,59.75,57.17,55.8,6.0,0
STU0252,2,2024-25,MA201,0.865,61.36,56.23,57.19,80.84,81.26,79.64,77.87,8.0,0
STU0252,2,2024-25,CH101,0.964,62.63,63.16,69.58,71.37,68.71,67.59,73.31,8.0,0
STU0252,2,2024-25,ME101,0.976,60.4,56.21,59.25,69.84,73.39,71.74,67.68,7.0,0
STU0253,1,2024-25,CS101,0.985,67.5,64.38,67.8,71.59,61.92,60.91,64.44,7.0,0
STU0253,1,2024-25,CS102,1.16,72.65,69.85,70.3,63.58,71.69,67.43,73.01,8.0,0
STU0253,1,2024-25,MA101,1.185,69.21,72.34,71.02,68.67,64.27,63.53,60.87,7.0,0
STU0253,1,2024-25,PH101,1.088,73.55,79.05,84.19,64.5,59.93,67.92,70.12,8.0,0
STU0253,1,2024-25,EE101,1.033,68.55,65.79,66.64,71.82,76.78,83.0,83.67,9.0,0
STU0253,2,2024-25,CS201,1.003,78.82,76.56,72.05,70.45,80.41,84.47,87.15,9.0,0
STU0253,2,2024-25,CS202,1.05,92.41,96.0,99.0,66.37,58.03,49.25,46.66,5.0,0
STU0253,2,2024-25,MA201,1.276,81.38,85.12,86.49,59.73,61.38,55.69,59.65,6.0,0
STU0253,2,2024-25,CH101,1.167,88.35,91.34,92.92,59.24,62.28,63.31,61.46,7.0,0
STU0253,2,2024-25,ME101,1.067,88.56,89.18,90.28,63.91,63.29,60.63,48.7,5.0,0
STU0254,1,2024-25,EC101,0.966,90.1,89.53,86.61,74.76,67.5,61.59,64.92,7.0,0
STU0254,1,2024-25,EC102,1.035,82.06,81.43,76.99,74.28,81.85,75.32,76.66,8.0,0
STU0254,1,2024-25,MA101,0.789,78.63,86.35,89.99,93.43,85.49,89.69,90.49,10.0,0
STU0254,1,2024-25,PH101,0.959,76.95,73.0,70.07,78.27,77.78,78.14,81.8,9.0,0
STU0254,1,2024-25,EE101,0.84,73.2,75.95,71.64,83.04,81.6,80.95,74.89,8.0,0
STU0254,2,2024-25,EC201,0.963,91.01,94.18,98.64,77.51,75.39,77.92,83.06,9.0,0
STU0254,2,2024-25,EC202,0.955,96.24,94.6,94.99,82.65,78.06,68.07,69.83,7.0,0
STU0254,2,2024-25,MA201,1.115,88.67,87.89,90.54,58.49,56.52,60.36,63.2,7.0,0
STU0254,2,2024-25,CH101,0.999,86.98,89.82,90.88,63.91,59.79,57.81,61.97,7.0,0
STU0254,2,2024-25,ME101,0.881,97.84,99.0,99.0,75.3,84.88,84.79,82.9,9.0,0
STU0255,1,2024-25,AI101,0.884,79.09,78.6,77.87,86.82,85.11,83.89,82.47,9.0,0
STU0255,1,2024-25,AI102,1.026,83.57,85.51,80.67,76.32,73.5,76.98,77.67,8.0,0
STU0255,1,2024-25,MA101,0.978,81.52,85.89,91.38,84.1,81.45,71.77,73.03,8.0,0
STU0255,1,2024-25,PH101,1.006,85.81,89.19,88.76,76.03,82.1,78.76,82.98,9.0,0
STU0255,1,2024-25,EE101,1.085,74.37,72.92,70.57,61.92,55.59,48.56,51.31,6.0,0
STU0255,2,2024-25,AI201,0.999,95.1,95.12,93.05,79.42,77.41,79.32,78.34,8.0,0
STU0255,2,2024-25,AI202,0.883,86.51,90.74,91.15,90.64,91.41,81.43,87.86,9.0,0
STU0255,2,2024-25,MA201,0.977,83.35,81.14,82.72,82.58,81.31,80.38,79.87,8.0,0
STU0255,2,2024-25,CH101,1.11,82.99,83.8,78.5,71.79,65.91,73.19,73.59,8.0,0
STU0255,2,2024-25,ME101,0.949,79.35,74.66,77.64,88.85,82.36,75.9,81.44,9.0,0
STU0256,1,2024-25,DS101,1.014,77.35,72.95,75.96,70.43,73.72,71.9,72.99,8.0,0
STU0256,1,2024-25,DS102,0.942,78.3,81.09,79.22,86.93,84.33,84.94,89.09,9.0,0
STU0256,1,2024-25,MA101,1.174,79.89,80.83,81.07,68.45,72.76,77.66,82.57,9.0,0
STU0256,1,2024-25,PH101,1.055,76.39,77.62,77.82,67.69,65.87,68.33,70.24,8.0,0
STU0256,1,2024-25,EE101,0.916,79.29,84.97,82.36,85.85,81.91,83.54,78.19,8.0,0
STU0256,2,2024-25,DS201,0.791,74.59,80.77,82.77,89.43,91.81,96.36,99.5,10.0,0
STU0256,2,2024-25,DS202,0.965,78.85,80.51,80.88,71.87,79.09,80.27,76.62,8.0,0
STU0256,2,2024-25,MA201,0.651,80.29,78.78,78.25,98.0,98.0,98.0,97.32,10.0,0
STU0256,2,2024-25,CH101,1.088,74.07,76.77,73.89,65.51,66.48,61.75,59.98,6.0,0
STU0256,2,2024-25,ME101,0.739,74.96,78.86,85.86,98.0,96.26,96.23,96.02,10.0,0
STU0257,1,2024-25,CS101,0.934,94.56,95.04,90.96,91.21,93.37,97.76,99.5,10.0,0
STU0257,1,2024-25,CS102,0.962,86.67,92.73,92.82,83.34,80.7,71.87,74.19,8.0,0
STU0257,1,2024-25,MA101,1.059,90.59,90.53,96.81,81.64,85.02,86.46,82.72,9.0,0
STU0257,1,2024-25,PH101,1.226,92.82,93.86,91.65,78.19,71.63,70.59,72.4,8.0,0
STU0257,1,2024-25,EE101,1.182,89.91,88.76,85.78,72.88,72.45,69.19,72.42,8.0,0
STU0257,2,2024-25,CS201,0.921,81.73,85.65,89.22,97.83,98.0,98.0,99.5,10.0,0
STU0257,2,2024-25,CS202,0.922,79.73,85.49,83.03,98.0,98.0,95.9,94.12,10.0,0
STU0257,2,2024-25,MA201,1.015,82.09,82.25,84.07,87.51,81.63,85.08,90.41,10.0,0
STU0257,2,2024-25,CH101,1.132,82.91,83.94,83.93,72.13,68.88,68.12,65.97,7.0,0
STU0257,2,2024-25,ME101,1.081,82.56,80.07,80.19,86.44,81.92,72.06,71.43,8.0,0
STU0258,1,2024-25,EC101,1.025,77.12,67.19,60.87,63.5,58.84,51.33,49.16,5.0,0
STU0258,1,2024-25,EC102,1.158,79.35,71.6,65.44,61.97,53.45,49.36,49.9,5.0,0
STU0258,1,2024-25,MA101,0.824,81.87,74.49,70.99,80.68,75.35,70.74,71.37,8.0,0
STU0258,1,2024-25,PH101,0.949,76.54,72.1,65.08,64.65,59.04,52.32,46.13,5.0,0
STU0258,1,2024-25,EE101,1.136,82.82,74.22,67.73,55.56,49.97,45.26,42.64,5.0,0
STU0258,2,2024-25,EC201,1.057,76.8,72.67,67.97,54.09,46.82,42.48,43.41,5.0,0
STU0258,2,2024-25,EC202,0.846,77.6,70.37,64.49,69.26,64.34,56.64,58.05,6.0,0
STU0258,2,2024-25,MA201,0.935,76.41,71.95,66.43,72.5,64.05,60.99,56.8,6.0,0
STU0258,2,2024-25,CH101,0.962,79.1,69.88,64.33,59.36,53.49,48.89,53.41,6.0,0
STU0258,2,2024-25,ME101,0.911,83.79,75.89,70.4,57.01,48.42,41.59,38.21,0.0,1
STU0259,1,2024-25,AI101,0.973,82.29,82.08,81.31,97.48,95.31,98.0,99.5,10.0,0
STU0259,1,2024-25,AI102,1.027,79.04,69.47,68.14,88.18,88.96,90.02,90.94,10.0,0
STU0259,1,2024-25,MA101,1.063,81.77,78.09,75.83,87.3,85.95,83.66,87.23,9.0,0
STU0259,1,2024-25,PH101,1.066,84.69,91.89,93.93,92.62,83.43,74.65,73.6,8.0,0
STU0259,1,2024-25,EE101,0.998,86.34,85.65,86.39,91.12,88.65,98.0,99.5,10.0,0
STU0259,2,2024-25,AI201,1.442,76.2,75.15,76.79,53.21,56.99,57.03,58.96,6.0,0
STU0259,2,2024-25,AI202,0.955,83.79,82.46,82.12,98.0,95.31,94.33,93.57,10.0,0
STU0259,2,2024-25,MA201,0.994,82.74,81.34,79.99,95.9,97.45,96.66,99.01,10.0,0
STU0259,2,2024-25,CH101,1.057,78.41,82.69,73.0,89.45,88.15,90.0,89.71,9.0,0
STU0259,2,2024-25,ME101,0.966,71.63,76.29,75.09,95.25,98.0,98.0,97.06,10.0,0
STU0260,1,2024-25,DS101,1.107,78.62,77.35,77.35,71.32,70.21,66.08,62.94,7.0,0
STU0260,1,2024-25,DS102,1.106,85.58,91.52,90.23,64.19,66.06,64.9,64.51,7.0,0
STU0260,1,2024-25,MA101,0.947,81.73,82.52,88.38,92.24,86.4,92.15,97.59,10.0,0
STU0260,1,2024-25,PH101,1.107,86.65,91.16,90.93,70.52,71.95,72.28,77.83,8.0,0
STU0260,1,2024-25,EE101,1.125,79.95,82.07,78.66,70.94,68.59,71.11,66.95,7.0,0
STU0260,2,2024-25,DS201,0.957,82.01,84.28,82.42,80.12,78.5,76.61,78.0,8.0,0
STU0260,2,2024-25,DS202,0.966,79.55,78.62,77.93,76.54,75.08,75.02,74.59,8.0,0
STU0260,2,2024-25,MA201,0.902,85.19,81.22,78.76,92.41,94.21,98.0,98.04,10.0,0
STU0260,2,2024-25,CH101,0.908,80.56,85.97,88.59,84.7,79.93,82.91,79.78,8.0,0
STU0260,2,2024-25,ME101,0.91,73.99,73.6,69.97,77.04,84.19,84.18,82.65,9.0,0
STU0261,1,2024-25,CS101,1.025,92.09,99.0,95.88,65.02,62.84,65.83,66.34,7.0,0
STU0261,1,2024-25,CS102,0.872,90.96,86.43,86.09,87.04,83.54,81.33,83.43,9.0,0
STU0261,1,2024-25,MA101,1.017,85.56,82.7,79.79,69.47,79.86,70.8,71.03,8.0,0
STU0261,1,2024-25,PH101,0.838,86.94,90.34,92.78,90.31,89.1,90.12,84.54,9.0,0
STU0261,1,2024-25,EE101,0.873,87.56,87.57,86.0,89.93,94.43,96.06,97.56,10.0,0
STU0261,2,2024-25,CS201,1.051,86.85,89.07,89.37,75.48,69.43,68.36,70.39,8.0,0
STU0261,2,2024-25,CS202,0.756,83.65,81.13,82.52,98.0,98.0,97.31,95.32,10.0,0
STU0261,2,2024-25,MA201,0.931,85.0,87.0,91.11,74.45,74.08,73.84,73.58,8.0,0
STU0261,2,2024-25,CH101,1.032,84.68,81.8,78.1,73.79,69.65,73.75,78.68,8.0,0
STU0261,2,2024-25,ME101,0.811,81.06,77.79,75.57,90.83,93.5,82.69,86.25,9.0,0
STU0262,1,2024-25,EC101,0.932,83.02,78.84,72.47,91.94,85.94,82.93,86.53,9.0,0
STU0262,1,2024-25,EC102,0.968,78.22,70.23,65.36,80.0,75.16,68.44,68.82,7.0,0
STU0262,1,2024-25,MA101,1.075,81.63,76.36,70.68,74.58,67.38,59.83,57.55,6.0,0
STU0262,1,2024-25,PH101,0.9,75.28,66.55,59.35,95.47,89.91,85.85,86.75,9.0,0
STU0262,1,2024-25,EE101,0.726,82.46,77.67,69.42,98.0,90.47,87.26,84.51,9.0,0
STU0262,2,2024-25,EC201,1.054,65.59,61.21,55.52,74.0,68.62,61.42,59.83,6.0,0
STU0262,2,2024-25,EC202,0.87,69.02,60.7,51.89,88.51,81.74,78.29,74.96,8.0,0
STU0262,2,2024-25,MA201,0.958,58.82,53.96,48.09,86.31,79.28,75.91,78.32,8.0,0
STU0262,2,2024-25,CH101,0.968,62.98,53.58,47.85,93.77,88.32,81.15,74.1,8.0,0
STU0262,2,2024-25,ME101,1.208,62.27,55.79,46.84,72.77,66.1,60.75,67.23,7.0,0
STU0263,1,2024-25,AI101,0.959,98.58,98.55,98.85,80.81,75.37,70.9,74.12,8.0,0
STU0263,1,2024-25,AI102,1.147,94.82,94.5,97.67,67.27,67.19,64.73,62.58,7.0,0
STU0263,1,2024-25,MA101,1.023,93.24,92.22,94.41,79.67,70.33,66.19,67.43,7.0,0
STU0263,1,2024-25,PH101,1.055,88.9,85.67,90.46,80.9,72.04,72.52,72.71,8.0,0
STU0263,1,2024-25,EE101,0.914,90.13,85.54,88.43,96.52,92.57,91.52,88.19,9.0,0
STU0263,2,2024-25,AI201,0.98,93.51,99.0,96.91,79.99,78.2,81.41,81.62,9.0,0
STU0263,2,2024-25,AI202,1.028,90.62,90.32,91.72,76.34,81.52,80.75,85.95,9.0,0
STU0263,2,2024-25,MA201,1.025,99.0,99.0,98.71,74.24,68.58,75.39,81.88,9.0,0
STU0263,2,2024-25,CH101,0.921,90.58,91.63,91.97,79.61,84.83,85.07,91.53,10.0,0
STU0263,2,2024-25,ME101,0.972,90.74,89.05,83.61,79.49,76.06,80.73,80.34,9.0,0
STU0264,1,2024-25,DS101,1.085,91.51,93.02,94.66,77.57,72.65,76.02,74.83,8.0,0
STU0264,1,2024-25,DS102,1.038,93.35,97.66,98.94,78.19,90.76,98.0,96.54,10.0,0
STU0264,1,2024-25,MA101,0.936,93.24,93.58,89.18,90.36,87.88,94.29,96.54,10.0,0
STU0264,1,2024-25,PH101,0.891,93.49,87.82,89.29,84.89,85.15,82.95,87.02,9.0,0
STU0264,1,2024-25,EE101,0.988,99.0,91.01,88.77,93.03,91.38,94.69,91.85,10.0,0
STU0264,2,2024-25,DS201,0.85,97.57,93.43,88.96,96.73,92.78,95.31,99.5,10.0,0
STU0264,2,2024-25,DS202,1.107,99.0,98.84,98.98,75.41,77.18,75.14,75.57,8.0,0
STU0264,2,2024-25,MA201,1.031,99.0,98.9,99.0,82.27,76.77,70.2,71.03,8.0,0
STU0264,2,2024-25,CH101,1.031,97.6,98.93,99.0,76.23,74.06,70.54,67.89,7.0,0
STU0264,2,2024-25,ME101,1.083,97.89,96.56,99.0,91.97,93.91,90.75,89.69,9.0,0
STU0265,1,2024-25,CS101,1.021,87.45,92.85,90.29,72.35,69.9,68.01,66.77,7.0,0
STU0265,1,2024-25,CS102,0.927,88.4,84.53,90.87,86.26,84.8,85.77,85.2,9.0,0
STU0265,1,2024-25,MA101,0.961,92.39,93.63,93.84,80.21,79.73,72.89,74.66,8.0,0
STU0265,1,2024-25,PH101,1.133,90.66,88.97,82.86,70.36,75.45,77.06,77.09,8.0,0
STU0265,1,2024-25,EE101,1.069,86.22,86.0,88.41,72.74,70.63,75.82,73.75,8.0,0
STU0265,2,2024-25,CS201,1.037,89.57,97.22,94.87,61.79,70.69,74.85,65.13,7.0,0
STU0265,2,2024-25,CS202,0.957,80.41,85.57,90.36,75.09,79.63,86.03,86.0,9.0,0
STU0265,2,2024-25,MA201,0.92,90.23,94.17,89.78,87.03,82.44,84.14,81.69,9.0,0
STU0265,2,2024-25,CH101,1.02,85.56,93.37,87.7,68.25,66.16,67.64,66.7,7.0,0
STU0265,2,2024-25,ME101,0.736,88.05,92.72,94.23,97.58,98.0,92.52,95.71,10.0,0
STU0266,1,2024-25,EC101,1.01,72.96,77.04,76.78,65.71,71.86,74.24,73.05,8.0,0
STU0266,1,2024-25,EC102,0.956,69.64,69.25,75.21,53.37,55.65,46.64,47.77,5.0,0
STU0266,1,2024-25,MA101,1.105,74.6,72.53,70.04,55.37,60.75,59.73,53.85,6.0,0
STU0266,1,2024-25,PH101,0.873,68.47,63.5,66.06,59.73,59.41,64.33,65.44,7.0,0
STU0266,1,2024-25,EE101,1.233,74.43,70.79,72.87,45.78,51.12,53.47,51.98,6.0,0
STU0266,2,2024-25,EC201,0.922,69.05,69.92,74.47,57.61,48.98,48.09,48.86,5.0,0
STU0266,2,2024-25,EC202,1.022,68.48,71.8,72.9,57.26,48.99,48.21,47.79,5.0,0
STU0266,2,2024-25,MA201,1.202,69.07,66.76,64.24,51.01,48.4,44.56,54.51,6.0,0
STU0266,2,2024-25,CH101,0.912,69.96,70.69,69.9,59.45,61.01,56.81,57.92,6.0,0
STU0266,2,2024-25,ME101,0.907,71.31,66.89,65.16,65.9,61.31,57.2,57.62,6.0,0
STU0267,1,2024-25,AI101,0.913,81.44,80.23,82.89,84.41,81.34,78.25,80.67,9.0,0
STU0267,1,2024-25,AI102,0.967,87.6,82.98,86.64,82.66,76.73,80.77,75.09,8.0,0
STU0267,1,2024-25,MA101,0.998,87.59,85.54,86.33,82.86,84.62,87.75,86.69,9.0,0
STU0267,1,2024-25,PH101,1.127,82.45,88.76,80.88,62.72,64.64,59.99,59.81,6.0,0
STU0267,1,2024-25,EE101,1.015,94.77,98.54,94.13,67.23,68.58,71.34,71.47,8.0,0
STU0267,2,2024-25,AI201,0.868,76.3,72.8,70.24,98.0,98.0,96.55,97.18,10.0,0
STU0267,2,2024-25,AI202,1.097,83.29,83.69,87.78,84.05,82.01,73.95,70.88,8.0,0
STU0267,2,2024-25,MA201,0.908,82.99,81.64,87.79,86.05,87.34,80.42,77.94,8.0,0
STU0267,2,2024-25,CH101,0.693,86.69,92.33,89.88,98.0,98.0,98.0,98.87,10.0,0
STU0267,2,2024-25,ME101,1.058,81.78,77.22,82.56,77.94,78.86,66.31,61.33,7.0,0
STU0268,1,2024-25,DS101,0.995,73.57,67.37,63.21,74.81,66.75,61.44,61.77,7.0,0
STU0268,1,2024-25,DS102,0.911,72.16,64.69,59.35,73.96,67.18,63.01,57.06,6.0,0
STU0268,1,2024-25,MA101,1.177,71.37,65.05,59.38,52.37,44.04,39.35,40.89,5.0,0
STU0268,1,2024-25,PH101,0.864,79.01,71.13,66.46,74.99,69.46,63.62,64.46,7.0,0
STU0268,1,2024-25,EE101,0.885,76.24,70.32,66.71,74.45,67.91,64.09,58.62,6.0,0
STU0268,2,2024-25,DS201,0.915,85.88,81.4,72.62,65.59,57.62,54.37,54.58,6.0,0
STU0268,2,2024-25,DS202,1.258,89.35,84.78,78.21,45.86,40.49,34.77,37.52,0.0,1
STU0268,2,2024-25,MA201,1.098,80.55,72.1,63.25,61.96,53.68,49.28,44.58,5.0,0
STU0268,2,2024-25,CH101,0.919,85.34,81.08,75.67,73.56,66.9,61.72,64.53,7.0,0
STU0268,2,2024-25,ME101,0.93,93.61,88.02,83.64,66.18,58.68,55.35,58.01,6.0,0
STU0269,1,2024-25,CS101,1.238,76.31,73.44,73.27,73.41,72.11,73.76,72.66,8.0,0
STU0269,1,2024-25,CS102,1.095,65.17,66.69,66.18,83.64,84.48,82.16,84.23,9.0,0
STU0269,1,2024-25,MA101,1.01,77.06,80.77,82.66,82.45,90.64,85.61,86.02,9.0,0
STU0269,1,2024-25,PH101,1.118,66.95,58.19,53.98,81.57,86.97,91.64,93.99,10.0,0
STU0269,1,2024-25,EE101,1.032,82.31,81.61,79.4,89.8,89.25,91.9,96.42,10.0,0
STU0269,2,2024-25,CS201,0.943,83.32,88.94,89.89,86.09,83.67,89.47,85.49,9.0,0
STU0269,2,2024-25,CS202,0.819,82.64,82.06,80.89,87.38,75.91,72.95,70.54,8.0,0
STU0269,2,2024-25,MA201,1.131,85.4,86.49,83.91,77.35,85.55,88.49,86.9,9.0,0
STU0269,2,2024-25,CH101,0.972,92.72,93.66,98.09,80.76,76.54,72.73,65.15,7.0,0
STU0269,2,2024-25,ME101,0.927,89.96,90.81,89.3,80.62,83.14,85.51,87.02,9.0,0
STU0270,1,2024-25,EC101,0.996,73.2,77.23,73.03,89.68,90.82,92.86,88.7,9.0,0
STU0270,1,2024-25,EC102,1.025,82.7,83.69,84.11,75.86,77.54,75.79,76.7,8.0,0
STU0270,1,2024-25,MA101,1.183,83.65,84.28,80.26,65.8,67.81,70.18,73.57,8.0,0
STU0270,1,2024-25,PH101,0.856,83.02,85.44,89.98,86.15,98.0,93.58,91.67,10.0,0
STU0270,1,2024-25,EE101,0.916,81.33,82.25,81.38,93.93,97.51,95.28,92.11,10.0,0
STU0270,2,2024-25,EC201,1.077,67.75,67.62,73.0,80.68,88.17,85.91,86.69,9.0,0
STU0270,2,2024-25,EC202,0.979,77.46,74.24,74.37,84.76,82.55,80.06,78.88,8.0,0
STU0270,2,2024-25,MA201,1.115,78.05,77.23,78.86,77.6,76.81,71.52,64.27,7.0,0
STU0270,2,2024-25,CH101,1.21,76.67,73.63,70.84,74.21,83.44,87.95,85.44,9.0,0
STU0270,2,2024-25,ME101,1.202,84.58,77.64,83.47,65.55,66.83,74.98,72.3,8.0,0
STU0271,1,2024-25,AI101,1.048,66.06,66.73,63.9,60.14,66.2,72.92,76.58,8.0,0
STU0271,1,2024-25,AI102,0.78,65.47,60.46,59.5,80.41,79.95,77.4,72.24,8.0,0
STU0271,1,2024-25,MA101,1.148,73.39,74.9,72.7,53.57,50.96,50.69,53.19,6.0,0
STU0271,1,2024-25,PH101,0.857,71.21,75.86,82.71,63.16,63.94,61.25,65.5,7.0,0
STU0271,1,2024-25,EE101,0.866,73.45,66.34,68.32,72.96,70.27,60.43,63.56,7.0,0
STU0271,2,2024-25,AI201,1.054,57.01,57.49,50.99,34.11,33.61,40.34,44.46,5.0,0
STU0271,2,2024-25,AI202,1.01,52.0,45.18,43.71,40.91,46.41,46.5,44.9,5.0,0
STU0271,2,2024-25,MA201,0.968,53.19,54.68,59.97,42.19,34.06,28.99,35.41,0.0,1
STU0271,2,2024-25,CH101,0.749,51.43,47.01,46.04,63.0,65.06,56.16,57.89,6.0,0
STU0271,2,2024-25,ME101,1.05,51.92,47.48,46.05,51.56,54.24,58.62,55.65,6.0,0
STU0272,1,2024-25,DS101,0.92,88.89,87.31,84.9,86.57,83.99,84.4,82.7,9.0,0
STU0272,1,2024-25,DS102,1.023,81.93,78.02,81.71,85.89,88.13,81.37,80.69,9.0,0
STU0272,1,2024-25,MA101,1.029,76.71,74.84,69.92,71.17,72.7,72.47,69.19,7.0,0
STU0272,1,2024-25,PH101,0.992,82.0,85.09,77.83,75.49,82.32,77.08,73.84,8.0,0
STU0272,1,2024-25,EE101,0.938,88.53,89.94,86.22,83.35,81.76,83.79,74.66,8.0,0
STU0272,2,2024-25,DS201,0.997,88.88,89.75,88.66,73.28,68.12,72.01,71.07,8.0,0
STU0272,2,2024-25,DS202,1.133,83.75,83.07,88.03,73.2,76.06,78.61,74.83,8.0,0
STU0272,2,2024-25,MA201,1.061,96.04,92.77,88.93,78.38,79.29,75.28,80.83,9.0,0
STU0272,2,2024-25,CH101,0.95,94.72,87.95,88.9,79.73,82.44,88.22,91.98,10.0,0
STU0272,2,2024-25,ME101,0.988,94.68,99.0,98.67,79.11,74.33,76.13,74.67,8.0,0
STU0273,1,2024-25,CS101,0.883,77.46,81.89,81.2,60.89,68.59,71.95,69.22,7.0,0
STU0273,1,2024-25,CS102,1.041,85.98,84.05,84.75,46.46,48.83,57.73,61.59,7.0,0
STU0273,1,2024-25,MA101,0.987,77.91,79.09,84.72,57.15,57.42,53.02,51.02,6.0,0
STU0273,1,2024-25,PH101,0.964,79.64,77.08,74.65,65.87,68.42,72.7,66.07,7.0,0
STU0273,1,2024-25,EE101,1.088,78.87,82.2,89.82,48.77,45.81,50.17,50.5,6.0,0
STU0273,2,2024-25,CS201,1.354,78.73,75.15,77.2,37.54,38.32,32.54,31.99,0.0,1
STU0273,2,2024-25,CS202,0.967,81.88,82.69,80.61,62.41,58.29,60.51,62.6,7.0,0
STU0273,2,2024-25,MA201,1.082,89.75,84.5,80.21,45.11,47.02,42.69,41.38,5.0,0
STU0273,2,2024-25,CH101,1.086,88.15,80.03,80.24,50.07,51.19,51.57,50.99,6.0,0
STU0273,2,2024-25,ME101,1.202,86.17,84.18,83.06,38.49,30.64,28.44,29.45,0.0,1
STU0274,1,2024-25,EC101,1.063,88.59,93.14,95.52,77.7,74.93,78.71,80.46,9.0,0
STU0274,1,2024-25,EC102,1.072,85.24,83.94,82.25,98.0,98.0,98.0,99.5,10.0,0
STU0274,1,2024-25,MA101,0.879,79.77,78.44,81.68,98.0,98.0,97.65,92.7,10.0,0
STU0274,1,2024-25,PH101,1.097,83.23,84.32,85.22,84.26,91.82,84.42,86.44,9.0,0
STU0274,1,2024-25,EE101,1.048,83.74,79.79,75.91,84.82,86.91,90.01,91.75,10.0,0
STU0274,2,2024-25,EC201,0.96,95.74,96.74,97.84,92.31,91.82,91.42,94.62,10.0,0
STU0274,2,2024-25,EC202,1.032,88.29,84.75,84.05,96.91,98.0,96.82,96.37,10.0,0
STU0274,2,2024-25,MA201,0.788,85.06,89.02,84.7,98.0,98.0,97.64,98.33,10.0,0
STU0274,2,2024-25,CH101,1.168,80.39,82.87,79.04,82.31,77.59,83.34,82.2,9.0,0
STU0274,2,2024-25,ME101,0.806,85.12,81.91,85.53,98.0,95.26,97.18,98.39,10.0,0
STU0275,1,2024-25,AI101,0.943,76.33,79.34,79.36,88.83,95.79,96.7,93.68,10.0,0
STU0275,1,2024-25,AI102,1.047,79.58,78.2,80.8,74.23,72.71,70.05,61.64,7.0,0
STU0275,1,2024-25,MA101,0.828,82.54,83.58,81.7,96.8,98.0,98.0,98.24,10.0,0
STU0275,1,2024-25,PH101,1.103,77.48,74.7,79.62,65.05,65.25,64.96,62.46,7.0,0
STU0275,1,2024-25,EE101,0.842,77.84,79.12,82.79,90.81,87.28,94.15,92.75,10.0,0
STU0275,2,2024-25,AI201,0.802,77.44,82.31,80.21,97.31,95.28,93.84,92.46,10.0,0
STU0275,2,2024-25,AI202,1.017,87.26,84.45,82.38,79.04,86.11,84.78,73.08,8.0,0
STU0275,2,2024-25,MA201,1.016,81.37,79.52,80.62,71.38,71.67,70.54,69.91,7.0,0
STU0275,2,2024-25,CH101,0.893,83.53,88.85,86.86,91.68,93.2,98.0,93.98,10.0,0
STU0275,2,2024-25,ME101,1.031,86.1,89.05,86.82,73.56,74.08,78.17,72.35,8.0,0
STU0276,1,2024-25,DS101,1.019,92.29,99.0,99.0,67.16,63.44,57.33,58.59,6.0,0
STU0276,1,2024-25,DS102,0.78,86.81,87.83,94.23,89.24,85.58,88.35,88.89,9.0,0
STU0276,1,2024-25,MA101,1.119,93.55,92.57,94.83,71.9,79.5,76.09,72.14,8.0,0
STU0276,1,2024-25,PH101,1.117,85.7,90.74,85.65,58.0,57.02,52.68,49.62,5.0,0
STU0276,1,2024-25,EE101,0.924,91.02,89.96,91.68,86.45,92.36,94.65,90.28,10.0,0
STU0276,2,2024-25,DS201,0.961,85.87,92.23,87.92,73.62,71.47,66.71,71.95,8.0,0
STU0276,2,2024-25,DS202,0.872,85.75,89.81,90.65,77.09,76.82,72.71,72.35,8.0,0
STU0276,2,2024-25,MA201,0.971,84.16,85.32,82.68,63.55,66.12,66.33,62.62,7.0,0
STU0276,2,2024-25,CH101,1.077,92.25,92.25,93.92,59.85,62.9,62.9,67.58,7.0,0
STU0276,2,2024-25,ME101,0.774,88.15,84.52,82.26,92.03,89.74,85.84,83.32,9.0,0
STU0277,1,2024-25,CS101,0.79,71.61,65.9,57.39,98.0,89.6,81.66,83.62,9.0,0
STU0277,1,2024-25,CS102,0.789,77.41,71.39,64.72,98.0,92.85,84.88,77.73,8.0,0
STU0277,1,2024-25,MA101,1.029,76.29,66.67,58.83,74.05,67.53,64.5,63.11,7.0,0
STU0277,1,2024-25,PH101,0.942,79.47,74.78,67.51,89.52,82.97,79.21,80.67,9.0,0
STU0277,1,2024-25,EE101,1.069,78.71,68.97,65.43,82.59,73.59,66.42,69.85,7.0,0
STU0277,2,2024-25,CS201,1.08,62.59,55.45,47.04,60.89,54.18,46.25,44.82,5.0,0
STU0277,2,2024-25,CS202,0.936,64.12,59.92,54.34,78.28,73.36,66.1,68.49,7.0,0
STU0277,2,2024-25,MA201,1.064,60.89,53.27,45.13,67.6,58.76,53.82,57.3,6.0,0
STU0277,2,2024-25,CH101,0.938,59.38,53.76,45.66,72.35,66.68,59.69,58.49,6.0,0
STU0277,2,2024-25,ME101,1.198,57.81,52.57,49.12,61.7,54.26,50.85,49.2,5.0,0
STU0278,1,2024-25,EC101,1.111,79.89,72.71,73.22,51.4,49.1,44.81,40.21,5.0,0
STU0278,1,2024-25,EC102,1.078,80.07,81.56,83.81,54.4,53.15,52.77,55.15,6.0,0
STU0278,1,2024-25,MA101,1.045,88.54,85.65,87.83,55.66,61.6,67.74,63.14,7.0,0
STU0278,1,2024-25,PH101,0.885,81.24,80.61,78.05,60.97,64.04,64.41,60.92,7.0,0
STU0278,1,2024-25,EE101,0.899,78.65,72.32,65.05,59.76,53.97,53.13,51.01,6.0,0
STU0278,2,2024-25,EC201,1.158,86.33,87.43,90.08,48.58,40.86,36.81,36.26,0.0,1
STU0278,2,2024-25,EC202,0.839,89.58,93.66,96.32,67.15,70.01,67.77,69.37,7.0,0
STU0278,2,2024-25,MA201,0.945,87.52,88.47,93.99,67.8,63.68,63.0,66.38,7.0,0
STU0278,2,2024-25,CH101,1.054,82.38,83.24,86.31,69.86,63.81,59.96,62.77,7.0,0
STU0278,2,2024-25,ME101,0.963,87.52,85.57,86.71,70.16,67.93,61.65,63.39,7.0,0
STU0279,1,2024-25,AI101,1.003,57.44,54.66,53.62,30.47,29.09,35.37,35.53,0.0,1
STU0279,1,2024-25,AI102,0.848,54.05,54.78,48.55,42.78,48.9,42.7,43.52,5.0,0
STU0279,1,2024-25,MA101,1.049,64.53,68.66,64.84,27.65,23.11,20.7,17.22,0.0,1
STU0279,1,2024-25,PH101,0.794,67.38,61.24,63.45,33.65,25.33,20.97,24.06,0.0,1
STU0279,1,2024-25,EE101,1.095,64.55,65.33,59.29,26.11,28.52,28.43,26.15,0.0,1
STU0279,2,2024-25,AI201,1.064,57.6,61.45,54.67,28.1,27.76,30.36,34.54,0.0,1
STU0279,2,2024-25,AI202,1.07,57.72,56.35,58.77,29.96,28.02,32.49,31.7,0.0,1
STU0279,2,2024-25,MA201,1.025,53.35,54.79,55.93,27.51,31.19,33.37,32.68,0.0,1
STU0279,2,2024-25,CH101,0.962,57.18,62.4,60.55,29.42,36.4,46.16,43.65,5.0,0
STU0279,2,2024-25,ME101,1.003,51.6,49.42,48.56,31.51,25.07,24.39,25.13,0.0,1
STU0280,1,2024-25,DS101,1.023,91.08,88.2,86.68,74.12,75.31,75.4,71.89,8.0,0
STU0280,1,2024-25,DS102,0.955,95.82,88.42,84.72,88.57,88.61,93.53,95.6,10.0,0
STU0280,1,2024-25,MA101,1.207,80.67,80.75,84.59,73.06,71.5,79.91,77.4,8.0,0
STU0280,1,2024-25,PH101,0.981,91.82,93.34,93.74,81.51,82.5,94.99,95.36,10.0,0
STU0280,1,2024-25,EE101,1.035,90.71,88.19,86.06,78.53,73.3,70.29,70.93,8.0,0
STU0280,2,2024-25,DS201,1.011,89.88,77.99,75.02,90.73,82.34,89.38,88.71,9.0,0
STU0280,2,2024-25,DS202,1.098,90.2,97.01,90.12,78.33,86.58,85.19,86.92,9.0,0
STU0280,2,2024-25,MA201,1.03,87.78,85.87,86.71,71.88,70.5,64.11,62.45,7.0,0
STU0280,2,2024-25,CH101,1.217,85.77,84.28,82.45,70.87,71.9,72.73,76.11,8.0,0
STU0280,2,2024-25,ME101,0.886,86.55,92.4,99.0,82.43,86.51,83.28,88.15,9.0,0
STU0281,1,2024-25,CS101,1.038,80.85,81.36,86.08,77.73,78.35,69.2,69.91,7.0,0
STU0281,1,2024-25,CS102,0.976,78.11,76.08,70.14,71.38,75.73,80.53,85.54,9.0,0
STU0281,1,2024-25,MA101,0.972,78.34,75.11,75.84,76.66,70.4,72.55,67.35,7.0,0
STU0281,1,2024-25,PH101,0.861,79.67,76.26,74.2,86.59,90.14,96.11,93.68,10.0,0
STU0281,1,2024-25,EE101,1.105,76.97,75.99,76.37,74.08,75.14,74.46,75.48,8.0,0
STU0281,2,2024-25,CS201,1.063,81.16,83.79,83.11,71.93,71.43,71.83,73.01,8.0,0
STU0281,2,2024-25,CS202,1.09,81.69,82.46,77.73,68.62,71.04,63.47,73.13,8.0,0
STU0281,2,2024-25,MA201,0.965,75.79,74.17,71.68,84.63,89.63,96.79,95.05,10.0,0
STU0281,2,2024-25,CH101,1.105,78.97,82.14,76.46,68.57,64.27,57.98,55.88,6.0,0
STU0281,2,2024-25,ME101,0.862,75.0,79.29,79.09,80.55,80.26,79.37,77.65,8.0,0
STU0282,1,2024-25,EC101,0.913,89.07,92.52,96.82,85.95,89.66,93.83,97.16,10.0,0
STU0282,1,2024-25,EC102,1.242,85.43,87.98,95.87,53.41,60.61,55.69,57.83,6.0,0
STU0282,1,2024-25,MA101,1.011,90.22,77.2,69.03,72.54,72.02,74.01,71.8,8.0,0
STU0282,1,2024-25,PH101,0.968,85.56,81.35,79.17,67.42,69.52,72.61,76.46,8.0,0
STU0282,1,2024-25,EE101,1.317,87.14,92.13,90.92,59.48,61.54,66.4,65.56,7.0,0
STU0282,2,2024-25,EC201,1.234,90.7,95.98,99.0,57.34,55.12,52.27,53.31,6.0,0
STU0282,2,2024-25,EC202,1.075,95.46,91.46,88.19,65.71,61.2,64.32,64.68,7.0,0
STU0282,2,2024-25,MA201,0.903,98.17,99.0,99.0,80.69,87.16,90.45,91.11,10.0,0
STU0282,2,2024-25,CH101,0.952,93.74,98.95,99.0,80.89,82.05,80.13,78.77,8.0,0
STU0282,2,2024-25,ME101,0.991,95.01,99.0,99.0,64.42,59.73,60.82,56.96,6.0,0
STU0283,1,2024-25,AI101,1.007,91.95,84.24,80.43,61.35,55.99,48.58,48.35,5.0,0
STU0283,1,2024-25,AI102,1.039,91.18,81.93,77.78,61.64,52.69,46.1,35.4,0.0,1
STU0283,1,2024-25,MA101,0.992,89.62,82.05,73.06,63.32,57.7,49.82,46.75,5.0,0
STU0283,1,2024-25,PH101,1.142,88.81,84.72,76.94,55.96,51.86,47.07,44.58,5.0,0
STU0283,1,2024-25,EE101,1.072,89.0,84.51,78.57,55.17,47.73,44.59,42.52,5.0,0
STU0283,2,2024-25,AI201,1.003,87.56,82.88,76.52,53.11,45.08,38.52,35.61,0.0,1
STU0283,2,2024-25,AI202,0.966,93.75,89.08,81.5,60.12,55.01,48.18,51.27,6.0,0
STU0283,2,2024-25,MA201,0.985,87.38,81.04,76.05,60.99,56.21,52.73,52.88,6.0,0
STU0283,2,2024-25,CH101,0.981,89.77,80.19,73.4,62.04,53.75,50.75,49.06,5.0,0
STU0283,2,2024-25,ME101,1.047,86.53,78.85,74.29,52.45,46.31,43.0,42.02,5.0,0
STU0284,1,2024-25,DS101,1.091,73.91,75.41,76.13,32.54,30.77,35.69,30.55,0.0,1
STU0284,1,2024-25,DS102,0.986,73.36,71.09,72.15,36.99,34.76,38.05,37.94,0.0,1
STU0284,1,2024-25,MA101,0.983,75.6,74.86,78.73,45.49,44.49,42.52,34.99,0.0,1
STU0284,1,2024-25,PH101,0.961,73.57,74.48,76.01,37.88,39.49,39.28,41.6,5.0,0
STU0284,1,2024-25,EE101,1.129,84.46,89.05,89.49,35.3,31.09,26.99,27.81,0.0,1
STU0284,2,2024-25,DS201,0.913,80.29,81.16,79.4,53.57,51.44,50.15,51.44,6.0,0
STU0284,2,2024-25,DS202,0.932,82.17,84.02,84.19,47.36,45.19,49.88,50.81,6.0,0
STU0284,2,2024-25,MA201,0.957,87.08,88.61,93.35,53.68,58.93,57.4,54.73,6.0,0
STU0284,2,2024-25,CH101,1.093,86.74,86.38,82.72,44.66,46.4,40.29,41.42,5.0,0
STU0284,2,2024-25,ME101,1.138,78.36,80.21,84.8,48.26,39.83,44.72,43.78,5.0,0
STU0285,1,2024-25,CS101,1.026,88.52,80.38,73.84,54.07,49.81,42.7,41.1,5.0,0
STU0285,1,2024-25,CS102,1.011,94.41,85.32,79.92,53.6,46.8,39.97,34.41,0.0,1
STU0285,1,2024-25,MA101,1.126,91.26,81.64,75.51,48.19,39.66,36.51,41.95,5.0,0
STU0285,1,2024-25,PH101,0.996,97.32,92.96,85.48,57.34,49.78,45.52,38.37,0.0,1
STU0285,1,2024-25,EE101,0.89,84.62,76.14,67.25,66.4,60.78,53.39,48.63,5.0,0
STU0285,2,2024-25,CS201,0.751,76.81,67.37,62.83,76.17,69.0,65.07,64.34,7.0,0
STU0285,2,2024-25,CS202,1.105,79.39,74.85,70.31,47.9,39.38,33.41,34.16,0.0,1
STU0285,2,2024-25,MA201,0.925,78.54,72.02,67.85,58.93,52.92,46.72,49.89,5.0,0
STU0285,2,2024-25,CH101,1.109,80.79,75.74,71.16,48.32,42.76,39.48,38.35,0.0,1
STU0285,2,2024-25,ME101,0.939,81.29,75.19,66.55,58.17,51.37,43.51,41.81,5.0,0
STU0286,1,2024-25,EC101,0.993,84.19,77.18,72.58,86.95,85.16,86.49,90.25,10.0,0
STU0286,1,2024-25,EC102,1.041,82.36,84.51,87.95,76.79,80.08,77.47,79.04,8.0,0
STU0286,1,2024-25,MA101,0.995,78.36,72.48,71.01,77.09,84.1,82.84,83.69,9.0,0
STU0286,1,2024-25,PH101,1.165,73.76,72.42,75.49,78.77,69.84,69.31,71.2,8.0,0
STU0286,1,2024-25,EE101,1.101,87.69,85.43,84.61,62.15,62.73,65.03,71.31,8.0,0
STU0286,2,2024-25,EC201,0.917,83.04,84.41,86.04,90.79,95.88,94.28,95.27,10.0,0
STU0286,2,2024-25,EC202,1.174,89.95,87.05,88.98,73.3,78.79,86.14,85.14,9.0,0
STU0286,2,2024-25,MA201,0.991,81.63,83.31,86.2,82.3,90.65,82.42,78.84,8.0,0
STU0286,2,2024-25,CH101,1.073,80.68,78.7,82.06,81.8,87.43,82.77,85.2,9.0,0
STU0286,2,2024-25,ME101,1.096,77.31,77.45,80.84,82.8,82.14,77.19,81.79,9.0,0
STU0287,1,2024-25,AI101,0.971,56.93,52.66,53.07,29.61,29.44,27.47,28.98,0.0,1
STU0287,1,2024-25,AI102,0.973,55.02,53.74,57.65,31.24,25.81,21.96,18.48,0.0,1
STU0287,1,2024-25,MA101,0.868,47.14,43.34,43.32,38.66,32.57,28.95,31.36,0.0,1
STU0287,1,2024-25,PH101,0.981,45.55,45.69,46.95,32.5,42.61,39.22,42.52,5.0,0
STU0287,1,2024-25,EE101,0.997,54.27,51.99,49.64,24.18,18.0,21.02,19.41,0.0,1
STU0287,2,2024-25,AI201,1.081,61.11,54.72,50.01,32.12,38.73,44.57,50.35,6.0,0
STU0287,2,2024-25,AI202,0.734,55.41,57.53,54.84,61.91,59.91,57.44,52.0,6.0,0
STU0287,2,2024-25,MA201,0.931,62.37,58.91,59.15,40.82,37.34,34.17,35.56,0.0,1
STU0287,2,2024-25,CH101,1.103,68.24,70.97,72.24,47.74,48.98,51.74,54.61,6.0,0
STU0287,2,2024-25,ME101,1.021,60.62,60.03,58.03,39.51,44.29,39.36,39.77,0.0,1
STU0288,1,2024-25,DS101,1.101,75.66,66.59,62.83,74.05,67.11,60.34,60.09,7.0,0
STU0288,1,2024-25,DS102,1.037,86.41,78.34,72.48,83.62,74.69,68.55,68.95,7.0,0
STU0288,1,2024-25,MA101,0.784,84.91,78.96,70.42,98.0,90.67,87.07,93.11,10.0,0
STU0288,1,2024-25,PH101,1.004,83.76,77.76,74.68,76.55,70.46,64.61,66.63,7.0,0
STU0288,1,2024-25,EE101,0.886,83.27,73.66,68.17,98.0,91.11,84.69,85.37,9.0,0
STU0288,2,2024-25,DS201,0.996,88.7,84.11,75.12,81.84,73.25,67.55,72.39,8.0,0
STU0288,2,2024-25,DS202,0.87,84.66,75.79,70.81,94.93,87.23,80.81,97.57,10.0,0
STU0288,2,2024-25,MA201,1.129,90.2,82.75,78.72,74.39,66.85,60.64,61.2,7.0,0
STU0288,2,2024-25,CH101,1.028,83.89,79.48,70.98,76.21,71.99,64.44,60.2,7.0,0
STU0288,2,2024-25,ME101,1.027,88.39,81.62,75.86,78.07,71.06,67.21,62.05,7.0,0
STU0289,1,2024-25,CS101,1.082,73.35,76.19,77.44,81.76,78.97,78.21,77.9,8.0,0
STU0289,1,2024-25,CS102,0.724,70.83,74.55,75.56,98.0,97.21,98.0,95.81,10.0,0
STU0289,1,2024-25,MA101,1.029,79.75,82.72,82.36,73.71,79.95,88.69,94.62,10.0,0
STU0289,1,2024-25,PH101,1.059,59.34,57.36,62.65,78.1,79.32,78.85,79.19,8.0,0
STU0289,1,2024-25,EE101,0.88,65.17,58.28,57.16,85.64,92.85,92.71,90.88,10.0,0
STU0289,2,2024-25,CS201,1.217,69.18,71.02,73.43,67.26,57.07,62.66,64.98,7.0,0
STU0289,2,2024-25,CS202,1.153,66.19,70.97,77.95,74.21,74.53,78.99,82.18,9.0,0
STU0289,2,2024-25,MA201,1.262,71.64,70.9,73.14,61.97,68.6,67.88,65.97,7.0,0
STU0289,2,2024-25,CH101,0.898,67.16,62.1,61.2,97.24,94.21,93.33,93.55,10.0,0
STU0289,2,2024-25,ME101,0.901,70.25,68.2,65.89,98.0,98.0,98.0,98.61,10.0,0
STU0290,1,2024-25,EC101,0.898,85.44,89.52,90.59,73.87,80.29,75.78,77.39,8.0,0
STU0290,1,2024-25,EC102,1.001,81.83,81.3,83.19,71.63,70.44,69.48,71.45,8.0,0
STU0290,1,2024-25,MA101,1.075,87.07,89.88,94.01,67.17,62.57,64.5,66.54,7.0,0
STU0290,1,2024-25,PH101,1.041,84.26,82.61,86.86,72.32,76.75,82.14,79.66,8.0,0
STU0290,1,2024-25,EE101,0.832,91.46,83.52,90.17,85.95,84.5,82.74,81.08,9.0,0
STU0290,2,2024-25,EC201,1.098,87.8,86.71,88.42,66.89,65.51,61.26,58.87,6.0,0
STU0290,2,2024-25,EC202,1.136,82.23,83.22,88.21,60.15,62.07,63.95,62.82,7.0,0
STU0290,2,2024-25,MA201,1.007,92.54,91.34,90.0,67.68,67.3,68.61,72.92,8.0,0
STU0290,2,2024-25,CH101,1.023,85.94,82.62,76.12,74.9,71.96,61.29,66.61,7.0,0
STU0290,2,2024-25,ME101,1.16,82.55,79.84,75.93,61.08,64.16,64.13,64.3,7.0,0
STU0291,1,2024-25,AI101,1.057,84.77,76.2,67.34,55.43,48.14,40.99,45.28,5.0,0
STU0291,1,2024-25,AI102,0.943,77.67,70.04,64.76,71.22,63.62,60.44,62.36,7.0,0
STU0291,1,2024-25,MA101,1.024,82.33,77.33,73.95,58.95,50.0,43.47,46.55,5.0,0
STU0291,1,2024-25,PH101,0.803,82.05,73.85,70.39,65.98,58.96,54.85,51.89,6.0,0
STU0291,1,2024-25,EE101,0.971,80.83,74.97,66.79,64.41,56.67,50.09,49.39,5.0,0
STU0291,2,2024-25,AI201,0.906,88.89,81.91,76.66,49.31,45.02,40.12,44.07,5.0,0
STU0291,2,2024-25,AI202,1.042,93.75,87.44,83.17,50.32,43.42,35.97,36.3,0.0,1
STU0291,2,2024-25,MA201,0.919,92.61,84.39,77.75,55.32,49.67,46.25,45.85,5.0,0
STU0291,2,2024-25,CH101,0.953,84.88,75.54,72.37,49.15,42.14,37.25,39.86,0.0,1
STU0291,2,2024-25,ME101,1.007,84.23,77.98,72.62,48.4,43.1,37.15,36.66,0.0,1
STU0292,1,2024-25,DS101,0.951,92.63,92.25,89.6,75.97,73.31,73.11,70.05,8.0,0
STU0292,1,2024-25,DS102,1.112,84.99,79.83,77.01,70.31,71.48,71.15,67.87,7.0,0
STU0292,1,2024-25,MA101,1.037,89.54,87.24,91.1,72.03,64.54,68.7,67.15,7.0,0
STU0292,1,2024-25,PH101,1.015,83.14,85.35,86.77,65.09,65.53,56.45,53.67,6.0,0
STU0292,1,2024-25,EE101,0.823,91.42,89.78,89.61,79.03,70.28,76.04,71.49,8.0,0
STU0292,2,2024-25,DS201,0.999,99.0,99.0,92.22,60.62,61.82,62.92,62.27,7.0,0
STU0292,2,2024-25,DS202,1.231,97.03,98.19,95.88,40.6,44.12,43.53,47.06,5.0,0
STU0292,2,2024-25,MA201,0.851,94.73,91.71,88.45,71.98,60.35,60.45,61.19,7.0,0
STU0292,2,2024-25,CH101,1.261,94.11,96.96,95.59,51.76,57.68,47.32,47.73,5.0,0
STU0292,2,2024-25,ME101,1.169,99.0,99.0,99.0,50.51,53.85,53.5,51.83,6.0,0
STU0293,1,2024-25,CS101,1.07,88.99,92.38,92.06,92.14,86.9,94.31,97.67,10.0,0
STU0293,1,2024-25,CS102,1.087,90.48,88.87,79.16,77.43,79.45,83.17,87.49,9.0,0
STU0293,1,2024-25,MA101,0.965,80.52,79.29,80.19,84.41,92.8,94.87,93.99,10.0,0
STU0293,1,2024-25,PH101,1.037,86.42,81.42,85.41,89.38,84.43,88.68,83.13,9.0,0
STU0293,1,2024-25,EE101,0.964,86.64,88.81,95.07,98.0,97.71,89.42,88.59,9.0,0
STU0293,2,2024-25,CS201,1.213,87.4,87.55,89.55,64.7,66.46,67.0,71.57,8.0,0
STU0293,2,2024-25,CS202,0.841,90.68,92.87,92.58,95.65,93.24,94.17,99.5,10.0,0
STU0293,2,2024-25,MA201,0.85,90.59,91.32,94.1,96.77,98.0,98.0,99.5,10.0,0
STU0293,2,2024-25,CH101,1.037,82.8,81.69,83.06,88.27,88.58,90.09,88.33,9.0,0
STU0293,2,2024-25,ME101,0.928,88.85,88.91,83.31,86.5,88.41,87.86,84.91,9.0,0
STU0294,1,2024-25,EC101,1.043,81.41,80.68,76.79,59.97,56.78,51.56,51.75,6.0,0
STU0294,1,2024-25,EC102,1.03,85.16,84.74,84.88,60.89,59.8,61.56,61.29,7.0,0
STU0294,1,2024-25,MA101,1.265,77.33,71.43,68.51,60.61,67.03,65.62,65.85,7.0,0
STU0294,1,2024-25,PH101,1.128,85.59,77.79,78.93,66.73,68.71,60.3,66.87,7.0,0
STU0294,1,2024-25,EE101,1.084,75.06,73.17,75.78,59.64,65.83,69.86,71.3,8.0,0
STU0294,2,2024-25,EC201,1.259,87.63,90.25,85.46,48.39,48.62,49.03,52.1,6.0,0
STU0294,2,2024-25,EC202,0.866,86.03,86.53,91.42,74.33,71.93,62.5,62.08,7.0,0
STU0294,2,2024-25,MA201,1.005,84.54,89.06,91.48,60.36,57.84,58.66,55.43,6.0,0
STU0294,2,2024-25,CH101,0.974,84.92,82.37,81.57,60.71,72.15,79.78,78.89,8.0,0
STU0294,2,2024-25,ME101,0.879,73.07,68.07,71.41,71.26,72.46,75.02,73.7,8.0,0
STU0295,1,2024-25,AI101,0.977,93.89,97.8,99.0,86.94,92.57,93.91,92.64,10.0,0
STU0295,1,2024-25,AI102,0.893,93.32,93.25,90.05,98.0,92.67,81.7,81.9,9.0,0
STU0295,1,2024-25,MA101,1.064,97.79,99.0,93.29,87.73,91.8,92.06,91.88,10.0,0
STU0295,1,2024-25,PH101,1.059,98.71,98.76,99.0,83.61,79.99,73.16,67.66,7.0,0
STU0295,1,2024-25,EE101,1.067,93.68,93.15,95.66,95.63,96.07,90.67,90.86,10.0,0
STU0295,2,2024-25,AI201,1.142,83.83,88.8,88.32,75.23,77.75,74.65,67.62,7.0,0
STU0295,2,2024-25,AI202,0.967,94.11,91.35,85.33,89.11,86.47,93.26,88.0,9.0,0
STU0295,2,2024-25,MA201,0.962,82.21,83.82,87.54,97.04,97.8,92.53,91.23,10.0,0
STU0295,2,2024-25,CH101,1.005,93.08,88.77,86.14,92.11,97.84,94.81,99.5,10.0,0
STU0295,2,2024-25,ME101,0.923,83.0,81.73,78.75,98.0,98.0,98.0,99.5,10.0,0
STU0296,1,2024-25,DS101,0.815,88.89,92.32,91.6,95.13,96.79,87.16,88.07,9.0,0
STU0296,1,2024-25,DS102,0.945,96.2,95.82,92.42,80.92,75.4,81.3,82.41,9.0,0
STU0296,1,2024-25,MA101,1.131,96.55,93.86,94.44,70.54,73.67,76.81,75.44,8.0,0
STU0296,1,2024-25,PH101,1.074,94.43,91.33,89.19,75.41,75.02,74.62,72.55,8.0,0
STU0296,1,2024-25,EE101,1.126,98.35,96.23,99.0,72.19,69.85,67.42,69.52,7.0,0
STU0296,2,2024-25,DS201,1.151,86.58,88.1,96.71,65.12,67.09,66.15,64.83,7.0,0
STU0296,2,2024-25,DS202,0.86,88.74,89.17,85.85,90.52,88.23,88.73,97.65,10.0,0
STU0296,2,2024-25,MA201,1.026,86.5,84.63,85.42,73.79,72.89,62.46,62.14,7.0,0
STU0296,2,2024-25,CH101,0.933,81.5,87.97,85.18,85.34,85.39,84.7,86.43,9.0,0
STU0296,2,2024-25,ME101,1.213,86.42,84.64,86.71,65.93,68.25,72.2,75.38,8.0,0
STU0297,1,2024-25,CS101,1.166,82.98,75.23,68.6,69.7,63.03,55.6,58.77,6.0,0
STU0297,1,2024-25,CS102,1.071,90.67,82.44,77.38,62.3,56.69,48.87,47.23,5.0,0
STU0297,1,2024-25,MA101,1.124,78.03,72.92,65.59,72.27,64.68,56.7,53.32,6.0,0
STU0297,1,2024-25,PH101,1.045,89.74,82.79,79.45,73.09,67.94,62.52,61.46,7.0,0
STU0297,1,2024-25,EE101,1.06,83.11,73.7,68.07,70.08,65.97,62.2,62.38,7.0,0
STU0297,2,2024-25,CS201,1.157,88.08,80.84,73.71,43.32,34.78,27.63,25.19,0.0,1
STU0297,2,2024-25,CS202,1.065,87.39,81.88,78.64,54.37,48.96,42.12,43.37,5.0,0
STU0297,2,2024-25,MA201,1.234,88.85,84.67,79.66,43.85,37.98,33.15,30.99,0.0,1
STU0297,2,2024-25,CH101,0.877,87.85,82.01,78.0,68.39,60.59,55.13,52.82,6.0,0
STU0297,2,2024-25,ME101,0.933,88.26,79.1,72.26,62.18,54.26,47.46,45.05,5.0,0
STU0298,1,2024-25,EC101,1.146,52.51,60.62,65.33,44.5,48.64,54.02,54.85,6.0,0
STU0298,1,2024-25,EC102,0.951,56.23,62.05,71.44,44.82,51.84,57.02,59.35,6.0,0
STU0298,1,2024-25,MA101,1.007,56.73,64.87,70.89,43.03,47.69,54.72,53.17,6.0,0
STU0298,1,2024-25,PH101,1.174,53.63,61.85,66.35,37.77,43.13,53.13,52.13,6.0,0
STU0298,1,2024-25,EE101,0.973,52.56,57.01,66.44,44.83,49.41,54.0,51.76,6.0,0
STU0298,2,2024-25,EC201,1.047,73.54,78.3,83.37,61.57,69.87,74.25,75.0,8.0,0
STU0298,2,2024-25,EC202,1.132,73.06,77.19,81.47,51.89,60.55,66.94,66.64,7.0,0
STU0298,2,2024-25,MA201,1.067,72.83,80.55,84.91,60.24,65.3,74.96,76.9,8.0,0
STU0298,2,2024-25,CH101,1.076,73.27,78.56,84.87,57.65,61.73,71.41,68.27,7.0,0
STU0298,2,2024-25,ME101,0.98,70.56,77.62,84.47,63.74,72.52,77.09,75.39,8.0,0
STU0299,1,2024-25,AI101,1.087,95.95,96.2,95.31,64.27,67.68,71.54,67.83,7.0,0
STU0299,1,2024-25,AI102,1.154,91.53,91.2,89.51,62.56,56.7,48.53,44.33,5.0,0
STU0299,1,2024-25,MA101,1.135,88.91,80.2,78.75,62.96,57.57,58.39,55.67,6.0,0
STU0299,1,2024-25,PH101,1.235,88.27,83.4,83.9,50.57,47.14,50.0,49.83,5.0,0
STU0299,1,2024-25,EE101,0.923,87.63,84.25,84.06,69.16,66.93,65.91,62.61,7.0,0
STU0299,2,2024-25,AI201,1.31,85.49,84.51,87.06,56.96,49.69,53.24,50.53,6.0,0
STU0299,2,2024-25,AI202,0.943,83.63,82.95,86.81,70.93,68.32,67.93,69.23,7.0,0
STU0299,2,2024-25,MA201,1.035,86.06,83.17,83.51,78.74,75.48,80.7,81.41,9.0,0
STU0299,2,2024-25,CH101,1.052,85.26,79.04,81.72,60.19,60.93,56.4,60.09,7.0,0
STU0299,2,2024-25,ME101,0.924,87.16,81.1,76.41,72.63,73.6,77.15,76.12,8.0,0
STU0300,1,2024-25,DS101,1.022,42.68,45.01,44.56,41.97,47.49,50.44,44.75,5.0,0
STU0300,1,2024-25,DS102,0.713,36.35,31.74,38.11,53.52,50.32,52.77,47.9,5.0,0
STU0300,1,2024-25,MA101,1.137,44.42,42.53,42.02,30.1,31.51,29.43,29.84,0.0,1
STU0300,1,2024-25,PH101,1.028,35.0,40.87,44.19,35.81,31.45,32.51,36.16,0.0,1
STU0300,1,2024-25,EE101,0.78,36.33,36.5,41.73,48.3,47.24,48.63,51.75,6.0,0
STU0300,2,2024-25,DS201,1.101,41.81,47.46,48.39,39.46,36.99,34.0,30.4,0.0,1
STU0300,2,2024-25,DS202,1.028,47.34,56.0,51.53,46.3,45.88,44.56,45.41,5.0,0
STU0300,2,2024-25,MA201,1.207,41.28,44.05,39.64,39.8,39.62,45.48,42.15,5.0,0
STU0300,2,2024-25,CH101,0.836,41.09,44.55,46.04,63.63,59.93,58.52,53.0,6.0,0
STU0300,2,2024-25,ME101,0.938,35.8,36.91,38.98,46.78,51.88,52.11,60.74,7.0,0
